attempt_id,run_id,scenario,strategy,seed,condition,campaign,start,end,duration_s,status,validity,reason,git_sha,config_hash,result_path
a000001,E01-independent-20260907-20260906T142343900785Z,E01,independent,20260907,default,primary,2026-09-06T14:23:43.854891+00:00,2026-09-06T14:23:44.011187+00:00,0.156,VALID,valid,,a9ff4a5e1dc0fea65b63e2b366814c1860f04110,a1d260b660c93e47a466deb9c00f26c880973356f7da4eda00cb8ec57cab044d,raw/E01-independent-20260907-20260906T142343900785Z
a000002,E01-independent-20260908-20260906T142344069014Z,E01,independent,20260908,default,primary,2026-09-06T14:23:44.022925+00:00,2026-09-06T14:23:44.145927+00:00,0.123,VALID,valid,,a9ff4a5e1dc0fea65b63e2b366814c1860f04110,a1d260b660c93e47a466deb9c00f26c880973356f7da4eda00cb8ec57cab044d,raw/E01-independent-20260908-20260906T142344069014Z
a000003,E01-independent-20260909-20260906T142344200539Z,E01,independent,20260909,default,primary,2026-09-06T14:23:44.157870+00:00,2026-09-06T14:23:44.274440+00:00,0.117,VALID,valid,,a9ff4a5e1dc0fea65b63e2b366814c1860f04110,a1d260b660c93e47a466deb9c00f26c880973356f7da4eda00cb8ec57cab044d,raw/E01-independent-20260909-20260906T142344200539Z
a000004,E01-independent-20260910-20260906T142344326989Z,E01,independent,20260910,default,primary,2026-09-06T14:23:44.285652+00:00,2026-09-06T14:23:44.401132+00:00,0.115,VALID,valid,,a9ff4a5e1dc0fea65b63e2b366814c1860f04110,a1d260b660c93e47a466deb9c00f26c880973356f7da4eda00cb8ec57cab044d,raw/E01-independent-20260910-20260906T142344326989Z
a000005,E01-independent-20260911-20260906T142344453777Z,E01,independent,20260911,default,primary,2026-09-06T14:23:44.412438+00:00,2026-09-06T14:23:44.528567+00:00,0.116,VALID,valid,,a9ff4a5e1dc0fea65b63e2b366814c1860f04110,a1d260b660c93e47a466deb9c00f26c880973356f7da4eda00cb8ec57cab044d,raw/E01-independent-20260911-20260906T142344453777Z
a000006,E01-independent-20260912-20260906T142344582028Z,E01,independent,20260912,default,primary,2026-09-06T14:23:44.540309+00:00,2026-09-06T14:23:44.653104+00:00,0.113,VALID,valid,,a9ff4a5e1dc0fea65b63e2b366814c1860f04110,a1d260b660c93e47a466deb9c00f26c880973356f7da4eda00cb8ec57cab044d,raw/E01-independent-20260912-20260906T142344582028Z
a000007,E01-independent-20260913-20260906T142344706927Z,E01,independent,20260913,default,primary,2026-09-06T14:23:44.664694+00:00,2026-09-06T14:23:44.782917+00:00,0.118,VALID,valid,,a9ff4a5e1dc0fea65b63e2b366814c1860f04110,a1d260b660c93e47a466deb9c00f26c880973356f7da4eda00cb8ec57cab044d,raw/E01-independent-20260913-20260906T142344706927Z
a000008,E01-independent-20260914-20260906T142344835872Z,E01,independent,20260914,default,primary,2026-09-06T14:23:44.794360+00:00,2026-09-06T14:23:44.900278+00:00,0.106,VALID,valid,,a9ff4a5e1dc0fea65b63e2b366814c1860f04110,a1d260b660c93e47a466deb9c00f26c880973356f7da4eda00cb8ec57cab044d,raw/E01-independent-20260914-20260906T142344835872Z
a000009,E01-independent-20260915-20260906T142344954354Z,E01,independent,20260915,default,primary,2026-09-06T14:23:44.911865+00:00,2026-09-06T14:23:45.030723+00:00,0.119,VALID,valid,,a9ff4a5e1dc0fea65b63e2b366814c1860f04110,a1d260b660c93e47a466deb9c00f26c880973356f7da4eda00cb8ec57cab044d,raw/E01-independent-20260915-20260906T142344954354Z
a000010,E01-independent-20260916-20260906T142345084183Z,E01,independent,20260916,default,primary,2026-09-06T14:23:45.042239+00:00,2026-09-06T14:23:45.163180+00:00,0.121,VALID,valid,,a9ff4a5e1dc0fea65b63e2b366814c1860f04110,a1d260b660c93e47a466deb9c00f26c880973356f7da4eda00cb8ec57cab044d,raw/E01-independent-20260916-20260906T142345084183Z
a000011,E01-independent-20260917-20260906T142345218820Z,E01,independent,20260917,default,primary,2026-09-06T14:23:45.176028+00:00,2026-09-06T14:23:45.294432+00:00,0.118,VALID,valid,,a9ff4a5e1dc0fea65b63e2b366814c1860f04110,a1d260b660c93e47a466deb9c00f26c880973356f7da4eda00cb8ec57cab044d,raw/E01-independent-20260917-20260906T142345218820Z
a000012,E01-independent-20260918-20260906T142345347468Z,E01,independent,20260918,default,primary,2026-09-06T14:23:45.306374+00:00,2026-09-06T14:23:45.422526+00:00,0.116,VALID,valid,,a9ff4a5e1dc0fea65b63e2b366814c1860f04110,a1d260b660c93e47a466deb9c00f26c880973356f7da4eda00cb8ec57cab044d,raw/E01-independent-20260918-20260906T142345347468Z
a000013,E01-independent-20260919-20260906T142345476414Z,E01,independent,20260919,default,primary,2026-09-06T14:23:45.434600+00:00,2026-09-06T14:23:45.550294+00:00,0.116,VALID,valid,,a9ff4a5e1dc0fea65b63e2b366814c1860f04110,a1d260b660c93e47a466deb9c00f26c880973356f7da4eda00cb8ec57cab044d,raw/E01-independent-20260919-20260906T142345476414Z
a000014,E01-independent-20260920-20260906T142345602425Z,E01,independent,20260920,default,primary,2026-09-06T14:23:45.561703+00:00,2026-09-06T14:23:45.688669+00:00,0.127,VALID,valid,,a9ff4a5e1dc0fea65b63e2b366814c1860f04110,a1d260b660c93e47a466deb9c00f26c880973356f7da4eda00cb8ec57cab044d,raw/E01-independent-20260920-20260906T142345602425Z
a000015,E01-independent-20260921-20260906T142345741135Z,E01,independent,20260921,default,primary,2026-09-06T14:23:45.700031+00:00,2026-09-06T14:23:45.821500+00:00,0.121,VALID,valid,,a9ff4a5e1dc0fea65b63e2b366814c1860f04110,a1d260b660c93e47a466deb9c00f26c880973356f7da4eda00cb8ec57cab044d,raw/E01-independent-20260921-20260906T142345741135Z
a000016,E01-independent-20260922-20260906T142345873838Z,E01,independent,20260922,default,primary,2026-09-06T14:23:45.832820+00:00,2026-09-06T14:23:45.936346+00:00,0.104,VALID,valid,,a9ff4a5e1dc0fea65b63e2b366814c1860f04110,a1d260b660c93e47a466deb9c00f26c880973356f7da4eda00cb8ec57cab044d,raw/E01-independent-20260922-20260906T142345873838Z
a000017,E01-independent-20260923-20260906T142345995817Z,E01,independent,20260923,default,primary,2026-09-06T14:23:45.947523+00:00,2026-09-06T14:23:46.072272+00:00,0.125,VALID,valid,,a9ff4a5e1dc0fea65b63e2b366814c1860f04110,a1d260b660c93e47a466deb9c00f26c880973356f7da4eda00cb8ec57cab044d,raw/E01-independent-20260923-20260906T142345995817Z
a000018,E01-independent-20260924-20260906T142346124827Z,E01,independent,20260924,default,primary,2026-09-06T14:23:46.083714+00:00,2026-09-06T14:23:46.198970+00:00,0.115,VALID,valid,,a9ff4a5e1dc0fea65b63e2b366814c1860f04110,a1d260b660c93e47a466deb9c00f26c880973356f7da4eda00cb8ec57cab044d,raw/E01-independent-20260924-20260906T142346124827Z
a000019,E01-independent-20260925-20260906T142346254161Z,E01,independent,20260925,default,primary,2026-09-06T14:23:46.211117+00:00,2026-09-06T14:23:46.332097+00:00,0.121,VALID,valid,,a9ff4a5e1dc0fea65b63e2b366814c1860f04110,a1d260b660c93e47a466deb9c00f26c880973356f7da4eda00cb8ec57cab044d,raw/E01-independent-20260925-20260906T142346254161Z
a000020,E01-independent-20260926-20260906T142346384482Z,E01,independent,20260926,default,primary,2026-09-06T14:23:46.343405+00:00,2026-09-06T14:23:46.460425+00:00,0.117,VALID,valid,,a9ff4a5e1dc0fea65b63e2b366814c1860f04110,a1d260b660c93e47a466deb9c00f26c880973356f7da4eda00cb8ec57cab044d,raw/E01-independent-20260926-20260906T142346384482Z
a000021,E01-independent-20260927-20260906T142346513909Z,E01,independent,20260927,default,primary,2026-09-06T14:23:46.472421+00:00,2026-09-06T14:23:46.588557+00:00,0.116,VALID,valid,,a9ff4a5e1dc0fea65b63e2b366814c1860f04110,a1d260b660c93e47a466deb9c00f26c880973356f7da4eda00cb8ec57cab044d,raw/E01-independent-20260927-20260906T142346513909Z
a000022,E01-independent-20260928-20260906T142346642133Z,E01,independent,20260928,default,primary,2026-09-06T14:23:46.599870+00:00,2026-09-06T14:23:46.722466+00:00,0.123,VALID,valid,,a9ff4a5e1dc0fea65b63e2b366814c1860f04110,a1d260b660c93e47a466deb9c00f26c880973356f7da4eda00cb8ec57cab044d,raw/E01-independent-20260928-20260906T142346642133Z
a000023,E01-independent-20260929-20260906T142346775487Z,E01,independent,20260929,default,primary,2026-09-06T14:23:46.734515+00:00,2026-09-06T14:23:46.854421+00:00,0.12,VALID,valid,,a9ff4a5e1dc0fea65b63e2b366814c1860f04110,a1d260b660c93e47a466deb9c00f26c880973356f7da4eda00cb8ec57cab044d,raw/E01-independent-20260929-20260906T142346775487Z
a000024,E01-independent-20260930-20260906T142346907295Z,E01,independent,20260930,default,primary,2026-09-06T14:23:46.865367+00:00,2026-09-06T14:23:46.984567+00:00,0.119,VALID,valid,,a9ff4a5e1dc0fea65b63e2b366814c1860f04110,a1d260b660c93e47a466deb9c00f26c880973356f7da4eda00cb8ec57cab044d,raw/E01-independent-20260930-20260906T142346907295Z
a000025,E01-independent-20260931-20260906T142347038354Z,E01,independent,20260931,default,primary,2026-09-06T14:23:46.995987+00:00,2026-09-06T14:23:47.114110+00:00,0.118,VALID,valid,,a9ff4a5e1dc0fea65b63e2b366814c1860f04110,a1d260b660c93e47a466deb9c00f26c880973356f7da4eda00cb8ec57cab044d,raw/E01-independent-20260931-20260906T142347038354Z
a000026,E01-independent-20260932-20260906T142347168073Z,E01,independent,20260932,default,primary,2026-09-06T14:23:47.125733+00:00,2026-09-06T14:23:47.236688+00:00,0.111,VALID,valid,,a9ff4a5e1dc0fea65b63e2b366814c1860f04110,a1d260b660c93e47a466deb9c00f26c880973356f7da4eda00cb8ec57cab044d,raw/E01-independent-20260932-20260906T142347168073Z
a000027,E01-independent-20260933-20260906T142347289552Z,E01,independent,20260933,default,primary,2026-09-06T14:23:47.248498+00:00,2026-09-06T14:23:47.365944+00:00,0.117,VALID,valid,,a9ff4a5e1dc0fea65b63e2b366814c1860f04110,a1d260b660c93e47a466deb9c00f26c880973356f7da4eda00cb8ec57cab044d,raw/E01-independent-20260933-20260906T142347289552Z
a000028,E01-independent-20260934-20260906T142347420094Z,E01,independent,20260934,default,primary,2026-09-06T14:23:47.377911+00:00,2026-09-06T14:23:47.494290+00:00,0.116,VALID,valid,,a9ff4a5e1dc0fea65b63e2b366814c1860f04110,a1d260b660c93e47a466deb9c00f26c880973356f7da4eda00cb8ec57cab044d,raw/E01-independent-20260934-20260906T142347420094Z
a000029,E01-independent-20260935-20260906T142347547869Z,E01,independent,20260935,default,primary,2026-09-06T14:23:47.506562+00:00,2026-09-06T14:23:47.626866+00:00,0.12,VALID,valid,,a9ff4a5e1dc0fea65b63e2b366814c1860f04110,a1d260b660c93e47a466deb9c00f26c880973356f7da4eda00cb8ec57cab044d,raw/E01-independent-20260935-20260906T142347547869Z
a000030,E01-independent-20260936-20260906T142347681965Z,E01,independent,20260936,default,primary,2026-09-06T14:23:47.639680+00:00,2026-09-06T14:23:47.760809+00:00,0.121,VALID,valid,,a9ff4a5e1dc0fea65b63e2b366814c1860f04110,a1d260b660c93e47a466deb9c00f26c880973356f7da4eda00cb8ec57cab044d,raw/E01-independent-20260936-20260906T142347681965Z
a000031,E01-static_continuity-20260907-20260906T142347813105Z,E01,static_continuity,20260907,default,primary,2026-09-06T14:23:47.772201+00:00,2026-09-06T14:23:47.896041+00:00,0.124,VALID,valid,,a9ff4a5e1dc0fea65b63e2b366814c1860f04110,a1d260b660c93e47a466deb9c00f26c880973356f7da4eda00cb8ec57cab044d,raw/E01-static_continuity-20260907-20260906T142347813105Z
a000032,E01-static_continuity-20260908-20260906T142347948318Z,E01,static_continuity,20260908,default,primary,2026-09-06T14:23:47.907372+00:00,2026-09-06T14:23:48.014617+00:00,0.107,VALID,valid,,a9ff4a5e1dc0fea65b63e2b366814c1860f04110,a1d260b660c93e47a466deb9c00f26c880973356f7da4eda00cb8ec57cab044d,raw/E01-static_continuity-20260908-20260906T142347948318Z
a000033,E01-static_continuity-20260909-20260906T142348066721Z,E01,static_continuity,20260909,default,primary,2026-09-06T14:23:48.025582+00:00,2026-09-06T14:23:48.144806+00:00,0.119,VALID,valid,,a9ff4a5e1dc0fea65b63e2b366814c1860f04110,a1d260b660c93e47a466deb9c00f26c880973356f7da4eda00cb8ec57cab044d,raw/E01-static_continuity-20260909-20260906T142348066721Z
a000034,E01-static_continuity-20260910-20260906T142348197825Z,E01,static_continuity,20260910,default,primary,2026-09-06T14:23:48.156598+00:00,2026-09-06T14:23:48.270140+00:00,0.114,VALID,valid,,a9ff4a5e1dc0fea65b63e2b366814c1860f04110,a1d260b660c93e47a466deb9c00f26c880973356f7da4eda00cb8ec57cab044d,raw/E01-static_continuity-20260910-20260906T142348197825Z
a000035,E01-static_continuity-20260911-20260906T142348322480Z,E01,static_continuity,20260911,default,primary,2026-09-06T14:23:48.281714+00:00,2026-09-06T14:23:48.395393+00:00,0.114,VALID,valid,,a9ff4a5e1dc0fea65b63e2b366814c1860f04110,a1d260b660c93e47a466deb9c00f26c880973356f7da4eda00cb8ec57cab044d,raw/E01-static_continuity-20260911-20260906T142348322480Z
a000036,E01-static_continuity-20260912-20260906T142348448403Z,E01,static_continuity,20260912,default,primary,2026-09-06T14:23:48.406811+00:00,2026-09-06T14:23:48.368554+00:00,0.126,VALID,valid,,a9ff4a5e1dc0fea65b63e2b366814c1860f04110,a1d260b660c93e47a466deb9c00f26c880973356f7da4eda00cb8ec57cab044d,raw/E01-static_continuity-20260912-20260906T142348448403Z
a000037,E01-static_continuity-20260913-20260906T142348422497Z,E01,static_continuity,20260913,default,primary,2026-09-06T14:23:48.381084+00:00,2026-09-06T14:23:48.501928+00:00,0.121,VALID,valid,,a9ff4a5e1dc0fea65b63e2b366814c1860f04110,a1d260b660c93e47a466deb9c00f26c880973356f7da4eda00cb8ec57cab044d,raw/E01-static_continuity-20260913-20260906T142348422497Z
a000038,E01-static_continuity-20260914-20260906T142348555335Z,E01,static_continuity,20260914,default,primary,2026-09-06T14:23:48.513389+00:00,2026-09-06T14:23:48.618849+00:00,0.105,VALID,valid,,a9ff4a5e1dc0fea65b63e2b366814c1860f04110,a1d260b660c93e47a466deb9c00f26c880973356f7da4eda00cb8ec57cab044d,raw/E01-static_continuity-20260914-20260906T142348555335Z
a000039,E01-static_continuity-20260915-20260906T142348672714Z,E01,static_continuity,20260915,default,primary,2026-09-06T14:23:48.629736+00:00,2026-09-06T14:23:48.753202+00:00,0.123,VALID,valid,,a9ff4a5e1dc0fea65b63e2b366814c1860f04110,a1d260b660c93e47a466deb9c00f26c880973356f7da4eda00cb8ec57cab044d,raw/E01-static_continuity-20260915-20260906T142348672714Z
a000040,E01-static_continuity-20260916-20260906T142348805055Z,E01,static_continuity,20260916,default,primary,2026-09-06T14:23:48.764439+00:00,2026-09-06T14:23:48.880686+00:00,0.116,VALID,valid,,a9ff4a5e1dc0fea65b63e2b366814c1860f04110,a1d260b660c93e47a466deb9c00f26c880973356f7da4eda00cb8ec57cab044d,raw/E01-static_continuity-20260916-20260906T142348805055Z
a000041,E01-static_continuity-20260917-20260906T142348934736Z,E01,static_continuity,20260917,default,primary,2026-09-06T14:23:48.892337+00:00,2026-09-06T14:23:49.004837+00:00,0.112,VALID,valid,,a9ff4a5e1dc0fea65b63e2b366814c1860f04110,a1d260b660c93e47a466deb9c00f26c880973356f7da4eda00cb8ec57cab044d,raw/E01-static_continuity-20260917-20260906T142348934736Z
a000042,E01-static_continuity-20260918-20260906T142349059241Z,E01,static_continuity,20260918,default,primary,2026-09-06T14:23:49.016727+00:00,2026-09-06T14:23:49.137516+00:00,0.121,VALID,valid,,a9ff4a5e1dc0fea65b63e2b366814c1860f04110,a1d260b660c93e47a466deb9c00f26c880973356f7da4eda00cb8ec57cab044d,raw/E01-static_continuity-20260918-20260906T142349059241Z
a000043,E01-static_continuity-20260919-20260906T142349191647Z,E01,static_continuity,20260919,default,primary,2026-09-06T14:23:49.149330+00:00,2026-09-06T14:23:49.267921+00:00,0.119,VALID,valid,,a9ff4a5e1dc0fea65b63e2b366814c1860f04110,a1d260b660c93e47a466deb9c00f26c880973356f7da4eda00cb8ec57cab044d,raw/E01-static_continuity-20260919-20260906T142349191647Z
a000044,E01-static_continuity-20260920-20260906T142349320576Z,E01,static_continuity,20260920,default,primary,2026-09-06T14:23:49.278954+00:00,2026-09-06T14:23:49.397109+00:00,0.118,VALID,valid,,a9ff4a5e1dc0fea65b63e2b366814c1860f04110,a1d260b660c93e47a466deb9c00f26c880973356f7da4eda00cb8ec57cab044d,raw/E01-static_continuity-20260920-20260906T142349320576Z
a000045,E01-static_continuity-20260921-20260906T142349449789Z,E01,static_continuity,20260921,default,primary,2026-09-06T14:23:49.408249+00:00,2026-09-06T14:23:49.526331+00:00,0.118,VALID,valid,,a9ff4a5e1dc0fea65b63e2b366814c1860f04110,a1d260b660c93e47a466deb9c00f26c880973356f7da4eda00cb8ec57cab044d,raw/E01-static_continuity-20260921-20260906T142349449789Z
a000046,E01-static_continuity-20260922-20260906T142349579648Z,E01,static_continuity,20260922,default,primary,2026-09-06T14:23:49.538010+00:00,2026-09-06T14:23:49.658828+00:00,0.121,VALID,valid,,a9ff4a5e1dc0fea65b63e2b366814c1860f04110,a1d260b660c93e47a466deb9c00f26c880973356f7da4eda00cb8ec57cab044d,raw/E01-static_continuity-20260922-20260906T142349579648Z
a000047,E01-static_continuity-20260923-20260906T142349711914Z,E01,static_continuity,20260923,default,primary,2026-09-06T14:23:49.670681+00:00,2026-09-06T14:23:49.774259+00:00,0.104,VALID,valid,,a9ff4a5e1dc0fea65b63e2b366814c1860f04110,a1d260b660c93e47a466deb9c00f26c880973356f7da4eda00cb8ec57cab044d,raw/E01-static_continuity-20260923-20260906T142349711914Z
a000048,E01-static_continuity-20260924-20260906T142349830263Z,E01,static_continuity,20260924,default,primary,2026-09-06T14:23:49.787664+00:00,2026-09-06T14:23:49.907468+00:00,0.12,VALID,valid,,a9ff4a5e1dc0fea65b63e2b366814c1860f04110,a1d260b660c93e47a466deb9c00f26c880973356f7da4eda00cb8ec57cab044d,raw/E01-static_continuity-20260924-20260906T142349830263Z
a000049,E01-static_continuity-20260925-20260906T142349960479Z,E01,static_continuity,20260925,default,primary,2026-09-06T14:23:49.918760+00:00,2026-09-06T14:23:50.040602+00:00,0.122,VALID,valid,,a9ff4a5e1dc0fea65b63e2b366814c1860f04110,a1d260b660c93e47a466deb9c00f26c880973356f7da4eda00cb8ec57cab044d,raw/E01-static_continuity-20260925-20260906T142349960479Z
a000050,E01-static_continuity-20260926-20260906T142350092757Z,E01,static_continuity,20260926,default,primary,2026-09-06T14:23:50.051850+00:00,2026-09-06T14:23:50.168449+00:00,0.117,VALID,valid,,a9ff4a5e1dc0fea65b63e2b366814c1860f04110,a1d260b660c93e47a466deb9c00f26c880973356f7da4eda00cb8ec57cab044d,raw/E01-static_continuity-20260926-20260906T142350092757Z
a000051,E01-static_continuity-20260927-20260906T142350221257Z,E01,static_continuity,20260927,default,primary,2026-09-06T14:23:50.180249+00:00,2026-09-06T14:23:50.300609+00:00,0.12,VALID,valid,,a9ff4a5e1dc0fea65b63e2b366814c1860f04110,a1d260b660c93e47a466deb9c00f26c880973356f7da4eda00cb8ec57cab044d,raw/E01-static_continuity-20260927-20260906T142350221257Z
a000052,E01-static_continuity-20260928-20260906T142350353930Z,E01,static_continuity,20260928,default,primary,2026-09-06T14:23:50.311973+00:00,2026-09-06T14:23:50.430424+00:00,0.118,VALID,valid,,a9ff4a5e1dc0fea65b63e2b366814c1860f04110,a1d260b660c93e47a466deb9c00f26c880973356f7da4eda00cb8ec57cab044d,raw/E01-static_continuity-20260928-20260906T142350353930Z
a000053,E01-static_continuity-20260929-20260906T142350483305Z,E01,static_continuity,20260929,default,primary,2026-09-06T14:23:50.441810+00:00,2026-09-06T14:23:50.555625+00:00,0.114,VALID,valid,,a9ff4a5e1dc0fea65b63e2b366814c1860f04110,a1d260b660c93e47a466deb9c00f26c880973356f7da4eda00cb8ec57cab044d,raw/E01-static_continuity-20260929-20260906T142350483305Z
a000054,E01-static_continuity-20260930-20260906T142350607178Z,E01,static_continuity,20260930,default,primary,2026-09-06T14:23:50.566810+00:00,2026-09-06T14:23:50.700097+00:00,0.133,VALID,valid,,a9ff4a5e1dc0fea65b63e2b366814c1860f04110,a1d260b660c93e47a466deb9c00f26c880973356f7da4eda00cb8ec57cab044d,raw/E01-static_continuity-20260930-20260906T142350607178Z
a000055,E01-static_continuity-20260931-20260906T142350753801Z,E01,static_continuity,20260931,default,primary,2026-09-06T14:23:50.711776+00:00,2026-09-06T14:23:50.827234+00:00,0.115,VALID,valid,,a9ff4a5e1dc0fea65b63e2b366814c1860f04110,a1d260b660c93e47a466deb9c00f26c880973356f7da4eda00cb8ec57cab044d,raw/E01-static_continuity-20260931-20260906T142350753801Z
a000056,E01-static_continuity-20260932-20260906T142350879484Z,E01,static_continuity,20260932,default,primary,2026-09-06T14:23:50.838045+00:00,2026-09-06T14:23:50.944622+00:00,0.107,VALID,valid,,a9ff4a5e1dc0fea65b63e2b366814c1860f04110,a1d260b660c93e47a466deb9c00f26c880973356f7da4eda00cb8ec57cab044d,raw/E01-static_continuity-20260932-20260906T142350879484Z
a000057,E01-static_continuity-20260933-20260906T142350998049Z,E01,static_continuity,20260933,default,primary,2026-09-06T14:23:50.956968+00:00,2026-09-06T14:23:51.071597+00:00,0.115,VALID,valid,,a9ff4a5e1dc0fea65b63e2b366814c1860f04110,a1d260b660c93e47a466deb9c00f26c880973356f7da4eda00cb8ec57cab044d,raw/E01-static_continuity-20260933-20260906T142350998049Z
a000058,E01-static_continuity-20260934-20260906T142351123962Z,E01,static_continuity,20260934,default,primary,2026-09-06T14:23:51.083067+00:00,2026-09-06T14:23:51.202702+00:00,0.12,VALID,valid,,a9ff4a5e1dc0fea65b63e2b366814c1860f04110,a1d260b660c93e47a466deb9c00f26c880973356f7da4eda00cb8ec57cab044d,raw/E01-static_continuity-20260934-20260906T142351123962Z
a000059,E01-static_continuity-20260935-20260906T142351257202Z,E01,static_continuity,20260935,default,primary,2026-09-06T14:23:51.214630+00:00,2026-09-06T14:23:51.331260+00:00,0.117,VALID,valid,,a9ff4a5e1dc0fea65b63e2b366814c1860f04110,a1d260b660c93e47a466deb9c00f26c880973356f7da4eda00cb8ec57cab044d,raw/E01-static_continuity-20260935-20260906T142351257202Z
a000060,E01-static_continuity-20260936-20260906T142351383833Z,E01,static_continuity,20260936,default,primary,2026-09-06T14:23:51.342652+00:00,2026-09-06T14:23:51.454152+00:00,0.111,VALID,valid,,a9ff4a5e1dc0fea65b63e2b366814c1860f04110,a1d260b660c93e47a466deb9c00f26c880973356f7da4eda00cb8ec57cab044d,raw/E01-static_continuity-20260936-20260906T142351383833Z
a000061,E01-ca_ztcf-20260907-20260906T142351507401Z,E01,ca_ztcf,20260907,default,primary,2026-09-06T14:23:51.465837+00:00,2026-09-06T14:23:51.584571+00:00,0.119,VALID,valid,,a9ff4a5e1dc0fea65b63e2b366814c1860f04110,a1d260b660c93e47a466deb9c00f26c880973356f7da4eda00cb8ec57cab044d,raw/E01-ca_ztcf-20260907-20260906T142351507401Z
a000062,E01-ca_ztcf-20260908-20260906T142351636944Z,E01,ca_ztcf,20260908,default,primary,2026-09-06T14:23:51.595843+00:00,2026-09-06T14:23:51.711086+00:00,0.115,VALID,valid,,a9ff4a5e1dc0fea65b63e2b366814c1860f04110,a1d260b660c93e47a466deb9c00f26c880973356f7da4eda00cb8ec57cab044d,raw/E01-ca_ztcf-20260908-20260906T142351636944Z
a000063,E01-ca_ztcf-20260909-20260906T142351764581Z,E01,ca_ztcf,20260909,default,primary,2026-09-06T14:23:51.722797+00:00,2026-09-06T14:23:51.843275+00:00,0.12,VALID,valid,,a9ff4a5e1dc0fea65b63e2b366814c1860f04110,a1d260b660c93e47a466deb9c00f26c880973356f7da4eda00cb8ec57cab044d,raw/E01-ca_ztcf-20260909-20260906T142351764581Z
a000064,E01-ca_ztcf-20260910-20260906T142351894921Z,E01,ca_ztcf,20260910,default,primary,2026-09-06T14:23:51.854466+00:00,2026-09-06T14:23:51.971430+00:00,0.117,VALID,valid,,a9ff4a5e1dc0fea65b63e2b366814c1860f04110,a1d260b660c93e47a466deb9c00f26c880973356f7da4eda00cb8ec57cab044d,raw/E01-ca_ztcf-20260910-20260906T142351894921Z
a000065,E01-ca_ztcf-20260911-20260906T142352024074Z,E01,ca_ztcf,20260911,default,primary,2026-09-06T14:23:51.982892+00:00,2026-09-06T14:23:52.100659+00:00,0.118,VALID,valid,,a9ff4a5e1dc0fea65b63e2b366814c1860f04110,a1d260b660c93e47a466deb9c00f26c880973356f7da4eda00cb8ec57cab044d,raw/E01-ca_ztcf-20260911-20260906T142352024074Z
a000066,E01-ca_ztcf-20260912-20260906T142352153659Z,E01,ca_ztcf,20260912,default,primary,2026-09-06T14:23:52.112690+00:00,2026-09-06T14:23:52.220178+00:00,0.107,VALID,valid,,a9ff4a5e1dc0fea65b63e2b366814c1860f04110,a1d260b660c93e47a466deb9c00f26c880973356f7da4eda00cb8ec57cab044d,raw/E01-ca_ztcf-20260912-20260906T142352153659Z
a000067,E01-ca_ztcf-20260913-20260906T142352272636Z,E01,ca_ztcf,20260913,default,primary,2026-09-06T14:23:52.231596+00:00,2026-09-06T14:23:52.351254+00:00,0.12,VALID,valid,,a9ff4a5e1dc0fea65b63e2b366814c1860f04110,a1d260b660c93e47a466deb9c00f26c880973356f7da4eda00cb8ec57cab044d,raw/E01-ca_ztcf-20260913-20260906T142352272636Z
a000068,E01-ca_ztcf-20260914-20260906T142352405986Z,E01,ca_ztcf,20260914,default,primary,2026-09-06T14:23:52.363054+00:00,2026-09-06T14:23:52.486596+00:00,0.124,VALID,valid,,a9ff4a5e1dc0fea65b63e2b366814c1860f04110,a1d260b660c93e47a466deb9c00f26c880973356f7da4eda00cb8ec57cab044d,raw/E01-ca_ztcf-20260914-20260906T142352405986Z
a000069,E01-ca_ztcf-20260915-20260906T142352541504Z,E01,ca_ztcf,20260915,default,primary,2026-09-06T14:23:52.499007+00:00,2026-09-06T14:23:52.624495+00:00,0.125,VALID,valid,,a9ff4a5e1dc0fea65b63e2b366814c1860f04110,a1d260b660c93e47a466deb9c00f26c880973356f7da4eda00cb8ec57cab044d,raw/E01-ca_ztcf-20260915-20260906T142352541504Z
a000070,E01-ca_ztcf-20260916-20260906T142352683479Z,E01,ca_ztcf,20260916,default,primary,2026-09-06T14:23:52.637224+00:00,2026-09-06T14:23:52.772568+00:00,0.135,VALID,valid,,a9ff4a5e1dc0fea65b63e2b366814c1860f04110,a1d260b660c93e47a466deb9c00f26c880973356f7da4eda00cb8ec57cab044d,raw/E01-ca_ztcf-20260916-20260906T142352683479Z
a000071,E01-ca_ztcf-20260917-20260906T142352826638Z,E01,ca_ztcf,20260917,default,primary,2026-09-06T14:23:52.784219+00:00,2026-09-06T14:23:52.902403+00:00,0.118,VALID,valid,,a9ff4a5e1dc0fea65b63e2b366814c1860f04110,a1d260b660c93e47a466deb9c00f26c880973356f7da4eda00cb8ec57cab044d,raw/E01-ca_ztcf-20260917-20260906T142352826638Z
a000072,E01-ca_ztcf-20260918-20260906T142352955217Z,E01,ca_ztcf,20260918,default,primary,2026-09-06T14:23:52.913877+00:00,2026-09-06T14:23:53.022321+00:00,0.108,VALID,valid,,a9ff4a5e1dc0fea65b63e2b366814c1860f04110,a1d260b660c93e47a466deb9c00f26c880973356f7da4eda00cb8ec57cab044d,raw/E01-ca_ztcf-20260918-20260906T142352955217Z
a000073,E01-ca_ztcf-20260919-20260906T142353074839Z,E01,ca_ztcf,20260919,default,primary,2026-09-06T14:23:53.033667+00:00,2026-09-06T14:23:53.151478+00:00,0.118,VALID,valid,,a9ff4a5e1dc0fea65b63e2b366814c1860f04110,a1d260b660c93e47a466deb9c00f26c880973356f7da4eda00cb8ec57cab044d,raw/E01-ca_ztcf-20260919-20260906T142353074839Z
a000074,E01-ca_ztcf-20260920-20260906T142353204840Z,E01,ca_ztcf,20260920,default,primary,2026-09-06T14:23:53.162782+00:00,2026-09-06T14:23:53.282376+00:00,0.12,VALID,valid,,a9ff4a5e1dc0fea65b63e2b366814c1860f04110,a1d260b660c93e47a466deb9c00f26c880973356f7da4eda00cb8ec57cab044d,raw/E01-ca_ztcf-20260920-20260906T142353204840Z
a000075,E01-ca_ztcf-20260921-20260906T142353334060Z,E01,ca_ztcf,20260921,default,primary,2026-09-06T14:23:53.293301+00:00,2026-09-06T14:23:53.412324+00:00,0.119,VALID,valid,,a9ff4a5e1dc0fea65b63e2b366814c1860f04110,a1d260b660c93e47a466deb9c00f26c880973356f7da4eda00cb8ec57cab044d,raw/E01-ca_ztcf-20260921-20260906T142353334060Z
a000076,E01-ca_ztcf-20260922-20260906T142353465941Z,E01,ca_ztcf,20260922,default,primary,2026-09-06T14:23:53.424300+00:00,2026-09-06T14:23:53.532175+00:00,0.108,VALID,valid,,a9ff4a5e1dc0fea65b63e2b366814c1860f04110,a1d260b660c93e47a466deb9c00f26c880973356f7da4eda00cb8ec57cab044d,raw/E01-ca_ztcf-20260922-20260906T142353465941Z
a000077,E01-ca_ztcf-20260923-20260906T142353584993Z,E01,ca_ztcf,20260923,default,primary,2026-09-06T14:23:53.543639+00:00,2026-09-06T14:23:53.663111+00:00,0.119,VALID,valid,,a9ff4a5e1dc0fea65b63e2b366814c1860f04110,a1d260b660c93e47a466deb9c00f26c880973356f7da4eda00cb8ec57cab044d,raw/E01-ca_ztcf-20260923-20260906T142353584993Z
a000078,E01-ca_ztcf-20260924-20260906T142353715695Z,E01,ca_ztcf,20260924,default,primary,2026-09-06T14:23:53.675060+00:00,2026-09-06T14:23:53.813837+00:00,0.139,VALID,valid,,a9ff4a5e1dc0fea65b63e2b366814c1860f04110,a1d260b660c93e47a466deb9c00f26c880973356f7da4eda00cb8ec57cab044d,raw/E01-ca_ztcf-20260924-20260906T142353715695Z
a000079,E01-ca_ztcf-20260925-20260906T142353867957Z,E01,ca_ztcf,20260925,default,primary,2026-09-06T14:23:53.825459+00:00,2026-09-06T14:23:53.944660+00:00,0.119,VALID,valid,,a9ff4a5e1dc0fea65b63e2b366814c1860f04110,a1d260b660c93e47a466deb9c00f26c880973356f7da4eda00cb8ec57cab044d,raw/E01-ca_ztcf-20260925-20260906T142353867957Z
a000080,E01-ca_ztcf-20260926-20260906T142353997720Z,E01,ca_ztcf,20260926,default,primary,2026-09-06T14:23:53.956048+00:00,2026-09-06T14:23:54.074279+00:00,0.118,VALID,valid,,a9ff4a5e1dc0fea65b63e2b366814c1860f04110,a1d260b660c93e47a466deb9c00f26c880973356f7da4eda00cb8ec57cab044d,raw/E01-ca_ztcf-20260926-20260906T142353997720Z
a000081,E01-ca_ztcf-20260927-20260906T142354126713Z,E01,ca_ztcf,20260927,default,primary,2026-09-06T14:23:54.085831+00:00,2026-09-06T14:23:54.202688+00:00,0.117,VALID,valid,,a9ff4a5e1dc0fea65b63e2b366814c1860f04110,a1d260b660c93e47a466deb9c00f26c880973356f7da4eda00cb8ec57cab044d,raw/E01-ca_ztcf-20260927-20260906T142354126713Z
a000082,E01-ca_ztcf-20260928-20260906T142354254720Z,E01,ca_ztcf,20260928,default,primary,2026-09-06T14:23:54.214212+00:00,2026-09-06T14:23:54.331921+00:00,0.118,VALID,valid,,a9ff4a5e1dc0fea65b63e2b366814c1860f04110,a1d260b660c93e47a466deb9c00f26c880973356f7da4eda00cb8ec57cab044d,raw/E01-ca_ztcf-20260928-20260906T142354254720Z
a000083,E01-ca_ztcf-20260929-20260906T142354384612Z,E01,ca_ztcf,20260929,default,primary,2026-09-06T14:23:54.343285+00:00,2026-09-06T14:23:54.458872+00:00,0.116,VALID,valid,,a9ff4a5e1dc0fea65b63e2b366814c1860f04110,a1d260b660c93e47a466deb9c00f26c880973356f7da4eda00cb8ec57cab044d,raw/E01-ca_ztcf-20260929-20260906T142354384612Z
a000084,E01-ca_ztcf-20260930-20260906T142354512888Z,E01,ca_ztcf,20260930,default,primary,2026-09-06T14:23:54.471006+00:00,2026-09-06T14:23:54.589897+00:00,0.119,VALID,valid,,a9ff4a5e1dc0fea65b63e2b366814c1860f04110,a1d260b660c93e47a466deb9c00f26c880973356f7da4eda00cb8ec57cab044d,raw/E01-ca_ztcf-20260930-20260906T142354512888Z
a000085,E01-ca_ztcf-20260931-20260906T142354642608Z,E01,ca_ztcf,20260931,default,primary,2026-09-06T14:23:54.601215+00:00,2026-09-06T14:23:54.725561+00:00,0.124,VALID,valid,,a9ff4a5e1dc0fea65b63e2b366814c1860f04110,a1d260b660c93e47a466deb9c00f26c880973356f7da4eda00cb8ec57cab044d,raw/E01-ca_ztcf-20260931-20260906T142354642608Z
a000086,E01-ca_ztcf-20260932-20260906T142354778821Z,E01,ca_ztcf,20260932,default,primary,2026-09-06T14:23:54.737511+00:00,2026-09-06T14:23:54.859914+00:00,0.122,VALID,valid,,a9ff4a5e1dc0fea65b63e2b366814c1860f04110,a1d260b660c93e47a466deb9c00f26c880973356f7da4eda00cb8ec57cab044d,raw/E01-ca_ztcf-20260932-20260906T142354778821Z
a000087,E01-ca_ztcf-20260933-20260906T142354912430Z,E01,ca_ztcf,20260933,default,primary,2026-09-06T14:23:54.871603+00:00,2026-09-06T14:23:54.987002+00:00,0.115,VALID,valid,,a9ff4a5e1dc0fea65b63e2b366814c1860f04110,a1d260b660c93e47a466deb9c00f26c880973356f7da4eda00cb8ec57cab044d,raw/E01-ca_ztcf-20260933-20260906T142354912430Z
a000088,E01-ca_ztcf-20260934-20260906T142355039845Z,E01,ca_ztcf,20260934,default,primary,2026-09-06T14:23:54.998562+00:00,2026-09-06T14:23:55.116163+00:00,0.118,VALID,valid,,a9ff4a5e1dc0fea65b63e2b366814c1860f04110,a1d260b660c93e47a466deb9c00f26c880973356f7da4eda00cb8ec57cab044d,raw/E01-ca_ztcf-20260934-20260906T142355039845Z
a000089,E01-ca_ztcf-20260935-20260906T142355168551Z,E01,ca_ztcf,20260935,default,primary,2026-09-06T14:23:55.127492+00:00,2026-09-06T14:23:55.246896+00:00,0.119,VALID,valid,,a9ff4a5e1dc0fea65b63e2b366814c1860f04110,a1d260b660c93e47a466deb9c00f26c880973356f7da4eda00cb8ec57cab044d,raw/E01-ca_ztcf-20260935-20260906T142355168551Z
a000090,E01-ca_ztcf-20260936-20260906T142355300663Z,E01,ca_ztcf,20260936,default,primary,2026-09-06T14:23:55.259044+00:00,2026-09-06T14:23:55.373444+00:00,0.114,VALID,valid,,a9ff4a5e1dc0fea65b63e2b366814c1860f04110,a1d260b660c93e47a466deb9c00f26c880973356f7da4eda00cb8ec57cab044d,raw/E01-ca_ztcf-20260936-20260906T142355300663Z
a000091,E02-independent-20260907-20260906T142355426275Z,E02,independent,20260907,default,primary,2026-09-06T14:23:55.385463+00:00,2026-09-06T14:23:55.501180+00:00,0.116,VALID,valid,,a9ff4a5e1dc0fea65b63e2b366814c1860f04110,a1d260b660c93e47a466deb9c00f26c880973356f7da4eda00cb8ec57cab044d,raw/E02-independent-20260907-20260906T142355426275Z
a000092,E02-independent-20260908-20260906T142355552661Z,E02,independent,20260908,default,primary,2026-09-06T14:23:55.512246+00:00,2026-09-06T14:23:55.623986+00:00,0.112,VALID,valid,,a9ff4a5e1dc0fea65b63e2b366814c1860f04110,a1d260b660c93e47a466deb9c00f26c880973356f7da4eda00cb8ec57cab044d,raw/E02-independent-20260908-20260906T142355552661Z
a000093,E02-independent-20260909-20260906T142355677459Z,E02,independent,20260909,default,primary,2026-09-06T14:23:55.635858+00:00,2026-09-06T14:23:55.750654+00:00,0.115,VALID,valid,,a9ff4a5e1dc0fea65b63e2b366814c1860f04110,a1d260b660c93e47a466deb9c00f26c880973356f7da4eda00cb8ec57cab044d,raw/E02-independent-20260909-20260906T142355677459Z
a000094,E02-independent-20260910-20260906T142355802128Z,E02,independent,20260910,default,primary,2026-09-06T14:23:55.761949+00:00,2026-09-06T14:23:55.886088+00:00,0.124,VALID,valid,,a9ff4a5e1dc0fea65b63e2b366814c1860f04110,a1d260b660c93e47a466deb9c00f26c880973356f7da4eda00cb8ec57cab044d,raw/E02-independent-20260910-20260906T142355802128Z
a000095,E02-independent-20260911-20260906T142355940235Z,E02,independent,20260911,default,primary,2026-09-06T14:23:55.898035+00:00,2026-09-06T14:23:56.016111+00:00,0.118,VALID,valid,,a9ff4a5e1dc0fea65b63e2b366814c1860f04110,a1d260b660c93e47a466deb9c00f26c880973356f7da4eda00cb8ec57cab044d,raw/E02-independent-20260911-20260906T142355940235Z
a000096,E02-independent-20260912-20260906T142356070750Z,E02,independent,20260912,default,primary,2026-09-06T14:23:56.028478+00:00,2026-09-06T14:23:56.151825+00:00,0.123,VALID,valid,,a9ff4a5e1dc0fea65b63e2b366814c1860f04110,a1d260b660c93e47a466deb9c00f26c880973356f7da4eda00cb8ec57cab044d,raw/E02-independent-20260912-20260906T142356070750Z
a000097,E02-independent-20260913-20260906T142356205370Z,E02,independent,20260913,default,primary,2026-09-06T14:23:56.163654+00:00,2026-09-06T14:23:56.286117+00:00,0.122,VALID,valid,,a9ff4a5e1dc0fea65b63e2b366814c1860f04110,a1d260b660c93e47a466deb9c00f26c880973356f7da4eda00cb8ec57cab044d,raw/E02-independent-20260913-20260906T142356205370Z
a000098,E02-independent-20260914-20260906T142356338843Z,E02,independent,20260914,default,primary,2026-09-06T14:23:56.297719+00:00,2026-09-06T14:23:56.415985+00:00,0.118,VALID,valid,,a9ff4a5e1dc0fea65b63e2b366814c1860f04110,a1d260b660c93e47a466deb9c00f26c880973356f7da4eda00cb8ec57cab044d,raw/E02-independent-20260914-20260906T142356338843Z
a000099,E02-independent-20260915-20260906T142356468390Z,E02,independent,20260915,default,primary,2026-09-06T14:23:56.427121+00:00,2026-09-06T14:23:56.534461+00:00,0.107,VALID,valid,,a9ff4a5e1dc0fea65b63e2b366814c1860f04110,a1d260b660c93e47a466deb9c00f26c880973356f7da4eda00cb8ec57cab044d,raw/E02-independent-20260915-20260906T142356468390Z
a000100,E02-independent-20260916-20260906T142356586040Z,E02,independent,20260916,default,primary,2026-09-06T14:23:56.545418+00:00,2026-09-06T14:23:56.658411+00:00,0.113,VALID,valid,,a9ff4a5e1dc0fea65b63e2b366814c1860f04110,a1d260b660c93e47a466deb9c00f26c880973356f7da4eda00cb8ec57cab044d,raw/E02-independent-20260916-20260906T142356586040Z
a000101,E02-independent-20260917-20260906T142356710504Z,E02,independent,20260917,default,primary,2026-09-06T14:23:56.669523+00:00,2026-09-06T14:23:56.786267+00:00,0.117,VALID,valid,,a9ff4a5e1dc0fea65b63e2b366814c1860f04110,a1d260b660c93e47a466deb9c00f26c880973356f7da4eda00cb8ec57cab044d,raw/E02-independent-20260917-20260906T142356710504Z
a000102,E02-independent-20260918-20260906T142356838806Z,E02,independent,20260918,default,primary,2026-09-06T14:23:56.798075+00:00,2026-09-06T14:23:56.913850+00:00,0.116,VALID,valid,,a9ff4a5e1dc0fea65b63e2b366814c1860f04110,a1d260b660c93e47a466deb9c00f26c880973356f7da4eda00cb8ec57cab044d,raw/E02-independent-20260918-20260906T142356838806Z
a000103,E02-independent-20260919-20260906T142356967903Z,E02,independent,20260919,default,primary,2026-09-06T14:23:56.925893+00:00,2026-09-06T14:23:57.045675+00:00,0.12,VALID,valid,,a9ff4a5e1dc0fea65b63e2b366814c1860f04110,a1d260b660c93e47a466deb9c00f26c880973356f7da4eda00cb8ec57cab044d,raw/E02-independent-20260919-20260906T142356967903Z
a000104,E02-independent-20260920-20260906T142357097415Z,E02,independent,20260920,default,primary,2026-09-06T14:23:57.056680+00:00,2026-09-06T14:23:57.173075+00:00,0.116,VALID,valid,,a9ff4a5e1dc0fea65b63e2b366814c1860f04110,a1d260b660c93e47a466deb9c00f26c880973356f7da4eda00cb8ec57cab044d,raw/E02-independent-20260920-20260906T142357097415Z
a000105,E02-independent-20260921-20260906T142357225053Z,E02,independent,20260921,default,primary,2026-09-06T14:23:57.184484+00:00,2026-09-06T14:23:57.299775+00:00,0.115,VALID,valid,,a9ff4a5e1dc0fea65b63e2b366814c1860f04110,a1d260b660c93e47a466deb9c00f26c880973356f7da4eda00cb8ec57cab044d,raw/E02-independent-20260921-20260906T142357225053Z
a000106,E02-independent-20260922-20260906T142357352157Z,E02,independent,20260922,default,primary,2026-09-06T14:23:57.311019+00:00,2026-09-06T14:23:57.428051+00:00,0.117,VALID,valid,,a9ff4a5e1dc0fea65b63e2b366814c1860f04110,a1d260b660c93e47a466deb9c00f26c880973356f7da4eda00cb8ec57cab044d,raw/E02-independent-20260922-20260906T142357352157Z
a000107,E02-independent-20260923-20260906T142357481174Z,E02,independent,20260923,default,primary,2026-09-06T14:23:57.440220+00:00,2026-09-06T14:23:57.548212+00:00,0.108,VALID,valid,,a9ff4a5e1dc0fea65b63e2b366814c1860f04110,a1d260b660c93e47a466deb9c00f26c880973356f7da4eda00cb8ec57cab044d,raw/E02-independent-20260923-20260906T142357481174Z
a000108,E02-independent-20260924-20260906T142357600631Z,E02,independent,20260924,default,primary,2026-09-06T14:23:57.560065+00:00,2026-09-06T14:23:57.678476+00:00,0.118,VALID,valid,,a9ff4a5e1dc0fea65b63e2b366814c1860f04110,a1d260b660c93e47a466deb9c00f26c880973356f7da4eda00cb8ec57cab044d,raw/E02-independent-20260924-20260906T142357600631Z
a000109,E02-independent-20260925-20260906T142357731831Z,E02,independent,20260925,default,primary,2026-09-06T14:23:57.690546+00:00,2026-09-06T14:23:57.808152+00:00,0.118,VALID,valid,,a9ff4a5e1dc0fea65b63e2b366814c1860f04110,a1d260b660c93e47a466deb9c00f26c880973356f7da4eda00cb8ec57cab044d,raw/E02-independent-20260925-20260906T142357731831Z
a000110,E02-independent-20260926-20260906T142357860112Z,E02,independent,20260926,default,primary,2026-09-06T14:23:57.819416+00:00,2026-09-06T14:23:57.939652+00:00,0.12,VALID,valid,,a9ff4a5e1dc0fea65b63e2b366814c1860f04110,a1d260b660c93e47a466deb9c00f26c880973356f7da4eda00cb8ec57cab044d,raw/E02-independent-20260926-20260906T142357860112Z
a000111,E02-independent-20260927-20260906T142357992000Z,E02,independent,20260927,default,primary,2026-09-06T14:23:57.951007+00:00,2026-09-06T14:23:58.059414+00:00,0.108,VALID,valid,,a9ff4a5e1dc0fea65b63e2b366814c1860f04110,a1d260b660c93e47a466deb9c00f26c880973356f7da4eda00cb8ec57cab044d,raw/E02-independent-20260927-20260906T142357992000Z
a000112,E02-independent-20260928-20260906T142358113567Z,E02,independent,20260928,default,primary,2026-09-06T14:23:58.071731+00:00,2026-09-06T14:23:58.190138+00:00,0.118,VALID,valid,,a9ff4a5e1dc0fea65b63e2b366814c1860f04110,a1d260b660c93e47a466deb9c00f26c880973356f7da4eda00cb8ec57cab044d,raw/E02-independent-20260928-20260906T142358113567Z
a000113,E02-independent-20260929-20260906T142358242837Z,E02,independent,20260929,default,primary,2026-09-06T14:23:58.201638+00:00,2026-09-06T14:23:58.327784+00:00,0.126,VALID,valid,,a9ff4a5e1dc0fea65b63e2b366814c1860f04110,a1d260b660c93e47a466deb9c00f26c880973356f7da4eda00cb8ec57cab044d,raw/E02-independent-20260929-20260906T142358242837Z
a000114,E02-independent-20260930-20260906T142358382760Z,E02,independent,20260930,default,primary,2026-09-06T14:23:58.340212+00:00,2026-09-06T14:23:58.456075+00:00,0.116,VALID,valid,,a9ff4a5e1dc0fea65b63e2b366814c1860f04110,a1d260b660c93e47a466deb9c00f26c880973356f7da4eda00cb8ec57cab044d,raw/E02-independent-20260930-20260906T142358382760Z
a000115,E02-independent-20260931-20260906T142358510537Z,E02,independent,20260931,default,primary,2026-09-06T14:23:58.467814+00:00,2026-09-06T14:23:58.585223+00:00,0.117,VALID,valid,,a9ff4a5e1dc0fea65b63e2b366814c1860f04110,a1d260b660c93e47a466deb9c00f26c880973356f7da4eda00cb8ec57cab044d,raw/E02-independent-20260931-20260906T142358510537Z
a000116,E02-independent-20260932-20260906T142358638746Z,E02,independent,20260932,default,primary,2026-09-06T14:23:58.597188+00:00,2026-09-06T14:23:58.715661+00:00,0.118,VALID,valid,,a9ff4a5e1dc0fea65b63e2b366814c1860f04110,a1d260b660c93e47a466deb9c00f26c880973356f7da4eda00cb8ec57cab044d,raw/E02-independent-20260932-20260906T142358638746Z
a000117,E02-independent-20260933-20260906T142358768620Z,E02,independent,20260933,default,primary,2026-09-06T14:23:58.727041+00:00,2026-09-06T14:23:58.845844+00:00,0.119,VALID,valid,,a9ff4a5e1dc0fea65b63e2b366814c1860f04110,a1d260b660c93e47a466deb9c00f26c880973356f7da4eda00cb8ec57cab044d,raw/E02-independent-20260933-20260906T142358768620Z
a000118,E02-independent-20260934-20260906T142358898084Z,E02,independent,20260934,default,primary,2026-09-06T14:23:58.856995+00:00,2026-09-06T14:23:58.975418+00:00,0.118,VALID,valid,,a9ff4a5e1dc0fea65b63e2b366814c1860f04110,a1d260b660c93e47a466deb9c00f26c880973356f7da4eda00cb8ec57cab044d,raw/E02-independent-20260934-20260906T142358898084Z
a000119,E02-independent-20260935-20260906T142359027973Z,E02,independent,20260935,default,primary,2026-09-06T14:23:58.986687+00:00,2026-09-06T14:23:59.092162+00:00,0.105,VALID,valid,,a9ff4a5e1dc0fea65b63e2b366814c1860f04110,a1d260b660c93e47a466deb9c00f26c880973356f7da4eda00cb8ec57cab044d,raw/E02-independent-20260935-20260906T142359027973Z
a000120,E02-independent-20260936-20260906T142359145194Z,E02,independent,20260936,default,primary,2026-09-06T14:23:59.103750+00:00,2026-09-06T14:23:59.222296+00:00,0.119,VALID,valid,,a9ff4a5e1dc0fea65b63e2b366814c1860f04110,a1d260b660c93e47a466deb9c00f26c880973356f7da4eda00cb8ec57cab044d,raw/E02-independent-20260936-20260906T142359145194Z
a000121,E02-static_continuity-20260907-20260906T142359275279Z,E02,static_continuity,20260907,default,primary,2026-09-06T14:23:59.233975+00:00,2026-09-06T14:23:59.349937+00:00,0.116,VALID,valid,,a9ff4a5e1dc0fea65b63e2b366814c1860f04110,a1d260b660c93e47a466deb9c00f26c880973356f7da4eda00cb8ec57cab044d,raw/E02-static_continuity-20260907-20260906T142359275279Z
a000122,E02-static_continuity-20260908-20260906T142359402179Z,E02,static_continuity,20260908,default,primary,2026-09-06T14:23:59.361448+00:00,2026-09-06T14:23:59.480112+00:00,0.119,VALID,valid,,a9ff4a5e1dc0fea65b63e2b366814c1860f04110,a1d260b660c93e47a466deb9c00f26c880973356f7da4eda00cb8ec57cab044d,raw/E02-static_continuity-20260908-20260906T142359402179Z
a000123,E02-static_continuity-20260909-20260906T142359535298Z,E02,static_continuity,20260909,default,primary,2026-09-06T14:23:59.493070+00:00,2026-09-06T14:23:59.619064+00:00,0.126,VALID,valid,,a9ff4a5e1dc0fea65b63e2b366814c1860f04110,a1d260b660c93e47a466deb9c00f26c880973356f7da4eda00cb8ec57cab044d,raw/E02-static_continuity-20260909-20260906T142359535298Z
a000124,E02-static_continuity-20260910-20260906T142359673631Z,E02,static_continuity,20260910,default,primary,2026-09-06T14:23:59.631070+00:00,2026-09-06T14:23:59.750689+00:00,0.12,VALID,valid,,a9ff4a5e1dc0fea65b63e2b366814c1860f04110,a1d260b660c93e47a466deb9c00f26c880973356f7da4eda00cb8ec57cab044d,raw/E02-static_continuity-20260910-20260906T142359673631Z
a000125,E02-static_continuity-20260911-20260906T142359805515Z,E02,static_continuity,20260911,default,primary,2026-09-06T14:23:59.762178+00:00,2026-09-06T14:23:59.885721+00:00,0.124,VALID,valid,,a9ff4a5e1dc0fea65b63e2b366814c1860f04110,a1d260b660c93e47a466deb9c00f26c880973356f7da4eda00cb8ec57cab044d,raw/E02-static_continuity-20260911-20260906T142359805515Z
a000126,E02-static_continuity-20260912-20260906T142359939266Z,E02,static_continuity,20260912,default,primary,2026-09-06T14:23:59.897876+00:00,2026-09-06T14:24:00.020279+00:00,0.122,VALID,valid,,a9ff4a5e1dc0fea65b63e2b366814c1860f04110,a1d260b660c93e47a466deb9c00f26c880973356f7da4eda00cb8ec57cab044d,raw/E02-static_continuity-20260912-20260906T142359939266Z
a000127,E02-static_continuity-20260913-20260906T142400072720Z,E02,static_continuity,20260913,default,primary,2026-09-06T14:24:00.031876+00:00,2026-09-06T14:24:00.150618+00:00,0.119,VALID,valid,,a9ff4a5e1dc0fea65b63e2b366814c1860f04110,a1d260b660c93e47a466deb9c00f26c880973356f7da4eda00cb8ec57cab044d,raw/E02-static_continuity-20260913-20260906T142400072720Z
a000128,E02-static_continuity-20260914-20260906T142400203608Z,E02,static_continuity,20260914,default,primary,2026-09-06T14:24:00.162707+00:00,2026-09-06T14:24:00.282433+00:00,0.12,VALID,valid,,a9ff4a5e1dc0fea65b63e2b366814c1860f04110,a1d260b660c93e47a466deb9c00f26c880973356f7da4eda00cb8ec57cab044d,raw/E02-static_continuity-20260914-20260906T142400203608Z
a000129,E02-static_continuity-20260915-20260906T142400336422Z,E02,static_continuity,20260915,default,primary,2026-09-06T14:24:00.294619+00:00,2026-09-06T14:24:00.402736+00:00,0.108,VALID,valid,,a9ff4a5e1dc0fea65b63e2b366814c1860f04110,a1d260b660c93e47a466deb9c00f26c880973356f7da4eda00cb8ec57cab044d,raw/E02-static_continuity-20260915-20260906T142400336422Z
a000130,E02-static_continuity-20260916-20260906T142400455651Z,E02,static_continuity,20260916,default,primary,2026-09-06T14:24:00.414930+00:00,2026-09-06T14:24:00.533801+00:00,0.119,VALID,valid,,a9ff4a5e1dc0fea65b63e2b366814c1860f04110,a1d260b660c93e47a466deb9c00f26c880973356f7da4eda00cb8ec57cab044d,raw/E02-static_continuity-20260916-20260906T142400455651Z
a000131,E02-static_continuity-20260917-20260906T142400585590Z,E02,static_continuity,20260917,default,primary,2026-09-06T14:24:00.544596+00:00,2026-09-06T14:24:00.674359+00:00,0.13,VALID,valid,,a9ff4a5e1dc0fea65b63e2b366814c1860f04110,a1d260b660c93e47a466deb9c00f26c880973356f7da4eda00cb8ec57cab044d,raw/E02-static_continuity-20260917-20260906T142400585590Z
a000132,E02-static_continuity-20260918-20260906T142400728339Z,E02,static_continuity,20260918,default,primary,2026-09-06T14:24:00.686788+00:00,2026-09-06T14:24:00.801567+00:00,0.115,VALID,valid,,a9ff4a5e1dc0fea65b63e2b366814c1860f04110,a1d260b660c93e47a466deb9c00f26c880973356f7da4eda00cb8ec57cab044d,raw/E02-static_continuity-20260918-20260906T142400728339Z
a000133,E02-static_continuity-20260919-20260906T142400854001Z,E02,static_continuity,20260919,default,primary,2026-09-06T14:24:00.812970+00:00,2026-09-06T14:24:00.929180+00:00,0.116,VALID,valid,,a9ff4a5e1dc0fea65b63e2b366814c1860f04110,a1d260b660c93e47a466deb9c00f26c880973356f7da4eda00cb8ec57cab044d,raw/E02-static_continuity-20260919-20260906T142400854001Z
a000134,E02-static_continuity-20260920-20260906T142400981521Z,E02,static_continuity,20260920,default,primary,2026-09-06T14:24:00.940625+00:00,2026-09-06T14:24:01.062937+00:00,0.122,VALID,valid,,a9ff4a5e1dc0fea65b63e2b366814c1860f04110,a1d260b660c93e47a466deb9c00f26c880973356f7da4eda00cb8ec57cab044d,raw/E02-static_continuity-20260920-20260906T142400981521Z
a000135,E02-static_continuity-20260921-20260906T142401116937Z,E02,static_continuity,20260921,default,primary,2026-09-06T14:24:01.075337+00:00,2026-09-06T14:24:01.192091+00:00,0.117,VALID,valid,,a9ff4a5e1dc0fea65b63e2b366814c1860f04110,a1d260b660c93e47a466deb9c00f26c880973356f7da4eda00cb8ec57cab044d,raw/E02-static_continuity-20260921-20260906T142401116937Z
a000136,E02-static_continuity-20260922-20260906T142401246062Z,E02,static_continuity,20260922,default,primary,2026-09-06T14:24:01.204210+00:00,2026-09-06T14:24:01.324258+00:00,0.12,VALID,valid,,a9ff4a5e1dc0fea65b63e2b366814c1860f04110,a1d260b660c93e47a466deb9c00f26c880973356f7da4eda00cb8ec57cab044d,raw/E02-static_continuity-20260922-20260906T142401246062Z
a000137,E02-static_continuity-20260923-20260906T142401376776Z,E02,static_continuity,20260923,default,primary,2026-09-06T14:24:01.335643+00:00,2026-09-06T14:24:01.460210+00:00,0.125,VALID,valid,,a9ff4a5e1dc0fea65b63e2b366814c1860f04110,a1d260b660c93e47a466deb9c00f26c880973356f7da4eda00cb8ec57cab044d,raw/E02-static_continuity-20260923-20260906T142401376776Z
a000138,E02-static_continuity-20260924-20260906T142401513712Z,E02,static_continuity,20260924,default,primary,2026-09-06T14:24:01.472158+00:00,2026-09-06T14:24:01.587574+00:00,0.115,VALID,valid,,a9ff4a5e1dc0fea65b63e2b366814c1860f04110,a1d260b660c93e47a466deb9c00f26c880973356f7da4eda00cb8ec57cab044d,raw/E02-static_continuity-20260924-20260906T142401513712Z
a000139,E02-static_continuity-20260925-20260906T142401640855Z,E02,static_continuity,20260925,default,primary,2026-09-06T14:24:01.599208+00:00,2026-09-06T14:24:01.723140+00:00,0.124,VALID,valid,,a9ff4a5e1dc0fea65b63e2b366814c1860f04110,a1d260b660c93e47a466deb9c00f26c880973356f7da4eda00cb8ec57cab044d,raw/E02-static_continuity-20260925-20260906T142401640855Z
a000140,E02-static_continuity-20260926-20260906T142401777168Z,E02,static_continuity,20260926,default,primary,2026-09-06T14:24:01.735388+00:00,2026-09-06T14:24:01.850059+00:00,0.115,VALID,valid,,a9ff4a5e1dc0fea65b63e2b366814c1860f04110,a1d260b660c93e47a466deb9c00f26c880973356f7da4eda00cb8ec57cab044d,raw/E02-static_continuity-20260926-20260906T142401777168Z
a000141,E02-static_continuity-20260927-20260906T142401902147Z,E02,static_continuity,20260927,default,primary,2026-09-06T14:24:01.861302+00:00,2026-09-06T14:24:01.978333+00:00,0.117,VALID,valid,,a9ff4a5e1dc0fea65b63e2b366814c1860f04110,a1d260b660c93e47a466deb9c00f26c880973356f7da4eda00cb8ec57cab044d,raw/E02-static_continuity-20260927-20260906T142401902147Z
a000142,E02-static_continuity-20260928-20260906T142402031535Z,E02,static_continuity,20260928,default,primary,2026-09-06T14:24:01.989995+00:00,2026-09-06T14:24:02.103016+00:00,0.113,VALID,valid,,a9ff4a5e1dc0fea65b63e2b366814c1860f04110,a1d260b660c93e47a466deb9c00f26c880973356f7da4eda00cb8ec57cab044d,raw/E02-static_continuity-20260928-20260906T142402031535Z
a000143,E02-static_continuity-20260929-20260906T142402155882Z,E02,static_continuity,20260929,default,primary,2026-09-06T14:24:02.114302+00:00,2026-09-06T14:24:02.233648+00:00,0.119,VALID,valid,,a9ff4a5e1dc0fea65b63e2b366814c1860f04110,a1d260b660c93e47a466deb9c00f26c880973356f7da4eda00cb8ec57cab044d,raw/E02-static_continuity-20260929-20260906T142402155882Z
a000144,E02-static_continuity-20260930-20260906T142402286373Z,E02,static_continuity,20260930,default,primary,2026-09-06T14:24:02.244960+00:00,2026-09-06T14:24:02.361919+00:00,0.117,VALID,valid,,a9ff4a5e1dc0fea65b63e2b366814c1860f04110,a1d260b660c93e47a466deb9c00f26c880973356f7da4eda00cb8ec57cab044d,raw/E02-static_continuity-20260930-20260906T142402286373Z
a000145,E02-static_continuity-20260931-20260906T142402414907Z,E02,static_continuity,20260931,default,primary,2026-09-06T14:24:02.373805+00:00,2026-09-06T14:24:02.496352+00:00,0.123,VALID,valid,,a9ff4a5e1dc0fea65b63e2b366814c1860f04110,a1d260b660c93e47a466deb9c00f26c880973356f7da4eda00cb8ec57cab044d,raw/E02-static_continuity-20260931-20260906T142402414907Z
a000146,E02-static_continuity-20260932-20260906T142402550244Z,E02,static_continuity,20260932,default,primary,2026-09-06T14:24:02.508149+00:00,2026-09-06T14:24:02.631270+00:00,0.123,VALID,valid,,a9ff4a5e1dc0fea65b63e2b366814c1860f04110,a1d260b660c93e47a466deb9c00f26c880973356f7da4eda00cb8ec57cab044d,raw/E02-static_continuity-20260932-20260906T142402550244Z
a000147,E02-static_continuity-20260933-20260906T142402684714Z,E02,static_continuity,20260933,default,primary,2026-09-06T14:24:02.643106+00:00,2026-09-06T14:24:02.760824+00:00,0.118,VALID,valid,,a9ff4a5e1dc0fea65b63e2b366814c1860f04110,a1d260b660c93e47a466deb9c00f26c880973356f7da4eda00cb8ec57cab044d,raw/E02-static_continuity-20260933-20260906T142402684714Z
a000148,E02-static_continuity-20260934-20260906T142402813682Z,E02,static_continuity,20260934,default,primary,2026-09-06T14:24:02.772760+00:00,2026-09-06T14:24:02.877033+00:00,0.104,VALID,valid,,a9ff4a5e1dc0fea65b63e2b366814c1860f04110,a1d260b660c93e47a466deb9c00f26c880973356f7da4eda00cb8ec57cab044d,raw/E02-static_continuity-20260934-20260906T142402813682Z
a000149,E02-static_continuity-20260935-20260906T142402929447Z,E02,static_continuity,20260935,default,primary,2026-09-06T14:24:02.888436+00:00,2026-09-06T14:24:02.997009+00:00,0.109,VALID,valid,,a9ff4a5e1dc0fea65b63e2b366814c1860f04110,a1d260b660c93e47a466deb9c00f26c880973356f7da4eda00cb8ec57cab044d,raw/E02-static_continuity-20260935-20260906T142402929447Z
a000150,E02-static_continuity-20260936-20260906T142403050234Z,E02,static_continuity,20260936,default,primary,2026-09-06T14:24:03.008955+00:00,2026-09-06T14:24:03.134244+00:00,0.125,VALID,valid,,a9ff4a5e1dc0fea65b63e2b366814c1860f04110,a1d260b660c93e47a466deb9c00f26c880973356f7da4eda00cb8ec57cab044d,raw/E02-static_continuity-20260936-20260906T142403050234Z
a000151,E02-ca_ztcf-20260907-20260906T142403186674Z,E02,ca_ztcf,20260907,default,primary,2026-09-06T14:24:03.145815+00:00,2026-09-06T14:24:03.264407+00:00,0.119,VALID,valid,,a9ff4a5e1dc0fea65b63e2b366814c1860f04110,a1d260b660c93e47a466deb9c00f26c880973356f7da4eda00cb8ec57cab044d,raw/E02-ca_ztcf-20260907-20260906T142403186674Z
a000152,E02-ca_ztcf-20260908-20260906T142403317167Z,E02,ca_ztcf,20260908,default,primary,2026-09-06T14:24:03.275991+00:00,2026-09-06T14:24:03.398311+00:00,0.122,VALID,valid,,a9ff4a5e1dc0fea65b63e2b366814c1860f04110,a1d260b660c93e47a466deb9c00f26c880973356f7da4eda00cb8ec57cab044d,raw/E02-ca_ztcf-20260908-20260906T142403317167Z
a000153,E02-ca_ztcf-20260909-20260906T142403450283Z,E02,ca_ztcf,20260909,default,primary,2026-09-06T14:24:03.409264+00:00,2026-09-06T14:24:03.526797+00:00,0.118,VALID,valid,,a9ff4a5e1dc0fea65b63e2b366814c1860f04110,a1d260b660c93e47a466deb9c00f26c880973356f7da4eda00cb8ec57cab044d,raw/E02-ca_ztcf-20260909-20260906T142403450283Z
a000154,E02-ca_ztcf-20260910-20260906T142403580709Z,E02,ca_ztcf,20260910,default,primary,2026-09-06T14:24:03.538543+00:00,2026-09-06T14:24:03.659631+00:00,0.121,VALID,valid,,a9ff4a5e1dc0fea65b63e2b366814c1860f04110,a1d260b660c93e47a466deb9c00f26c880973356f7da4eda00cb8ec57cab044d,raw/E02-ca_ztcf-20260910-20260906T142403580709Z
a000155,E02-ca_ztcf-20260911-20260906T142403714635Z,E02,ca_ztcf,20260911,default,primary,2026-09-06T14:24:03.671739+00:00,2026-09-06T14:24:03.782493+00:00,0.111,VALID,valid,,a9ff4a5e1dc0fea65b63e2b366814c1860f04110,a1d260b660c93e47a466deb9c00f26c880973356f7da4eda00cb8ec57cab044d,raw/E02-ca_ztcf-20260911-20260906T142403714635Z
a000156,E02-ca_ztcf-20260912-20260906T142403851170Z,E02,ca_ztcf,20260912,default,primary,2026-09-06T14:24:03.808650+00:00,2026-09-06T14:24:03.920812+00:00,0.112,VALID,valid,,a9ff4a5e1dc0fea65b63e2b366814c1860f04110,a1d260b660c93e47a466deb9c00f26c880973356f7da4eda00cb8ec57cab044d,raw/E02-ca_ztcf-20260912-20260906T142403851170Z
a000157,E02-ca_ztcf-20260913-20260906T142403976021Z,E02,ca_ztcf,20260913,default,primary,2026-09-06T14:24:03.932831+00:00,2026-09-06T14:24:04.061248+00:00,0.128,VALID,valid,,a9ff4a5e1dc0fea65b63e2b366814c1860f04110,a1d260b660c93e47a466deb9c00f26c880973356f7da4eda00cb8ec57cab044d,raw/E02-ca_ztcf-20260913-20260906T142403976021Z
a000158,E02-ca_ztcf-20260914-20260906T142404115106Z,E02,ca_ztcf,20260914,default,primary,2026-09-06T14:24:04.073254+00:00,2026-09-06T14:24:04.197536+00:00,0.124,VALID,valid,,a9ff4a5e1dc0fea65b63e2b366814c1860f04110,a1d260b660c93e47a466deb9c00f26c880973356f7da4eda00cb8ec57cab044d,raw/E02-ca_ztcf-20260914-20260906T142404115106Z
a000159,E02-ca_ztcf-20260915-20260906T142404250000Z,E02,ca_ztcf,20260915,default,primary,2026-09-06T14:24:04.208529+00:00,2026-09-06T14:24:04.320508+00:00,0.112,VALID,valid,,a9ff4a5e1dc0fea65b63e2b366814c1860f04110,a1d260b660c93e47a466deb9c00f26c880973356f7da4eda00cb8ec57cab044d,raw/E02-ca_ztcf-20260915-20260906T142404250000Z
a000160,E02-ca_ztcf-20260916-20260906T142404373091Z,E02,ca_ztcf,20260916,default,primary,2026-09-06T14:24:04.331705+00:00,2026-09-06T14:24:04.448114+00:00,0.116,VALID,valid,,a9ff4a5e1dc0fea65b63e2b366814c1860f04110,a1d260b660c93e47a466deb9c00f26c880973356f7da4eda00cb8ec57cab044d,raw/E02-ca_ztcf-20260916-20260906T142404373091Z
a000161,E02-ca_ztcf-20260917-20260906T142404503087Z,E02,ca_ztcf,20260917,default,primary,2026-09-06T14:24:04.460029+00:00,2026-09-06T14:24:04.583316+00:00,0.123,VALID,valid,,a9ff4a5e1dc0fea65b63e2b366814c1860f04110,a1d260b660c93e47a466deb9c00f26c880973356f7da4eda00cb8ec57cab044d,raw/E02-ca_ztcf-20260917-20260906T142404503087Z
a000162,E02-ca_ztcf-20260918-20260906T142404636657Z,E02,ca_ztcf,20260918,default,primary,2026-09-06T14:24:04.594738+00:00,2026-09-06T14:24:05.421239+00:00,0.125,VALID,valid,,a9ff4a5e1dc0fea65b63e2b366814c1860f04110,a1d260b660c93e47a466deb9c00f26c880973356f7da4eda00cb8ec57cab044d,raw/E02-ca_ztcf-20260918-20260906T142404636657Z
a000163,E02-ca_ztcf-20260919-20260906T142405473966Z,E02,ca_ztcf,20260919,default,primary,2026-09-06T14:24:05.433158+00:00,2026-09-06T14:24:05.545905+00:00,0.113,VALID,valid,,a9ff4a5e1dc0fea65b63e2b366814c1860f04110,a1d260b660c93e47a466deb9c00f26c880973356f7da4eda00cb8ec57cab044d,raw/E02-ca_ztcf-20260919-20260906T142405473966Z
a000164,E02-ca_ztcf-20260920-20260906T142405598801Z,E02,ca_ztcf,20260920,default,primary,2026-09-06T14:24:05.557847+00:00,2026-09-06T14:24:05.679517+00:00,0.122,VALID,valid,,a9ff4a5e1dc0fea65b63e2b366814c1860f04110,a1d260b660c93e47a466deb9c00f26c880973356f7da4eda00cb8ec57cab044d,raw/E02-ca_ztcf-20260920-20260906T142405598801Z
a000165,E02-ca_ztcf-20260921-20260906T142405732604Z,E02,ca_ztcf,20260921,default,primary,2026-09-06T14:24:05.690754+00:00,2026-09-06T14:24:05.812057+00:00,0.121,VALID,valid,,a9ff4a5e1dc0fea65b63e2b366814c1860f04110,a1d260b660c93e47a466deb9c00f26c880973356f7da4eda00cb8ec57cab044d,raw/E02-ca_ztcf-20260921-20260906T142405732604Z
a000166,E02-ca_ztcf-20260922-20260906T142405865717Z,E02,ca_ztcf,20260922,default,primary,2026-09-06T14:24:05.824783+00:00,2026-09-06T14:24:05.947830+00:00,0.123,VALID,valid,,a9ff4a5e1dc0fea65b63e2b366814c1860f04110,a1d260b660c93e47a466deb9c00f26c880973356f7da4eda00cb8ec57cab044d,raw/E02-ca_ztcf-20260922-20260906T142405865717Z
a000167,E02-ca_ztcf-20260923-20260906T142406001023Z,E02,ca_ztcf,20260923,default,primary,2026-09-06T14:24:05.959534+00:00,2026-09-06T14:24:06.067795+00:00,0.108,VALID,valid,,a9ff4a5e1dc0fea65b63e2b366814c1860f04110,a1d260b660c93e47a466deb9c00f26c880973356f7da4eda00cb8ec57cab044d,raw/E02-ca_ztcf-20260923-20260906T142406001023Z
a000168,E02-ca_ztcf-20260924-20260906T142406120223Z,E02,ca_ztcf,20260924,default,primary,2026-09-06T14:24:06.079063+00:00,2026-09-06T14:24:06.193019+00:00,0.114,VALID,valid,,a9ff4a5e1dc0fea65b63e2b366814c1860f04110,a1d260b660c93e47a466deb9c00f26c880973356f7da4eda00cb8ec57cab044d,raw/E02-ca_ztcf-20260924-20260906T142406120223Z
a000169,E02-ca_ztcf-20260925-20260906T142406245702Z,E02,ca_ztcf,20260925,default,primary,2026-09-06T14:24:06.204509+00:00,2026-09-06T14:24:06.318030+00:00,0.114,VALID,valid,,a9ff4a5e1dc0fea65b63e2b366814c1860f04110,a1d260b660c93e47a466deb9c00f26c880973356f7da4eda00cb8ec57cab044d,raw/E02-ca_ztcf-20260925-20260906T142406245702Z
a000170,E02-ca_ztcf-20260926-20260906T142406370279Z,E02,ca_ztcf,20260926,default,primary,2026-09-06T14:24:06.329374+00:00,2026-09-06T14:24:06.446145+00:00,0.117,VALID,valid,,a9ff4a5e1dc0fea65b63e2b366814c1860f04110,a1d260b660c93e47a466deb9c00f26c880973356f7da4eda00cb8ec57cab044d,raw/E02-ca_ztcf-20260926-20260906T142406370279Z
a000171,E02-ca_ztcf-20260927-20260906T142406498543Z,E02,ca_ztcf,20260927,default,primary,2026-09-06T14:24:06.457817+00:00,2026-09-06T14:24:06.576148+00:00,0.118,VALID,valid,,a9ff4a5e1dc0fea65b63e2b366814c1860f04110,a1d260b660c93e47a466deb9c00f26c880973356f7da4eda00cb8ec57cab044d,raw/E02-ca_ztcf-20260927-20260906T142406498543Z
a000172,E02-ca_ztcf-20260928-20260906T142406629050Z,E02,ca_ztcf,20260928,default,primary,2026-09-06T14:24:06.587705+00:00,2026-09-06T14:24:06.704205+00:00,0.116,VALID,valid,,a9ff4a5e1dc0fea65b63e2b366814c1860f04110,a1d260b660c93e47a466deb9c00f26c880973356f7da4eda00cb8ec57cab044d,raw/E02-ca_ztcf-20260928-20260906T142406629050Z
a000173,E02-ca_ztcf-20260929-20260906T142406758311Z,E02,ca_ztcf,20260929,default,primary,2026-09-06T14:24:06.716444+00:00,2026-09-06T14:24:06.829983+00:00,0.114,VALID,valid,,a9ff4a5e1dc0fea65b63e2b366814c1860f04110,a1d260b660c93e47a466deb9c00f26c880973356f7da4eda00cb8ec57cab044d,raw/E02-ca_ztcf-20260929-20260906T142406758311Z
a000174,E02-ca_ztcf-20260930-20260906T142406883081Z,E02,ca_ztcf,20260930,default,primary,2026-09-06T14:24:06.841495+00:00,2026-09-06T14:24:06.965069+00:00,0.124,VALID,valid,,a9ff4a5e1dc0fea65b63e2b366814c1860f04110,a1d260b660c93e47a466deb9c00f26c880973356f7da4eda00cb8ec57cab044d,raw/E02-ca_ztcf-20260930-20260906T142406883081Z
a000175,E02-ca_ztcf-20260931-20260906T142407018506Z,E02,ca_ztcf,20260931,default,primary,2026-09-06T14:24:06.977347+00:00,2026-09-06T14:24:07.096780+00:00,0.119,VALID,valid,,a9ff4a5e1dc0fea65b63e2b366814c1860f04110,a1d260b660c93e47a466deb9c00f26c880973356f7da4eda00cb8ec57cab044d,raw/E02-ca_ztcf-20260931-20260906T142407018506Z
a000176,E02-ca_ztcf-20260932-20260906T142407148968Z,E02,ca_ztcf,20260932,default,primary,2026-09-06T14:24:07.108073+00:00,2026-09-06T14:24:07.225831+00:00,0.118,VALID,valid,,a9ff4a5e1dc0fea65b63e2b366814c1860f04110,a1d260b660c93e47a466deb9c00f26c880973356f7da4eda00cb8ec57cab044d,raw/E02-ca_ztcf-20260932-20260906T142407148968Z
a000177,E02-ca_ztcf-20260933-20260906T142407279880Z,E02,ca_ztcf,20260933,default,primary,2026-09-06T14:24:07.236927+00:00,2026-09-06T14:24:07.361932+00:00,0.125,VALID,valid,,a9ff4a5e1dc0fea65b63e2b366814c1860f04110,a1d260b660c93e47a466deb9c00f26c880973356f7da4eda00cb8ec57cab044d,raw/E02-ca_ztcf-20260933-20260906T142407279880Z
a000178,E02-ca_ztcf-20260934-20260906T142407416526Z,E02,ca_ztcf,20260934,default,primary,2026-09-06T14:24:07.374109+00:00,2026-09-06T14:24:07.491830+00:00,0.118,VALID,valid,,a9ff4a5e1dc0fea65b63e2b366814c1860f04110,a1d260b660c93e47a466deb9c00f26c880973356f7da4eda00cb8ec57cab044d,raw/E02-ca_ztcf-20260934-20260906T142407416526Z
a000179,E02-ca_ztcf-20260935-20260906T142407544499Z,E02,ca_ztcf,20260935,default,primary,2026-09-06T14:24:07.503080+00:00,2026-09-06T14:24:07.610432+00:00,0.107,VALID,valid,,a9ff4a5e1dc0fea65b63e2b366814c1860f04110,a1d260b660c93e47a466deb9c00f26c880973356f7da4eda00cb8ec57cab044d,raw/E02-ca_ztcf-20260935-20260906T142407544499Z
a000180,E02-ca_ztcf-20260936-20260906T142407662923Z,E02,ca_ztcf,20260936,default,primary,2026-09-06T14:24:07.621885+00:00,2026-09-06T14:24:07.740553+00:00,0.119,VALID,valid,,a9ff4a5e1dc0fea65b63e2b366814c1860f04110,a1d260b660c93e47a466deb9c00f26c880973356f7da4eda00cb8ec57cab044d,raw/E02-ca_ztcf-20260936-20260906T142407662923Z
a000181,E03-independent-20260907-20260906T142407792919Z,E03,independent,20260907,default,primary,2026-09-06T14:24:07.751956+00:00,2026-09-06T14:24:07.869847+00:00,0.118,VALID,valid,,a9ff4a5e1dc0fea65b63e2b366814c1860f04110,a1d260b660c93e47a466deb9c00f26c880973356f7da4eda00cb8ec57cab044d,raw/E03-independent-20260907-20260906T142407792919Z
a000182,E03-independent-20260908-20260906T142407923985Z,E03,independent,20260908,default,primary,2026-09-06T14:24:07.881935+00:00,2026-09-06T14:24:08.004794+00:00,0.123,VALID,valid,,a9ff4a5e1dc0fea65b63e2b366814c1860f04110,a1d260b660c93e47a466deb9c00f26c880973356f7da4eda00cb8ec57cab044d,raw/E03-independent-20260908-20260906T142407923985Z
a000183,E03-independent-20260909-20260906T142408056946Z,E03,independent,20260909,default,primary,2026-09-06T14:24:08.016207+00:00,2026-09-06T14:24:08.126079+00:00,0.11,VALID,valid,,a9ff4a5e1dc0fea65b63e2b366814c1860f04110,a1d260b660c93e47a466deb9c00f26c880973356f7da4eda00cb8ec57cab044d,raw/E03-independent-20260909-20260906T142408056946Z
a000184,E03-independent-20260910-20260906T142408178928Z,E03,independent,20260910,default,primary,2026-09-06T14:24:08.137761+00:00,2026-09-06T14:24:08.255238+00:00,0.117,VALID,valid,,a9ff4a5e1dc0fea65b63e2b366814c1860f04110,a1d260b660c93e47a466deb9c00f26c880973356f7da4eda00cb8ec57cab044d,raw/E03-independent-20260910-20260906T142408178928Z
a000185,E03-independent-20260911-20260906T142408308268Z,E03,independent,20260911,default,primary,2026-09-06T14:24:08.267100+00:00,2026-09-06T14:24:08.379834+00:00,0.113,VALID,valid,,a9ff4a5e1dc0fea65b63e2b366814c1860f04110,a1d260b660c93e47a466deb9c00f26c880973356f7da4eda00cb8ec57cab044d,raw/E03-independent-20260911-20260906T142408308268Z
a000186,E03-independent-20260912-20260906T142408431711Z,E03,independent,20260912,default,primary,2026-09-06T14:24:08.391024+00:00,2026-09-06T14:24:08.507230+00:00,0.116,VALID,valid,,a9ff4a5e1dc0fea65b63e2b366814c1860f04110,a1d260b660c93e47a466deb9c00f26c880973356f7da4eda00cb8ec57cab044d,raw/E03-independent-20260912-20260906T142408431711Z
a000187,E03-independent-20260913-20260906T142408560113Z,E03,independent,20260913,default,primary,2026-09-06T14:24:08.518969+00:00,2026-09-06T14:24:08.635777+00:00,0.117,VALID,valid,,a9ff4a5e1dc0fea65b63e2b366814c1860f04110,a1d260b660c93e47a466deb9c00f26c880973356f7da4eda00cb8ec57cab044d,raw/E03-independent-20260913-20260906T142408560113Z
a000188,E03-independent-20260914-20260906T142408689412Z,E03,independent,20260914,default,primary,2026-09-06T14:24:08.647805+00:00,2026-09-06T14:24:08.751719+00:00,0.104,VALID,valid,,a9ff4a5e1dc0fea65b63e2b366814c1860f04110,a1d260b660c93e47a466deb9c00f26c880973356f7da4eda00cb8ec57cab044d,raw/E03-independent-20260914-20260906T142408689412Z
a000189,E03-independent-20260915-20260906T142408804661Z,E03,independent,20260915,default,primary,2026-09-06T14:24:08.763209+00:00,2026-09-06T14:24:08.880475+00:00,0.117,VALID,valid,,a9ff4a5e1dc0fea65b63e2b366814c1860f04110,a1d260b660c93e47a466deb9c00f26c880973356f7da4eda00cb8ec57cab044d,raw/E03-independent-20260915-20260906T142408804661Z
a000190,E03-independent-20260916-20260906T142408933841Z,E03,independent,20260916,default,primary,2026-09-06T14:24:08.892445+00:00,2026-09-06T14:24:09.015000+00:00,0.123,VALID,valid,,a9ff4a5e1dc0fea65b63e2b366814c1860f04110,a1d260b660c93e47a466deb9c00f26c880973356f7da4eda00cb8ec57cab044d,raw/E03-independent-20260916-20260906T142408933841Z
a000191,E03-independent-20260917-20260906T142408356903Z,E03,independent,20260917,default,primary,2026-09-06T14:24:09.025823+00:00,2026-09-06T14:24:08.421795+00:00,0.108,VALID,valid,,a9ff4a5e1dc0fea65b63e2b366814c1860f04110,a1d260b660c93e47a466deb9c00f26c880973356f7da4eda00cb8ec57cab044d,raw/E03-independent-20260917-20260906T142408356903Z
a000192,E03-independent-20260918-20260906T142408475039Z,E03,independent,20260918,default,primary,2026-09-06T14:24:08.433340+00:00,2026-09-06T14:24:08.539332+00:00,0.106,VALID,valid,,a9ff4a5e1dc0fea65b63e2b366814c1860f04110,a1d260b660c93e47a466deb9c00f26c880973356f7da4eda00cb8ec57cab044d,raw/E03-independent-20260918-20260906T142408475039Z
a000193,E03-independent-20260919-20260906T142408591412Z,E03,independent,20260919,default,primary,2026-09-06T14:24:08.550292+00:00,2026-09-06T14:24:08.662234+00:00,0.112,VALID,valid,,a9ff4a5e1dc0fea65b63e2b366814c1860f04110,a1d260b660c93e47a466deb9c00f26c880973356f7da4eda00cb8ec57cab044d,raw/E03-independent-20260919-20260906T142408591412Z
a000194,E03-independent-20260920-20260906T142408715618Z,E03,independent,20260920,default,primary,2026-09-06T14:24:08.674430+00:00,2026-09-06T14:24:08.789218+00:00,0.115,VALID,valid,,a9ff4a5e1dc0fea65b63e2b366814c1860f04110,a1d260b660c93e47a466deb9c00f26c880973356f7da4eda00cb8ec57cab044d,raw/E03-independent-20260920-20260906T142408715618Z
a000195,E03-independent-20260921-20260906T142408841219Z,E03,independent,20260921,default,primary,2026-09-06T14:24:08.800119+00:00,2026-09-06T14:24:08.901539+00:00,0.101,VALID,valid,,a9ff4a5e1dc0fea65b63e2b366814c1860f04110,a1d260b660c93e47a466deb9c00f26c880973356f7da4eda00cb8ec57cab044d,raw/E03-independent-20260921-20260906T142408841219Z
a000196,E03-independent-20260922-20260906T142408954831Z,E03,independent,20260922,default,primary,2026-09-06T14:24:08.913503+00:00,2026-09-06T14:24:09.015341+00:00,0.102,VALID,valid,,a9ff4a5e1dc0fea65b63e2b366814c1860f04110,a1d260b660c93e47a466deb9c00f26c880973356f7da4eda00cb8ec57cab044d,raw/E03-independent-20260922-20260906T142408954831Z
a000197,E03-independent-20260923-20260906T142409070810Z,E03,independent,20260923,default,primary,2026-09-06T14:24:09.028135+00:00,2026-09-06T14:24:09.148469+00:00,0.12,VALID,valid,,a9ff4a5e1dc0fea65b63e2b366814c1860f04110,a1d260b660c93e47a466deb9c00f26c880973356f7da4eda00cb8ec57cab044d,raw/E03-independent-20260923-20260906T142409070810Z
a000198,E03-independent-20260924-20260906T142409203729Z,E03,independent,20260924,default,primary,2026-09-06T14:24:09.160634+00:00,2026-09-06T14:24:09.282406+00:00,0.122,VALID,valid,,a9ff4a5e1dc0fea65b63e2b366814c1860f04110,a1d260b660c93e47a466deb9c00f26c880973356f7da4eda00cb8ec57cab044d,raw/E03-independent-20260924-20260906T142409203729Z
a000199,E03-independent-20260925-20260906T142409335954Z,E03,independent,20260925,default,primary,2026-09-06T14:24:09.293896+00:00,2026-09-06T14:24:09.400319+00:00,0.106,VALID,valid,,a9ff4a5e1dc0fea65b63e2b366814c1860f04110,a1d260b660c93e47a466deb9c00f26c880973356f7da4eda00cb8ec57cab044d,raw/E03-independent-20260925-20260906T142409335954Z
a000200,E03-independent-20260926-20260906T142409453592Z,E03,independent,20260926,default,primary,2026-09-06T14:24:09.412034+00:00,2026-09-06T14:24:09.531167+00:00,0.119,VALID,valid,,a9ff4a5e1dc0fea65b63e2b366814c1860f04110,a1d260b660c93e47a466deb9c00f26c880973356f7da4eda00cb8ec57cab044d,raw/E03-independent-20260926-20260906T142409453592Z
a000201,E03-independent-20260927-20260906T142409584738Z,E03,independent,20260927,default,primary,2026-09-06T14:24:09.542793+00:00,2026-09-06T14:24:09.659778+00:00,0.117,VALID,valid,,a9ff4a5e1dc0fea65b63e2b366814c1860f04110,a1d260b660c93e47a466deb9c00f26c880973356f7da4eda00cb8ec57cab044d,raw/E03-independent-20260927-20260906T142409584738Z
a000202,E03-independent-20260928-20260906T142409715193Z,E03,independent,20260928,default,primary,2026-09-06T14:24:09.672486+00:00,2026-09-06T14:24:09.794171+00:00,0.122,VALID,valid,,a9ff4a5e1dc0fea65b63e2b366814c1860f04110,a1d260b660c93e47a466deb9c00f26c880973356f7da4eda00cb8ec57cab044d,raw/E03-independent-20260928-20260906T142409715193Z
a000203,E03-independent-20260929-20260906T142409848309Z,E03,independent,20260929,default,primary,2026-09-06T14:24:09.806029+00:00,2026-09-06T14:24:09.920502+00:00,0.114,VALID,valid,,a9ff4a5e1dc0fea65b63e2b366814c1860f04110,a1d260b660c93e47a466deb9c00f26c880973356f7da4eda00cb8ec57cab044d,raw/E03-independent-20260929-20260906T142409848309Z
a000204,E03-independent-20260930-20260906T142409974254Z,E03,independent,20260930,default,primary,2026-09-06T14:24:09.932179+00:00,2026-09-06T14:24:10.041698+00:00,0.11,VALID,valid,,a9ff4a5e1dc0fea65b63e2b366814c1860f04110,a1d260b660c93e47a466deb9c00f26c880973356f7da4eda00cb8ec57cab044d,raw/E03-independent-20260930-20260906T142409974254Z
a000205,E03-independent-20260931-20260906T142410096410Z,E03,independent,20260931,default,primary,2026-09-06T14:24:10.053759+00:00,2026-09-06T14:24:10.172109+00:00,0.118,VALID,valid,,a9ff4a5e1dc0fea65b63e2b366814c1860f04110,a1d260b660c93e47a466deb9c00f26c880973356f7da4eda00cb8ec57cab044d,raw/E03-independent-20260931-20260906T142410096410Z
a000206,E03-independent-20260932-20260906T142410225772Z,E03,independent,20260932,default,primary,2026-09-06T14:24:10.183737+00:00,2026-09-06T14:24:10.301776+00:00,0.118,VALID,valid,,a9ff4a5e1dc0fea65b63e2b366814c1860f04110,a1d260b660c93e47a466deb9c00f26c880973356f7da4eda00cb8ec57cab044d,raw/E03-independent-20260932-20260906T142410225772Z
a000207,E03-independent-20260933-20260906T142410357876Z,E03,independent,20260933,default,primary,2026-09-06T14:24:10.314818+00:00,2026-09-06T14:24:10.433120+00:00,0.118,VALID,valid,,a9ff4a5e1dc0fea65b63e2b366814c1860f04110,a1d260b660c93e47a466deb9c00f26c880973356f7da4eda00cb8ec57cab044d,raw/E03-independent-20260933-20260906T142410357876Z
a000208,E03-independent-20260934-20260906T142410487182Z,E03,independent,20260934,default,primary,2026-09-06T14:24:10.445650+00:00,2026-09-06T14:24:10.565343+00:00,0.12,VALID,valid,,a9ff4a5e1dc0fea65b63e2b366814c1860f04110,a1d260b660c93e47a466deb9c00f26c880973356f7da4eda00cb8ec57cab044d,raw/E03-independent-20260934-20260906T142410487182Z
a000209,E03-independent-20260935-20260906T142410618660Z,E03,independent,20260935,default,primary,2026-09-06T14:24:10.577355+00:00,2026-09-06T14:24:10.692277+00:00,0.115,VALID,valid,,a9ff4a5e1dc0fea65b63e2b366814c1860f04110,a1d260b660c93e47a466deb9c00f26c880973356f7da4eda00cb8ec57cab044d,raw/E03-independent-20260935-20260906T142410618660Z
a000210,E03-independent-20260936-20260906T142410756683Z,E03,independent,20260936,default,primary,2026-09-06T14:24:10.714377+00:00,2026-09-06T14:24:10.827137+00:00,0.113,VALID,valid,,a9ff4a5e1dc0fea65b63e2b366814c1860f04110,a1d260b660c93e47a466deb9c00f26c880973356f7da4eda00cb8ec57cab044d,raw/E03-independent-20260936-20260906T142410756683Z
a000211,E03-static_continuity-20260907-20260906T142410880245Z,E03,static_continuity,20260907,default,primary,2026-09-06T14:24:10.838705+00:00,2026-09-06T14:24:10.958914+00:00,0.12,VALID,valid,,a9ff4a5e1dc0fea65b63e2b366814c1860f04110,a1d260b660c93e47a466deb9c00f26c880973356f7da4eda00cb8ec57cab044d,raw/E03-static_continuity-20260907-20260906T142410880245Z
a000212,E03-static_continuity-20260908-20260906T142411012776Z,E03,static_continuity,20260908,default,primary,2026-09-06T14:24:10.970949+00:00,2026-09-06T14:24:11.089591+00:00,0.119,VALID,valid,,a9ff4a5e1dc0fea65b63e2b366814c1860f04110,a1d260b660c93e47a466deb9c00f26c880973356f7da4eda00cb8ec57cab044d,raw/E03-static_continuity-20260908-20260906T142411012776Z
a000213,E03-static_continuity-20260909-20260906T142411143549Z,E03,static_continuity,20260909,default,primary,2026-09-06T14:24:11.102163+00:00,2026-09-06T14:24:11.213149+00:00,0.111,VALID,valid,,a9ff4a5e1dc0fea65b63e2b366814c1860f04110,a1d260b660c93e47a466deb9c00f26c880973356f7da4eda00cb8ec57cab044d,raw/E03-static_continuity-20260909-20260906T142411143549Z
a000214,E03-static_continuity-20260910-20260906T142411267099Z,E03,static_continuity,20260910,default,primary,2026-09-06T14:24:11.225081+00:00,2026-09-06T14:24:11.348966+00:00,0.124,VALID,valid,,a9ff4a5e1dc0fea65b63e2b366814c1860f04110,a1d260b660c93e47a466deb9c00f26c880973356f7da4eda00cb8ec57cab044d,raw/E03-static_continuity-20260910-20260906T142411267099Z
a000215,E03-static_continuity-20260911-20260906T142411402744Z,E03,static_continuity,20260911,default,primary,2026-09-06T14:24:11.360722+00:00,2026-09-06T14:24:11.481186+00:00,0.12,VALID,valid,,a9ff4a5e1dc0fea65b63e2b366814c1860f04110,a1d260b660c93e47a466deb9c00f26c880973356f7da4eda00cb8ec57cab044d,raw/E03-static_continuity-20260911-20260906T142411402744Z
a000216,E03-static_continuity-20260912-20260906T142411534300Z,E03,static_continuity,20260912,default,primary,2026-09-06T14:24:11.492804+00:00,2026-09-06T14:24:11.612724+00:00,0.12,VALID,valid,,a9ff4a5e1dc0fea65b63e2b366814c1860f04110,a1d260b660c93e47a466deb9c00f26c880973356f7da4eda00cb8ec57cab044d,raw/E03-static_continuity-20260912-20260906T142411534300Z
a000217,E03-static_continuity-20260913-20260906T142411666395Z,E03,static_continuity,20260913,default,primary,2026-09-06T14:24:11.624035+00:00,2026-09-06T14:24:11.752188+00:00,0.128,VALID,valid,,a9ff4a5e1dc0fea65b63e2b366814c1860f04110,a1d260b660c93e47a466deb9c00f26c880973356f7da4eda00cb8ec57cab044d,raw/E03-static_continuity-20260913-20260906T142411666395Z
a000218,E03-static_continuity-20260914-20260906T142411808078Z,E03,static_continuity,20260914,default,primary,2026-09-06T14:24:11.765019+00:00,2026-09-06T14:24:11.884033+00:00,0.119,VALID,valid,,a9ff4a5e1dc0fea65b63e2b366814c1860f04110,a1d260b660c93e47a466deb9c00f26c880973356f7da4eda00cb8ec57cab044d,raw/E03-static_continuity-20260914-20260906T142411808078Z
a000219,E03-static_continuity-20260915-20260906T142411937928Z,E03,static_continuity,20260915,default,primary,2026-09-06T14:24:11.895437+00:00,2026-09-06T14:24:12.011854+00:00,0.116,VALID,valid,,a9ff4a5e1dc0fea65b63e2b366814c1860f04110,a1d260b660c93e47a466deb9c00f26c880973356f7da4eda00cb8ec57cab044d,raw/E03-static_continuity-20260915-20260906T142411937928Z
a000220,E03-static_continuity-20260916-20260906T142412065696Z,E03,static_continuity,20260916,default,primary,2026-09-06T14:24:12.024282+00:00,2026-09-06T14:24:12.144495+00:00,0.12,VALID,valid,,a9ff4a5e1dc0fea65b63e2b366814c1860f04110,a1d260b660c93e47a466deb9c00f26c880973356f7da4eda00cb8ec57cab044d,raw/E03-static_continuity-20260916-20260906T142412065696Z
a000221,E03-static_continuity-20260917-20260906T142412198857Z,E03,static_continuity,20260917,default,primary,2026-09-06T14:24:12.156000+00:00,2026-09-06T14:24:12.270938+00:00,0.115,VALID,valid,,a9ff4a5e1dc0fea65b63e2b366814c1860f04110,a1d260b660c93e47a466deb9c00f26c880973356f7da4eda00cb8ec57cab044d,raw/E03-static_continuity-20260917-20260906T142412198857Z
a000222,E03-static_continuity-20260918-20260906T142412325162Z,E03,static_continuity,20260918,default,primary,2026-09-06T14:24:12.282942+00:00,2026-09-06T14:24:12.392807+00:00,0.11,VALID,valid,,a9ff4a5e1dc0fea65b63e2b366814c1860f04110,a1d260b660c93e47a466deb9c00f26c880973356f7da4eda00cb8ec57cab044d,raw/E03-static_continuity-20260918-20260906T142412325162Z
a000223,E03-static_continuity-20260919-20260906T142412446875Z,E03,static_continuity,20260919,default,primary,2026-09-06T14:24:12.404377+00:00,2026-09-06T14:24:12.533304+00:00,0.129,VALID,valid,,a9ff4a5e1dc0fea65b63e2b366814c1860f04110,a1d260b660c93e47a466deb9c00f26c880973356f7da4eda00cb8ec57cab044d,raw/E03-static_continuity-20260919-20260906T142412446875Z
a000224,E03-static_continuity-20260920-20260906T142412591750Z,E03,static_continuity,20260920,default,primary,2026-09-06T14:24:12.547870+00:00,2026-09-06T14:24:12.668175+00:00,0.12,VALID,valid,,a9ff4a5e1dc0fea65b63e2b366814c1860f04110,a1d260b660c93e47a466deb9c00f26c880973356f7da4eda00cb8ec57cab044d,raw/E03-static_continuity-20260920-20260906T142412591750Z
a000225,E03-static_continuity-20260921-20260906T142412724059Z,E03,static_continuity,20260921,default,primary,2026-09-06T14:24:12.680975+00:00,2026-09-06T14:24:12.795565+00:00,0.115,VALID,valid,,a9ff4a5e1dc0fea65b63e2b366814c1860f04110,a1d260b660c93e47a466deb9c00f26c880973356f7da4eda00cb8ec57cab044d,raw/E03-static_continuity-20260921-20260906T142412724059Z
a000226,E03-static_continuity-20260922-20260906T142412850577Z,E03,static_continuity,20260922,default,primary,2026-09-06T14:24:12.807471+00:00,2026-09-06T14:24:12.914113+00:00,0.107,VALID,valid,,a9ff4a5e1dc0fea65b63e2b366814c1860f04110,a1d260b660c93e47a466deb9c00f26c880973356f7da4eda00cb8ec57cab044d,raw/E03-static_continuity-20260922-20260906T142412850577Z
a000227,E03-static_continuity-20260923-20260906T142412968793Z,E03,static_continuity,20260923,default,primary,2026-09-06T14:24:12.926217+00:00,2026-09-06T14:24:13.032156+00:00,0.106,VALID,valid,,a9ff4a5e1dc0fea65b63e2b366814c1860f04110,a1d260b660c93e47a466deb9c00f26c880973356f7da4eda00cb8ec57cab044d,raw/E03-static_continuity-20260923-20260906T142412968793Z
a000228,E03-static_continuity-20260924-20260906T142413086367Z,E03,static_continuity,20260924,default,primary,2026-09-06T14:24:13.044004+00:00,2026-09-06T14:24:13.159550+00:00,0.116,VALID,valid,,a9ff4a5e1dc0fea65b63e2b366814c1860f04110,a1d260b660c93e47a466deb9c00f26c880973356f7da4eda00cb8ec57cab044d,raw/E03-static_continuity-20260924-20260906T142413086367Z
a000229,E03-static_continuity-20260925-20260906T142413213575Z,E03,static_continuity,20260925,default,primary,2026-09-06T14:24:13.171277+00:00,2026-09-06T14:24:13.291228+00:00,0.12,VALID,valid,,a9ff4a5e1dc0fea65b63e2b366814c1860f04110,a1d260b660c93e47a466deb9c00f26c880973356f7da4eda00cb8ec57cab044d,raw/E03-static_continuity-20260925-20260906T142413213575Z
a000230,E03-static_continuity-20260926-20260906T142413345462Z,E03,static_continuity,20260926,default,primary,2026-09-06T14:24:13.303382+00:00,2026-09-06T14:24:13.425335+00:00,0.122,VALID,valid,,a9ff4a5e1dc0fea65b63e2b366814c1860f04110,a1d260b660c93e47a466deb9c00f26c880973356f7da4eda00cb8ec57cab044d,raw/E03-static_continuity-20260926-20260906T142413345462Z
a000231,E03-static_continuity-20260927-20260906T142413477936Z,E03,static_continuity,20260927,default,primary,2026-09-06T14:24:13.436455+00:00,2026-09-06T14:24:13.546150+00:00,0.11,VALID,valid,,a9ff4a5e1dc0fea65b63e2b366814c1860f04110,a1d260b660c93e47a466deb9c00f26c880973356f7da4eda00cb8ec57cab044d,raw/E03-static_continuity-20260927-20260906T142413477936Z
a000232,E03-static_continuity-20260928-20260906T142413600491Z,E03,static_continuity,20260928,default,primary,2026-09-06T14:24:13.558082+00:00,2026-09-06T14:24:13.677387+00:00,0.119,VALID,valid,,a9ff4a5e1dc0fea65b63e2b366814c1860f04110,a1d260b660c93e47a466deb9c00f26c880973356f7da4eda00cb8ec57cab044d,raw/E03-static_continuity-20260928-20260906T142413600491Z
a000233,E03-static_continuity-20260929-20260906T142413731496Z,E03,static_continuity,20260929,default,primary,2026-09-06T14:24:13.689522+00:00,2026-09-06T14:24:13.810293+00:00,0.121,VALID,valid,,a9ff4a5e1dc0fea65b63e2b366814c1860f04110,a1d260b660c93e47a466deb9c00f26c880973356f7da4eda00cb8ec57cab044d,raw/E03-static_continuity-20260929-20260906T142413731496Z
a000234,E03-static_continuity-20260930-20260906T142413867491Z,E03,static_continuity,20260930,default,primary,2026-09-06T14:24:13.821962+00:00,2026-09-06T14:24:13.975782+00:00,0.154,VALID,valid,,a9ff4a5e1dc0fea65b63e2b366814c1860f04110,a1d260b660c93e47a466deb9c00f26c880973356f7da4eda00cb8ec57cab044d,raw/E03-static_continuity-20260930-20260906T142413867491Z
a000235,E03-static_continuity-20260931-20260906T142414031724Z,E03,static_continuity,20260931,default,primary,2026-09-06T14:24:13.988460+00:00,2026-09-06T14:24:14.109182+00:00,0.121,VALID,valid,,a9ff4a5e1dc0fea65b63e2b366814c1860f04110,a1d260b660c93e47a466deb9c00f26c880973356f7da4eda00cb8ec57cab044d,raw/E03-static_continuity-20260931-20260906T142414031724Z
a000236,E03-static_continuity-20260932-20260906T142414165051Z,E03,static_continuity,20260932,default,primary,2026-09-06T14:24:14.121852+00:00,2026-09-06T14:24:14.237580+00:00,0.116,VALID,valid,,a9ff4a5e1dc0fea65b63e2b366814c1860f04110,a1d260b660c93e47a466deb9c00f26c880973356f7da4eda00cb8ec57cab044d,raw/E03-static_continuity-20260932-20260906T142414165051Z
a000237,E03-static_continuity-20260933-20260906T142414292179Z,E03,static_continuity,20260933,default,primary,2026-09-06T14:24:14.249848+00:00,2026-09-06T14:24:14.371112+00:00,0.121,VALID,valid,,a9ff4a5e1dc0fea65b63e2b366814c1860f04110,a1d260b660c93e47a466deb9c00f26c880973356f7da4eda00cb8ec57cab044d,raw/E03-static_continuity-20260933-20260906T142414292179Z
a000238,E03-static_continuity-20260934-20260906T142414423842Z,E03,static_continuity,20260934,default,primary,2026-09-06T14:24:14.382767+00:00,2026-09-06T14:24:14.498394+00:00,0.116,VALID,valid,,a9ff4a5e1dc0fea65b63e2b366814c1860f04110,a1d260b660c93e47a466deb9c00f26c880973356f7da4eda00cb8ec57cab044d,raw/E03-static_continuity-20260934-20260906T142414423842Z
a000239,E03-static_continuity-20260935-20260906T142414551327Z,E03,static_continuity,20260935,default,primary,2026-09-06T14:24:14.509509+00:00,2026-09-06T14:24:14.631016+00:00,0.122,VALID,valid,,a9ff4a5e1dc0fea65b63e2b366814c1860f04110,a1d260b660c93e47a466deb9c00f26c880973356f7da4eda00cb8ec57cab044d,raw/E03-static_continuity-20260935-20260906T142414551327Z
a000240,E03-static_continuity-20260936-20260906T142414684567Z,E03,static_continuity,20260936,default,primary,2026-09-06T14:24:14.642643+00:00,2026-09-06T14:24:14.764085+00:00,0.121,VALID,valid,,a9ff4a5e1dc0fea65b63e2b366814c1860f04110,a1d260b660c93e47a466deb9c00f26c880973356f7da4eda00cb8ec57cab044d,raw/E03-static_continuity-20260936-20260906T142414684567Z
a000241,E03-ca_ztcf-20260907-20260906T142414818275Z,E03,ca_ztcf,20260907,default,primary,2026-09-06T14:24:14.776406+00:00,2026-09-06T14:24:14.897565+00:00,0.121,VALID,valid,,a9ff4a5e1dc0fea65b63e2b366814c1860f04110,a1d260b660c93e47a466deb9c00f26c880973356f7da4eda00cb8ec57cab044d,raw/E03-ca_ztcf-20260907-20260906T142414818275Z
a000242,E03-ca_ztcf-20260908-20260906T142414951915Z,E03,ca_ztcf,20260908,default,primary,2026-09-06T14:24:14.909716+00:00,2026-09-06T14:24:15.028391+00:00,0.119,VALID,valid,,a9ff4a5e1dc0fea65b63e2b366814c1860f04110,a1d260b660c93e47a466deb9c00f26c880973356f7da4eda00cb8ec57cab044d,raw/E03-ca_ztcf-20260908-20260906T142414951915Z
a000243,E03-ca_ztcf-20260909-20260906T142415081473Z,E03,ca_ztcf,20260909,default,primary,2026-09-06T14:24:15.040009+00:00,2026-09-06T14:24:15.156587+00:00,0.117,VALID,valid,,a9ff4a5e1dc0fea65b63e2b366814c1860f04110,a1d260b660c93e47a466deb9c00f26c880973356f7da4eda00cb8ec57cab044d,raw/E03-ca_ztcf-20260909-20260906T142415081473Z
a000244,E03-ca_ztcf-20260910-20260906T142415210373Z,E03,ca_ztcf,20260910,default,primary,2026-09-06T14:24:15.168847+00:00,2026-09-06T14:24:15.277165+00:00,0.108,VALID,valid,,a9ff4a5e1dc0fea65b63e2b366814c1860f04110,a1d260b660c93e47a466deb9c00f26c880973356f7da4eda00cb8ec57cab044d,raw/E03-ca_ztcf-20260910-20260906T142415210373Z
a000245,E03-ca_ztcf-20260911-20260906T142415329865Z,E03,ca_ztcf,20260911,default,primary,2026-09-06T14:24:15.288623+00:00,2026-09-06T14:24:15.408084+00:00,0.119,VALID,valid,,a9ff4a5e1dc0fea65b63e2b366814c1860f04110,a1d260b660c93e47a466deb9c00f26c880973356f7da4eda00cb8ec57cab044d,raw/E03-ca_ztcf-20260911-20260906T142415329865Z
a000246,E03-ca_ztcf-20260912-20260906T142415462297Z,E03,ca_ztcf,20260912,default,primary,2026-09-06T14:24:15.419966+00:00,2026-09-06T14:24:15.543363+00:00,0.123,VALID,valid,,a9ff4a5e1dc0fea65b63e2b366814c1860f04110,a1d260b660c93e47a466deb9c00f26c880973356f7da4eda00cb8ec57cab044d,raw/E03-ca_ztcf-20260912-20260906T142415462297Z
a000247,E03-ca_ztcf-20260913-20260906T142415595878Z,E03,ca_ztcf,20260913,default,primary,2026-09-06T14:24:15.554354+00:00,2026-09-06T14:24:15.674016+00:00,0.12,VALID,valid,,a9ff4a5e1dc0fea65b63e2b366814c1860f04110,a1d260b660c93e47a466deb9c00f26c880973356f7da4eda00cb8ec57cab044d,raw/E03-ca_ztcf-20260913-20260906T142415595878Z
a000248,E03-ca_ztcf-20260914-20260906T142415727756Z,E03,ca_ztcf,20260914,default,primary,2026-09-06T14:24:15.685796+00:00,2026-09-06T14:24:15.803660+00:00,0.118,VALID,valid,,a9ff4a5e1dc0fea65b63e2b366814c1860f04110,a1d260b660c93e47a466deb9c00f26c880973356f7da4eda00cb8ec57cab044d,raw/E03-ca_ztcf-20260914-20260906T142415727756Z
a000249,E03-ca_ztcf-20260915-20260906T142415857356Z,E03,ca_ztcf,20260915,default,primary,2026-09-06T14:24:15.815667+00:00,2026-09-06T14:24:15.923359+00:00,0.108,VALID,valid,,a9ff4a5e1dc0fea65b63e2b366814c1860f04110,a1d260b660c93e47a466deb9c00f26c880973356f7da4eda00cb8ec57cab044d,raw/E03-ca_ztcf-20260915-20260906T142415857356Z
a000250,E03-ca_ztcf-20260916-20260906T142415983472Z,E03,ca_ztcf,20260916,default,primary,2026-09-06T14:24:15.941211+00:00,2026-09-06T14:24:16.062259+00:00,0.121,VALID,valid,,a9ff4a5e1dc0fea65b63e2b366814c1860f04110,a1d260b660c93e47a466deb9c00f26c880973356f7da4eda00cb8ec57cab044d,raw/E03-ca_ztcf-20260916-20260906T142415983472Z
a000251,E03-ca_ztcf-20260917-20260906T142416115524Z,E03,ca_ztcf,20260917,default,primary,2026-09-06T14:24:16.074011+00:00,2026-09-06T14:24:16.189900+00:00,0.116,VALID,valid,,a9ff4a5e1dc0fea65b63e2b366814c1860f04110,a1d260b660c93e47a466deb9c00f26c880973356f7da4eda00cb8ec57cab044d,raw/E03-ca_ztcf-20260917-20260906T142416115524Z
a000252,E03-ca_ztcf-20260918-20260906T142416244290Z,E03,ca_ztcf,20260918,default,primary,2026-09-06T14:24:16.201306+00:00,2026-09-06T14:24:16.325078+00:00,0.124,VALID,valid,,a9ff4a5e1dc0fea65b63e2b366814c1860f04110,a1d260b660c93e47a466deb9c00f26c880973356f7da4eda00cb8ec57cab044d,raw/E03-ca_ztcf-20260918-20260906T142416244290Z
a000253,E03-ca_ztcf-20260919-20260906T142416379528Z,E03,ca_ztcf,20260919,default,primary,2026-09-06T14:24:16.336485+00:00,2026-09-06T14:24:16.460547+00:00,0.124,VALID,valid,,a9ff4a5e1dc0fea65b63e2b366814c1860f04110,a1d260b660c93e47a466deb9c00f26c880973356f7da4eda00cb8ec57cab044d,raw/E03-ca_ztcf-20260919-20260906T142416379528Z
a000254,E03-ca_ztcf-20260920-20260906T142416515119Z,E03,ca_ztcf,20260920,default,primary,2026-09-06T14:24:16.471958+00:00,2026-09-06T14:24:16.599224+00:00,0.127,VALID,valid,,a9ff4a5e1dc0fea65b63e2b366814c1860f04110,a1d260b660c93e47a466deb9c00f26c880973356f7da4eda00cb8ec57cab044d,raw/E03-ca_ztcf-20260920-20260906T142416515119Z
a000255,E03-ca_ztcf-20260921-20260906T142416654148Z,E03,ca_ztcf,20260921,default,primary,2026-09-06T14:24:16.611998+00:00,2026-09-06T14:24:16.730445+00:00,0.118,VALID,valid,,a9ff4a5e1dc0fea65b63e2b366814c1860f04110,a1d260b660c93e47a466deb9c00f26c880973356f7da4eda00cb8ec57cab044d,raw/E03-ca_ztcf-20260921-20260906T142416654148Z
a000256,E03-ca_ztcf-20260922-20260906T142416785711Z,E03,ca_ztcf,20260922,default,primary,2026-09-06T14:24:16.742920+00:00,2026-09-06T14:24:16.860878+00:00,0.118,VALID,valid,,a9ff4a5e1dc0fea65b63e2b366814c1860f04110,a1d260b660c93e47a466deb9c00f26c880973356f7da4eda00cb8ec57cab044d,raw/E03-ca_ztcf-20260922-20260906T142416785711Z
a000257,E03-ca_ztcf-20260923-20260906T142416915044Z,E03,ca_ztcf,20260923,default,primary,2026-09-06T14:24:16.872863+00:00,2026-09-06T14:24:16.993856+00:00,0.121,VALID,valid,,a9ff4a5e1dc0fea65b63e2b366814c1860f04110,a1d260b660c93e47a466deb9c00f26c880973356f7da4eda00cb8ec57cab044d,raw/E03-ca_ztcf-20260923-20260906T142416915044Z
a000258,E03-ca_ztcf-20260924-20260906T142417048886Z,E03,ca_ztcf,20260924,default,primary,2026-09-06T14:24:17.006824+00:00,2026-09-06T14:24:17.130809+00:00,0.124,VALID,valid,,a9ff4a5e1dc0fea65b63e2b366814c1860f04110,a1d260b660c93e47a466deb9c00f26c880973356f7da4eda00cb8ec57cab044d,raw/E03-ca_ztcf-20260924-20260906T142417048886Z
a000259,E03-ca_ztcf-20260925-20260906T142417187156Z,E03,ca_ztcf,20260925,default,primary,2026-09-06T14:24:17.143334+00:00,2026-09-06T14:24:17.263167+00:00,0.12,VALID,valid,,a9ff4a5e1dc0fea65b63e2b366814c1860f04110,a1d260b660c93e47a466deb9c00f26c880973356f7da4eda00cb8ec57cab044d,raw/E03-ca_ztcf-20260925-20260906T142417187156Z
a000260,E03-ca_ztcf-20260926-20260906T142417316338Z,E03,ca_ztcf,20260926,default,primary,2026-09-06T14:24:17.274479+00:00,2026-09-06T14:24:17.385851+00:00,0.111,VALID,valid,,a9ff4a5e1dc0fea65b63e2b366814c1860f04110,a1d260b660c93e47a466deb9c00f26c880973356f7da4eda00cb8ec57cab044d,raw/E03-ca_ztcf-20260926-20260906T142417316338Z
a000261,E03-ca_ztcf-20260927-20260906T142417440388Z,E03,ca_ztcf,20260927,default,primary,2026-09-06T14:24:17.397927+00:00,2026-09-06T14:24:17.515489+00:00,0.118,VALID,valid,,a9ff4a5e1dc0fea65b63e2b366814c1860f04110,a1d260b660c93e47a466deb9c00f26c880973356f7da4eda00cb8ec57cab044d,raw/E03-ca_ztcf-20260927-20260906T142417440388Z
a000262,E03-ca_ztcf-20260928-20260906T142417569471Z,E03,ca_ztcf,20260928,default,primary,2026-09-06T14:24:17.526870+00:00,2026-09-06T14:24:17.651490+00:00,0.125,VALID,valid,,a9ff4a5e1dc0fea65b63e2b366814c1860f04110,a1d260b660c93e47a466deb9c00f26c880973356f7da4eda00cb8ec57cab044d,raw/E03-ca_ztcf-20260928-20260906T142417569471Z
a000263,E03-ca_ztcf-20260929-20260906T142417706412Z,E03,ca_ztcf,20260929,default,primary,2026-09-06T14:24:17.663549+00:00,2026-09-06T14:24:17.778130+00:00,0.115,VALID,valid,,a9ff4a5e1dc0fea65b63e2b366814c1860f04110,a1d260b660c93e47a466deb9c00f26c880973356f7da4eda00cb8ec57cab044d,raw/E03-ca_ztcf-20260929-20260906T142417706412Z
a000264,E03-ca_ztcf-20260930-20260906T142417833256Z,E03,ca_ztcf,20260930,default,primary,2026-09-06T14:24:17.790494+00:00,2026-09-06T14:24:17.907063+00:00,0.117,VALID,valid,,a9ff4a5e1dc0fea65b63e2b366814c1860f04110,a1d260b660c93e47a466deb9c00f26c880973356f7da4eda00cb8ec57cab044d,raw/E03-ca_ztcf-20260930-20260906T142417833256Z
a000265,E03-ca_ztcf-20260931-20260906T142417961759Z,E03,ca_ztcf,20260931,default,primary,2026-09-06T14:24:17.919212+00:00,2026-09-06T14:24:18.039627+00:00,0.12,VALID,valid,,a9ff4a5e1dc0fea65b63e2b366814c1860f04110,a1d260b660c93e47a466deb9c00f26c880973356f7da4eda00cb8ec57cab044d,raw/E03-ca_ztcf-20260931-20260906T142417961759Z
a000266,E03-ca_ztcf-20260932-20260906T142418093516Z,E03,ca_ztcf,20260932,default,primary,2026-09-06T14:24:18.051583+00:00,2026-09-06T14:24:18.157488+00:00,0.106,VALID,valid,,a9ff4a5e1dc0fea65b63e2b366814c1860f04110,a1d260b660c93e47a466deb9c00f26c880973356f7da4eda00cb8ec57cab044d,raw/E03-ca_ztcf-20260932-20260906T142418093516Z
a000267,E03-ca_ztcf-20260933-20260906T142418213014Z,E03,ca_ztcf,20260933,default,primary,2026-09-06T14:24:18.170404+00:00,2026-09-06T14:24:18.285917+00:00,0.116,VALID,valid,,a9ff4a5e1dc0fea65b63e2b366814c1860f04110,a1d260b660c93e47a466deb9c00f26c880973356f7da4eda00cb8ec57cab044d,raw/E03-ca_ztcf-20260933-20260906T142418213014Z
a000268,E03-ca_ztcf-20260934-20260906T142418339952Z,E03,ca_ztcf,20260934,default,primary,2026-09-06T14:24:18.297542+00:00,2026-09-06T14:24:18.420420+00:00,0.123,VALID,valid,,a9ff4a5e1dc0fea65b63e2b366814c1860f04110,a1d260b660c93e47a466deb9c00f26c880973356f7da4eda00cb8ec57cab044d,raw/E03-ca_ztcf-20260934-20260906T142418339952Z
a000269,E03-ca_ztcf-20260935-20260906T142418347285Z,E03,ca_ztcf,20260935,default,primary,2026-09-06T14:24:18.432274+00:00,2026-09-06T14:24:18.432360+00:00,0.131,VALID,valid,,a9ff4a5e1dc0fea65b63e2b366814c1860f04110,a1d260b660c93e47a466deb9c00f26c880973356f7da4eda00cb8ec57cab044d,raw/E03-ca_ztcf-20260935-20260906T142418347285Z
a000270,E03-ca_ztcf-20260936-20260906T142418487220Z,E03,ca_ztcf,20260936,default,primary,2026-09-06T14:24:18.443934+00:00,2026-09-06T14:24:18.570021+00:00,0.126,VALID,valid,,a9ff4a5e1dc0fea65b63e2b366814c1860f04110,a1d260b660c93e47a466deb9c00f26c880973356f7da4eda00cb8ec57cab044d,raw/E03-ca_ztcf-20260936-20260906T142418487220Z
a000271,E04-independent-20260907-20260906T142418623790Z,E04,independent,20260907,default,primary,2026-09-06T14:24:18.581652+00:00,2026-09-06T14:24:18.700389+00:00,0.119,VALID,valid,,a9ff4a5e1dc0fea65b63e2b366814c1860f04110,a1d260b660c93e47a466deb9c00f26c880973356f7da4eda00cb8ec57cab044d,raw/E04-independent-20260907-20260906T142418623790Z
a000272,E04-independent-20260908-20260906T142418756300Z,E04,independent,20260908,default,primary,2026-09-06T14:24:18.713351+00:00,2026-09-06T14:24:18.835786+00:00,0.122,VALID,valid,,a9ff4a5e1dc0fea65b63e2b366814c1860f04110,a1d260b660c93e47a466deb9c00f26c880973356f7da4eda00cb8ec57cab044d,raw/E04-independent-20260908-20260906T142418756300Z
a000273,E04-independent-20260909-20260906T142418890586Z,E04,independent,20260909,default,primary,2026-09-06T14:24:18.848178+00:00,2026-09-06T14:24:18.965216+00:00,0.117,VALID,valid,,a9ff4a5e1dc0fea65b63e2b366814c1860f04110,a1d260b660c93e47a466deb9c00f26c880973356f7da4eda00cb8ec57cab044d,raw/E04-independent-20260909-20260906T142418890586Z
a000274,E04-independent-20260910-20260906T142419019817Z,E04,independent,20260910,default,primary,2026-09-06T14:24:18.977418+00:00,2026-09-06T14:24:19.101074+00:00,0.124,VALID,valid,,a9ff4a5e1dc0fea65b63e2b366814c1860f04110,a1d260b660c93e47a466deb9c00f26c880973356f7da4eda00cb8ec57cab044d,raw/E04-independent-20260910-20260906T142419019817Z
a000275,E04-independent-20260911-20260906T142419156328Z,E04,independent,20260911,default,primary,2026-09-06T14:24:19.113421+00:00,2026-09-06T14:24:19.234456+00:00,0.121,VALID,valid,,a9ff4a5e1dc0fea65b63e2b366814c1860f04110,a1d260b660c93e47a466deb9c00f26c880973356f7da4eda00cb8ec57cab044d,raw/E04-independent-20260911-20260906T142419156328Z
a000276,E04-independent-20260912-20260906T142419289301Z,E04,independent,20260912,default,primary,2026-09-06T14:24:19.246172+00:00,2026-09-06T14:24:19.369205+00:00,0.123,VALID,valid,,a9ff4a5e1dc0fea65b63e2b366814c1860f04110,a1d260b660c93e47a466deb9c00f26c880973356f7da4eda00cb8ec57cab044d,raw/E04-independent-20260912-20260906T142419289301Z
a000277,E04-independent-20260913-20260906T142419423917Z,E04,independent,20260913,default,primary,2026-09-06T14:24:19.380762+00:00,2026-09-06T14:24:19.501565+00:00,0.121,VALID,valid,,a9ff4a5e1dc0fea65b63e2b366814c1860f04110,a1d260b660c93e47a466deb9c00f26c880973356f7da4eda00cb8ec57cab044d,raw/E04-independent-20260913-20260906T142419423917Z
a000278,E04-independent-20260914-20260906T142419557217Z,E04,independent,20260914,default,primary,2026-09-06T14:24:19.514244+00:00,2026-09-06T14:24:19.638440+00:00,0.124,VALID,valid,,a9ff4a5e1dc0fea65b63e2b366814c1860f04110,a1d260b660c93e47a466deb9c00f26c880973356f7da4eda00cb8ec57cab044d,raw/E04-independent-20260914-20260906T142419557217Z
a000279,E04-independent-20260915-20260906T142419695765Z,E04,independent,20260915,default,primary,2026-09-06T14:24:19.650738+00:00,2026-09-06T14:24:19.766393+00:00,0.116,VALID,valid,,a9ff4a5e1dc0fea65b63e2b366814c1860f04110,a1d260b660c93e47a466deb9c00f26c880973356f7da4eda00cb8ec57cab044d,raw/E04-independent-20260915-20260906T142419695765Z
a000280,E04-independent-20260916-20260906T142419821116Z,E04,independent,20260916,default,primary,2026-09-06T14:24:19.778123+00:00,2026-09-06T14:24:19.905260+00:00,0.127,VALID,valid,,a9ff4a5e1dc0fea65b63e2b366814c1860f04110,a1d260b660c93e47a466deb9c00f26c880973356f7da4eda00cb8ec57cab044d,raw/E04-independent-20260916-20260906T142419821116Z
a000281,E04-independent-20260917-20260906T142419961332Z,E04,independent,20260917,default,primary,2026-09-06T14:24:19.917135+00:00,2026-09-06T14:24:20.040360+00:00,0.123,VALID,valid,,a9ff4a5e1dc0fea65b63e2b366814c1860f04110,a1d260b660c93e47a466deb9c00f26c880973356f7da4eda00cb8ec57cab044d,raw/E04-independent-20260917-20260906T142419961332Z
a000282,E04-independent-20260918-20260906T142420095813Z,E04,independent,20260918,default,primary,2026-09-06T14:24:20.052213+00:00,2026-09-06T14:24:20.171789+00:00,0.12,VALID,valid,,a9ff4a5e1dc0fea65b63e2b366814c1860f04110,a1d260b660c93e47a466deb9c00f26c880973356f7da4eda00cb8ec57cab044d,raw/E04-independent-20260918-20260906T142420095813Z
a000283,E04-independent-20260919-20260906T142420227162Z,E04,independent,20260919,default,primary,2026-09-06T14:24:20.183645+00:00,2026-09-06T14:24:20.302872+00:00,0.119,VALID,valid,,a9ff4a5e1dc0fea65b63e2b366814c1860f04110,a1d260b660c93e47a466deb9c00f26c880973356f7da4eda00cb8ec57cab044d,raw/E04-independent-20260919-20260906T142420227162Z
a000284,E04-independent-20260920-20260906T142420361193Z,E04,independent,20260920,default,primary,2026-09-06T14:24:20.315662+00:00,2026-09-06T14:24:20.432462+00:00,0.117,VALID,valid,,a9ff4a5e1dc0fea65b63e2b366814c1860f04110,a1d260b660c93e47a466deb9c00f26c880973356f7da4eda00cb8ec57cab044d,raw/E04-independent-20260920-20260906T142420361193Z
a000285,E04-independent-20260921-20260906T142420488681Z,E04,independent,20260921,default,primary,2026-09-06T14:24:20.444587+00:00,2026-09-06T14:24:20.567872+00:00,0.123,VALID,valid,,a9ff4a5e1dc0fea65b63e2b366814c1860f04110,a1d260b660c93e47a466deb9c00f26c880973356f7da4eda00cb8ec57cab044d,raw/E04-independent-20260921-20260906T142420488681Z
a000286,E04-independent-20260922-20260906T142420623268Z,E04,independent,20260922,default,primary,2026-09-06T14:24:20.579633+00:00,2026-09-06T14:24:20.722860+00:00,0.143,VALID,valid,,a9ff4a5e1dc0fea65b63e2b366814c1860f04110,a1d260b660c93e47a466deb9c00f26c880973356f7da4eda00cb8ec57cab044d,raw/E04-independent-20260922-20260906T142420623268Z
a000287,E04-independent-20260923-20260906T142420781186Z,E04,independent,20260923,default,primary,2026-09-06T14:24:20.736044+00:00,2026-09-06T14:24:20.856926+00:00,0.121,VALID,valid,,a9ff4a5e1dc0fea65b63e2b366814c1860f04110,a1d260b660c93e47a466deb9c00f26c880973356f7da4eda00cb8ec57cab044d,raw/E04-independent-20260923-20260906T142420781186Z
a000288,E04-independent-20260924-20260906T142420913148Z,E04,independent,20260924,default,primary,2026-09-06T14:24:20.869224+00:00,2026-09-06T14:24:20.985483+00:00,0.116,VALID,valid,,a9ff4a5e1dc0fea65b63e2b366814c1860f04110,a1d260b660c93e47a466deb9c00f26c880973356f7da4eda00cb8ec57cab044d,raw/E04-independent-20260924-20260906T142420913148Z
a000289,E04-independent-20260925-20260906T142421040172Z,E04,independent,20260925,default,primary,2026-09-06T14:24:20.997166+00:00,2026-09-06T14:24:21.121808+00:00,0.125,VALID,valid,,a9ff4a5e1dc0fea65b63e2b366814c1860f04110,a1d260b660c93e47a466deb9c00f26c880973356f7da4eda00cb8ec57cab044d,raw/E04-independent-20260925-20260906T142421040172Z
a000290,E04-independent-20260926-20260906T142421177281Z,E04,independent,20260926,default,primary,2026-09-06T14:24:21.133648+00:00,2026-09-06T14:24:21.258596+00:00,0.125,VALID,valid,,a9ff4a5e1dc0fea65b63e2b366814c1860f04110,a1d260b660c93e47a466deb9c00f26c880973356f7da4eda00cb8ec57cab044d,raw/E04-independent-20260926-20260906T142421177281Z
a000291,E04-independent-20260927-20260906T142421312761Z,E04,independent,20260927,default,primary,2026-09-06T14:24:21.270134+00:00,2026-09-06T14:24:21.386777+00:00,0.117,VALID,valid,,a9ff4a5e1dc0fea65b63e2b366814c1860f04110,a1d260b660c93e47a466deb9c00f26c880973356f7da4eda00cb8ec57cab044d,raw/E04-independent-20260927-20260906T142421312761Z
a000292,E04-independent-20260928-20260906T142421442009Z,E04,independent,20260928,default,primary,2026-09-06T14:24:21.398147+00:00,2026-09-06T14:24:21.510727+00:00,0.113,VALID,valid,,a9ff4a5e1dc0fea65b63e2b366814c1860f04110,a1d260b660c93e47a466deb9c00f26c880973356f7da4eda00cb8ec57cab044d,raw/E04-independent-20260928-20260906T142421442009Z
a000293,E04-independent-20260929-20260906T142421565992Z,E04,independent,20260929,default,primary,2026-09-06T14:24:21.522262+00:00,2026-09-06T14:24:21.639706+00:00,0.117,VALID,valid,,a9ff4a5e1dc0fea65b63e2b366814c1860f04110,a1d260b660c93e47a466deb9c00f26c880973356f7da4eda00cb8ec57cab044d,raw/E04-independent-20260929-20260906T142421565992Z
a000294,E04-independent-20260930-20260906T142421698129Z,E04,independent,20260930,default,primary,2026-09-06T14:24:21.651983+00:00,2026-09-06T14:24:21.773911+00:00,0.122,VALID,valid,,a9ff4a5e1dc0fea65b63e2b366814c1860f04110,a1d260b660c93e47a466deb9c00f26c880973356f7da4eda00cb8ec57cab044d,raw/E04-independent-20260930-20260906T142421698129Z
a000295,E04-independent-20260931-20260906T142421830643Z,E04,independent,20260931,default,primary,2026-09-06T14:24:21.786752+00:00,2026-09-06T14:24:21.906837+00:00,0.12,VALID,valid,,a9ff4a5e1dc0fea65b63e2b366814c1860f04110,a1d260b660c93e47a466deb9c00f26c880973356f7da4eda00cb8ec57cab044d,raw/E04-independent-20260931-20260906T142421830643Z
a000296,E04-independent-20260932-20260906T142421960775Z,E04,independent,20260932,default,primary,2026-09-06T14:24:21.919104+00:00,2026-09-06T14:24:22.038702+00:00,0.12,VALID,valid,,a9ff4a5e1dc0fea65b63e2b366814c1860f04110,a1d260b660c93e47a466deb9c00f26c880973356f7da4eda00cb8ec57cab044d,raw/E04-independent-20260932-20260906T142421960775Z
a000297,E04-independent-20260933-20260906T142422092277Z,E04,independent,20260933,default,primary,2026-09-06T14:24:22.050475+00:00,2026-09-06T14:24:22.173440+00:00,0.123,VALID,valid,,a9ff4a5e1dc0fea65b63e2b366814c1860f04110,a1d260b660c93e47a466deb9c00f26c880973356f7da4eda00cb8ec57cab044d,raw/E04-independent-20260933-20260906T142422092277Z
a000298,E04-independent-20260934-20260906T142422228194Z,E04,independent,20260934,default,primary,2026-09-06T14:24:22.185003+00:00,2026-09-06T14:24:22.304064+00:00,0.119,VALID,valid,,a9ff4a5e1dc0fea65b63e2b366814c1860f04110,a1d260b660c93e47a466deb9c00f26c880973356f7da4eda00cb8ec57cab044d,raw/E04-independent-20260934-20260906T142422228194Z
a000299,E04-independent-20260935-20260906T142422357647Z,E04,independent,20260935,default,primary,2026-09-06T14:24:22.315291+00:00,2026-09-06T14:24:22.435189+00:00,0.12,VALID,valid,,a9ff4a5e1dc0fea65b63e2b366814c1860f04110,a1d260b660c93e47a466deb9c00f26c880973356f7da4eda00cb8ec57cab044d,raw/E04-independent-20260935-20260906T142422357647Z
a000300,E04-independent-20260936-20260906T142422489154Z,E04,independent,20260936,default,primary,2026-09-06T14:24:22.446871+00:00,2026-09-06T14:24:22.555466+00:00,0.109,VALID,valid,,a9ff4a5e1dc0fea65b63e2b366814c1860f04110,a1d260b660c93e47a466deb9c00f26c880973356f7da4eda00cb8ec57cab044d,raw/E04-independent-20260936-20260906T142422489154Z
a000301,E04-static_continuity-20260907-20260906T142422611577Z,E04,static_continuity,20260907,default,primary,2026-09-06T14:24:22.567814+00:00,2026-09-06T14:24:22.694524+00:00,0.127,VALID,valid,,a9ff4a5e1dc0fea65b63e2b366814c1860f04110,a1d260b660c93e47a466deb9c00f26c880973356f7da4eda00cb8ec57cab044d,raw/E04-static_continuity-20260907-20260906T142422611577Z
a000302,E04-static_continuity-20260908-20260906T142422751337Z,E04,static_continuity,20260908,default,primary,2026-09-06T14:24:22.707124+00:00,2026-09-06T14:24:22.826299+00:00,0.119,VALID,valid,,a9ff4a5e1dc0fea65b63e2b366814c1860f04110,a1d260b660c93e47a466deb9c00f26c880973356f7da4eda00cb8ec57cab044d,raw/E04-static_continuity-20260908-20260906T142422751337Z
a000303,E04-static_continuity-20260909-20260906T142422881004Z,E04,static_continuity,20260909,default,primary,2026-09-06T14:24:22.839043+00:00,2026-09-06T14:24:22.959708+00:00,0.121,VALID,valid,,a9ff4a5e1dc0fea65b63e2b366814c1860f04110,a1d260b660c93e47a466deb9c00f26c880973356f7da4eda00cb8ec57cab044d,raw/E04-static_continuity-20260909-20260906T142422881004Z
a000304,E04-static_continuity-20260910-20260906T142423016701Z,E04,static_continuity,20260910,default,primary,2026-09-06T14:24:22.972873+00:00,2026-09-06T14:24:23.096318+00:00,0.123,VALID,valid,,a9ff4a5e1dc0fea65b63e2b366814c1860f04110,a1d260b660c93e47a466deb9c00f26c880973356f7da4eda00cb8ec57cab044d,raw/E04-static_continuity-20260910-20260906T142423016701Z
a000305,E04-static_continuity-20260911-20260906T142423150027Z,E04,static_continuity,20260911,default,primary,2026-09-06T14:24:23.107899+00:00,2026-09-06T14:24:23.227828+00:00,0.12,VALID,valid,,a9ff4a5e1dc0fea65b63e2b366814c1860f04110,a1d260b660c93e47a466deb9c00f26c880973356f7da4eda00cb8ec57cab044d,raw/E04-static_continuity-20260911-20260906T142423150027Z
a000306,E04-static_continuity-20260912-20260906T142423284294Z,E04,static_continuity,20260912,default,primary,2026-09-06T14:24:23.240639+00:00,2026-09-06T14:24:23.370842+00:00,0.13,VALID,valid,,a9ff4a5e1dc0fea65b63e2b366814c1860f04110,a1d260b660c93e47a466deb9c00f26c880973356f7da4eda00cb8ec57cab044d,raw/E04-static_continuity-20260912-20260906T142423284294Z
a000307,E04-static_continuity-20260913-20260906T142423427003Z,E04,static_continuity,20260913,default,primary,2026-09-06T14:24:23.382883+00:00,2026-09-06T14:24:23.501706+00:00,0.119,VALID,valid,,a9ff4a5e1dc0fea65b63e2b366814c1860f04110,a1d260b660c93e47a466deb9c00f26c880973356f7da4eda00cb8ec57cab044d,raw/E04-static_continuity-20260913-20260906T142423427003Z
a000308,E04-static_continuity-20260914-20260906T142423555902Z,E04,static_continuity,20260914,default,primary,2026-09-06T14:24:23.513246+00:00,2026-09-06T14:24:23.633906+00:00,0.121,VALID,valid,,a9ff4a5e1dc0fea65b63e2b366814c1860f04110,a1d260b660c93e47a466deb9c00f26c880973356f7da4eda00cb8ec57cab044d,raw/E04-static_continuity-20260914-20260906T142423555902Z
a000309,E04-static_continuity-20260915-20260906T142423688749Z,E04,static_continuity,20260915,default,primary,2026-09-06T14:24:23.645940+00:00,2026-09-06T14:24:23.765197+00:00,0.119,VALID,valid,,a9ff4a5e1dc0fea65b63e2b366814c1860f04110,a1d260b660c93e47a466deb9c00f26c880973356f7da4eda00cb8ec57cab044d,raw/E04-static_continuity-20260915-20260906T142423688749Z
a000310,E04-static_continuity-20260916-20260906T142423820800Z,E04,static_continuity,20260916,default,primary,2026-09-06T14:24:23.777884+00:00,2026-09-06T14:24:23.917543+00:00,0.14,VALID,valid,,a9ff4a5e1dc0fea65b63e2b366814c1860f04110,a1d260b660c93e47a466deb9c00f26c880973356f7da4eda00cb8ec57cab044d,raw/E04-static_continuity-20260916-20260906T142423820800Z
a000311,E04-static_continuity-20260917-20260906T142423977426Z,E04,static_continuity,20260917,default,primary,2026-09-06T14:24:23.931169+00:00,2026-09-06T14:24:24.053250+00:00,0.122,VALID,valid,,a9ff4a5e1dc0fea65b63e2b366814c1860f04110,a1d260b660c93e47a466deb9c00f26c880973356f7da4eda00cb8ec57cab044d,raw/E04-static_continuity-20260917-20260906T142423977426Z
a000312,E04-static_continuity-20260918-20260906T142424107330Z,E04,static_continuity,20260918,default,primary,2026-09-06T14:24:24.064904+00:00,2026-09-06T14:24:24.179189+00:00,0.114,VALID,valid,,a9ff4a5e1dc0fea65b63e2b366814c1860f04110,a1d260b660c93e47a466deb9c00f26c880973356f7da4eda00cb8ec57cab044d,raw/E04-static_continuity-20260918-20260906T142424107330Z
a000313,E04-static_continuity-20260919-20260906T142424233185Z,E04,static_continuity,20260919,default,primary,2026-09-06T14:24:24.190981+00:00,2026-09-06T14:24:24.301546+00:00,0.111,VALID,valid,,a9ff4a5e1dc0fea65b63e2b366814c1860f04110,a1d260b660c93e47a466deb9c00f26c880973356f7da4eda00cb8ec57cab044d,raw/E04-static_continuity-20260919-20260906T142424233185Z
a000314,E04-static_continuity-20260920-20260906T142424355314Z,E04,static_continuity,20260920,default,primary,2026-09-06T14:24:24.313575+00:00,2026-09-06T14:24:24.430665+00:00,0.117,VALID,valid,,a9ff4a5e1dc0fea65b63e2b366814c1860f04110,a1d260b660c93e47a466deb9c00f26c880973356f7da4eda00cb8ec57cab044d,raw/E04-static_continuity-20260920-20260906T142424355314Z
a000315,E04-static_continuity-20260921-20260906T142424484537Z,E04,static_continuity,20260921,default,primary,2026-09-06T14:24:24.442312+00:00,2026-09-06T14:24:24.565321+00:00,0.123,VALID,valid,,a9ff4a5e1dc0fea65b63e2b366814c1860f04110,a1d260b660c93e47a466deb9c00f26c880973356f7da4eda00cb8ec57cab044d,raw/E04-static_continuity-20260921-20260906T142424484537Z
a000316,E04-static_continuity-20260922-20260906T142424619925Z,E04,static_continuity,20260922,default,primary,2026-09-06T14:24:24.577071+00:00,2026-09-06T14:24:24.699374+00:00,0.122,VALID,valid,,a9ff4a5e1dc0fea65b63e2b366814c1860f04110,a1d260b660c93e47a466deb9c00f26c880973356f7da4eda00cb8ec57cab044d,raw/E04-static_continuity-20260922-20260906T142424619925Z
a000317,E04-static_continuity-20260923-20260906T142424753249Z,E04,static_continuity,20260923,default,primary,2026-09-06T14:24:24.711179+00:00,2026-09-06T14:24:24.828749+00:00,0.118,VALID,valid,,a9ff4a5e1dc0fea65b63e2b366814c1860f04110,a1d260b660c93e47a466deb9c00f26c880973356f7da4eda00cb8ec57cab044d,raw/E04-static_continuity-20260923-20260906T142424753249Z
a000318,E04-static_continuity-20260924-20260906T142424882350Z,E04,static_continuity,20260924,default,primary,2026-09-06T14:24:24.840450+00:00,2026-09-06T14:24:24.965729+00:00,0.125,VALID,valid,,a9ff4a5e1dc0fea65b63e2b366814c1860f04110,a1d260b660c93e47a466deb9c00f26c880973356f7da4eda00cb8ec57cab044d,raw/E04-static_continuity-20260924-20260906T142424882350Z
a000319,E04-static_continuity-20260925-20260906T142425018205Z,E04,static_continuity,20260925,default,primary,2026-09-06T14:24:24.977073+00:00,2026-09-06T14:24:25.080475+00:00,0.103,VALID,valid,,a9ff4a5e1dc0fea65b63e2b366814c1860f04110,a1d260b660c93e47a466deb9c00f26c880973356f7da4eda00cb8ec57cab044d,raw/E04-static_continuity-20260925-20260906T142425018205Z
a000320,E04-static_continuity-20260926-20260906T142425135842Z,E04,static_continuity,20260926,default,primary,2026-09-06T14:24:25.092096+00:00,2026-09-06T14:24:25.219508+00:00,0.127,VALID,valid,,a9ff4a5e1dc0fea65b63e2b366814c1860f04110,a1d260b660c93e47a466deb9c00f26c880973356f7da4eda00cb8ec57cab044d,raw/E04-static_continuity-20260926-20260906T142425135842Z
a000321,E04-static_continuity-20260927-20260906T142425272991Z,E04,static_continuity,20260927,default,primary,2026-09-06T14:24:25.230995+00:00,2026-09-06T14:24:25.354948+00:00,0.124,VALID,valid,,a9ff4a5e1dc0fea65b63e2b366814c1860f04110,a1d260b660c93e47a466deb9c00f26c880973356f7da4eda00cb8ec57cab044d,raw/E04-static_continuity-20260927-20260906T142425272991Z
a000322,E04-static_continuity-20260928-20260906T142425407778Z,E04,static_continuity,20260928,default,primary,2026-09-06T14:24:25.366379+00:00,2026-09-06T14:24:25.487461+00:00,0.121,VALID,valid,,a9ff4a5e1dc0fea65b63e2b366814c1860f04110,a1d260b660c93e47a466deb9c00f26c880973356f7da4eda00cb8ec57cab044d,raw/E04-static_continuity-20260928-20260906T142425407778Z
a000323,E04-static_continuity-20260929-20260906T142425540759Z,E04,static_continuity,20260929,default,primary,2026-09-06T14:24:25.499198+00:00,2026-09-06T14:24:25.619434+00:00,0.12,VALID,valid,,a9ff4a5e1dc0fea65b63e2b366814c1860f04110,a1d260b660c93e47a466deb9c00f26c880973356f7da4eda00cb8ec57cab044d,raw/E04-static_continuity-20260929-20260906T142425540759Z
a000324,E04-static_continuity-20260930-20260906T142425673232Z,E04,static_continuity,20260930,default,primary,2026-09-06T14:24:25.631713+00:00,2026-09-06T14:24:25.749478+00:00,0.118,VALID,valid,,a9ff4a5e1dc0fea65b63e2b366814c1860f04110,a1d260b660c93e47a466deb9c00f26c880973356f7da4eda00cb8ec57cab044d,raw/E04-static_continuity-20260930-20260906T142425673232Z
a000325,E04-static_continuity-20260931-20260906T142425802319Z,E04,static_continuity,20260931,default,primary,2026-09-06T14:24:25.760913+00:00,2026-09-06T14:24:25.882826+00:00,0.122,VALID,valid,,a9ff4a5e1dc0fea65b63e2b366814c1860f04110,a1d260b660c93e47a466deb9c00f26c880973356f7da4eda00cb8ec57cab044d,raw/E04-static_continuity-20260931-20260906T142425802319Z
a000326,E04-static_continuity-20260932-20260906T142425935769Z,E04,static_continuity,20260932,default,primary,2026-09-06T14:24:25.894340+00:00,2026-09-06T14:24:26.009790+00:00,0.115,VALID,valid,,a9ff4a5e1dc0fea65b63e2b366814c1860f04110,a1d260b660c93e47a466deb9c00f26c880973356f7da4eda00cb8ec57cab044d,raw/E04-static_continuity-20260932-20260906T142425935769Z
a000327,E04-static_continuity-20260933-20260906T142426064685Z,E04,static_continuity,20260933,default,primary,2026-09-06T14:24:26.022160+00:00,2026-09-06T14:24:26.142804+00:00,0.121,VALID,valid,,a9ff4a5e1dc0fea65b63e2b366814c1860f04110,a1d260b660c93e47a466deb9c00f26c880973356f7da4eda00cb8ec57cab044d,raw/E04-static_continuity-20260933-20260906T142426064685Z
a000328,E04-static_continuity-20260934-20260906T142426197725Z,E04,static_continuity,20260934,default,primary,2026-09-06T14:24:26.154532+00:00,2026-09-06T14:24:26.279560+00:00,0.125,VALID,valid,,a9ff4a5e1dc0fea65b63e2b366814c1860f04110,a1d260b660c93e47a466deb9c00f26c880973356f7da4eda00cb8ec57cab044d,raw/E04-static_continuity-20260934-20260906T142426197725Z
a000329,E04-static_continuity-20260935-20260906T142426335254Z,E04,static_continuity,20260935,default,primary,2026-09-06T14:24:26.292400+00:00,2026-09-06T14:24:26.413243+00:00,0.121,VALID,valid,,a9ff4a5e1dc0fea65b63e2b366814c1860f04110,a1d260b660c93e47a466deb9c00f26c880973356f7da4eda00cb8ec57cab044d,raw/E04-static_continuity-20260935-20260906T142426335254Z
a000330,E04-static_continuity-20260936-20260906T142426466742Z,E04,static_continuity,20260936,default,primary,2026-09-06T14:24:26.424582+00:00,2026-09-06T14:24:26.530836+00:00,0.106,VALID,valid,,a9ff4a5e1dc0fea65b63e2b366814c1860f04110,a1d260b660c93e47a466deb9c00f26c880973356f7da4eda00cb8ec57cab044d,raw/E04-static_continuity-20260936-20260906T142426466742Z
a000331,E04-ca_ztcf-20260907-20260906T142426585195Z,E04,ca_ztcf,20260907,default,primary,2026-09-06T14:24:26.542957+00:00,2026-09-06T14:24:26.663306+00:00,0.12,VALID,valid,,a9ff4a5e1dc0fea65b63e2b366814c1860f04110,a1d260b660c93e47a466deb9c00f26c880973356f7da4eda00cb8ec57cab044d,raw/E04-ca_ztcf-20260907-20260906T142426585195Z
a000332,E04-ca_ztcf-20260908-20260906T142426716289Z,E04,ca_ztcf,20260908,default,primary,2026-09-06T14:24:26.674717+00:00,2026-09-06T14:24:26.778251+00:00,0.104,VALID,valid,,a9ff4a5e1dc0fea65b63e2b366814c1860f04110,a1d260b660c93e47a466deb9c00f26c880973356f7da4eda00cb8ec57cab044d,raw/E04-ca_ztcf-20260908-20260906T142426716289Z
a000333,E04-ca_ztcf-20260909-20260906T142426831657Z,E04,ca_ztcf,20260909,default,primary,2026-09-06T14:24:26.789659+00:00,2026-09-06T14:24:26.907685+00:00,0.118,VALID,valid,,a9ff4a5e1dc0fea65b63e2b366814c1860f04110,a1d260b660c93e47a466deb9c00f26c880973356f7da4eda00cb8ec57cab044d,raw/E04-ca_ztcf-20260909-20260906T142426831657Z
a000334,E04-ca_ztcf-20260910-20260906T142426960017Z,E04,ca_ztcf,20260910,default,primary,2026-09-06T14:24:26.919011+00:00,2026-09-06T14:24:27.036131+00:00,0.117,VALID,valid,,a9ff4a5e1dc0fea65b63e2b366814c1860f04110,a1d260b660c93e47a466deb9c00f26c880973356f7da4eda00cb8ec57cab044d,raw/E04-ca_ztcf-20260910-20260906T142426960017Z
a000335,E04-ca_ztcf-20260911-20260906T142427090129Z,E04,ca_ztcf,20260911,default,primary,2026-09-06T14:24:27.047518+00:00,2026-09-06T14:24:27.170509+00:00,0.123,VALID,valid,,a9ff4a5e1dc0fea65b63e2b366814c1860f04110,a1d260b660c93e47a466deb9c00f26c880973356f7da4eda00cb8ec57cab044d,raw/E04-ca_ztcf-20260911-20260906T142427090129Z
a000336,E04-ca_ztcf-20260912-20260906T142427223778Z,E04,ca_ztcf,20260912,default,primary,2026-09-06T14:24:27.181973+00:00,2026-09-06T14:24:27.305571+00:00,0.124,VALID,valid,,a9ff4a5e1dc0fea65b63e2b366814c1860f04110,a1d260b660c93e47a466deb9c00f26c880973356f7da4eda00cb8ec57cab044d,raw/E04-ca_ztcf-20260912-20260906T142427223778Z
a000337,E04-ca_ztcf-20260913-20260906T142427360252Z,E04,ca_ztcf,20260913,default,primary,2026-09-06T14:24:27.317979+00:00,2026-09-06T14:24:27.440269+00:00,0.122,VALID,valid,,a9ff4a5e1dc0fea65b63e2b366814c1860f04110,a1d260b660c93e47a466deb9c00f26c880973356f7da4eda00cb8ec57cab044d,raw/E04-ca_ztcf-20260913-20260906T142427360252Z
a000338,E04-ca_ztcf-20260914-20260906T142427494186Z,E04,ca_ztcf,20260914,default,primary,2026-09-06T14:24:27.451876+00:00,2026-09-06T14:24:27.558092+00:00,0.106,VALID,valid,,a9ff4a5e1dc0fea65b63e2b366814c1860f04110,a1d260b660c93e47a466deb9c00f26c880973356f7da4eda00cb8ec57cab044d,raw/E04-ca_ztcf-20260914-20260906T142427494186Z
a000339,E04-ca_ztcf-20260915-20260906T142427611658Z,E04,ca_ztcf,20260915,default,primary,2026-09-06T14:24:27.569462+00:00,2026-09-06T14:24:27.693363+00:00,0.124,VALID,valid,,a9ff4a5e1dc0fea65b63e2b366814c1860f04110,a1d260b660c93e47a466deb9c00f26c880973356f7da4eda00cb8ec57cab044d,raw/E04-ca_ztcf-20260915-20260906T142427611658Z
a000340,E04-ca_ztcf-20260916-20260906T142427746982Z,E04,ca_ztcf,20260916,default,primary,2026-09-06T14:24:27.705421+00:00,2026-09-06T14:24:27.819889+00:00,0.114,VALID,valid,,a9ff4a5e1dc0fea65b63e2b366814c1860f04110,a1d260b660c93e47a466deb9c00f26c880973356f7da4eda00cb8ec57cab044d,raw/E04-ca_ztcf-20260916-20260906T142427746982Z
a000341,E04-ca_ztcf-20260917-20260906T142427873968Z,E04,ca_ztcf,20260917,default,primary,2026-09-06T14:24:27.832192+00:00,2026-09-06T14:24:27.938463+00:00,0.106,VALID,valid,,a9ff4a5e1dc0fea65b63e2b366814c1860f04110,a1d260b660c93e47a466deb9c00f26c880973356f7da4eda00cb8ec57cab044d,raw/E04-ca_ztcf-20260917-20260906T142427873968Z
a000342,E04-ca_ztcf-20260918-20260906T142427992232Z,E04,ca_ztcf,20260918,default,primary,2026-09-06T14:24:27.950114+00:00,2026-09-06T14:24:28.074236+00:00,0.124,VALID,valid,,a9ff4a5e1dc0fea65b63e2b366814c1860f04110,a1d260b660c93e47a466deb9c00f26c880973356f7da4eda00cb8ec57cab044d,raw/E04-ca_ztcf-20260918-20260906T142427992232Z
a000343,E04-ca_ztcf-20260919-20260906T142428126985Z,E04,ca_ztcf,20260919,default,primary,2026-09-06T14:24:28.085726+00:00,2026-09-06T14:24:28.199027+00:00,0.113,VALID,valid,,a9ff4a5e1dc0fea65b63e2b366814c1860f04110,a1d260b660c93e47a466deb9c00f26c880973356f7da4eda00cb8ec57cab044d,raw/E04-ca_ztcf-20260919-20260906T142428126985Z
a000344,E04-ca_ztcf-20260920-20260906T142428251630Z,E04,ca_ztcf,20260920,default,primary,2026-09-06T14:24:28.210312+00:00,2026-09-06T14:24:28.317175+00:00,0.107,VALID,valid,,a9ff4a5e1dc0fea65b63e2b366814c1860f04110,a1d260b660c93e47a466deb9c00f26c880973356f7da4eda00cb8ec57cab044d,raw/E04-ca_ztcf-20260920-20260906T142428251630Z
a000345,E04-ca_ztcf-20260921-20260906T142428371176Z,E04,ca_ztcf,20260921,default,primary,2026-09-06T14:24:28.328970+00:00,2026-09-06T14:24:28.447805+00:00,0.119,VALID,valid,,a9ff4a5e1dc0fea65b63e2b366814c1860f04110,a1d260b660c93e47a466deb9c00f26c880973356f7da4eda00cb8ec57cab044d,raw/E04-ca_ztcf-20260921-20260906T142428371176Z
a000346,E04-ca_ztcf-20260922-20260906T142428374055Z,E04,ca_ztcf,20260922,default,primary,2026-09-06T14:24:28.460844+00:00,2026-09-06T14:24:28.451414+00:00,0.121,VALID,valid,,a9ff4a5e1dc0fea65b63e2b366814c1860f04110,a1d260b660c93e47a466deb9c00f26c880973356f7da4eda00cb8ec57cab044d,raw/E04-ca_ztcf-20260922-20260906T142428374055Z
a000347,E04-ca_ztcf-20260923-20260906T142428506958Z,E04,ca_ztcf,20260923,default,primary,2026-09-06T14:24:28.463588+00:00,2026-09-06T14:24:28.582471+00:00,0.119,VALID,valid,,a9ff4a5e1dc0fea65b63e2b366814c1860f04110,a1d260b660c93e47a466deb9c00f26c880973356f7da4eda00cb8ec57cab044d,raw/E04-ca_ztcf-20260923-20260906T142428506958Z
a000348,E04-ca_ztcf-20260924-20260906T142428634941Z,E04,ca_ztcf,20260924,default,primary,2026-09-06T14:24:28.593693+00:00,2026-09-06T14:24:28.711692+00:00,0.118,VALID,valid,,a9ff4a5e1dc0fea65b63e2b366814c1860f04110,a1d260b660c93e47a466deb9c00f26c880973356f7da4eda00cb8ec57cab044d,raw/E04-ca_ztcf-20260924-20260906T142428634941Z
a000349,E04-ca_ztcf-20260925-20260906T142428764624Z,E04,ca_ztcf,20260925,default,primary,2026-09-06T14:24:28.722990+00:00,2026-09-06T14:24:28.843115+00:00,0.12,VALID,valid,,a9ff4a5e1dc0fea65b63e2b366814c1860f04110,a1d260b660c93e47a466deb9c00f26c880973356f7da4eda00cb8ec57cab044d,raw/E04-ca_ztcf-20260925-20260906T142428764624Z
a000350,E04-ca_ztcf-20260926-20260906T142428896733Z,E04,ca_ztcf,20260926,default,primary,2026-09-06T14:24:28.854748+00:00,2026-09-06T14:24:28.975024+00:00,0.12,VALID,valid,,a9ff4a5e1dc0fea65b63e2b366814c1860f04110,a1d260b660c93e47a466deb9c00f26c880973356f7da4eda00cb8ec57cab044d,raw/E04-ca_ztcf-20260926-20260906T142428896733Z
a000351,E04-ca_ztcf-20260927-20260906T142429028420Z,E04,ca_ztcf,20260927,default,primary,2026-09-06T14:24:28.986444+00:00,2026-09-06T14:24:29.094912+00:00,0.108,VALID,valid,,a9ff4a5e1dc0fea65b63e2b366814c1860f04110,a1d260b660c93e47a466deb9c00f26c880973356f7da4eda00cb8ec57cab044d,raw/E04-ca_ztcf-20260927-20260906T142429028420Z
a000352,E04-ca_ztcf-20260928-20260906T142429148645Z,E04,ca_ztcf,20260928,default,primary,2026-09-06T14:24:29.106558+00:00,2026-09-06T14:24:29.233303+00:00,0.127,VALID,valid,,a9ff4a5e1dc0fea65b63e2b366814c1860f04110,a1d260b660c93e47a466deb9c00f26c880973356f7da4eda00cb8ec57cab044d,raw/E04-ca_ztcf-20260928-20260906T142429148645Z
a000353,E04-ca_ztcf-20260929-20260906T142429288294Z,E04,ca_ztcf,20260929,default,primary,2026-09-06T14:24:29.245672+00:00,2026-09-06T14:24:29.355591+00:00,0.11,VALID,valid,,a9ff4a5e1dc0fea65b63e2b366814c1860f04110,a1d260b660c93e47a466deb9c00f26c880973356f7da4eda00cb8ec57cab044d,raw/E04-ca_ztcf-20260929-20260906T142429288294Z
a000354,E04-ca_ztcf-20260930-20260906T142429409593Z,E04,ca_ztcf,20260930,default,primary,2026-09-06T14:24:29.366902+00:00,2026-09-06T14:24:29.471995+00:00,0.105,VALID,valid,,a9ff4a5e1dc0fea65b63e2b366814c1860f04110,a1d260b660c93e47a466deb9c00f26c880973356f7da4eda00cb8ec57cab044d,raw/E04-ca_ztcf-20260930-20260906T142429409593Z
a000355,E04-ca_ztcf-20260931-20260906T142429527569Z,E04,ca_ztcf,20260931,default,primary,2026-09-06T14:24:29.483871+00:00,2026-09-06T14:24:29.605588+00:00,0.122,VALID,valid,,a9ff4a5e1dc0fea65b63e2b366814c1860f04110,a1d260b660c93e47a466deb9c00f26c880973356f7da4eda00cb8ec57cab044d,raw/E04-ca_ztcf-20260931-20260906T142429527569Z
a000356,E04-ca_ztcf-20260932-20260906T142429661188Z,E04,ca_ztcf,20260932,default,primary,2026-09-06T14:24:29.617761+00:00,2026-09-06T14:24:29.740168+00:00,0.122,VALID,valid,,a9ff4a5e1dc0fea65b63e2b366814c1860f04110,a1d260b660c93e47a466deb9c00f26c880973356f7da4eda00cb8ec57cab044d,raw/E04-ca_ztcf-20260932-20260906T142429661188Z
a000357,E04-ca_ztcf-20260933-20260906T142429794131Z,E04,ca_ztcf,20260933,default,primary,2026-09-06T14:24:29.751745+00:00,2026-09-06T14:24:29.872274+00:00,0.121,VALID,valid,,a9ff4a5e1dc0fea65b63e2b366814c1860f04110,a1d260b660c93e47a466deb9c00f26c880973356f7da4eda00cb8ec57cab044d,raw/E04-ca_ztcf-20260933-20260906T142429794131Z
a000358,E04-ca_ztcf-20260934-20260906T142429930682Z,E04,ca_ztcf,20260934,default,primary,2026-09-06T14:24:29.884071+00:00,2026-09-06T14:24:30.014677+00:00,0.131,VALID,valid,,a9ff4a5e1dc0fea65b63e2b366814c1860f04110,a1d260b660c93e47a466deb9c00f26c880973356f7da4eda00cb8ec57cab044d,raw/E04-ca_ztcf-20260934-20260906T142429930682Z
a000359,E04-ca_ztcf-20260935-20260906T142430069465Z,E04,ca_ztcf,20260935,default,primary,2026-09-06T14:24:30.027000+00:00,2026-09-06T14:24:30.148624+00:00,0.122,VALID,valid,,a9ff4a5e1dc0fea65b63e2b366814c1860f04110,a1d260b660c93e47a466deb9c00f26c880973356f7da4eda00cb8ec57cab044d,raw/E04-ca_ztcf-20260935-20260906T142430069465Z
a000360,E04-ca_ztcf-20260936-20260906T142430202327Z,E04,ca_ztcf,20260936,default,primary,2026-09-06T14:24:30.160417+00:00,2026-09-06T14:24:30.280704+00:00,0.12,VALID,valid,,a9ff4a5e1dc0fea65b63e2b366814c1860f04110,a1d260b660c93e47a466deb9c00f26c880973356f7da4eda00cb8ec57cab044d,raw/E04-ca_ztcf-20260936-20260906T142430202327Z
a000361,E05-independent-20260907-20260906T142430336324Z,E05,independent,20260907,default,primary,2026-09-06T14:24:30.293411+00:00,2026-09-06T14:24:30.409838+00:00,0.116,VALID,valid,,a9ff4a5e1dc0fea65b63e2b366814c1860f04110,a1d260b660c93e47a466deb9c00f26c880973356f7da4eda00cb8ec57cab044d,raw/E05-independent-20260907-20260906T142430336324Z
a000362,E05-independent-20260908-20260906T142430464518Z,E05,independent,20260908,default,primary,2026-09-06T14:24:30.422055+00:00,2026-09-06T14:24:30.539665+00:00,0.118,VALID,valid,,a9ff4a5e1dc0fea65b63e2b366814c1860f04110,a1d260b660c93e47a466deb9c00f26c880973356f7da4eda00cb8ec57cab044d,raw/E05-independent-20260908-20260906T142430464518Z
a000363,E05-independent-20260909-20260906T142430593985Z,E05,independent,20260909,default,primary,2026-09-06T14:24:30.551702+00:00,2026-09-06T14:24:30.669066+00:00,0.117,VALID,valid,,a9ff4a5e1dc0fea65b63e2b366814c1860f04110,a1d260b660c93e47a466deb9c00f26c880973356f7da4eda00cb8ec57cab044d,raw/E05-independent-20260909-20260906T142430593985Z
a000364,E05-independent-20260910-20260906T142430733173Z,E05,independent,20260910,default,primary,2026-09-06T14:24:30.681073+00:00,2026-09-06T14:24:30.814429+00:00,0.133,VALID,valid,,a9ff4a5e1dc0fea65b63e2b366814c1860f04110,a1d260b660c93e47a466deb9c00f26c880973356f7da4eda00cb8ec57cab044d,raw/E05-independent-20260910-20260906T142430733173Z
a000365,E05-independent-20260911-20260906T142430868138Z,E05,independent,20260911,default,primary,2026-09-06T14:24:30.825930+00:00,2026-09-06T14:24:30.932401+00:00,0.106,VALID,valid,,a9ff4a5e1dc0fea65b63e2b366814c1860f04110,a1d260b660c93e47a466deb9c00f26c880973356f7da4eda00cb8ec57cab044d,raw/E05-independent-20260911-20260906T142430868138Z
a000366,E05-independent-20260912-20260906T142430985882Z,E05,independent,20260912,default,primary,2026-09-06T14:24:30.944045+00:00,2026-09-06T14:24:31.068818+00:00,0.125,VALID,valid,,a9ff4a5e1dc0fea65b63e2b366814c1860f04110,a1d260b660c93e47a466deb9c00f26c880973356f7da4eda00cb8ec57cab044d,raw/E05-independent-20260912-20260906T142430985882Z
a000367,E05-independent-20260913-20260906T142431123523Z,E05,independent,20260913,default,primary,2026-09-06T14:24:31.080713+00:00,2026-09-06T14:24:31.190049+00:00,0.109,VALID,valid,,a9ff4a5e1dc0fea65b63e2b366814c1860f04110,a1d260b660c93e47a466deb9c00f26c880973356f7da4eda00cb8ec57cab044d,raw/E05-independent-20260913-20260906T142431123523Z
a000368,E05-independent-20260914-20260906T142431243442Z,E05,independent,20260914,default,primary,2026-09-06T14:24:31.201545+00:00,2026-09-06T14:24:31.314706+00:00,0.113,VALID,valid,,a9ff4a5e1dc0fea65b63e2b366814c1860f04110,a1d260b660c93e47a466deb9c00f26c880973356f7da4eda00cb8ec57cab044d,raw/E05-independent-20260914-20260906T142431243442Z
a000369,E05-independent-20260915-20260906T142431368412Z,E05,independent,20260915,default,primary,2026-09-06T14:24:31.326509+00:00,2026-09-06T14:24:31.450862+00:00,0.124,VALID,valid,,a9ff4a5e1dc0fea65b63e2b366814c1860f04110,a1d260b660c93e47a466deb9c00f26c880973356f7da4eda00cb8ec57cab044d,raw/E05-independent-20260915-20260906T142431368412Z
a000370,E05-independent-20260916-20260906T142431504965Z,E05,independent,20260916,default,primary,2026-09-06T14:24:31.463021+00:00,2026-09-06T14:24:31.590719+00:00,0.128,VALID,valid,,a9ff4a5e1dc0fea65b63e2b366814c1860f04110,a1d260b660c93e47a466deb9c00f26c880973356f7da4eda00cb8ec57cab044d,raw/E05-independent-20260916-20260906T142431504965Z
a000371,E05-independent-20260917-20260906T142431644979Z,E05,independent,20260917,default,primary,2026-09-06T14:24:31.602592+00:00,2026-09-06T14:24:31.729841+00:00,0.127,VALID,valid,,a9ff4a5e1dc0fea65b63e2b366814c1860f04110,a1d260b660c93e47a466deb9c00f26c880973356f7da4eda00cb8ec57cab044d,raw/E05-independent-20260917-20260906T142431644979Z
a000372,E05-independent-20260918-20260906T142431786558Z,E05,independent,20260918,default,primary,2026-09-06T14:24:31.742896+00:00,2026-09-06T14:24:31.859776+00:00,0.117,VALID,valid,,a9ff4a5e1dc0fea65b63e2b366814c1860f04110,a1d260b660c93e47a466deb9c00f26c880973356f7da4eda00cb8ec57cab044d,raw/E05-independent-20260918-20260906T142431786558Z
a000373,E05-independent-20260919-20260906T142431912838Z,E05,independent,20260919,default,primary,2026-09-06T14:24:31.871147+00:00,2026-09-06T14:24:31.978893+00:00,0.108,VALID,valid,,a9ff4a5e1dc0fea65b63e2b366814c1860f04110,a1d260b660c93e47a466deb9c00f26c880973356f7da4eda00cb8ec57cab044d,raw/E05-independent-20260919-20260906T142431912838Z
a000374,E05-independent-20260920-20260906T142432032024Z,E05,independent,20260920,default,primary,2026-09-06T14:24:31.990532+00:00,2026-09-06T14:24:32.114356+00:00,0.124,VALID,valid,,a9ff4a5e1dc0fea65b63e2b366814c1860f04110,a1d260b660c93e47a466deb9c00f26c880973356f7da4eda00cb8ec57cab044d,raw/E05-independent-20260920-20260906T142432032024Z
a000375,E05-independent-20260921-20260906T142432167362Z,E05,independent,20260921,default,primary,2026-09-06T14:24:32.125686+00:00,2026-09-06T14:24:32.247122+00:00,0.121,VALID,valid,,a9ff4a5e1dc0fea65b63e2b366814c1860f04110,a1d260b660c93e47a466deb9c00f26c880973356f7da4eda00cb8ec57cab044d,raw/E05-independent-20260921-20260906T142432167362Z
a000376,E05-independent-20260922-20260906T142432300138Z,E05,independent,20260922,default,primary,2026-09-06T14:24:32.258443+00:00,2026-09-06T14:24:32.371525+00:00,0.113,VALID,valid,,a9ff4a5e1dc0fea65b63e2b366814c1860f04110,a1d260b660c93e47a466deb9c00f26c880973356f7da4eda00cb8ec57cab044d,raw/E05-independent-20260922-20260906T142432300138Z
a000377,E05-independent-20260923-20260906T142432424694Z,E05,independent,20260923,default,primary,2026-09-06T14:24:32.382865+00:00,2026-09-06T14:24:32.496318+00:00,0.113,VALID,valid,,a9ff4a5e1dc0fea65b63e2b366814c1860f04110,a1d260b660c93e47a466deb9c00f26c880973356f7da4eda00cb8ec57cab044d,raw/E05-independent-20260923-20260906T142432424694Z
a000378,E05-independent-20260924-20260906T142432550543Z,E05,independent,20260924,default,primary,2026-09-06T14:24:32.508301+00:00,2026-09-06T14:24:32.636733+00:00,0.128,VALID,valid,,a9ff4a5e1dc0fea65b63e2b366814c1860f04110,a1d260b660c93e47a466deb9c00f26c880973356f7da4eda00cb8ec57cab044d,raw/E05-independent-20260924-20260906T142432550543Z
a000379,E05-independent-20260925-20260906T142432693537Z,E05,independent,20260925,default,primary,2026-09-06T14:24:32.649471+00:00,2026-09-06T14:24:32.767053+00:00,0.118,VALID,valid,,a9ff4a5e1dc0fea65b63e2b366814c1860f04110,a1d260b660c93e47a466deb9c00f26c880973356f7da4eda00cb8ec57cab044d,raw/E05-independent-20260925-20260906T142432693537Z
a000380,E05-independent-20260926-20260906T142432821393Z,E05,independent,20260926,default,primary,2026-09-06T14:24:32.778976+00:00,2026-09-06T14:24:32.904308+00:00,0.125,VALID,valid,,a9ff4a5e1dc0fea65b63e2b366814c1860f04110,a1d260b660c93e47a466deb9c00f26c880973356f7da4eda00cb8ec57cab044d,raw/E05-independent-20260926-20260906T142432821393Z
a000381,E05-independent-20260927-20260906T142432959411Z,E05,independent,20260927,default,primary,2026-09-06T14:24:32.917380+00:00,2026-09-06T14:24:33.026992+00:00,0.11,VALID,valid,,a9ff4a5e1dc0fea65b63e2b366814c1860f04110,a1d260b660c93e47a466deb9c00f26c880973356f7da4eda00cb8ec57cab044d,raw/E05-independent-20260927-20260906T142432959411Z
a000382,E05-independent-20260928-20260906T142433080522Z,E05,independent,20260928,default,primary,2026-09-06T14:24:33.038422+00:00,2026-09-06T14:24:33.148285+00:00,0.11,VALID,valid,,a9ff4a5e1dc0fea65b63e2b366814c1860f04110,a1d260b660c93e47a466deb9c00f26c880973356f7da4eda00cb8ec57cab044d,raw/E05-independent-20260928-20260906T142433080522Z
a000383,E05-independent-20260929-20260906T142433201236Z,E05,independent,20260929,default,primary,2026-09-06T14:24:33.159716+00:00,2026-09-06T14:24:33.263906+00:00,0.104,VALID,valid,,a9ff4a5e1dc0fea65b63e2b366814c1860f04110,a1d260b660c93e47a466deb9c00f26c880973356f7da4eda00cb8ec57cab044d,raw/E05-independent-20260929-20260906T142433201236Z
a000384,E05-independent-20260930-20260906T142433317107Z,E05,independent,20260930,default,primary,2026-09-06T14:24:33.275492+00:00,2026-09-06T14:24:33.391666+00:00,0.116,VALID,valid,,a9ff4a5e1dc0fea65b63e2b366814c1860f04110,a1d260b660c93e47a466deb9c00f26c880973356f7da4eda00cb8ec57cab044d,raw/E05-independent-20260930-20260906T142433317107Z
a000385,E05-independent-20260931-20260906T142433445446Z,E05,independent,20260931,default,primary,2026-09-06T14:24:33.403359+00:00,2026-09-06T14:24:33.518322+00:00,0.115,VALID,valid,,a9ff4a5e1dc0fea65b63e2b366814c1860f04110,a1d260b660c93e47a466deb9c00f26c880973356f7da4eda00cb8ec57cab044d,raw/E05-independent-20260931-20260906T142433445446Z
a000386,E05-independent-20260932-20260906T142433571587Z,E05,independent,20260932,default,primary,2026-09-06T14:24:33.529961+00:00,2026-09-06T14:24:33.644787+00:00,0.115,VALID,valid,,a9ff4a5e1dc0fea65b63e2b366814c1860f04110,a1d260b660c93e47a466deb9c00f26c880973356f7da4eda00cb8ec57cab044d,raw/E05-independent-20260932-20260906T142433571587Z
a000387,E05-independent-20260933-20260906T142433699427Z,E05,independent,20260933,default,primary,2026-09-06T14:24:33.657091+00:00,2026-09-06T14:24:33.772961+00:00,0.116,VALID,valid,,a9ff4a5e1dc0fea65b63e2b366814c1860f04110,a1d260b660c93e47a466deb9c00f26c880973356f7da4eda00cb8ec57cab044d,raw/E05-independent-20260933-20260906T142433699427Z
a000388,E05-independent-20260934-20260906T142433826572Z,E05,independent,20260934,default,primary,2026-09-06T14:24:33.784324+00:00,2026-09-06T14:24:33.916730+00:00,0.132,VALID,valid,,a9ff4a5e1dc0fea65b63e2b366814c1860f04110,a1d260b660c93e47a466deb9c00f26c880973356f7da4eda00cb8ec57cab044d,raw/E05-independent-20260934-20260906T142433826572Z
a000389,E05-independent-20260935-20260906T142433970883Z,E05,independent,20260935,default,primary,2026-09-06T14:24:33.928180+00:00,2026-09-06T14:24:34.049351+00:00,0.121,VALID,valid,,a9ff4a5e1dc0fea65b63e2b366814c1860f04110,a1d260b660c93e47a466deb9c00f26c880973356f7da4eda00cb8ec57cab044d,raw/E05-independent-20260935-20260906T142433970883Z
a000390,E05-independent-20260936-20260906T142434103624Z,E05,independent,20260936,default,primary,2026-09-06T14:24:34.061919+00:00,2026-09-06T14:24:34.181877+00:00,0.12,VALID,valid,,a9ff4a5e1dc0fea65b63e2b366814c1860f04110,a1d260b660c93e47a466deb9c00f26c880973356f7da4eda00cb8ec57cab044d,raw/E05-independent-20260936-20260906T142434103624Z
a000391,E05-static_continuity-20260907-20260906T142434234753Z,E05,static_continuity,20260907,default,primary,2026-09-06T14:24:34.193458+00:00,2026-09-06T14:24:34.307827+00:00,0.114,VALID,valid,,a9ff4a5e1dc0fea65b63e2b366814c1860f04110,a1d260b660c93e47a466deb9c00f26c880973356f7da4eda00cb8ec57cab044d,raw/E05-static_continuity-20260907-20260906T142434234753Z
a000392,E05-static_continuity-20260908-20260906T142434362068Z,E05,static_continuity,20260908,default,primary,2026-09-06T14:24:34.319940+00:00,2026-09-06T14:24:34.426976+00:00,0.107,VALID,valid,,a9ff4a5e1dc0fea65b63e2b366814c1860f04110,a1d260b660c93e47a466deb9c00f26c880973356f7da4eda00cb8ec57cab044d,raw/E05-static_continuity-20260908-20260906T142434362068Z
a000393,E05-static_continuity-20260909-20260906T142434481304Z,E05,static_continuity,20260909,default,primary,2026-09-06T14:24:34.439067+00:00,2026-09-06T14:24:34.558550+00:00,0.119,VALID,valid,,a9ff4a5e1dc0fea65b63e2b366814c1860f04110,a1d260b660c93e47a466deb9c00f26c880973356f7da4eda00cb8ec57cab044d,raw/E05-static_continuity-20260909-20260906T142434481304Z
a000394,E05-static_continuity-20260910-20260906T142434612328Z,E05,static_continuity,20260910,default,primary,2026-09-06T14:24:34.570113+00:00,2026-09-06T14:24:34.687275+00:00,0.117,VALID,valid,,a9ff4a5e1dc0fea65b63e2b366814c1860f04110,a1d260b660c93e47a466deb9c00f26c880973356f7da4eda00cb8ec57cab044d,raw/E05-static_continuity-20260910-20260906T142434612328Z
a000395,E05-static_continuity-20260911-20260906T142434741250Z,E05,static_continuity,20260911,default,primary,2026-09-06T14:24:34.699419+00:00,2026-09-06T14:24:34.811756+00:00,0.112,VALID,valid,,a9ff4a5e1dc0fea65b63e2b366814c1860f04110,a1d260b660c93e47a466deb9c00f26c880973356f7da4eda00cb8ec57cab044d,raw/E05-static_continuity-20260911-20260906T142434741250Z
a000396,E05-static_continuity-20260912-20260906T142434865886Z,E05,static_continuity,20260912,default,primary,2026-09-06T14:24:34.823398+00:00,2026-09-06T14:24:34.942586+00:00,0.119,VALID,valid,,a9ff4a5e1dc0fea65b63e2b366814c1860f04110,a1d260b660c93e47a466deb9c00f26c880973356f7da4eda00cb8ec57cab044d,raw/E05-static_continuity-20260912-20260906T142434865886Z
a000397,E05-static_continuity-20260913-20260906T142434996240Z,E05,static_continuity,20260913,default,primary,2026-09-06T14:24:34.954398+00:00,2026-09-06T14:24:35.073940+00:00,0.12,VALID,valid,,a9ff4a5e1dc0fea65b63e2b366814c1860f04110,a1d260b660c93e47a466deb9c00f26c880973356f7da4eda00cb8ec57cab044d,raw/E05-static_continuity-20260913-20260906T142434996240Z
a000398,E05-static_continuity-20260914-20260906T142435128245Z,E05,static_continuity,20260914,default,primary,2026-09-06T14:24:35.086307+00:00,2026-09-06T14:24:35.216718+00:00,0.13,VALID,valid,,a9ff4a5e1dc0fea65b63e2b366814c1860f04110,a1d260b660c93e47a466deb9c00f26c880973356f7da4eda00cb8ec57cab044d,raw/E05-static_continuity-20260914-20260906T142435128245Z
a000399,E05-static_continuity-20260915-20260906T142435270971Z,E05,static_continuity,20260915,default,primary,2026-09-06T14:24:35.229104+00:00,2026-09-06T14:24:35.345287+00:00,0.116,VALID,valid,,a9ff4a5e1dc0fea65b63e2b366814c1860f04110,a1d260b660c93e47a466deb9c00f26c880973356f7da4eda00cb8ec57cab044d,raw/E05-static_continuity-20260915-20260906T142435270971Z
a000400,E05-static_continuity-20260916-20260906T142435398513Z,E05,static_continuity,20260916,default,primary,2026-09-06T14:24:35.356722+00:00,2026-09-06T14:24:35.472848+00:00,0.116,VALID,valid,,a9ff4a5e1dc0fea65b63e2b366814c1860f04110,a1d260b660c93e47a466deb9c00f26c880973356f7da4eda00cb8ec57cab044d,raw/E05-static_continuity-20260916-20260906T142435398513Z
a000401,E05-static_continuity-20260917-20260906T142435525747Z,E05,static_continuity,20260917,default,primary,2026-09-06T14:24:35.484495+00:00,2026-09-06T14:24:35.599798+00:00,0.115,VALID,valid,,a9ff4a5e1dc0fea65b63e2b366814c1860f04110,a1d260b660c93e47a466deb9c00f26c880973356f7da4eda00cb8ec57cab044d,raw/E05-static_continuity-20260917-20260906T142435525747Z
a000402,E05-static_continuity-20260918-20260906T142435653871Z,E05,static_continuity,20260918,default,primary,2026-09-06T14:24:35.612249+00:00,2026-09-06T14:24:35.725125+00:00,0.113,VALID,valid,,a9ff4a5e1dc0fea65b63e2b366814c1860f04110,a1d260b660c93e47a466deb9c00f26c880973356f7da4eda00cb8ec57cab044d,raw/E05-static_continuity-20260918-20260906T142435653871Z
a000403,E05-static_continuity-20260919-20260906T142435777509Z,E05,static_continuity,20260919,default,primary,2026-09-06T14:24:35.736125+00:00,2026-09-06T14:24:35.851956+00:00,0.116,VALID,valid,,a9ff4a5e1dc0fea65b63e2b366814c1860f04110,a1d260b660c93e47a466deb9c00f26c880973356f7da4eda00cb8ec57cab044d,raw/E05-static_continuity-20260919-20260906T142435777509Z
a000404,E05-static_continuity-20260920-20260906T142435905305Z,E05,static_continuity,20260920,default,primary,2026-09-06T14:24:35.863573+00:00,2026-09-06T14:24:35.982493+00:00,0.119,VALID,valid,,a9ff4a5e1dc0fea65b63e2b366814c1860f04110,a1d260b660c93e47a466deb9c00f26c880973356f7da4eda00cb8ec57cab044d,raw/E05-static_continuity-20260920-20260906T142435905305Z
a000405,E05-static_continuity-20260921-20260906T142436036669Z,E05,static_continuity,20260921,default,primary,2026-09-06T14:24:35.994410+00:00,2026-09-06T14:24:36.115891+00:00,0.121,VALID,valid,,a9ff4a5e1dc0fea65b63e2b366814c1860f04110,a1d260b660c93e47a466deb9c00f26c880973356f7da4eda00cb8ec57cab044d,raw/E05-static_continuity-20260921-20260906T142436036669Z
a000406,E05-static_continuity-20260922-20260906T142436170994Z,E05,static_continuity,20260922,default,primary,2026-09-06T14:24:36.127863+00:00,2026-09-06T14:24:36.260128+00:00,0.132,VALID,valid,,a9ff4a5e1dc0fea65b63e2b366814c1860f04110,a1d260b660c93e47a466deb9c00f26c880973356f7da4eda00cb8ec57cab044d,raw/E05-static_continuity-20260922-20260906T142436170994Z
a000407,E05-static_continuity-20260923-20260906T142436313390Z,E05,static_continuity,20260923,default,primary,2026-09-06T14:24:36.271855+00:00,2026-09-06T14:24:36.386485+00:00,0.115,VALID,valid,,a9ff4a5e1dc0fea65b63e2b366814c1860f04110,a1d260b660c93e47a466deb9c00f26c880973356f7da4eda00cb8ec57cab044d,raw/E05-static_continuity-20260923-20260906T142436313390Z
a000408,E05-static_continuity-20260924-20260906T142436440460Z,E05,static_continuity,20260924,default,primary,2026-09-06T14:24:36.398709+00:00,2026-09-06T14:24:36.517674+00:00,0.119,VALID,valid,,a9ff4a5e1dc0fea65b63e2b366814c1860f04110,a1d260b660c93e47a466deb9c00f26c880973356f7da4eda00cb8ec57cab044d,raw/E05-static_continuity-20260924-20260906T142436440460Z
a000409,E05-static_continuity-20260925-20260906T142436571194Z,E05,static_continuity,20260925,default,primary,2026-09-06T14:24:36.529344+00:00,2026-09-06T14:24:36.655020+00:00,0.126,VALID,valid,,a9ff4a5e1dc0fea65b63e2b366814c1860f04110,a1d260b660c93e47a466deb9c00f26c880973356f7da4eda00cb8ec57cab044d,raw/E05-static_continuity-20260925-20260906T142436571194Z
a000410,E05-static_continuity-20260926-20260906T142436709709Z,E05,static_continuity,20260926,default,primary,2026-09-06T14:24:36.667508+00:00,2026-09-06T14:24:36.786739+00:00,0.119,VALID,valid,,a9ff4a5e1dc0fea65b63e2b366814c1860f04110,a1d260b660c93e47a466deb9c00f26c880973356f7da4eda00cb8ec57cab044d,raw/E05-static_continuity-20260926-20260906T142436709709Z
a000411,E05-static_continuity-20260927-20260906T142436839801Z,E05,static_continuity,20260927,default,primary,2026-09-06T14:24:36.798312+00:00,2026-09-06T14:24:36.899027+00:00,0.101,VALID,valid,,a9ff4a5e1dc0fea65b63e2b366814c1860f04110,a1d260b660c93e47a466deb9c00f26c880973356f7da4eda00cb8ec57cab044d,raw/E05-static_continuity-20260927-20260906T142436839801Z
a000412,E05-static_continuity-20260928-20260906T142436954576Z,E05,static_continuity,20260928,default,primary,2026-09-06T14:24:36.911641+00:00,2026-09-06T14:24:37.029808+00:00,0.118,VALID,valid,,a9ff4a5e1dc0fea65b63e2b366814c1860f04110,a1d260b660c93e47a466deb9c00f26c880973356f7da4eda00cb8ec57cab044d,raw/E05-static_continuity-20260928-20260906T142436954576Z
a000413,E05-static_continuity-20260929-20260906T142437085909Z,E05,static_continuity,20260929,default,primary,2026-09-06T14:24:37.042509+00:00,2026-09-06T14:24:37.174797+00:00,0.132,VALID,valid,,a9ff4a5e1dc0fea65b63e2b366814c1860f04110,a1d260b660c93e47a466deb9c00f26c880973356f7da4eda00cb8ec57cab044d,raw/E05-static_continuity-20260929-20260906T142437085909Z
a000414,E05-static_continuity-20260930-20260906T142437229649Z,E05,static_continuity,20260930,default,primary,2026-09-06T14:24:37.187258+00:00,2026-09-06T14:24:37.310915+00:00,0.124,VALID,valid,,a9ff4a5e1dc0fea65b63e2b366814c1860f04110,a1d260b660c93e47a466deb9c00f26c880973356f7da4eda00cb8ec57cab044d,raw/E05-static_continuity-20260930-20260906T142437229649Z
a000415,E05-static_continuity-20260931-20260906T142437366040Z,E05,static_continuity,20260931,default,primary,2026-09-06T14:24:37.323483+00:00,2026-09-06T14:24:37.440051+00:00,0.117,VALID,valid,,a9ff4a5e1dc0fea65b63e2b366814c1860f04110,a1d260b660c93e47a466deb9c00f26c880973356f7da4eda00cb8ec57cab044d,raw/E05-static_continuity-20260931-20260906T142437366040Z
a000416,E05-static_continuity-20260932-20260906T142437493668Z,E05,static_continuity,20260932,default,primary,2026-09-06T14:24:37.451530+00:00,2026-09-06T14:24:37.565811+00:00,0.114,VALID,valid,,a9ff4a5e1dc0fea65b63e2b366814c1860f04110,a1d260b660c93e47a466deb9c00f26c880973356f7da4eda00cb8ec57cab044d,raw/E05-static_continuity-20260932-20260906T142437493668Z
a000417,E05-static_continuity-20260933-20260906T142437620190Z,E05,static_continuity,20260933,default,primary,2026-09-06T14:24:37.577228+00:00,2026-09-06T14:24:37.696252+00:00,0.119,VALID,valid,,a9ff4a5e1dc0fea65b63e2b366814c1860f04110,a1d260b660c93e47a466deb9c00f26c880973356f7da4eda00cb8ec57cab044d,raw/E05-static_continuity-20260933-20260906T142437620190Z
a000418,E05-static_continuity-20260934-20260906T142437748886Z,E05,static_continuity,20260934,default,primary,2026-09-06T14:24:37.707451+00:00,2026-09-06T14:24:37.827797+00:00,0.12,VALID,valid,,a9ff4a5e1dc0fea65b63e2b366814c1860f04110,a1d260b660c93e47a466deb9c00f26c880973356f7da4eda00cb8ec57cab044d,raw/E05-static_continuity-20260934-20260906T142437748886Z
a000419,E05-static_continuity-20260935-20260906T142437882019Z,E05,static_continuity,20260935,default,primary,2026-09-06T14:24:37.840568+00:00,2026-09-06T14:24:37.958989+00:00,0.118,VALID,valid,,a9ff4a5e1dc0fea65b63e2b366814c1860f04110,a1d260b660c93e47a466deb9c00f26c880973356f7da4eda00cb8ec57cab044d,raw/E05-static_continuity-20260935-20260906T142437882019Z
a000420,E05-static_continuity-20260936-20260906T142438013514Z,E05,static_continuity,20260936,default,primary,2026-09-06T14:24:37.971560+00:00,2026-09-06T14:24:38.086218+00:00,0.115,VALID,valid,,a9ff4a5e1dc0fea65b63e2b366814c1860f04110,a1d260b660c93e47a466deb9c00f26c880973356f7da4eda00cb8ec57cab044d,raw/E05-static_continuity-20260936-20260906T142438013514Z
a000421,E05-ca_ztcf-20260907-20260906T142438140296Z,E05,ca_ztcf,20260907,default,primary,2026-09-06T14:24:38.098456+00:00,2026-09-06T14:24:38.209452+00:00,0.111,VALID,valid,,a9ff4a5e1dc0fea65b63e2b366814c1860f04110,a1d260b660c93e47a466deb9c00f26c880973356f7da4eda00cb8ec57cab044d,raw/E05-ca_ztcf-20260907-20260906T142438140296Z
a000422,E05-ca_ztcf-20260908-20260906T142438263082Z,E05,ca_ztcf,20260908,default,primary,2026-09-06T14:24:38.221466+00:00,2026-09-06T14:24:38.344056+00:00,0.123,VALID,valid,,a9ff4a5e1dc0fea65b63e2b366814c1860f04110,a1d260b660c93e47a466deb9c00f26c880973356f7da4eda00cb8ec57cab044d,raw/E05-ca_ztcf-20260908-20260906T142438263082Z
a000423,E05-ca_ztcf-20260909-20260906T142438398146Z,E05,ca_ztcf,20260909,default,primary,2026-09-06T14:24:38.356200+00:00,2026-09-06T14:24:38.370646+00:00,0.142,VALID,valid,,a9ff4a5e1dc0fea65b63e2b366814c1860f04110,a1d260b660c93e47a466deb9c00f26c880973356f7da4eda00cb8ec57cab044d,raw/E05-ca_ztcf-20260909-20260906T142438398146Z
a000424,E05-ca_ztcf-20260910-20260906T142438425298Z,E05,ca_ztcf,20260910,default,primary,2026-09-06T14:24:38.382406+00:00,2026-09-06T14:24:38.500624+00:00,0.118,VALID,valid,,a9ff4a5e1dc0fea65b63e2b366814c1860f04110,a1d260b660c93e47a466deb9c00f26c880973356f7da4eda00cb8ec57cab044d,raw/E05-ca_ztcf-20260910-20260906T142438425298Z
a000425,E05-ca_ztcf-20260911-20260906T142438553453Z,E05,ca_ztcf,20260911,default,primary,2026-09-06T14:24:38.512059+00:00,2026-09-06T14:24:38.628606+00:00,0.117,VALID,valid,,a9ff4a5e1dc0fea65b63e2b366814c1860f04110,a1d260b660c93e47a466deb9c00f26c880973356f7da4eda00cb8ec57cab044d,raw/E05-ca_ztcf-20260911-20260906T142438553453Z
a000426,E05-ca_ztcf-20260912-20260906T142438681496Z,E05,ca_ztcf,20260912,default,primary,2026-09-06T14:24:38.640457+00:00,2026-09-06T14:24:38.761191+00:00,0.121,VALID,valid,,a9ff4a5e1dc0fea65b63e2b366814c1860f04110,a1d260b660c93e47a466deb9c00f26c880973356f7da4eda00cb8ec57cab044d,raw/E05-ca_ztcf-20260912-20260906T142438681496Z
a000427,E05-ca_ztcf-20260913-20260906T142438815388Z,E05,ca_ztcf,20260913,default,primary,2026-09-06T14:24:38.773410+00:00,2026-09-06T14:24:38.891398+00:00,0.118,VALID,valid,,a9ff4a5e1dc0fea65b63e2b366814c1860f04110,a1d260b660c93e47a466deb9c00f26c880973356f7da4eda00cb8ec57cab044d,raw/E05-ca_ztcf-20260913-20260906T142438815388Z
a000428,E05-ca_ztcf-20260914-20260906T142438944673Z,E05,ca_ztcf,20260914,default,primary,2026-09-06T14:24:38.903370+00:00,2026-09-06T14:24:39.023173+00:00,0.12,VALID,valid,,a9ff4a5e1dc0fea65b63e2b366814c1860f04110,a1d260b660c93e47a466deb9c00f26c880973356f7da4eda00cb8ec57cab044d,raw/E05-ca_ztcf-20260914-20260906T142438944673Z
a000429,E05-ca_ztcf-20260915-20260906T142439077249Z,E05,ca_ztcf,20260915,default,primary,2026-09-06T14:24:39.034948+00:00,2026-09-06T14:24:39.162674+00:00,0.128,VALID,valid,,a9ff4a5e1dc0fea65b63e2b366814c1860f04110,a1d260b660c93e47a466deb9c00f26c880973356f7da4eda00cb8ec57cab044d,raw/E05-ca_ztcf-20260915-20260906T142439077249Z
a000430,E05-ca_ztcf-20260916-20260906T142439216503Z,E05,ca_ztcf,20260916,default,primary,2026-09-06T14:24:39.174393+00:00,2026-09-06T14:24:39.297655+00:00,0.123,VALID,valid,,a9ff4a5e1dc0fea65b63e2b366814c1860f04110,a1d260b660c93e47a466deb9c00f26c880973356f7da4eda00cb8ec57cab044d,raw/E05-ca_ztcf-20260916-20260906T142439216503Z
a000431,E05-ca_ztcf-20260917-20260906T142439352071Z,E05,ca_ztcf,20260917,default,primary,2026-09-06T14:24:39.309346+00:00,2026-09-06T14:24:39.429262+00:00,0.12,VALID,valid,,a9ff4a5e1dc0fea65b63e2b366814c1860f04110,a1d260b660c93e47a466deb9c00f26c880973356f7da4eda00cb8ec57cab044d,raw/E05-ca_ztcf-20260917-20260906T142439352071Z
a000432,E05-ca_ztcf-20260918-20260906T142439483411Z,E05,ca_ztcf,20260918,default,primary,2026-09-06T14:24:39.441261+00:00,2026-09-06T14:24:39.552840+00:00,0.112,VALID,valid,,a9ff4a5e1dc0fea65b63e2b366814c1860f04110,a1d260b660c93e47a466deb9c00f26c880973356f7da4eda00cb8ec57cab044d,raw/E05-ca_ztcf-20260918-20260906T142439483411Z
a000433,E05-ca_ztcf-20260919-20260906T142439611065Z,E05,ca_ztcf,20260919,default,primary,2026-09-06T14:24:39.567355+00:00,2026-09-06T14:24:39.694056+00:00,0.127,VALID,valid,,a9ff4a5e1dc0fea65b63e2b366814c1860f04110,a1d260b660c93e47a466deb9c00f26c880973356f7da4eda00cb8ec57cab044d,raw/E05-ca_ztcf-20260919-20260906T142439611065Z
a000434,E05-ca_ztcf-20260920-20260906T142439749363Z,E05,ca_ztcf,20260920,default,primary,2026-09-06T14:24:39.706533+00:00,2026-09-06T14:24:39.827646+00:00,0.121,VALID,valid,,a9ff4a5e1dc0fea65b63e2b366814c1860f04110,a1d260b660c93e47a466deb9c00f26c880973356f7da4eda00cb8ec57cab044d,raw/E05-ca_ztcf-20260920-20260906T142439749363Z
a000435,E05-ca_ztcf-20260921-20260906T142439881842Z,E05,ca_ztcf,20260921,default,primary,2026-09-06T14:24:39.839267+00:00,2026-09-06T14:24:39.972251+00:00,0.133,VALID,valid,,a9ff4a5e1dc0fea65b63e2b366814c1860f04110,a1d260b660c93e47a466deb9c00f26c880973356f7da4eda00cb8ec57cab044d,raw/E05-ca_ztcf-20260921-20260906T142439881842Z
a000436,E05-ca_ztcf-20260922-20260906T142440027402Z,E05,ca_ztcf,20260922,default,primary,2026-09-06T14:24:39.984703+00:00,2026-09-06T14:24:40.098489+00:00,0.114,VALID,valid,,a9ff4a5e1dc0fea65b63e2b366814c1860f04110,a1d260b660c93e47a466deb9c00f26c880973356f7da4eda00cb8ec57cab044d,raw/E05-ca_ztcf-20260922-20260906T142440027402Z
a000437,E05-ca_ztcf-20260923-20260906T142440152955Z,E05,ca_ztcf,20260923,default,primary,2026-09-06T14:24:40.110069+00:00,2026-09-06T14:24:40.233103+00:00,0.123,VALID,valid,,a9ff4a5e1dc0fea65b63e2b366814c1860f04110,a1d260b660c93e47a466deb9c00f26c880973356f7da4eda00cb8ec57cab044d,raw/E05-ca_ztcf-20260923-20260906T142440152955Z
a000438,E05-ca_ztcf-20260924-20260906T142440287898Z,E05,ca_ztcf,20260924,default,primary,2026-09-06T14:24:40.244594+00:00,2026-09-06T14:24:40.366075+00:00,0.121,VALID,valid,,a9ff4a5e1dc0fea65b63e2b366814c1860f04110,a1d260b660c93e47a466deb9c00f26c880973356f7da4eda00cb8ec57cab044d,raw/E05-ca_ztcf-20260924-20260906T142440287898Z
a000439,E05-ca_ztcf-20260925-20260906T142440419573Z,E05,ca_ztcf,20260925,default,primary,2026-09-06T14:24:40.377617+00:00,2026-09-06T14:24:40.494439+00:00,0.117,VALID,valid,,a9ff4a5e1dc0fea65b63e2b366814c1860f04110,a1d260b660c93e47a466deb9c00f26c880973356f7da4eda00cb8ec57cab044d,raw/E05-ca_ztcf-20260925-20260906T142440419573Z
a000440,E05-ca_ztcf-20260926-20260906T142440548643Z,E05,ca_ztcf,20260926,default,primary,2026-09-06T14:24:40.506172+00:00,2026-09-06T14:24:40.629303+00:00,0.123,VALID,valid,,a9ff4a5e1dc0fea65b63e2b366814c1860f04110,a1d260b660c93e47a466deb9c00f26c880973356f7da4eda00cb8ec57cab044d,raw/E05-ca_ztcf-20260926-20260906T142440548643Z
a000441,E05-ca_ztcf-20260927-20260906T142440683554Z,E05,ca_ztcf,20260927,default,primary,2026-09-06T14:24:40.640839+00:00,2026-09-06T14:24:40.780282+00:00,0.139,VALID,valid,,a9ff4a5e1dc0fea65b63e2b366814c1860f04110,a1d260b660c93e47a466deb9c00f26c880973356f7da4eda00cb8ec57cab044d,raw/E05-ca_ztcf-20260927-20260906T142440683554Z
a000442,E05-ca_ztcf-20260928-20260906T142440835079Z,E05,ca_ztcf,20260928,default,primary,2026-09-06T14:24:40.792244+00:00,2026-09-06T14:24:40.899853+00:00,0.108,VALID,valid,,a9ff4a5e1dc0fea65b63e2b366814c1860f04110,a1d260b660c93e47a466deb9c00f26c880973356f7da4eda00cb8ec57cab044d,raw/E05-ca_ztcf-20260928-20260906T142440835079Z
a000443,E05-ca_ztcf-20260929-20260906T142440953757Z,E05,ca_ztcf,20260929,default,primary,2026-09-06T14:24:40.911667+00:00,2026-09-06T14:24:41.017800+00:00,0.106,VALID,valid,,a9ff4a5e1dc0fea65b63e2b366814c1860f04110,a1d260b660c93e47a466deb9c00f26c880973356f7da4eda00cb8ec57cab044d,raw/E05-ca_ztcf-20260929-20260906T142440953757Z
a000444,E05-ca_ztcf-20260930-20260906T142441071401Z,E05,ca_ztcf,20260930,default,primary,2026-09-06T14:24:41.029391+00:00,2026-09-06T14:24:41.149417+00:00,0.12,VALID,valid,,a9ff4a5e1dc0fea65b63e2b366814c1860f04110,a1d260b660c93e47a466deb9c00f26c880973356f7da4eda00cb8ec57cab044d,raw/E05-ca_ztcf-20260930-20260906T142441071401Z
a000445,E05-ca_ztcf-20260931-20260906T142441202461Z,E05,ca_ztcf,20260931,default,primary,2026-09-06T14:24:41.161127+00:00,2026-09-06T14:24:41.272176+00:00,0.111,VALID,valid,,a9ff4a5e1dc0fea65b63e2b366814c1860f04110,a1d260b660c93e47a466deb9c00f26c880973356f7da4eda00cb8ec57cab044d,raw/E05-ca_ztcf-20260931-20260906T142441202461Z
a000446,E05-ca_ztcf-20260932-20260906T142441325379Z,E05,ca_ztcf,20260932,default,primary,2026-09-06T14:24:41.283862+00:00,2026-09-06T14:24:41.395131+00:00,0.111,VALID,valid,,a9ff4a5e1dc0fea65b63e2b366814c1860f04110,a1d260b660c93e47a466deb9c00f26c880973356f7da4eda00cb8ec57cab044d,raw/E05-ca_ztcf-20260932-20260906T142441325379Z
a000447,E05-ca_ztcf-20260933-20260906T142441448374Z,E05,ca_ztcf,20260933,default,primary,2026-09-06T14:24:41.406702+00:00,2026-09-06T14:24:41.522000+00:00,0.115,VALID,valid,,a9ff4a5e1dc0fea65b63e2b366814c1860f04110,a1d260b660c93e47a466deb9c00f26c880973356f7da4eda00cb8ec57cab044d,raw/E05-ca_ztcf-20260933-20260906T142441448374Z
a000448,E05-ca_ztcf-20260934-20260906T142441575633Z,E05,ca_ztcf,20260934,default,primary,2026-09-06T14:24:41.534057+00:00,2026-09-06T14:24:41.651090+00:00,0.117,VALID,valid,,a9ff4a5e1dc0fea65b63e2b366814c1860f04110,a1d260b660c93e47a466deb9c00f26c880973356f7da4eda00cb8ec57cab044d,raw/E05-ca_ztcf-20260934-20260906T142441575633Z
a000449,E05-ca_ztcf-20260935-20260906T142441705898Z,E05,ca_ztcf,20260935,default,primary,2026-09-06T14:24:41.663916+00:00,2026-09-06T14:24:41.779729+00:00,0.116,VALID,valid,,a9ff4a5e1dc0fea65b63e2b366814c1860f04110,a1d260b660c93e47a466deb9c00f26c880973356f7da4eda00cb8ec57cab044d,raw/E05-ca_ztcf-20260935-20260906T142441705898Z
a000450,E05-ca_ztcf-20260936-20260906T142441833917Z,E05,ca_ztcf,20260936,default,primary,2026-09-06T14:24:41.791711+00:00,2026-09-06T14:24:41.901990+00:00,0.11,VALID,valid,,a9ff4a5e1dc0fea65b63e2b366814c1860f04110,a1d260b660c93e47a466deb9c00f26c880973356f7da4eda00cb8ec57cab044d,raw/E05-ca_ztcf-20260936-20260906T142441833917Z
a000451,E06-independent-20260907-20260906T142441956089Z,E06,independent,20260907,default,primary,2026-09-06T14:24:41.914325+00:00,2026-09-06T14:24:42.035204+00:00,0.121,VALID,valid,,a9ff4a5e1dc0fea65b63e2b366814c1860f04110,a1d260b660c93e47a466deb9c00f26c880973356f7da4eda00cb8ec57cab044d,raw/E06-independent-20260907-20260906T142441956089Z
a000452,E06-independent-20260908-20260906T142442088467Z,E06,independent,20260908,default,primary,2026-09-06T14:24:42.046805+00:00,2026-09-06T14:24:42.166290+00:00,0.119,VALID,valid,,a9ff4a5e1dc0fea65b63e2b366814c1860f04110,a1d260b660c93e47a466deb9c00f26c880973356f7da4eda00cb8ec57cab044d,raw/E06-independent-20260908-20260906T142442088467Z
a000453,E06-independent-20260909-20260906T142442220695Z,E06,independent,20260909,default,primary,2026-09-06T14:24:42.178428+00:00,2026-09-06T14:24:42.290413+00:00,0.112,VALID,valid,,a9ff4a5e1dc0fea65b63e2b366814c1860f04110,a1d260b660c93e47a466deb9c00f26c880973356f7da4eda00cb8ec57cab044d,raw/E06-independent-20260909-20260906T142442220695Z
a000454,E06-independent-20260910-20260906T142442343586Z,E06,independent,20260910,default,primary,2026-09-06T14:24:42.302005+00:00,2026-09-06T14:24:42.408994+00:00,0.107,VALID,valid,,a9ff4a5e1dc0fea65b63e2b366814c1860f04110,a1d260b660c93e47a466deb9c00f26c880973356f7da4eda00cb8ec57cab044d,raw/E06-independent-20260910-20260906T142442343586Z
a000455,E06-independent-20260911-20260906T142442462659Z,E06,independent,20260911,default,primary,2026-09-06T14:24:42.421214+00:00,2026-09-06T14:24:42.540666+00:00,0.119,VALID,valid,,a9ff4a5e1dc0fea65b63e2b366814c1860f04110,a1d260b660c93e47a466deb9c00f26c880973356f7da4eda00cb8ec57cab044d,raw/E06-independent-20260911-20260906T142442462659Z
a000456,E06-independent-20260912-20260906T142442594787Z,E06,independent,20260912,default,primary,2026-09-06T14:24:42.552825+00:00,2026-09-06T14:24:42.674586+00:00,0.122,VALID,valid,,a9ff4a5e1dc0fea65b63e2b366814c1860f04110,a1d260b660c93e47a466deb9c00f26c880973356f7da4eda00cb8ec57cab044d,raw/E06-independent-20260912-20260906T142442594787Z
a000457,E06-independent-20260913-20260906T142442731201Z,E06,independent,20260913,default,primary,2026-09-06T14:24:42.687500+00:00,2026-09-06T14:24:42.813555+00:00,0.126,VALID,valid,,a9ff4a5e1dc0fea65b63e2b366814c1860f04110,a1d260b660c93e47a466deb9c00f26c880973356f7da4eda00cb8ec57cab044d,raw/E06-independent-20260913-20260906T142442731201Z
a000458,E06-independent-20260914-20260906T142442867623Z,E06,independent,20260914,default,primary,2026-09-06T14:24:42.825745+00:00,2026-09-06T14:24:42.931397+00:00,0.106,VALID,valid,,a9ff4a5e1dc0fea65b63e2b366814c1860f04110,a1d260b660c93e47a466deb9c00f26c880973356f7da4eda00cb8ec57cab044d,raw/E06-independent-20260914-20260906T142442867623Z
a000459,E06-independent-20260915-20260906T142442984988Z,E06,independent,20260915,default,primary,2026-09-06T14:24:42.943235+00:00,2026-09-06T14:24:43.062951+00:00,0.12,VALID,valid,,a9ff4a5e1dc0fea65b63e2b366814c1860f04110,a1d260b660c93e47a466deb9c00f26c880973356f7da4eda00cb8ec57cab044d,raw/E06-independent-20260915-20260906T142442984988Z
a000460,E06-independent-20260916-20260906T142443115997Z,E06,independent,20260916,default,primary,2026-09-06T14:24:43.074489+00:00,2026-09-06T14:24:43.192293+00:00,0.118,VALID,valid,,a9ff4a5e1dc0fea65b63e2b366814c1860f04110,a1d260b660c93e47a466deb9c00f26c880973356f7da4eda00cb8ec57cab044d,raw/E06-independent-20260916-20260906T142443115997Z
a000461,E06-independent-20260917-20260906T142443246496Z,E06,independent,20260917,default,primary,2026-09-06T14:24:43.204543+00:00,2026-09-06T14:24:43.321284+00:00,0.117,VALID,valid,,a9ff4a5e1dc0fea65b63e2b366814c1860f04110,a1d260b660c93e47a466deb9c00f26c880973356f7da4eda00cb8ec57cab044d,raw/E06-independent-20260917-20260906T142443246496Z
a000462,E06-independent-20260918-20260906T142443374517Z,E06,independent,20260918,default,primary,2026-09-06T14:24:43.332992+00:00,2026-09-06T14:24:43.450364+00:00,0.117,VALID,valid,,a9ff4a5e1dc0fea65b63e2b366814c1860f04110,a1d260b660c93e47a466deb9c00f26c880973356f7da4eda00cb8ec57cab044d,raw/E06-independent-20260918-20260906T142443374517Z
a000463,E06-independent-20260919-20260906T142443504917Z,E06,independent,20260919,default,primary,2026-09-06T14:24:43.462709+00:00,2026-09-06T14:24:43.578976+00:00,0.116,VALID,valid,,a9ff4a5e1dc0fea65b63e2b366814c1860f04110,a1d260b660c93e47a466deb9c00f26c880973356f7da4eda00cb8ec57cab044d,raw/E06-independent-20260919-20260906T142443504917Z
a000464,E06-independent-20260920-20260906T142443631831Z,E06,independent,20260920,default,primary,2026-09-06T14:24:43.590474+00:00,2026-09-06T14:24:43.702903+00:00,0.112,VALID,valid,,a9ff4a5e1dc0fea65b63e2b366814c1860f04110,a1d260b660c93e47a466deb9c00f26c880973356f7da4eda00cb8ec57cab044d,raw/E06-independent-20260920-20260906T142443631831Z
a000465,E06-independent-20260921-20260906T142443756930Z,E06,independent,20260921,default,primary,2026-09-06T14:24:43.715213+00:00,2026-09-06T14:24:43.835408+00:00,0.12,VALID,valid,,a9ff4a5e1dc0fea65b63e2b366814c1860f04110,a1d260b660c93e47a466deb9c00f26c880973356f7da4eda00cb8ec57cab044d,raw/E06-independent-20260921-20260906T142443756930Z
a000466,E06-independent-20260922-20260906T142443908569Z,E06,independent,20260922,default,primary,2026-09-06T14:24:43.846990+00:00,2026-09-06T14:24:43.988333+00:00,0.141,VALID,valid,,a9ff4a5e1dc0fea65b63e2b366814c1860f04110,a1d260b660c93e47a466deb9c00f26c880973356f7da4eda00cb8ec57cab044d,raw/E06-independent-20260922-20260906T142443908569Z
a000467,E06-independent-20260923-20260906T142444043741Z,E06,independent,20260923,default,primary,2026-09-06T14:24:44.001124+00:00,2026-09-06T14:24:44.108831+00:00,0.108,VALID,valid,,a9ff4a5e1dc0fea65b63e2b366814c1860f04110,a1d260b660c93e47a466deb9c00f26c880973356f7da4eda00cb8ec57cab044d,raw/E06-independent-20260923-20260906T142444043741Z
a000468,E06-independent-20260924-20260906T142444163098Z,E06,independent,20260924,default,primary,2026-09-06T14:24:44.120375+00:00,2026-09-06T14:24:44.241516+00:00,0.121,VALID,valid,,a9ff4a5e1dc0fea65b63e2b366814c1860f04110,a1d260b660c93e47a466deb9c00f26c880973356f7da4eda00cb8ec57cab044d,raw/E06-independent-20260924-20260906T142444163098Z
a000469,E06-independent-20260925-20260906T142444295191Z,E06,independent,20260925,default,primary,2026-09-06T14:24:44.253638+00:00,2026-09-06T14:24:44.374122+00:00,0.12,VALID,valid,,a9ff4a5e1dc0fea65b63e2b366814c1860f04110,a1d260b660c93e47a466deb9c00f26c880973356f7da4eda00cb8ec57cab044d,raw/E06-independent-20260925-20260906T142444295191Z
a000470,E06-independent-20260926-20260906T142444427362Z,E06,independent,20260926,default,primary,2026-09-06T14:24:44.385796+00:00,2026-09-06T14:24:44.497410+00:00,0.112,VALID,valid,,a9ff4a5e1dc0fea65b63e2b366814c1860f04110,a1d260b660c93e47a466deb9c00f26c880973356f7da4eda00cb8ec57cab044d,raw/E06-independent-20260926-20260906T142444427362Z
a000471,E06-independent-20260927-20260906T142444550325Z,E06,independent,20260927,default,primary,2026-09-06T14:24:44.508999+00:00,2026-09-06T14:24:44.624058+00:00,0.115,VALID,valid,,a9ff4a5e1dc0fea65b63e2b366814c1860f04110,a1d260b660c93e47a466deb9c00f26c880973356f7da4eda00cb8ec57cab044d,raw/E06-independent-20260927-20260906T142444550325Z
a000472,E06-independent-20260928-20260906T142444679310Z,E06,independent,20260928,default,primary,2026-09-06T14:24:44.636343+00:00,2026-09-06T14:24:44.753166+00:00,0.117,VALID,valid,,a9ff4a5e1dc0fea65b63e2b366814c1860f04110,a1d260b660c93e47a466deb9c00f26c880973356f7da4eda00cb8ec57cab044d,raw/E06-independent-20260928-20260906T142444679310Z
a000473,E06-independent-20260929-20260906T142444807058Z,E06,independent,20260929,default,primary,2026-09-06T14:24:44.765359+00:00,2026-09-06T14:24:44.884264+00:00,0.119,VALID,valid,,a9ff4a5e1dc0fea65b63e2b366814c1860f04110,a1d260b660c93e47a466deb9c00f26c880973356f7da4eda00cb8ec57cab044d,raw/E06-independent-20260929-20260906T142444807058Z
a000474,E06-independent-20260930-20260906T142444937400Z,E06,independent,20260930,default,primary,2026-09-06T14:24:44.896355+00:00,2026-09-06T14:24:45.013066+00:00,0.117,VALID,valid,,a9ff4a5e1dc0fea65b63e2b366814c1860f04110,a1d260b660c93e47a466deb9c00f26c880973356f7da4eda00cb8ec57cab044d,raw/E06-independent-20260930-20260906T142444937400Z
a000475,E06-independent-20260931-20260906T142445066189Z,E06,independent,20260931,default,primary,2026-09-06T14:24:45.024803+00:00,2026-09-06T14:24:45.149325+00:00,0.125,VALID,valid,,a9ff4a5e1dc0fea65b63e2b366814c1860f04110,a1d260b660c93e47a466deb9c00f26c880973356f7da4eda00cb8ec57cab044d,raw/E06-independent-20260931-20260906T142445066189Z
a000476,E06-independent-20260932-20260906T142445204673Z,E06,independent,20260932,default,primary,2026-09-06T14:24:45.162427+00:00,2026-09-06T14:24:45.280440+00:00,0.118,VALID,valid,,a9ff4a5e1dc0fea65b63e2b366814c1860f04110,a1d260b660c93e47a466deb9c00f26c880973356f7da4eda00cb8ec57cab044d,raw/E06-independent-20260932-20260906T142445204673Z
a000477,E06-independent-20260933-20260906T142445333685Z,E06,independent,20260933,default,primary,2026-09-06T14:24:45.292000+00:00,2026-09-06T14:24:45.408658+00:00,0.117,VALID,valid,,a9ff4a5e1dc0fea65b63e2b366814c1860f04110,a1d260b660c93e47a466deb9c00f26c880973356f7da4eda00cb8ec57cab044d,raw/E06-independent-20260933-20260906T142445333685Z
a000478,E06-independent-20260934-20260906T142445461951Z,E06,independent,20260934,default,primary,2026-09-06T14:24:45.420361+00:00,2026-09-06T14:24:45.542798+00:00,0.122,VALID,valid,,a9ff4a5e1dc0fea65b63e2b366814c1860f04110,a1d260b660c93e47a466deb9c00f26c880973356f7da4eda00cb8ec57cab044d,raw/E06-independent-20260934-20260906T142445461951Z
a000479,E06-independent-20260935-20260906T142445597085Z,E06,independent,20260935,default,primary,2026-09-06T14:24:45.554421+00:00,2026-09-06T14:24:45.669186+00:00,0.115,VALID,valid,,a9ff4a5e1dc0fea65b63e2b366814c1860f04110,a1d260b660c93e47a466deb9c00f26c880973356f7da4eda00cb8ec57cab044d,raw/E06-independent-20260935-20260906T142445597085Z
a000480,E06-independent-20260936-20260906T142445722434Z,E06,independent,20260936,default,primary,2026-09-06T14:24:45.680578+00:00,2026-09-06T14:24:45.796890+00:00,0.116,VALID,valid,,a9ff4a5e1dc0fea65b63e2b366814c1860f04110,a1d260b660c93e47a466deb9c00f26c880973356f7da4eda00cb8ec57cab044d,raw/E06-independent-20260936-20260906T142445722434Z
a000481,E06-static_continuity-20260907-20260906T142445850201Z,E06,static_continuity,20260907,default,primary,2026-09-06T14:24:45.808249+00:00,2026-09-06T14:24:45.922132+00:00,0.114,VALID,valid,,a9ff4a5e1dc0fea65b63e2b366814c1860f04110,a1d260b660c93e47a466deb9c00f26c880973356f7da4eda00cb8ec57cab044d,raw/E06-static_continuity-20260907-20260906T142445850201Z
a000482,E06-static_continuity-20260908-20260906T142445977076Z,E06,static_continuity,20260908,default,primary,2026-09-06T14:24:45.934810+00:00,2026-09-06T14:24:46.052248+00:00,0.117,VALID,valid,,a9ff4a5e1dc0fea65b63e2b366814c1860f04110,a1d260b660c93e47a466deb9c00f26c880973356f7da4eda00cb8ec57cab044d,raw/E06-static_continuity-20260908-20260906T142445977076Z
a000483,E06-static_continuity-20260909-20260906T142446105417Z,E06,static_continuity,20260909,default,primary,2026-09-06T14:24:46.063926+00:00,2026-09-06T14:24:46.183930+00:00,0.12,VALID,valid,,a9ff4a5e1dc0fea65b63e2b366814c1860f04110,a1d260b660c93e47a466deb9c00f26c880973356f7da4eda00cb8ec57cab044d,raw/E06-static_continuity-20260909-20260906T142446105417Z
a000484,E06-static_continuity-20260910-20260906T142446238280Z,E06,static_continuity,20260910,default,primary,2026-09-06T14:24:46.195873+00:00,2026-09-06T14:24:46.312269+00:00,0.116,VALID,valid,,a9ff4a5e1dc0fea65b63e2b366814c1860f04110,a1d260b660c93e47a466deb9c00f26c880973356f7da4eda00cb8ec57cab044d,raw/E06-static_continuity-20260910-20260906T142446238280Z
a000485,E06-static_continuity-20260911-20260906T142446365674Z,E06,static_continuity,20260911,default,primary,2026-09-06T14:24:46.324019+00:00,2026-09-06T14:24:46.443827+00:00,0.12,VALID,valid,,a9ff4a5e1dc0fea65b63e2b366814c1860f04110,a1d260b660c93e47a466deb9c00f26c880973356f7da4eda00cb8ec57cab044d,raw/E06-static_continuity-20260911-20260906T142446365674Z
a000486,E06-static_continuity-20260912-20260906T142446497917Z,E06,static_continuity,20260912,default,primary,2026-09-06T14:24:46.456323+00:00,2026-09-06T14:24:46.582348+00:00,0.126,VALID,valid,,a9ff4a5e1dc0fea65b63e2b366814c1860f04110,a1d260b660c93e47a466deb9c00f26c880973356f7da4eda00cb8ec57cab044d,raw/E06-static_continuity-20260912-20260906T142446497917Z
a000487,E06-static_continuity-20260913-20260906T142446636387Z,E06,static_continuity,20260913,default,primary,2026-09-06T14:24:46.594674+00:00,2026-09-06T14:24:46.709924+00:00,0.115,VALID,valid,,a9ff4a5e1dc0fea65b63e2b366814c1860f04110,a1d260b660c93e47a466deb9c00f26c880973356f7da4eda00cb8ec57cab044d,raw/E06-static_continuity-20260913-20260906T142446636387Z
a000488,E06-static_continuity-20260914-20260906T142446763517Z,E06,static_continuity,20260914,default,primary,2026-09-06T14:24:46.721991+00:00,2026-09-06T14:24:46.834134+00:00,0.112,VALID,valid,,a9ff4a5e1dc0fea65b63e2b366814c1860f04110,a1d260b660c93e47a466deb9c00f26c880973356f7da4eda00cb8ec57cab044d,raw/E06-static_continuity-20260914-20260906T142446763517Z
a000489,E06-static_continuity-20260915-20260906T142446886437Z,E06,static_continuity,20260915,default,primary,2026-09-06T14:24:46.845529+00:00,2026-09-06T14:24:46.961037+00:00,0.116,VALID,valid,,a9ff4a5e1dc0fea65b63e2b366814c1860f04110,a1d260b660c93e47a466deb9c00f26c880973356f7da4eda00cb8ec57cab044d,raw/E06-static_continuity-20260915-20260906T142446886437Z
a000490,E06-static_continuity-20260916-20260906T142447014076Z,E06,static_continuity,20260916,default,primary,2026-09-06T14:24:46.972510+00:00,2026-09-06T14:24:47.089075+00:00,0.117,VALID,valid,,a9ff4a5e1dc0fea65b63e2b366814c1860f04110,a1d260b660c93e47a466deb9c00f26c880973356f7da4eda00cb8ec57cab044d,raw/E06-static_continuity-20260916-20260906T142447014076Z
a000491,E06-static_continuity-20260917-20260906T142447144012Z,E06,static_continuity,20260917,default,primary,2026-09-06T14:24:47.101940+00:00,2026-09-06T14:24:47.218785+00:00,0.117,VALID,valid,,a9ff4a5e1dc0fea65b63e2b366814c1860f04110,a1d260b660c93e47a466deb9c00f26c880973356f7da4eda00cb8ec57cab044d,raw/E06-static_continuity-20260917-20260906T142447144012Z
a000492,E06-static_continuity-20260918-20260906T142447271788Z,E06,static_continuity,20260918,default,primary,2026-09-06T14:24:47.230166+00:00,2026-09-06T14:24:47.344961+00:00,0.115,VALID,valid,,a9ff4a5e1dc0fea65b63e2b366814c1860f04110,a1d260b660c93e47a466deb9c00f26c880973356f7da4eda00cb8ec57cab044d,raw/E06-static_continuity-20260918-20260906T142447271788Z
a000493,E06-static_continuity-20260919-20260906T142447397659Z,E06,static_continuity,20260919,default,primary,2026-09-06T14:24:47.356370+00:00,2026-09-06T14:24:47.463094+00:00,0.107,VALID,valid,,a9ff4a5e1dc0fea65b63e2b366814c1860f04110,a1d260b660c93e47a466deb9c00f26c880973356f7da4eda00cb8ec57cab044d,raw/E06-static_continuity-20260919-20260906T142447397659Z
a000494,E06-static_continuity-20260920-20260906T142447516260Z,E06,static_continuity,20260920,default,primary,2026-09-06T14:24:47.474555+00:00,2026-09-06T14:24:47.603826+00:00,0.129,VALID,valid,,a9ff4a5e1dc0fea65b63e2b366814c1860f04110,a1d260b660c93e47a466deb9c00f26c880973356f7da4eda00cb8ec57cab044d,raw/E06-static_continuity-20260920-20260906T142447516260Z
a000495,E06-static_continuity-20260921-20260906T142447657617Z,E06,static_continuity,20260921,default,primary,2026-09-06T14:24:47.616335+00:00,2026-09-06T14:24:47.731067+00:00,0.115,VALID,valid,,a9ff4a5e1dc0fea65b63e2b366814c1860f04110,a1d260b660c93e47a466deb9c00f26c880973356f7da4eda00cb8ec57cab044d,raw/E06-static_continuity-20260921-20260906T142447657617Z
a000496,E06-static_continuity-20260922-20260906T142447784640Z,E06,static_continuity,20260922,default,primary,2026-09-06T14:24:47.742985+00:00,2026-09-06T14:24:47.862441+00:00,0.119,VALID,valid,,a9ff4a5e1dc0fea65b63e2b366814c1860f04110,a1d260b660c93e47a466deb9c00f26c880973356f7da4eda00cb8ec57cab044d,raw/E06-static_continuity-20260922-20260906T142447784640Z
a000497,E06-static_continuity-20260923-20260906T142447915821Z,E06,static_continuity,20260923,default,primary,2026-09-06T14:24:47.873887+00:00,2026-09-06T14:24:47.992592+00:00,0.119,VALID,valid,,a9ff4a5e1dc0fea65b63e2b366814c1860f04110,a1d260b660c93e47a466deb9c00f26c880973356f7da4eda00cb8ec57cab044d,raw/E06-static_continuity-20260923-20260906T142447915821Z
a000498,E06-static_continuity-20260924-20260906T142448046134Z,E06,static_continuity,20260924,default,primary,2026-09-06T14:24:48.004245+00:00,2026-09-06T14:24:48.115552+00:00,0.111,VALID,valid,,a9ff4a5e1dc0fea65b63e2b366814c1860f04110,a1d260b660c93e47a466deb9c00f26c880973356f7da4eda00cb8ec57cab044d,raw/E06-static_continuity-20260924-20260906T142448046134Z
a000499,E06-static_continuity-20260925-20260906T142448168671Z,E06,static_continuity,20260925,default,primary,2026-09-06T14:24:48.127045+00:00,2026-09-06T14:24:48.235320+00:00,0.108,VALID,valid,,a9ff4a5e1dc0fea65b63e2b366814c1860f04110,a1d260b660c93e47a466deb9c00f26c880973356f7da4eda00cb8ec57cab044d,raw/E06-static_continuity-20260925-20260906T142448168671Z
a000500,E06-static_continuity-20260926-20260906T142448289314Z,E06,static_continuity,20260926,default,primary,2026-09-06T14:24:48.247868+00:00,2026-09-06T14:24:48.367743+00:00,0.12,VALID,valid,,a9ff4a5e1dc0fea65b63e2b366814c1860f04110,a1d260b660c93e47a466deb9c00f26c880973356f7da4eda00cb8ec57cab044d,raw/E06-static_continuity-20260926-20260906T142448289314Z
a000501,E06-static_continuity-20260927-20260906T142448420794Z,E06,static_continuity,20260927,default,primary,2026-09-06T14:24:48.379142+00:00,2026-09-06T14:24:48.382894+00:00,0.116,VALID,valid,,a9ff4a5e1dc0fea65b63e2b366814c1860f04110,a1d260b660c93e47a466deb9c00f26c880973356f7da4eda00cb8ec57cab044d,raw/E06-static_continuity-20260927-20260906T142448420794Z
a000502,E06-static_continuity-20260928-20260906T142448436215Z,E06,static_continuity,20260928,default,primary,2026-09-06T14:24:48.394876+00:00,2026-09-06T14:24:48.522119+00:00,0.127,VALID,valid,,a9ff4a5e1dc0fea65b63e2b366814c1860f04110,a1d260b660c93e47a466deb9c00f26c880973356f7da4eda00cb8ec57cab044d,raw/E06-static_continuity-20260928-20260906T142448436215Z
a000503,E06-static_continuity-20260929-20260906T142448576260Z,E06,static_continuity,20260929,default,primary,2026-09-06T14:24:48.533914+00:00,2026-09-06T14:24:48.647947+00:00,0.114,VALID,valid,,a9ff4a5e1dc0fea65b63e2b366814c1860f04110,a1d260b660c93e47a466deb9c00f26c880973356f7da4eda00cb8ec57cab044d,raw/E06-static_continuity-20260929-20260906T142448576260Z
a000504,E06-static_continuity-20260930-20260906T142448701642Z,E06,static_continuity,20260930,default,primary,2026-09-06T14:24:48.659847+00:00,2026-09-06T14:24:48.773314+00:00,0.113,VALID,valid,,a9ff4a5e1dc0fea65b63e2b366814c1860f04110,a1d260b660c93e47a466deb9c00f26c880973356f7da4eda00cb8ec57cab044d,raw/E06-static_continuity-20260930-20260906T142448701642Z
a000505,E06-static_continuity-20260931-20260906T142448828156Z,E06,static_continuity,20260931,default,primary,2026-09-06T14:24:48.785919+00:00,2026-09-06T14:24:48.904184+00:00,0.118,VALID,valid,,a9ff4a5e1dc0fea65b63e2b366814c1860f04110,a1d260b660c93e47a466deb9c00f26c880973356f7da4eda00cb8ec57cab044d,raw/E06-static_continuity-20260931-20260906T142448828156Z
a000506,E06-static_continuity-20260932-20260906T142448956805Z,E06,static_continuity,20260932,default,primary,2026-09-06T14:24:48.915858+00:00,2026-09-06T14:24:49.035646+00:00,0.12,VALID,valid,,a9ff4a5e1dc0fea65b63e2b366814c1860f04110,a1d260b660c93e47a466deb9c00f26c880973356f7da4eda00cb8ec57cab044d,raw/E06-static_continuity-20260932-20260906T142448956805Z
a000507,E06-static_continuity-20260933-20260906T142449090178Z,E06,static_continuity,20260933,default,primary,2026-09-06T14:24:49.047299+00:00,2026-09-06T14:24:49.169652+00:00,0.122,VALID,valid,,a9ff4a5e1dc0fea65b63e2b366814c1860f04110,a1d260b660c93e47a466deb9c00f26c880973356f7da4eda00cb8ec57cab044d,raw/E06-static_continuity-20260933-20260906T142449090178Z
a000508,E06-static_continuity-20260934-20260906T142449224587Z,E06,static_continuity,20260934,default,primary,2026-09-06T14:24:49.182280+00:00,2026-09-06T14:24:49.299465+00:00,0.117,VALID,valid,,a9ff4a5e1dc0fea65b63e2b366814c1860f04110,a1d260b660c93e47a466deb9c00f26c880973356f7da4eda00cb8ec57cab044d,raw/E06-static_continuity-20260934-20260906T142449224587Z
a000509,E06-static_continuity-20260935-20260906T142449354311Z,E06,static_continuity,20260935,default,primary,2026-09-06T14:24:49.311092+00:00,2026-09-06T14:24:49.431515+00:00,0.12,VALID,valid,,a9ff4a5e1dc0fea65b63e2b366814c1860f04110,a1d260b660c93e47a466deb9c00f26c880973356f7da4eda00cb8ec57cab044d,raw/E06-static_continuity-20260935-20260906T142449354311Z
a000510,E06-static_continuity-20260936-20260906T142449488551Z,E06,static_continuity,20260936,default,primary,2026-09-06T14:24:49.443179+00:00,2026-09-06T14:24:49.568901+00:00,0.126,VALID,valid,,a9ff4a5e1dc0fea65b63e2b366814c1860f04110,a1d260b660c93e47a466deb9c00f26c880973356f7da4eda00cb8ec57cab044d,raw/E06-static_continuity-20260936-20260906T142449488551Z
a000511,E06-ca_ztcf-20260907-20260906T142449623102Z,E06,ca_ztcf,20260907,default,primary,2026-09-06T14:24:49.580539+00:00,2026-09-06T14:24:49.699189+00:00,0.119,VALID,valid,,a9ff4a5e1dc0fea65b63e2b366814c1860f04110,a1d260b660c93e47a466deb9c00f26c880973356f7da4eda00cb8ec57cab044d,raw/E06-ca_ztcf-20260907-20260906T142449623102Z
a000512,E06-ca_ztcf-20260908-20260906T142449755202Z,E06,ca_ztcf,20260908,default,primary,2026-09-06T14:24:49.712159+00:00,2026-09-06T14:24:49.832394+00:00,0.12,VALID,valid,,a9ff4a5e1dc0fea65b63e2b366814c1860f04110,a1d260b660c93e47a466deb9c00f26c880973356f7da4eda00cb8ec57cab044d,raw/E06-ca_ztcf-20260908-20260906T142449755202Z
a000513,E06-ca_ztcf-20260909-20260906T142449887884Z,E06,ca_ztcf,20260909,default,primary,2026-09-06T14:24:49.845036+00:00,2026-09-06T14:24:49.972397+00:00,0.127,VALID,valid,,a9ff4a5e1dc0fea65b63e2b366814c1860f04110,a1d260b660c93e47a466deb9c00f26c880973356f7da4eda00cb8ec57cab044d,raw/E06-ca_ztcf-20260909-20260906T142449887884Z
a000514,E06-ca_ztcf-20260910-20260906T142450028812Z,E06,ca_ztcf,20260910,default,primary,2026-09-06T14:24:49.985579+00:00,2026-09-06T14:24:50.111163+00:00,0.126,VALID,valid,,a9ff4a5e1dc0fea65b63e2b366814c1860f04110,a1d260b660c93e47a466deb9c00f26c880973356f7da4eda00cb8ec57cab044d,raw/E06-ca_ztcf-20260910-20260906T142450028812Z
a000515,E06-ca_ztcf-20260911-20260906T142450164900Z,E06,ca_ztcf,20260911,default,primary,2026-09-06T14:24:50.122616+00:00,2026-09-06T14:24:50.243202+00:00,0.121,VALID,valid,,a9ff4a5e1dc0fea65b63e2b366814c1860f04110,a1d260b660c93e47a466deb9c00f26c880973356f7da4eda00cb8ec57cab044d,raw/E06-ca_ztcf-20260911-20260906T142450164900Z
a000516,E06-ca_ztcf-20260912-20260906T142450296956Z,E06,ca_ztcf,20260912,default,primary,2026-09-06T14:24:50.254770+00:00,2026-09-06T14:24:50.378155+00:00,0.123,VALID,valid,,a9ff4a5e1dc0fea65b63e2b366814c1860f04110,a1d260b660c93e47a466deb9c00f26c880973356f7da4eda00cb8ec57cab044d,raw/E06-ca_ztcf-20260912-20260906T142450296956Z
a000517,E06-ca_ztcf-20260913-20260906T142450432237Z,E06,ca_ztcf,20260913,default,primary,2026-09-06T14:24:50.389902+00:00,2026-09-06T14:24:50.514078+00:00,0.124,VALID,valid,,a9ff4a5e1dc0fea65b63e2b366814c1860f04110,a1d260b660c93e47a466deb9c00f26c880973356f7da4eda00cb8ec57cab044d,raw/E06-ca_ztcf-20260913-20260906T142450432237Z
a000518,E06-ca_ztcf-20260914-20260906T142450568295Z,E06,ca_ztcf,20260914,default,primary,2026-09-06T14:24:50.526133+00:00,2026-09-06T14:24:50.644190+00:00,0.118,VALID,valid,,a9ff4a5e1dc0fea65b63e2b366814c1860f04110,a1d260b660c93e47a466deb9c00f26c880973356f7da4eda00cb8ec57cab044d,raw/E06-ca_ztcf-20260914-20260906T142450568295Z
a000519,E06-ca_ztcf-20260915-20260906T142450707771Z,E06,ca_ztcf,20260915,default,primary,2026-09-06T14:24:50.656783+00:00,2026-09-06T14:24:50.779054+00:00,0.122,VALID,valid,,a9ff4a5e1dc0fea65b63e2b366814c1860f04110,a1d260b660c93e47a466deb9c00f26c880973356f7da4eda00cb8ec57cab044d,raw/E06-ca_ztcf-20260915-20260906T142450707771Z
a000520,E06-ca_ztcf-20260916-20260906T142450834140Z,E06,ca_ztcf,20260916,default,primary,2026-09-06T14:24:50.790981+00:00,2026-09-06T14:24:50.916808+00:00,0.126,VALID,valid,,a9ff4a5e1dc0fea65b63e2b366814c1860f04110,a1d260b660c93e47a466deb9c00f26c880973356f7da4eda00cb8ec57cab044d,raw/E06-ca_ztcf-20260916-20260906T142450834140Z
a000521,E06-ca_ztcf-20260917-20260906T142450970646Z,E06,ca_ztcf,20260917,default,primary,2026-09-06T14:24:50.928721+00:00,2026-09-06T14:24:51.049217+00:00,0.12,VALID,valid,,a9ff4a5e1dc0fea65b63e2b366814c1860f04110,a1d260b660c93e47a466deb9c00f26c880973356f7da4eda00cb8ec57cab044d,raw/E06-ca_ztcf-20260917-20260906T142450970646Z
a000522,E06-ca_ztcf-20260918-20260906T142451104410Z,E06,ca_ztcf,20260918,default,primary,2026-09-06T14:24:51.061685+00:00,2026-09-06T14:24:51.187073+00:00,0.125,VALID,valid,,a9ff4a5e1dc0fea65b63e2b366814c1860f04110,a1d260b660c93e47a466deb9c00f26c880973356f7da4eda00cb8ec57cab044d,raw/E06-ca_ztcf-20260918-20260906T142451104410Z
a000523,E06-ca_ztcf-20260919-20260906T142451241861Z,E06,ca_ztcf,20260919,default,primary,2026-09-06T14:24:51.199565+00:00,2026-09-06T14:24:51.327271+00:00,0.128,VALID,valid,,a9ff4a5e1dc0fea65b63e2b366814c1860f04110,a1d260b660c93e47a466deb9c00f26c880973356f7da4eda00cb8ec57cab044d,raw/E06-ca_ztcf-20260919-20260906T142451241861Z
a000524,E06-ca_ztcf-20260920-20260906T142451382405Z,E06,ca_ztcf,20260920,default,primary,2026-09-06T14:24:51.340385+00:00,2026-09-06T14:24:51.465950+00:00,0.126,VALID,valid,,a9ff4a5e1dc0fea65b63e2b366814c1860f04110,a1d260b660c93e47a466deb9c00f26c880973356f7da4eda00cb8ec57cab044d,raw/E06-ca_ztcf-20260920-20260906T142451382405Z
a000525,E06-ca_ztcf-20260921-20260906T142451519779Z,E06,ca_ztcf,20260921,default,primary,2026-09-06T14:24:51.477748+00:00,2026-09-06T14:24:51.607628+00:00,0.13,VALID,valid,,a9ff4a5e1dc0fea65b63e2b366814c1860f04110,a1d260b660c93e47a466deb9c00f26c880973356f7da4eda00cb8ec57cab044d,raw/E06-ca_ztcf-20260921-20260906T142451519779Z
a000526,E06-ca_ztcf-20260922-20260906T142451668090Z,E06,ca_ztcf,20260922,default,primary,2026-09-06T14:24:51.621988+00:00,2026-09-06T14:24:51.753046+00:00,0.131,VALID,valid,,a9ff4a5e1dc0fea65b63e2b366814c1860f04110,a1d260b660c93e47a466deb9c00f26c880973356f7da4eda00cb8ec57cab044d,raw/E06-ca_ztcf-20260922-20260906T142451668090Z
a000527,E06-ca_ztcf-20260923-20260906T142451810096Z,E06,ca_ztcf,20260923,default,primary,2026-09-06T14:24:51.765950+00:00,2026-09-06T14:24:51.892505+00:00,0.127,VALID,valid,,a9ff4a5e1dc0fea65b63e2b366814c1860f04110,a1d260b660c93e47a466deb9c00f26c880973356f7da4eda00cb8ec57cab044d,raw/E06-ca_ztcf-20260923-20260906T142451810096Z
a000528,E06-ca_ztcf-20260924-20260906T142451946957Z,E06,ca_ztcf,20260924,default,primary,2026-09-06T14:24:51.904383+00:00,2026-09-06T14:24:52.025959+00:00,0.122,VALID,valid,,a9ff4a5e1dc0fea65b63e2b366814c1860f04110,a1d260b660c93e47a466deb9c00f26c880973356f7da4eda00cb8ec57cab044d,raw/E06-ca_ztcf-20260924-20260906T142451946957Z
a000529,E06-ca_ztcf-20260925-20260906T142452081685Z,E06,ca_ztcf,20260925,default,primary,2026-09-06T14:24:52.038563+00:00,2026-09-06T14:24:52.155959+00:00,0.117,VALID,valid,,a9ff4a5e1dc0fea65b63e2b366814c1860f04110,a1d260b660c93e47a466deb9c00f26c880973356f7da4eda00cb8ec57cab044d,raw/E06-ca_ztcf-20260925-20260906T142452081685Z
a000530,E06-ca_ztcf-20260926-20260906T142452211788Z,E06,ca_ztcf,20260926,default,primary,2026-09-06T14:24:52.167517+00:00,2026-09-06T14:24:52.286146+00:00,0.119,VALID,valid,,a9ff4a5e1dc0fea65b63e2b366814c1860f04110,a1d260b660c93e47a466deb9c00f26c880973356f7da4eda00cb8ec57cab044d,raw/E06-ca_ztcf-20260926-20260906T142452211788Z
a000531,E06-ca_ztcf-20260927-20260906T142452339894Z,E06,ca_ztcf,20260927,default,primary,2026-09-06T14:24:52.298102+00:00,2026-09-06T14:24:52.421451+00:00,0.123,VALID,valid,,a9ff4a5e1dc0fea65b63e2b366814c1860f04110,a1d260b660c93e47a466deb9c00f26c880973356f7da4eda00cb8ec57cab044d,raw/E06-ca_ztcf-20260927-20260906T142452339894Z
a000532,E06-ca_ztcf-20260928-20260906T142452475619Z,E06,ca_ztcf,20260928,default,primary,2026-09-06T14:24:52.433635+00:00,2026-09-06T14:24:52.550337+00:00,0.117,VALID,valid,,a9ff4a5e1dc0fea65b63e2b366814c1860f04110,a1d260b660c93e47a466deb9c00f26c880973356f7da4eda00cb8ec57cab044d,raw/E06-ca_ztcf-20260928-20260906T142452475619Z
a000533,E06-ca_ztcf-20260929-20260906T142452604629Z,E06,ca_ztcf,20260929,default,primary,2026-09-06T14:24:52.562495+00:00,2026-09-06T14:24:52.692989+00:00,0.13,VALID,valid,,a9ff4a5e1dc0fea65b63e2b366814c1860f04110,a1d260b660c93e47a466deb9c00f26c880973356f7da4eda00cb8ec57cab044d,raw/E06-ca_ztcf-20260929-20260906T142452604629Z
a000534,E06-ca_ztcf-20260930-20260906T142452748437Z,E06,ca_ztcf,20260930,default,primary,2026-09-06T14:24:52.704894+00:00,2026-09-06T14:24:52.820644+00:00,0.116,VALID,valid,,a9ff4a5e1dc0fea65b63e2b366814c1860f04110,a1d260b660c93e47a466deb9c00f26c880973356f7da4eda00cb8ec57cab044d,raw/E06-ca_ztcf-20260930-20260906T142452748437Z
a000535,E06-ca_ztcf-20260931-20260906T142452875302Z,E06,ca_ztcf,20260931,default,primary,2026-09-06T14:24:52.832810+00:00,2026-09-06T14:24:52.949096+00:00,0.116,VALID,valid,,a9ff4a5e1dc0fea65b63e2b366814c1860f04110,a1d260b660c93e47a466deb9c00f26c880973356f7da4eda00cb8ec57cab044d,raw/E06-ca_ztcf-20260931-20260906T142452875302Z
a000536,E06-ca_ztcf-20260932-20260906T142453003987Z,E06,ca_ztcf,20260932,default,primary,2026-09-06T14:24:52.961579+00:00,2026-09-06T14:24:53.085121+00:00,0.124,VALID,valid,,a9ff4a5e1dc0fea65b63e2b366814c1860f04110,a1d260b660c93e47a466deb9c00f26c880973356f7da4eda00cb8ec57cab044d,raw/E06-ca_ztcf-20260932-20260906T142453003987Z
a000537,E06-ca_ztcf-20260933-20260906T142453141494Z,E06,ca_ztcf,20260933,default,primary,2026-09-06T14:24:53.097329+00:00,2026-09-06T14:24:53.221171+00:00,0.124,VALID,valid,,a9ff4a5e1dc0fea65b63e2b366814c1860f04110,a1d260b660c93e47a466deb9c00f26c880973356f7da4eda00cb8ec57cab044d,raw/E06-ca_ztcf-20260933-20260906T142453141494Z
a000538,E06-ca_ztcf-20260934-20260906T142453275297Z,E06,ca_ztcf,20260934,default,primary,2026-09-06T14:24:53.232992+00:00,2026-09-06T14:24:53.351808+00:00,0.119,VALID,valid,,a9ff4a5e1dc0fea65b63e2b366814c1860f04110,a1d260b660c93e47a466deb9c00f26c880973356f7da4eda00cb8ec57cab044d,raw/E06-ca_ztcf-20260934-20260906T142453275297Z
a000539,E06-ca_ztcf-20260935-20260906T142453405051Z,E06,ca_ztcf,20260935,default,primary,2026-09-06T14:24:53.363566+00:00,2026-09-06T14:24:53.472955+00:00,0.109,VALID,valid,,a9ff4a5e1dc0fea65b63e2b366814c1860f04110,a1d260b660c93e47a466deb9c00f26c880973356f7da4eda00cb8ec57cab044d,raw/E06-ca_ztcf-20260935-20260906T142453405051Z
a000540,E06-ca_ztcf-20260936-20260906T142453528266Z,E06,ca_ztcf,20260936,default,primary,2026-09-06T14:24:53.484727+00:00,2026-09-06T14:24:53.603397+00:00,0.119,VALID,valid,,a9ff4a5e1dc0fea65b63e2b366814c1860f04110,a1d260b660c93e47a466deb9c00f26c880973356f7da4eda00cb8ec57cab044d,raw/E06-ca_ztcf-20260936-20260906T142453528266Z
a000541,E07-independent-20260907-20260906T142453657846Z,E07,independent,20260907,default,primary,2026-09-06T14:24:53.615374+00:00,2026-09-06T14:24:53.742752+00:00,0.127,VALID,valid,,a9ff4a5e1dc0fea65b63e2b366814c1860f04110,a1d260b660c93e47a466deb9c00f26c880973356f7da4eda00cb8ec57cab044d,raw/E07-independent-20260907-20260906T142453657846Z
a000542,E07-independent-20260908-20260906T142453796885Z,E07,independent,20260908,default,primary,2026-09-06T14:24:53.754397+00:00,2026-09-06T14:24:53.903716+00:00,0.149,VALID,valid,,a9ff4a5e1dc0fea65b63e2b366814c1860f04110,a1d260b660c93e47a466deb9c00f26c880973356f7da4eda00cb8ec57cab044d,raw/E07-independent-20260908-20260906T142453796885Z
a000543,E07-independent-20260909-20260906T142453964872Z,E07,independent,20260909,default,primary,2026-09-06T14:24:53.917987+00:00,2026-09-06T14:24:54.045232+00:00,0.127,VALID,valid,,a9ff4a5e1dc0fea65b63e2b366814c1860f04110,a1d260b660c93e47a466deb9c00f26c880973356f7da4eda00cb8ec57cab044d,raw/E07-independent-20260909-20260906T142453964872Z
a000544,E07-independent-20260910-20260906T142454101152Z,E07,independent,20260910,default,primary,2026-09-06T14:24:54.057138+00:00,2026-09-06T14:24:54.184061+00:00,0.127,VALID,valid,,a9ff4a5e1dc0fea65b63e2b366814c1860f04110,a1d260b660c93e47a466deb9c00f26c880973356f7da4eda00cb8ec57cab044d,raw/E07-independent-20260910-20260906T142454101152Z
a000545,E07-independent-20260911-20260906T142454239104Z,E07,independent,20260911,default,primary,2026-09-06T14:24:54.196430+00:00,2026-09-06T14:24:54.312276+00:00,0.116,VALID,valid,,a9ff4a5e1dc0fea65b63e2b366814c1860f04110,a1d260b660c93e47a466deb9c00f26c880973356f7da4eda00cb8ec57cab044d,raw/E07-independent-20260911-20260906T142454239104Z
a000546,E07-independent-20260912-20260906T142454366105Z,E07,independent,20260912,default,primary,2026-09-06T14:24:54.323986+00:00,2026-09-06T14:24:54.445778+00:00,0.122,VALID,valid,,a9ff4a5e1dc0fea65b63e2b366814c1860f04110,a1d260b660c93e47a466deb9c00f26c880973356f7da4eda00cb8ec57cab044d,raw/E07-independent-20260912-20260906T142454366105Z
a000547,E07-independent-20260913-20260906T142454502155Z,E07,independent,20260913,default,primary,2026-09-06T14:24:54.458077+00:00,2026-09-06T14:24:54.589388+00:00,0.131,VALID,valid,,a9ff4a5e1dc0fea65b63e2b366814c1860f04110,a1d260b660c93e47a466deb9c00f26c880973356f7da4eda00cb8ec57cab044d,raw/E07-independent-20260913-20260906T142454502155Z
a000548,E07-independent-20260914-20260906T142454643957Z,E07,independent,20260914,default,primary,2026-09-06T14:24:54.601384+00:00,2026-09-06T14:24:54.720722+00:00,0.119,VALID,valid,,a9ff4a5e1dc0fea65b63e2b366814c1860f04110,a1d260b660c93e47a466deb9c00f26c880973356f7da4eda00cb8ec57cab044d,raw/E07-independent-20260914-20260906T142454643957Z
a000549,E07-independent-20260915-20260906T142454776528Z,E07,independent,20260915,default,primary,2026-09-06T14:24:54.732383+00:00,2026-09-06T14:24:54.862620+00:00,0.13,VALID,valid,,a9ff4a5e1dc0fea65b63e2b366814c1860f04110,a1d260b660c93e47a466deb9c00f26c880973356f7da4eda00cb8ec57cab044d,raw/E07-independent-20260915-20260906T142454776528Z
a000550,E07-independent-20260916-20260906T142454916939Z,E07,independent,20260916,default,primary,2026-09-06T14:24:54.874810+00:00,2026-09-06T14:24:54.997929+00:00,0.123,VALID,valid,,a9ff4a5e1dc0fea65b63e2b366814c1860f04110,a1d260b660c93e47a466deb9c00f26c880973356f7da4eda00cb8ec57cab044d,raw/E07-independent-20260916-20260906T142454916939Z
a000551,E07-independent-20260917-20260906T142455052174Z,E07,independent,20260917,default,primary,2026-09-06T14:24:55.010240+00:00,2026-09-06T14:24:55.128294+00:00,0.118,VALID,valid,,a9ff4a5e1dc0fea65b63e2b366814c1860f04110,a1d260b660c93e47a466deb9c00f26c880973356f7da4eda00cb8ec57cab044d,raw/E07-independent-20260917-20260906T142455052174Z
a000552,E07-independent-20260918-20260906T142455182338Z,E07,independent,20260918,default,primary,2026-09-06T14:24:55.140424+00:00,2026-09-06T14:24:55.261046+00:00,0.121,VALID,valid,,a9ff4a5e1dc0fea65b63e2b366814c1860f04110,a1d260b660c93e47a466deb9c00f26c880973356f7da4eda00cb8ec57cab044d,raw/E07-independent-20260918-20260906T142455182338Z
a000553,E07-independent-20260919-20260906T142455315194Z,E07,independent,20260919,default,primary,2026-09-06T14:24:55.273510+00:00,2026-09-06T14:24:55.394069+00:00,0.121,VALID,valid,,a9ff4a5e1dc0fea65b63e2b366814c1860f04110,a1d260b660c93e47a466deb9c00f26c880973356f7da4eda00cb8ec57cab044d,raw/E07-independent-20260919-20260906T142455315194Z
a000554,E07-independent-20260920-20260906T142455447782Z,E07,independent,20260920,default,primary,2026-09-06T14:24:55.405568+00:00,2026-09-06T14:24:55.517663+00:00,0.112,VALID,valid,,a9ff4a5e1dc0fea65b63e2b366814c1860f04110,a1d260b660c93e47a466deb9c00f26c880973356f7da4eda00cb8ec57cab044d,raw/E07-independent-20260920-20260906T142455447782Z
a000555,E07-independent-20260921-20260906T142455570818Z,E07,independent,20260921,default,primary,2026-09-06T14:24:55.529169+00:00,2026-09-06T14:24:55.644164+00:00,0.115,VALID,valid,,a9ff4a5e1dc0fea65b63e2b366814c1860f04110,a1d260b660c93e47a466deb9c00f26c880973356f7da4eda00cb8ec57cab044d,raw/E07-independent-20260921-20260906T142455570818Z
a000556,E07-independent-20260922-20260906T142455697097Z,E07,independent,20260922,default,primary,2026-09-06T14:24:55.655500+00:00,2026-09-06T14:24:55.770082+00:00,0.115,VALID,valid,,a9ff4a5e1dc0fea65b63e2b366814c1860f04110,a1d260b660c93e47a466deb9c00f26c880973356f7da4eda00cb8ec57cab044d,raw/E07-independent-20260922-20260906T142455697097Z
a000557,E07-independent-20260923-20260906T142455822788Z,E07,independent,20260923,default,primary,2026-09-06T14:24:55.781381+00:00,2026-09-06T14:24:55.889917+00:00,0.109,VALID,valid,,a9ff4a5e1dc0fea65b63e2b366814c1860f04110,a1d260b660c93e47a466deb9c00f26c880973356f7da4eda00cb8ec57cab044d,raw/E07-independent-20260923-20260906T142455822788Z
a000558,E07-independent-20260924-20260906T142455944571Z,E07,independent,20260924,default,primary,2026-09-06T14:24:55.902332+00:00,2026-09-06T14:24:56.022403+00:00,0.12,VALID,valid,,a9ff4a5e1dc0fea65b63e2b366814c1860f04110,a1d260b660c93e47a466deb9c00f26c880973356f7da4eda00cb8ec57cab044d,raw/E07-independent-20260924-20260906T142455944571Z
a000559,E07-independent-20260925-20260906T142456078209Z,E07,independent,20260925,default,primary,2026-09-06T14:24:56.035145+00:00,2026-09-06T14:24:56.157525+00:00,0.122,VALID,valid,,a9ff4a5e1dc0fea65b63e2b366814c1860f04110,a1d260b660c93e47a466deb9c00f26c880973356f7da4eda00cb8ec57cab044d,raw/E07-independent-20260925-20260906T142456078209Z
a000560,E07-independent-20260926-20260906T142456212205Z,E07,independent,20260926,default,primary,2026-09-06T14:24:56.169356+00:00,2026-09-06T14:24:56.289102+00:00,0.12,VALID,valid,,a9ff4a5e1dc0fea65b63e2b366814c1860f04110,a1d260b660c93e47a466deb9c00f26c880973356f7da4eda00cb8ec57cab044d,raw/E07-independent-20260926-20260906T142456212205Z
a000561,E07-independent-20260927-20260906T142456345057Z,E07,independent,20260927,default,primary,2026-09-06T14:24:56.301099+00:00,2026-09-06T14:24:56.425478+00:00,0.124,VALID,valid,,a9ff4a5e1dc0fea65b63e2b366814c1860f04110,a1d260b660c93e47a466deb9c00f26c880973356f7da4eda00cb8ec57cab044d,raw/E07-independent-20260927-20260906T142456345057Z
a000562,E07-independent-20260928-20260906T142456478540Z,E07,independent,20260928,default,primary,2026-09-06T14:24:56.437041+00:00,2026-09-06T14:24:56.554936+00:00,0.118,VALID,valid,,a9ff4a5e1dc0fea65b63e2b366814c1860f04110,a1d260b660c93e47a466deb9c00f26c880973356f7da4eda00cb8ec57cab044d,raw/E07-independent-20260928-20260906T142456478540Z
a000563,E07-independent-20260929-20260906T142456608900Z,E07,independent,20260929,default,primary,2026-09-06T14:24:56.567092+00:00,2026-09-06T14:24:56.681001+00:00,0.114,VALID,valid,,a9ff4a5e1dc0fea65b63e2b366814c1860f04110,a1d260b660c93e47a466deb9c00f26c880973356f7da4eda00cb8ec57cab044d,raw/E07-independent-20260929-20260906T142456608900Z
a000564,E07-independent-20260930-20260906T142456735879Z,E07,independent,20260930,default,primary,2026-09-06T14:24:56.693510+00:00,2026-09-06T14:24:56.809028+00:00,0.116,VALID,valid,,a9ff4a5e1dc0fea65b63e2b366814c1860f04110,a1d260b660c93e47a466deb9c00f26c880973356f7da4eda00cb8ec57cab044d,raw/E07-independent-20260930-20260906T142456735879Z
a000565,E07-independent-20260931-20260906T142456862721Z,E07,independent,20260931,default,primary,2026-09-06T14:24:56.821324+00:00,2026-09-06T14:24:56.945914+00:00,0.125,VALID,valid,,a9ff4a5e1dc0fea65b63e2b366814c1860f04110,a1d260b660c93e47a466deb9c00f26c880973356f7da4eda00cb8ec57cab044d,raw/E07-independent-20260931-20260906T142456862721Z
a000566,E07-independent-20260932-20260906T142456999790Z,E07,independent,20260932,default,primary,2026-09-06T14:24:56.958364+00:00,2026-09-06T14:24:57.073951+00:00,0.116,VALID,valid,,a9ff4a5e1dc0fea65b63e2b366814c1860f04110,a1d260b660c93e47a466deb9c00f26c880973356f7da4eda00cb8ec57cab044d,raw/E07-independent-20260932-20260906T142456999790Z
a000567,E07-independent-20260933-20260906T142457129285Z,E07,independent,20260933,default,primary,2026-09-06T14:24:57.086638+00:00,2026-09-06T14:24:57.202280+00:00,0.116,VALID,valid,,a9ff4a5e1dc0fea65b63e2b366814c1860f04110,a1d260b660c93e47a466deb9c00f26c880973356f7da4eda00cb8ec57cab044d,raw/E07-independent-20260933-20260906T142457129285Z
a000568,E07-independent-20260934-20260906T142457254885Z,E07,independent,20260934,default,primary,2026-09-06T14:24:57.213534+00:00,2026-09-06T14:24:57.329979+00:00,0.116,VALID,valid,,a9ff4a5e1dc0fea65b63e2b366814c1860f04110,a1d260b660c93e47a466deb9c00f26c880973356f7da4eda00cb8ec57cab044d,raw/E07-independent-20260934-20260906T142457254885Z
a000569,E07-independent-20260935-20260906T142457384215Z,E07,independent,20260935,default,primary,2026-09-06T14:24:57.342289+00:00,2026-09-06T14:24:57.463194+00:00,0.121,VALID,valid,,a9ff4a5e1dc0fea65b63e2b366814c1860f04110,a1d260b660c93e47a466deb9c00f26c880973356f7da4eda00cb8ec57cab044d,raw/E07-independent-20260935-20260906T142457384215Z
a000570,E07-independent-20260936-20260906T142457515999Z,E07,independent,20260936,default,primary,2026-09-06T14:24:57.474444+00:00,2026-09-06T14:24:57.598419+00:00,0.124,VALID,valid,,a9ff4a5e1dc0fea65b63e2b366814c1860f04110,a1d260b660c93e47a466deb9c00f26c880973356f7da4eda00cb8ec57cab044d,raw/E07-independent-20260936-20260906T142457515999Z
a000571,E07-static_continuity-20260907-20260906T142457653619Z,E07,static_continuity,20260907,default,primary,2026-09-06T14:24:57.611199+00:00,2026-09-06T14:24:57.727968+00:00,0.117,VALID,valid,,a9ff4a5e1dc0fea65b63e2b366814c1860f04110,a1d260b660c93e47a466deb9c00f26c880973356f7da4eda00cb8ec57cab044d,raw/E07-static_continuity-20260907-20260906T142457653619Z
a000572,E07-static_continuity-20260908-20260906T142457781220Z,E07,static_continuity,20260908,default,primary,2026-09-06T14:24:57.739564+00:00,2026-09-06T14:24:57.861561+00:00,0.122,VALID,valid,,a9ff4a5e1dc0fea65b63e2b366814c1860f04110,a1d260b660c93e47a466deb9c00f26c880973356f7da4eda00cb8ec57cab044d,raw/E07-static_continuity-20260908-20260906T142457781220Z
a000573,E07-static_continuity-20260909-20260906T142457914108Z,E07,static_continuity,20260909,default,primary,2026-09-06T14:24:57.872728+00:00,2026-09-06T14:24:57.994183+00:00,0.121,VALID,valid,,a9ff4a5e1dc0fea65b63e2b366814c1860f04110,a1d260b660c93e47a466deb9c00f26c880973356f7da4eda00cb8ec57cab044d,raw/E07-static_continuity-20260909-20260906T142457914108Z
a000574,E07-static_continuity-20260910-20260906T142458047484Z,E07,static_continuity,20260910,default,primary,2026-09-06T14:24:58.006045+00:00,2026-09-06T14:24:58.125638+00:00,0.12,VALID,valid,,a9ff4a5e1dc0fea65b63e2b366814c1860f04110,a1d260b660c93e47a466deb9c00f26c880973356f7da4eda00cb8ec57cab044d,raw/E07-static_continuity-20260910-20260906T142458047484Z
a000575,E07-static_continuity-20260911-20260906T142458178909Z,E07,static_continuity,20260911,default,primary,2026-09-06T14:24:58.137280+00:00,2026-09-06T14:24:58.245124+00:00,0.108,VALID,valid,,a9ff4a5e1dc0fea65b63e2b366814c1860f04110,a1d260b660c93e47a466deb9c00f26c880973356f7da4eda00cb8ec57cab044d,raw/E07-static_continuity-20260911-20260906T142458178909Z
a000576,E07-static_continuity-20260912-20260906T142458298482Z,E07,static_continuity,20260912,default,primary,2026-09-06T14:24:58.256544+00:00,2026-09-06T14:24:58.371590+00:00,0.115,VALID,valid,,a9ff4a5e1dc0fea65b63e2b366814c1860f04110,a1d260b660c93e47a466deb9c00f26c880973356f7da4eda00cb8ec57cab044d,raw/E07-static_continuity-20260912-20260906T142458298482Z
a000577,E07-static_continuity-20260913-20260906T142458426876Z,E07,static_continuity,20260913,default,primary,2026-09-06T14:24:58.383966+00:00,2026-09-06T14:24:58.371082+00:00,0.117,VALID,valid,,a9ff4a5e1dc0fea65b63e2b366814c1860f04110,a1d260b660c93e47a466deb9c00f26c880973356f7da4eda00cb8ec57cab044d,raw/E07-static_continuity-20260913-20260906T142458426876Z
a000578,E07-static_continuity-20260914-20260906T142458425204Z,E07,static_continuity,20260914,default,primary,2026-09-06T14:24:58.383078+00:00,2026-09-06T14:24:58.500344+00:00,0.117,VALID,valid,,a9ff4a5e1dc0fea65b63e2b366814c1860f04110,a1d260b660c93e47a466deb9c00f26c880973356f7da4eda00cb8ec57cab044d,raw/E07-static_continuity-20260914-20260906T142458425204Z
a000579,E07-static_continuity-20260915-20260906T142458555369Z,E07,static_continuity,20260915,default,primary,2026-09-06T14:24:58.512950+00:00,2026-09-06T14:24:58.641186+00:00,0.128,VALID,valid,,a9ff4a5e1dc0fea65b63e2b366814c1860f04110,a1d260b660c93e47a466deb9c00f26c880973356f7da4eda00cb8ec57cab044d,raw/E07-static_continuity-20260915-20260906T142458555369Z
a000580,E07-static_continuity-20260916-20260906T142458695411Z,E07,static_continuity,20260916,default,primary,2026-09-06T14:24:58.653650+00:00,2026-09-06T14:24:58.773299+00:00,0.12,VALID,valid,,a9ff4a5e1dc0fea65b63e2b366814c1860f04110,a1d260b660c93e47a466deb9c00f26c880973356f7da4eda00cb8ec57cab044d,raw/E07-static_continuity-20260916-20260906T142458695411Z
a000581,E07-static_continuity-20260917-20260906T142458827168Z,E07,static_continuity,20260917,default,primary,2026-09-06T14:24:58.785473+00:00,2026-09-06T14:24:58.908706+00:00,0.123,VALID,valid,,a9ff4a5e1dc0fea65b63e2b366814c1860f04110,a1d260b660c93e47a466deb9c00f26c880973356f7da4eda00cb8ec57cab044d,raw/E07-static_continuity-20260917-20260906T142458827168Z
a000582,E07-static_continuity-20260918-20260906T142458960964Z,E07,static_continuity,20260918,default,primary,2026-09-06T14:24:58.920169+00:00,2026-09-06T14:24:59.029917+00:00,0.11,VALID,valid,,a9ff4a5e1dc0fea65b63e2b366814c1860f04110,a1d260b660c93e47a466deb9c00f26c880973356f7da4eda00cb8ec57cab044d,raw/E07-static_continuity-20260918-20260906T142458960964Z
a000583,E07-static_continuity-20260919-20260906T142459085259Z,E07,static_continuity,20260919,default,primary,2026-09-06T14:24:59.042591+00:00,2026-09-06T14:24:59.164946+00:00,0.122,VALID,valid,,a9ff4a5e1dc0fea65b63e2b366814c1860f04110,a1d260b660c93e47a466deb9c00f26c880973356f7da4eda00cb8ec57cab044d,raw/E07-static_continuity-20260919-20260906T142459085259Z
a000584,E07-static_continuity-20260920-20260906T142459220027Z,E07,static_continuity,20260920,default,primary,2026-09-06T14:24:59.176629+00:00,2026-09-06T14:24:59.299843+00:00,0.123,VALID,valid,,a9ff4a5e1dc0fea65b63e2b366814c1860f04110,a1d260b660c93e47a466deb9c00f26c880973356f7da4eda00cb8ec57cab044d,raw/E07-static_continuity-20260920-20260906T142459220027Z
a000585,E07-static_continuity-20260921-20260906T142459355214Z,E07,static_continuity,20260921,default,primary,2026-09-06T14:24:59.312459+00:00,2026-09-06T14:24:59.430196+00:00,0.118,VALID,valid,,a9ff4a5e1dc0fea65b63e2b366814c1860f04110,a1d260b660c93e47a466deb9c00f26c880973356f7da4eda00cb8ec57cab044d,raw/E07-static_continuity-20260921-20260906T142459355214Z
a000586,E07-static_continuity-20260922-20260906T142459485352Z,E07,static_continuity,20260922,default,primary,2026-09-06T14:24:59.442473+00:00,2026-09-06T14:24:59.568294+00:00,0.126,VALID,valid,,a9ff4a5e1dc0fea65b63e2b366814c1860f04110,a1d260b660c93e47a466deb9c00f26c880973356f7da4eda00cb8ec57cab044d,raw/E07-static_continuity-20260922-20260906T142459485352Z
a000587,E07-static_continuity-20260923-20260906T142459626928Z,E07,static_continuity,20260923,default,primary,2026-09-06T14:24:59.581257+00:00,2026-09-06T14:24:59.701411+00:00,0.12,VALID,valid,,a9ff4a5e1dc0fea65b63e2b366814c1860f04110,a1d260b660c93e47a466deb9c00f26c880973356f7da4eda00cb8ec57cab044d,raw/E07-static_continuity-20260923-20260906T142459626928Z
a000588,E07-static_continuity-20260924-20260906T142459757815Z,E07,static_continuity,20260924,default,primary,2026-09-06T14:24:59.713718+00:00,2026-09-06T14:24:59.835927+00:00,0.122,VALID,valid,,a9ff4a5e1dc0fea65b63e2b366814c1860f04110,a1d260b660c93e47a466deb9c00f26c880973356f7da4eda00cb8ec57cab044d,raw/E07-static_continuity-20260924-20260906T142459757815Z
a000589,E07-static_continuity-20260925-20260906T142459892344Z,E07,static_continuity,20260925,default,primary,2026-09-06T14:24:59.848812+00:00,2026-09-06T14:24:59.978279+00:00,0.129,VALID,valid,,a9ff4a5e1dc0fea65b63e2b366814c1860f04110,a1d260b660c93e47a466deb9c00f26c880973356f7da4eda00cb8ec57cab044d,raw/E07-static_continuity-20260925-20260906T142459892344Z
a000590,E07-static_continuity-20260926-20260906T142500035925Z,E07,static_continuity,20260926,default,primary,2026-09-06T14:24:59.990778+00:00,2026-09-06T14:25:00.106753+00:00,0.116,VALID,valid,,a9ff4a5e1dc0fea65b63e2b366814c1860f04110,a1d260b660c93e47a466deb9c00f26c880973356f7da4eda00cb8ec57cab044d,raw/E07-static_continuity-20260926-20260906T142500035925Z
a000591,E07-static_continuity-20260927-20260906T142500162811Z,E07,static_continuity,20260927,default,primary,2026-09-06T14:25:00.119421+00:00,2026-09-06T14:25:00.224143+00:00,0.105,VALID,valid,,a9ff4a5e1dc0fea65b63e2b366814c1860f04110,a1d260b660c93e47a466deb9c00f26c880973356f7da4eda00cb8ec57cab044d,raw/E07-static_continuity-20260927-20260906T142500162811Z
a000592,E07-static_continuity-20260928-20260906T142500278741Z,E07,static_continuity,20260928,default,primary,2026-09-06T14:25:00.235723+00:00,2026-09-06T14:25:00.360263+00:00,0.125,VALID,valid,,a9ff4a5e1dc0fea65b63e2b366814c1860f04110,a1d260b660c93e47a466deb9c00f26c880973356f7da4eda00cb8ec57cab044d,raw/E07-static_continuity-20260928-20260906T142500278741Z
a000593,E07-static_continuity-20260929-20260906T142500414724Z,E07,static_continuity,20260929,default,primary,2026-09-06T14:25:00.371862+00:00,2026-09-06T14:25:00.493865+00:00,0.122,VALID,valid,,a9ff4a5e1dc0fea65b63e2b366814c1860f04110,a1d260b660c93e47a466deb9c00f26c880973356f7da4eda00cb8ec57cab044d,raw/E07-static_continuity-20260929-20260906T142500414724Z
a000594,E07-static_continuity-20260930-20260906T142500549401Z,E07,static_continuity,20260930,default,primary,2026-09-06T14:25:00.505518+00:00,2026-09-06T14:25:00.612282+00:00,0.107,VALID,valid,,a9ff4a5e1dc0fea65b63e2b366814c1860f04110,a1d260b660c93e47a466deb9c00f26c880973356f7da4eda00cb8ec57cab044d,raw/E07-static_continuity-20260930-20260906T142500549401Z
a000595,E07-static_continuity-20260931-20260906T142500666574Z,E07,static_continuity,20260931,default,primary,2026-09-06T14:25:00.624458+00:00,2026-09-06T14:25:00.755137+00:00,0.131,VALID,valid,,a9ff4a5e1dc0fea65b63e2b366814c1860f04110,a1d260b660c93e47a466deb9c00f26c880973356f7da4eda00cb8ec57cab044d,raw/E07-static_continuity-20260931-20260906T142500666574Z
a000596,E07-static_continuity-20260932-20260906T142500811335Z,E07,static_continuity,20260932,default,primary,2026-09-06T14:25:00.767872+00:00,2026-09-06T14:25:00.888273+00:00,0.12,VALID,valid,,a9ff4a5e1dc0fea65b63e2b366814c1860f04110,a1d260b660c93e47a466deb9c00f26c880973356f7da4eda00cb8ec57cab044d,raw/E07-static_continuity-20260932-20260906T142500811335Z
a000597,E07-static_continuity-20260933-20260906T142500944324Z,E07,static_continuity,20260933,default,primary,2026-09-06T14:25:00.900650+00:00,2026-09-06T14:25:01.028584+00:00,0.128,VALID,valid,,a9ff4a5e1dc0fea65b63e2b366814c1860f04110,a1d260b660c93e47a466deb9c00f26c880973356f7da4eda00cb8ec57cab044d,raw/E07-static_continuity-20260933-20260906T142500944324Z
a000598,E07-static_continuity-20260934-20260906T142501083713Z,E07,static_continuity,20260934,default,primary,2026-09-06T14:25:01.041080+00:00,2026-09-06T14:25:01.163450+00:00,0.122,VALID,valid,,a9ff4a5e1dc0fea65b63e2b366814c1860f04110,a1d260b660c93e47a466deb9c00f26c880973356f7da4eda00cb8ec57cab044d,raw/E07-static_continuity-20260934-20260906T142501083713Z
a000599,E07-static_continuity-20260935-20260906T142501218823Z,E07,static_continuity,20260935,default,primary,2026-09-06T14:25:01.176276+00:00,2026-09-06T14:25:01.288324+00:00,0.112,VALID,valid,,a9ff4a5e1dc0fea65b63e2b366814c1860f04110,a1d260b660c93e47a466deb9c00f26c880973356f7da4eda00cb8ec57cab044d,raw/E07-static_continuity-20260935-20260906T142501218823Z
a000600,E07-static_continuity-20260936-20260906T142501343482Z,E07,static_continuity,20260936,default,primary,2026-09-06T14:25:01.300758+00:00,2026-09-06T14:25:01.412144+00:00,0.111,VALID,valid,,a9ff4a5e1dc0fea65b63e2b366814c1860f04110,a1d260b660c93e47a466deb9c00f26c880973356f7da4eda00cb8ec57cab044d,raw/E07-static_continuity-20260936-20260906T142501343482Z
a000601,E07-ca_ztcf-20260907-20260906T142501466968Z,E07,ca_ztcf,20260907,default,primary,2026-09-06T14:25:01.424672+00:00,2026-09-06T14:25:01.544569+00:00,0.12,VALID,valid,,a9ff4a5e1dc0fea65b63e2b366814c1860f04110,a1d260b660c93e47a466deb9c00f26c880973356f7da4eda00cb8ec57cab044d,raw/E07-ca_ztcf-20260907-20260906T142501466968Z
a000602,E07-ca_ztcf-20260908-20260906T142501598848Z,E07,ca_ztcf,20260908,default,primary,2026-09-06T14:25:01.556738+00:00,2026-09-06T14:25:01.677450+00:00,0.121,VALID,valid,,a9ff4a5e1dc0fea65b63e2b366814c1860f04110,a1d260b660c93e47a466deb9c00f26c880973356f7da4eda00cb8ec57cab044d,raw/E07-ca_ztcf-20260908-20260906T142501598848Z
a000603,E07-ca_ztcf-20260909-20260906T142501732839Z,E07,ca_ztcf,20260909,default,primary,2026-09-06T14:25:01.689254+00:00,2026-09-06T14:25:01.813180+00:00,0.124,VALID,valid,,a9ff4a5e1dc0fea65b63e2b366814c1860f04110,a1d260b660c93e47a466deb9c00f26c880973356f7da4eda00cb8ec57cab044d,raw/E07-ca_ztcf-20260909-20260906T142501732839Z
a000604,E07-ca_ztcf-20260910-20260906T142501867496Z,E07,ca_ztcf,20260910,default,primary,2026-09-06T14:25:01.825016+00:00,2026-09-06T14:25:01.935181+00:00,0.11,VALID,valid,,a9ff4a5e1dc0fea65b63e2b366814c1860f04110,a1d260b660c93e47a466deb9c00f26c880973356f7da4eda00cb8ec57cab044d,raw/E07-ca_ztcf-20260910-20260906T142501867496Z
a000605,E07-ca_ztcf-20260911-20260906T142501989329Z,E07,ca_ztcf,20260911,default,primary,2026-09-06T14:25:01.947306+00:00,2026-09-06T14:25:02.068363+00:00,0.121,VALID,valid,,a9ff4a5e1dc0fea65b63e2b366814c1860f04110,a1d260b660c93e47a466deb9c00f26c880973356f7da4eda00cb8ec57cab044d,raw/E07-ca_ztcf-20260911-20260906T142501989329Z
a000606,E07-ca_ztcf-20260912-20260906T142502122016Z,E07,ca_ztcf,20260912,default,primary,2026-09-06T14:25:02.080057+00:00,2026-09-06T14:25:02.202321+00:00,0.122,VALID,valid,,a9ff4a5e1dc0fea65b63e2b366814c1860f04110,a1d260b660c93e47a466deb9c00f26c880973356f7da4eda00cb8ec57cab044d,raw/E07-ca_ztcf-20260912-20260906T142502122016Z
a000607,E07-ca_ztcf-20260913-20260906T142502256896Z,E07,ca_ztcf,20260913,default,primary,2026-09-06T14:25:02.214618+00:00,2026-09-06T14:25:02.327122+00:00,0.112,VALID,valid,,a9ff4a5e1dc0fea65b63e2b366814c1860f04110,a1d260b660c93e47a466deb9c00f26c880973356f7da4eda00cb8ec57cab044d,raw/E07-ca_ztcf-20260913-20260906T142502256896Z
a000608,E07-ca_ztcf-20260914-20260906T142502381421Z,E07,ca_ztcf,20260914,default,primary,2026-09-06T14:25:02.339210+00:00,2026-09-06T14:25:02.456386+00:00,0.117,VALID,valid,,a9ff4a5e1dc0fea65b63e2b366814c1860f04110,a1d260b660c93e47a466deb9c00f26c880973356f7da4eda00cb8ec57cab044d,raw/E07-ca_ztcf-20260914-20260906T142502381421Z
a000609,E07-ca_ztcf-20260915-20260906T142502509993Z,E07,ca_ztcf,20260915,default,primary,2026-09-06T14:25:02.468040+00:00,2026-09-06T14:25:02.578434+00:00,0.11,VALID,valid,,a9ff4a5e1dc0fea65b63e2b366814c1860f04110,a1d260b660c93e47a466deb9c00f26c880973356f7da4eda00cb8ec57cab044d,raw/E07-ca_ztcf-20260915-20260906T142502509993Z
a000610,E07-ca_ztcf-20260916-20260906T142502631838Z,E07,ca_ztcf,20260916,default,primary,2026-09-06T14:25:02.590445+00:00,2026-09-06T14:25:02.713937+00:00,0.123,VALID,valid,,a9ff4a5e1dc0fea65b63e2b366814c1860f04110,a1d260b660c93e47a466deb9c00f26c880973356f7da4eda00cb8ec57cab044d,raw/E07-ca_ztcf-20260916-20260906T142502631838Z
a000611,E07-ca_ztcf-20260917-20260906T142502770637Z,E07,ca_ztcf,20260917,default,primary,2026-09-06T14:25:02.726215+00:00,2026-09-06T14:25:02.850401+00:00,0.124,VALID,valid,,a9ff4a5e1dc0fea65b63e2b366814c1860f04110,a1d260b660c93e47a466deb9c00f26c880973356f7da4eda00cb8ec57cab044d,raw/E07-ca_ztcf-20260917-20260906T142502770637Z
a000612,E07-ca_ztcf-20260918-20260906T142502905990Z,E07,ca_ztcf,20260918,default,primary,2026-09-06T14:25:02.863109+00:00,2026-09-06T14:25:02.981068+00:00,0.118,VALID,valid,,a9ff4a5e1dc0fea65b63e2b366814c1860f04110,a1d260b660c93e47a466deb9c00f26c880973356f7da4eda00cb8ec57cab044d,raw/E07-ca_ztcf-20260918-20260906T142502905990Z
a000613,E07-ca_ztcf-20260919-20260906T142503035309Z,E07,ca_ztcf,20260919,default,primary,2026-09-06T14:25:02.993357+00:00,2026-09-06T14:25:03.117032+00:00,0.124,VALID,valid,,a9ff4a5e1dc0fea65b63e2b366814c1860f04110,a1d260b660c93e47a466deb9c00f26c880973356f7da4eda00cb8ec57cab044d,raw/E07-ca_ztcf-20260919-20260906T142503035309Z
a000614,E07-ca_ztcf-20260920-20260906T142503171540Z,E07,ca_ztcf,20260920,default,primary,2026-09-06T14:25:03.129344+00:00,2026-09-06T14:25:03.245648+00:00,0.116,VALID,valid,,a9ff4a5e1dc0fea65b63e2b366814c1860f04110,a1d260b660c93e47a466deb9c00f26c880973356f7da4eda00cb8ec57cab044d,raw/E07-ca_ztcf-20260920-20260906T142503171540Z
a000615,E07-ca_ztcf-20260921-20260906T142503299976Z,E07,ca_ztcf,20260921,default,primary,2026-09-06T14:25:03.257716+00:00,2026-09-06T14:25:03.374780+00:00,0.117,VALID,valid,,a9ff4a5e1dc0fea65b63e2b366814c1860f04110,a1d260b660c93e47a466deb9c00f26c880973356f7da4eda00cb8ec57cab044d,raw/E07-ca_ztcf-20260921-20260906T142503299976Z
a000616,E07-ca_ztcf-20260922-20260906T142503428699Z,E07,ca_ztcf,20260922,default,primary,2026-09-06T14:25:03.386053+00:00,2026-09-06T14:25:03.503875+00:00,0.118,VALID,valid,,a9ff4a5e1dc0fea65b63e2b366814c1860f04110,a1d260b660c93e47a466deb9c00f26c880973356f7da4eda00cb8ec57cab044d,raw/E07-ca_ztcf-20260922-20260906T142503428699Z
a000617,E07-ca_ztcf-20260923-20260906T142503557459Z,E07,ca_ztcf,20260923,default,primary,2026-09-06T14:25:03.515894+00:00,2026-09-06T14:25:03.632407+00:00,0.117,VALID,valid,,a9ff4a5e1dc0fea65b63e2b366814c1860f04110,a1d260b660c93e47a466deb9c00f26c880973356f7da4eda00cb8ec57cab044d,raw/E07-ca_ztcf-20260923-20260906T142503557459Z
a000618,E07-ca_ztcf-20260924-20260906T142503686346Z,E07,ca_ztcf,20260924,default,primary,2026-09-06T14:25:03.644109+00:00,2026-09-06T14:25:03.759030+00:00,0.115,VALID,valid,,a9ff4a5e1dc0fea65b63e2b366814c1860f04110,a1d260b660c93e47a466deb9c00f26c880973356f7da4eda00cb8ec57cab044d,raw/E07-ca_ztcf-20260924-20260906T142503686346Z
a000619,E07-ca_ztcf-20260925-20260906T142503812317Z,E07,ca_ztcf,20260925,default,primary,2026-09-06T14:25:03.770746+00:00,2026-09-06T14:25:03.916992+00:00,0.146,VALID,valid,,a9ff4a5e1dc0fea65b63e2b366814c1860f04110,a1d260b660c93e47a466deb9c00f26c880973356f7da4eda00cb8ec57cab044d,raw/E07-ca_ztcf-20260925-20260906T142503812317Z
a000620,E07-ca_ztcf-20260926-20260906T142503973131Z,E07,ca_ztcf,20260926,default,primary,2026-09-06T14:25:03.930221+00:00,2026-09-06T14:25:04.046679+00:00,0.116,VALID,valid,,a9ff4a5e1dc0fea65b63e2b366814c1860f04110,a1d260b660c93e47a466deb9c00f26c880973356f7da4eda00cb8ec57cab044d,raw/E07-ca_ztcf-20260926-20260906T142503973131Z
a000621,E07-ca_ztcf-20260927-20260906T142504101836Z,E07,ca_ztcf,20260927,default,primary,2026-09-06T14:25:04.058848+00:00,2026-09-06T14:25:04.188561+00:00,0.13,VALID,valid,,a9ff4a5e1dc0fea65b63e2b366814c1860f04110,a1d260b660c93e47a466deb9c00f26c880973356f7da4eda00cb8ec57cab044d,raw/E07-ca_ztcf-20260927-20260906T142504101836Z
a000622,E07-ca_ztcf-20260928-20260906T142504243377Z,E07,ca_ztcf,20260928,default,primary,2026-09-06T14:25:04.201238+00:00,2026-09-06T14:25:04.315196+00:00,0.114,VALID,valid,,a9ff4a5e1dc0fea65b63e2b366814c1860f04110,a1d260b660c93e47a466deb9c00f26c880973356f7da4eda00cb8ec57cab044d,raw/E07-ca_ztcf-20260928-20260906T142504243377Z
a000623,E07-ca_ztcf-20260929-20260906T142504368469Z,E07,ca_ztcf,20260929,default,primary,2026-09-06T14:25:04.326725+00:00,2026-09-06T14:25:04.443722+00:00,0.117,VALID,valid,,a9ff4a5e1dc0fea65b63e2b366814c1860f04110,a1d260b660c93e47a466deb9c00f26c880973356f7da4eda00cb8ec57cab044d,raw/E07-ca_ztcf-20260929-20260906T142504368469Z
a000624,E07-ca_ztcf-20260930-20260906T142504498228Z,E07,ca_ztcf,20260930,default,primary,2026-09-06T14:25:04.456317+00:00,2026-09-06T14:25:04.580146+00:00,0.124,VALID,valid,,a9ff4a5e1dc0fea65b63e2b366814c1860f04110,a1d260b660c93e47a466deb9c00f26c880973356f7da4eda00cb8ec57cab044d,raw/E07-ca_ztcf-20260930-20260906T142504498228Z
a000625,E07-ca_ztcf-20260931-20260906T142504635608Z,E07,ca_ztcf,20260931,default,primary,2026-09-06T14:25:04.593127+00:00,2026-09-06T14:25:04.711492+00:00,0.118,VALID,valid,,a9ff4a5e1dc0fea65b63e2b366814c1860f04110,a1d260b660c93e47a466deb9c00f26c880973356f7da4eda00cb8ec57cab044d,raw/E07-ca_ztcf-20260931-20260906T142504635608Z
a000626,E07-ca_ztcf-20260932-20260906T142504764959Z,E07,ca_ztcf,20260932,default,primary,2026-09-06T14:25:04.723292+00:00,2026-09-06T14:25:04.830310+00:00,0.107,VALID,valid,,a9ff4a5e1dc0fea65b63e2b366814c1860f04110,a1d260b660c93e47a466deb9c00f26c880973356f7da4eda00cb8ec57cab044d,raw/E07-ca_ztcf-20260932-20260906T142504764959Z
a000627,E07-ca_ztcf-20260933-20260906T142504886314Z,E07,ca_ztcf,20260933,default,primary,2026-09-06T14:25:04.842806+00:00,2026-09-06T14:25:04.951009+00:00,0.108,VALID,valid,,a9ff4a5e1dc0fea65b63e2b366814c1860f04110,a1d260b660c93e47a466deb9c00f26c880973356f7da4eda00cb8ec57cab044d,raw/E07-ca_ztcf-20260933-20260906T142504886314Z
a000628,E07-ca_ztcf-20260934-20260906T142505004097Z,E07,ca_ztcf,20260934,default,primary,2026-09-06T14:25:04.962679+00:00,2026-09-06T14:25:05.069109+00:00,0.106,VALID,valid,,a9ff4a5e1dc0fea65b63e2b366814c1860f04110,a1d260b660c93e47a466deb9c00f26c880973356f7da4eda00cb8ec57cab044d,raw/E07-ca_ztcf-20260934-20260906T142505004097Z
a000629,E07-ca_ztcf-20260935-20260906T142505123145Z,E07,ca_ztcf,20260935,default,primary,2026-09-06T14:25:05.080864+00:00,2026-09-06T14:25:05.204930+00:00,0.124,VALID,valid,,a9ff4a5e1dc0fea65b63e2b366814c1860f04110,a1d260b660c93e47a466deb9c00f26c880973356f7da4eda00cb8ec57cab044d,raw/E07-ca_ztcf-20260935-20260906T142505123145Z
a000630,E07-ca_ztcf-20260936-20260906T142505258373Z,E07,ca_ztcf,20260936,default,primary,2026-09-06T14:25:05.217180+00:00,2026-09-06T14:25:05.327719+00:00,0.111,VALID,valid,,a9ff4a5e1dc0fea65b63e2b366814c1860f04110,a1d260b660c93e47a466deb9c00f26c880973356f7da4eda00cb8ec57cab044d,raw/E07-ca_ztcf-20260936-20260906T142505258373Z
a000631,E08-independent-20260907-20260906T142505381910Z,E08,independent,20260907,default,primary,2026-09-06T14:25:05.340025+00:00,2026-09-06T14:25:05.461344+00:00,0.121,VALID,valid,,a9ff4a5e1dc0fea65b63e2b366814c1860f04110,a1d260b660c93e47a466deb9c00f26c880973356f7da4eda00cb8ec57cab044d,raw/E08-independent-20260907-20260906T142505381910Z
a000632,E08-independent-20260908-20260906T142505514258Z,E08,independent,20260908,default,primary,2026-09-06T14:25:05.472990+00:00,2026-09-06T14:25:05.589538+00:00,0.117,VALID,valid,,a9ff4a5e1dc0fea65b63e2b366814c1860f04110,a1d260b660c93e47a466deb9c00f26c880973356f7da4eda00cb8ec57cab044d,raw/E08-independent-20260908-20260906T142505514258Z
a000633,E08-independent-20260909-20260906T142505643056Z,E08,independent,20260909,default,primary,2026-09-06T14:25:05.601670+00:00,2026-09-06T14:25:05.718514+00:00,0.117,VALID,valid,,a9ff4a5e1dc0fea65b63e2b366814c1860f04110,a1d260b660c93e47a466deb9c00f26c880973356f7da4eda00cb8ec57cab044d,raw/E08-independent-20260909-20260906T142505643056Z
a000634,E08-independent-20260910-20260906T142505773041Z,E08,independent,20260910,default,primary,2026-09-06T14:25:05.730796+00:00,2026-09-06T14:25:05.840546+00:00,0.11,VALID,valid,,a9ff4a5e1dc0fea65b63e2b366814c1860f04110,a1d260b660c93e47a466deb9c00f26c880973356f7da4eda00cb8ec57cab044d,raw/E08-independent-20260910-20260906T142505773041Z
a000635,E08-independent-20260911-20260906T142505893586Z,E08,independent,20260911,default,primary,2026-09-06T14:25:05.852327+00:00,2026-09-06T14:25:05.971481+00:00,0.119,VALID,valid,,a9ff4a5e1dc0fea65b63e2b366814c1860f04110,a1d260b660c93e47a466deb9c00f26c880973356f7da4eda00cb8ec57cab044d,raw/E08-independent-20260911-20260906T142505893586Z
a000636,E08-independent-20260912-20260906T142506024689Z,E08,independent,20260912,default,primary,2026-09-06T14:25:05.983018+00:00,2026-09-06T14:25:06.096381+00:00,0.113,VALID,valid,,a9ff4a5e1dc0fea65b63e2b366814c1860f04110,a1d260b660c93e47a466deb9c00f26c880973356f7da4eda00cb8ec57cab044d,raw/E08-independent-20260912-20260906T142506024689Z
a000637,E08-independent-20260913-20260906T142506149926Z,E08,independent,20260913,default,primary,2026-09-06T14:25:06.108370+00:00,2026-09-06T14:25:06.232466+00:00,0.124,VALID,valid,,a9ff4a5e1dc0fea65b63e2b366814c1860f04110,a1d260b660c93e47a466deb9c00f26c880973356f7da4eda00cb8ec57cab044d,raw/E08-independent-20260913-20260906T142506149926Z
a000638,E08-independent-20260914-20260906T142506286773Z,E08,independent,20260914,default,primary,2026-09-06T14:25:06.244594+00:00,2026-09-06T14:25:06.360807+00:00,0.116,VALID,valid,,a9ff4a5e1dc0fea65b63e2b366814c1860f04110,a1d260b660c93e47a466deb9c00f26c880973356f7da4eda00cb8ec57cab044d,raw/E08-independent-20260914-20260906T142506286773Z
a000639,E08-independent-20260915-20260906T142506414549Z,E08,independent,20260915,default,primary,2026-09-06T14:25:06.372795+00:00,2026-09-06T14:25:06.487548+00:00,0.115,VALID,valid,,a9ff4a5e1dc0fea65b63e2b366814c1860f04110,a1d260b660c93e47a466deb9c00f26c880973356f7da4eda00cb8ec57cab044d,raw/E08-independent-20260915-20260906T142506414549Z
a000640,E08-independent-20260916-20260906T142506540500Z,E08,independent,20260916,default,primary,2026-09-06T14:25:06.499288+00:00,2026-09-06T14:25:06.619963+00:00,0.121,VALID,valid,,a9ff4a5e1dc0fea65b63e2b366814c1860f04110,a1d260b660c93e47a466deb9c00f26c880973356f7da4eda00cb8ec57cab044d,raw/E08-independent-20260916-20260906T142506540500Z
a000641,E08-independent-20260917-20260906T142506673681Z,E08,independent,20260917,default,primary,2026-09-06T14:25:06.632467+00:00,2026-09-06T14:25:06.746326+00:00,0.114,VALID,valid,,a9ff4a5e1dc0fea65b63e2b366814c1860f04110,a1d260b660c93e47a466deb9c00f26c880973356f7da4eda00cb8ec57cab044d,raw/E08-independent-20260917-20260906T142506673681Z
a000642,E08-independent-20260918-20260906T142506799798Z,E08,independent,20260918,default,primary,2026-09-06T14:25:06.758666+00:00,2026-09-06T14:25:06.867043+00:00,0.108,VALID,valid,,a9ff4a5e1dc0fea65b63e2b366814c1860f04110,a1d260b660c93e47a466deb9c00f26c880973356f7da4eda00cb8ec57cab044d,raw/E08-independent-20260918-20260906T142506799798Z
a000643,E08-independent-20260919-20260906T142506919861Z,E08,independent,20260919,default,primary,2026-09-06T14:25:06.878779+00:00,2026-09-06T14:25:06.996184+00:00,0.117,VALID,valid,,a9ff4a5e1dc0fea65b63e2b366814c1860f04110,a1d260b660c93e47a466deb9c00f26c880973356f7da4eda00cb8ec57cab044d,raw/E08-independent-20260919-20260906T142506919861Z
a000644,E08-independent-20260920-20260906T142507049919Z,E08,independent,20260920,default,primary,2026-09-06T14:25:07.008008+00:00,2026-09-06T14:25:07.121960+00:00,0.114,VALID,valid,,a9ff4a5e1dc0fea65b63e2b366814c1860f04110,a1d260b660c93e47a466deb9c00f26c880973356f7da4eda00cb8ec57cab044d,raw/E08-independent-20260920-20260906T142507049919Z
a000645,E08-independent-20260921-20260906T142507176524Z,E08,independent,20260921,default,primary,2026-09-06T14:25:07.134693+00:00,2026-09-06T14:25:07.253691+00:00,0.119,VALID,valid,,a9ff4a5e1dc0fea65b63e2b366814c1860f04110,a1d260b660c93e47a466deb9c00f26c880973356f7da4eda00cb8ec57cab044d,raw/E08-independent-20260921-20260906T142507176524Z
a000646,E08-independent-20260922-20260906T142507308194Z,E08,independent,20260922,default,primary,2026-09-06T14:25:07.265381+00:00,2026-09-06T14:25:07.382250+00:00,0.117,VALID,valid,,a9ff4a5e1dc0fea65b63e2b366814c1860f04110,a1d260b660c93e47a466deb9c00f26c880973356f7da4eda00cb8ec57cab044d,raw/E08-independent-20260922-20260906T142507308194Z
a000647,E08-independent-20260923-20260906T142507436455Z,E08,independent,20260923,default,primary,2026-09-06T14:25:07.394423+00:00,2026-09-06T14:25:07.511180+00:00,0.117,VALID,valid,,a9ff4a5e1dc0fea65b63e2b366814c1860f04110,a1d260b660c93e47a466deb9c00f26c880973356f7da4eda00cb8ec57cab044d,raw/E08-independent-20260923-20260906T142507436455Z
a000648,E08-independent-20260924-20260906T142507564411Z,E08,independent,20260924,default,primary,2026-09-06T14:25:07.522824+00:00,2026-09-06T14:25:07.633500+00:00,0.111,VALID,valid,,a9ff4a5e1dc0fea65b63e2b366814c1860f04110,a1d260b660c93e47a466deb9c00f26c880973356f7da4eda00cb8ec57cab044d,raw/E08-independent-20260924-20260906T142507564411Z
a000649,E08-independent-20260925-20260906T142507687050Z,E08,independent,20260925,default,primary,2026-09-06T14:25:07.645169+00:00,2026-09-06T14:25:07.765805+00:00,0.121,VALID,valid,,a9ff4a5e1dc0fea65b63e2b366814c1860f04110,a1d260b660c93e47a466deb9c00f26c880973356f7da4eda00cb8ec57cab044d,raw/E08-independent-20260925-20260906T142507687050Z
a000650,E08-independent-20260926-20260906T142507820229Z,E08,independent,20260926,default,primary,2026-09-06T14:25:07.778401+00:00,2026-09-06T14:25:07.899107+00:00,0.121,VALID,valid,,a9ff4a5e1dc0fea65b63e2b366814c1860f04110,a1d260b660c93e47a466deb9c00f26c880973356f7da4eda00cb8ec57cab044d,raw/E08-independent-20260926-20260906T142507820229Z
a000651,E08-independent-20260927-20260906T142507952531Z,E08,independent,20260927,default,primary,2026-09-06T14:25:07.910624+00:00,2026-09-06T14:25:08.021687+00:00,0.111,VALID,valid,,a9ff4a5e1dc0fea65b63e2b366814c1860f04110,a1d260b660c93e47a466deb9c00f26c880973356f7da4eda00cb8ec57cab044d,raw/E08-independent-20260927-20260906T142507952531Z
a000652,E08-independent-20260928-20260906T142508074927Z,E08,independent,20260928,default,primary,2026-09-06T14:25:08.033134+00:00,2026-09-06T14:25:08.152479+00:00,0.119,VALID,valid,,a9ff4a5e1dc0fea65b63e2b366814c1860f04110,a1d260b660c93e47a466deb9c00f26c880973356f7da4eda00cb8ec57cab044d,raw/E08-independent-20260928-20260906T142508074927Z
a000653,E08-independent-20260929-20260906T142508205348Z,E08,independent,20260929,default,primary,2026-09-06T14:25:08.163684+00:00,2026-09-06T14:25:08.285772+00:00,0.122,VALID,valid,,a9ff4a5e1dc0fea65b63e2b366814c1860f04110,a1d260b660c93e47a466deb9c00f26c880973356f7da4eda00cb8ec57cab044d,raw/E08-independent-20260929-20260906T142508205348Z
a000654,E08-independent-20260930-20260906T142508339959Z,E08,independent,20260930,default,primary,2026-09-06T14:25:08.298089+00:00,2026-09-06T14:25:08.416291+00:00,0.118,VALID,valid,,a9ff4a5e1dc0fea65b63e2b366814c1860f04110,a1d260b660c93e47a466deb9c00f26c880973356f7da4eda00cb8ec57cab044d,raw/E08-independent-20260930-20260906T142508339959Z
a000655,E08-independent-20260931-20260906T142508472485Z,E08,independent,20260931,default,primary,2026-09-06T14:25:08.428930+00:00,2026-09-06T14:25:08.406800+00:00,0.113,VALID,valid,,a9ff4a5e1dc0fea65b63e2b366814c1860f04110,a1d260b660c93e47a466deb9c00f26c880973356f7da4eda00cb8ec57cab044d,raw/E08-independent-20260931-20260906T142508472485Z
a000656,E08-independent-20260932-20260906T142508459812Z,E08,independent,20260932,default,primary,2026-09-06T14:25:08.418585+00:00,2026-09-06T14:25:08.536338+00:00,0.118,VALID,valid,,a9ff4a5e1dc0fea65b63e2b366814c1860f04110,a1d260b660c93e47a466deb9c00f26c880973356f7da4eda00cb8ec57cab044d,raw/E08-independent-20260932-20260906T142508459812Z
a000657,E08-independent-20260933-20260906T142508588740Z,E08,independent,20260933,default,primary,2026-09-06T14:25:08.547964+00:00,2026-09-06T14:25:08.664877+00:00,0.117,VALID,valid,,a9ff4a5e1dc0fea65b63e2b366814c1860f04110,a1d260b660c93e47a466deb9c00f26c880973356f7da4eda00cb8ec57cab044d,raw/E08-independent-20260933-20260906T142508588740Z
a000658,E08-independent-20260934-20260906T142508717692Z,E08,independent,20260934,default,primary,2026-09-06T14:25:08.676322+00:00,2026-09-06T14:25:08.777273+00:00,0.101,VALID,valid,,a9ff4a5e1dc0fea65b63e2b366814c1860f04110,a1d260b660c93e47a466deb9c00f26c880973356f7da4eda00cb8ec57cab044d,raw/E08-independent-20260934-20260906T142508717692Z
a000659,E08-independent-20260935-20260906T142508830629Z,E08,independent,20260935,default,primary,2026-09-06T14:25:08.788838+00:00,2026-09-06T14:25:08.906950+00:00,0.118,VALID,valid,,a9ff4a5e1dc0fea65b63e2b366814c1860f04110,a1d260b660c93e47a466deb9c00f26c880973356f7da4eda00cb8ec57cab044d,raw/E08-independent-20260935-20260906T142508830629Z
a000660,E08-independent-20260936-20260906T142508960816Z,E08,independent,20260936,default,primary,2026-09-06T14:25:08.919169+00:00,2026-09-06T14:25:09.039180+00:00,0.12,VALID,valid,,a9ff4a5e1dc0fea65b63e2b366814c1860f04110,a1d260b660c93e47a466deb9c00f26c880973356f7da4eda00cb8ec57cab044d,raw/E08-independent-20260936-20260906T142508960816Z
a000661,E08-static_continuity-20260907-20260906T142509093360Z,E08,static_continuity,20260907,default,primary,2026-09-06T14:25:09.051018+00:00,2026-09-06T14:25:09.166760+00:00,0.116,VALID,valid,,a9ff4a5e1dc0fea65b63e2b366814c1860f04110,a1d260b660c93e47a466deb9c00f26c880973356f7da4eda00cb8ec57cab044d,raw/E08-static_continuity-20260907-20260906T142509093360Z
a000662,E08-static_continuity-20260908-20260906T142509220774Z,E08,static_continuity,20260908,default,primary,2026-09-06T14:25:09.178577+00:00,2026-09-06T14:25:09.294568+00:00,0.116,VALID,valid,,a9ff4a5e1dc0fea65b63e2b366814c1860f04110,a1d260b660c93e47a466deb9c00f26c880973356f7da4eda00cb8ec57cab044d,raw/E08-static_continuity-20260908-20260906T142509220774Z
a000663,E08-static_continuity-20260909-20260906T142509348260Z,E08,static_continuity,20260909,default,primary,2026-09-06T14:25:09.306465+00:00,2026-09-06T14:25:09.425093+00:00,0.119,VALID,valid,,a9ff4a5e1dc0fea65b63e2b366814c1860f04110,a1d260b660c93e47a466deb9c00f26c880973356f7da4eda00cb8ec57cab044d,raw/E08-static_continuity-20260909-20260906T142509348260Z
a000664,E08-static_continuity-20260910-20260906T142509478244Z,E08,static_continuity,20260910,default,primary,2026-09-06T14:25:09.436636+00:00,2026-09-06T14:25:09.554570+00:00,0.118,VALID,valid,,a9ff4a5e1dc0fea65b63e2b366814c1860f04110,a1d260b660c93e47a466deb9c00f26c880973356f7da4eda00cb8ec57cab044d,raw/E08-static_continuity-20260910-20260906T142509478244Z
a000665,E08-static_continuity-20260911-20260906T142509608934Z,E08,static_continuity,20260911,default,primary,2026-09-06T14:25:09.567181+00:00,2026-09-06T14:25:09.683569+00:00,0.116,VALID,valid,,a9ff4a5e1dc0fea65b63e2b366814c1860f04110,a1d260b660c93e47a466deb9c00f26c880973356f7da4eda00cb8ec57cab044d,raw/E08-static_continuity-20260911-20260906T142509608934Z
a000666,E08-static_continuity-20260912-20260906T142509738573Z,E08,static_continuity,20260912,default,primary,2026-09-06T14:25:09.696229+00:00,2026-09-06T14:25:09.817255+00:00,0.121,VALID,valid,,a9ff4a5e1dc0fea65b63e2b366814c1860f04110,a1d260b660c93e47a466deb9c00f26c880973356f7da4eda00cb8ec57cab044d,raw/E08-static_continuity-20260912-20260906T142509738573Z
a000667,E08-static_continuity-20260913-20260906T142509871836Z,E08,static_continuity,20260913,default,primary,2026-09-06T14:25:09.829398+00:00,2026-09-06T14:25:09.947793+00:00,0.118,VALID,valid,,a9ff4a5e1dc0fea65b63e2b366814c1860f04110,a1d260b660c93e47a466deb9c00f26c880973356f7da4eda00cb8ec57cab044d,raw/E08-static_continuity-20260913-20260906T142509871836Z
a000668,E08-static_continuity-20260914-20260906T142510003665Z,E08,static_continuity,20260914,default,primary,2026-09-06T14:25:09.959453+00:00,2026-09-06T14:25:10.073775+00:00,0.114,VALID,valid,,a9ff4a5e1dc0fea65b63e2b366814c1860f04110,a1d260b660c93e47a466deb9c00f26c880973356f7da4eda00cb8ec57cab044d,raw/E08-static_continuity-20260914-20260906T142510003665Z
a000669,E08-static_continuity-20260915-20260906T142510131393Z,E08,static_continuity,20260915,default,primary,2026-09-06T14:25:10.087171+00:00,2026-09-06T14:25:10.215477+00:00,0.128,VALID,valid,,a9ff4a5e1dc0fea65b63e2b366814c1860f04110,a1d260b660c93e47a466deb9c00f26c880973356f7da4eda00cb8ec57cab044d,raw/E08-static_continuity-20260915-20260906T142510131393Z
a000670,E08-static_continuity-20260916-20260906T142510269257Z,E08,static_continuity,20260916,default,primary,2026-09-06T14:25:10.227259+00:00,2026-09-06T14:25:10.348519+00:00,0.121,VALID,valid,,a9ff4a5e1dc0fea65b63e2b366814c1860f04110,a1d260b660c93e47a466deb9c00f26c880973356f7da4eda00cb8ec57cab044d,raw/E08-static_continuity-20260916-20260906T142510269257Z
a000671,E08-static_continuity-20260917-20260906T142510402875Z,E08,static_continuity,20260917,default,primary,2026-09-06T14:25:10.360660+00:00,2026-09-06T14:25:10.468426+00:00,0.108,VALID,valid,,a9ff4a5e1dc0fea65b63e2b366814c1860f04110,a1d260b660c93e47a466deb9c00f26c880973356f7da4eda00cb8ec57cab044d,raw/E08-static_continuity-20260917-20260906T142510402875Z
a000672,E08-static_continuity-20260918-20260906T142510522679Z,E08,static_continuity,20260918,default,primary,2026-09-06T14:25:10.479813+00:00,2026-09-06T14:25:10.602126+00:00,0.122,VALID,valid,,a9ff4a5e1dc0fea65b63e2b366814c1860f04110,a1d260b660c93e47a466deb9c00f26c880973356f7da4eda00cb8ec57cab044d,raw/E08-static_continuity-20260918-20260906T142510522679Z
a000673,E08-static_continuity-20260919-20260906T142510656688Z,E08,static_continuity,20260919,default,primary,2026-09-06T14:25:10.614757+00:00,2026-09-06T14:25:10.739882+00:00,0.125,VALID,valid,,a9ff4a5e1dc0fea65b63e2b366814c1860f04110,a1d260b660c93e47a466deb9c00f26c880973356f7da4eda00cb8ec57cab044d,raw/E08-static_continuity-20260919-20260906T142510656688Z
a000674,E08-static_continuity-20260920-20260906T142510795110Z,E08,static_continuity,20260920,default,primary,2026-09-06T14:25:10.751598+00:00,2026-09-06T14:25:10.872039+00:00,0.12,VALID,valid,,a9ff4a5e1dc0fea65b63e2b366814c1860f04110,a1d260b660c93e47a466deb9c00f26c880973356f7da4eda00cb8ec57cab044d,raw/E08-static_continuity-20260920-20260906T142510795110Z
a000675,E08-static_continuity-20260921-20260906T142510926154Z,E08,static_continuity,20260921,default,primary,2026-09-06T14:25:10.883886+00:00,2026-09-06T14:25:11.005619+00:00,0.122,VALID,valid,,a9ff4a5e1dc0fea65b63e2b366814c1860f04110,a1d260b660c93e47a466deb9c00f26c880973356f7da4eda00cb8ec57cab044d,raw/E08-static_continuity-20260921-20260906T142510926154Z
a000676,E08-static_continuity-20260922-20260906T142511059236Z,E08,static_continuity,20260922,default,primary,2026-09-06T14:25:11.017373+00:00,2026-09-06T14:25:11.137519+00:00,0.12,VALID,valid,,a9ff4a5e1dc0fea65b63e2b366814c1860f04110,a1d260b660c93e47a466deb9c00f26c880973356f7da4eda00cb8ec57cab044d,raw/E08-static_continuity-20260922-20260906T142511059236Z
a000677,E08-static_continuity-20260923-20260906T142511191881Z,E08,static_continuity,20260923,default,primary,2026-09-06T14:25:11.149091+00:00,2026-09-06T14:25:11.260975+00:00,0.112,VALID,valid,,a9ff4a5e1dc0fea65b63e2b366814c1860f04110,a1d260b660c93e47a466deb9c00f26c880973356f7da4eda00cb8ec57cab044d,raw/E08-static_continuity-20260923-20260906T142511191881Z
a000678,E08-static_continuity-20260924-20260906T142511317494Z,E08,static_continuity,20260924,default,primary,2026-09-06T14:25:11.272960+00:00,2026-09-06T14:25:11.395547+00:00,0.123,VALID,valid,,a9ff4a5e1dc0fea65b63e2b366814c1860f04110,a1d260b660c93e47a466deb9c00f26c880973356f7da4eda00cb8ec57cab044d,raw/E08-static_continuity-20260924-20260906T142511317494Z
a000679,E08-static_continuity-20260925-20260906T142511450157Z,E08,static_continuity,20260925,default,primary,2026-09-06T14:25:11.407938+00:00,2026-09-06T14:25:11.531668+00:00,0.124,VALID,valid,,a9ff4a5e1dc0fea65b63e2b366814c1860f04110,a1d260b660c93e47a466deb9c00f26c880973356f7da4eda00cb8ec57cab044d,raw/E08-static_continuity-20260925-20260906T142511450157Z
a000680,E08-static_continuity-20260926-20260906T142511587201Z,E08,static_continuity,20260926,default,primary,2026-09-06T14:25:11.544436+00:00,2026-09-06T14:25:11.659821+00:00,0.115,VALID,valid,,a9ff4a5e1dc0fea65b63e2b366814c1860f04110,a1d260b660c93e47a466deb9c00f26c880973356f7da4eda00cb8ec57cab044d,raw/E08-static_continuity-20260926-20260906T142511587201Z
a000681,E08-static_continuity-20260927-20260906T142511714098Z,E08,static_continuity,20260927,default,primary,2026-09-06T14:25:11.671650+00:00,2026-09-06T14:25:11.796454+00:00,0.125,VALID,valid,,a9ff4a5e1dc0fea65b63e2b366814c1860f04110,a1d260b660c93e47a466deb9c00f26c880973356f7da4eda00cb8ec57cab044d,raw/E08-static_continuity-20260927-20260906T142511714098Z
a000682,E08-static_continuity-20260928-20260906T142511850488Z,E08,static_continuity,20260928,default,primary,2026-09-06T14:25:11.808275+00:00,2026-09-06T14:25:11.930381+00:00,0.122,VALID,valid,,a9ff4a5e1dc0fea65b63e2b366814c1860f04110,a1d260b660c93e47a466deb9c00f26c880973356f7da4eda00cb8ec57cab044d,raw/E08-static_continuity-20260928-20260906T142511850488Z
a000683,E08-static_continuity-20260929-20260906T142511984705Z,E08,static_continuity,20260929,default,primary,2026-09-06T14:25:11.942883+00:00,2026-09-06T14:25:12.065659+00:00,0.123,VALID,valid,,a9ff4a5e1dc0fea65b63e2b366814c1860f04110,a1d260b660c93e47a466deb9c00f26c880973356f7da4eda00cb8ec57cab044d,raw/E08-static_continuity-20260929-20260906T142511984705Z
a000684,E08-static_continuity-20260930-20260906T142512119634Z,E08,static_continuity,20260930,default,primary,2026-09-06T14:25:12.078097+00:00,2026-09-06T14:25:12.186832+00:00,0.109,VALID,valid,,a9ff4a5e1dc0fea65b63e2b366814c1860f04110,a1d260b660c93e47a466deb9c00f26c880973356f7da4eda00cb8ec57cab044d,raw/E08-static_continuity-20260930-20260906T142512119634Z
a000685,E08-static_continuity-20260931-20260906T142512240159Z,E08,static_continuity,20260931,default,primary,2026-09-06T14:25:12.198409+00:00,2026-09-06T14:25:12.314017+00:00,0.116,VALID,valid,,a9ff4a5e1dc0fea65b63e2b366814c1860f04110,a1d260b660c93e47a466deb9c00f26c880973356f7da4eda00cb8ec57cab044d,raw/E08-static_continuity-20260931-20260906T142512240159Z
a000686,E08-static_continuity-20260932-20260906T142512366861Z,E08,static_continuity,20260932,default,primary,2026-09-06T14:25:12.325327+00:00,2026-09-06T14:25:12.441018+00:00,0.116,VALID,valid,,a9ff4a5e1dc0fea65b63e2b366814c1860f04110,a1d260b660c93e47a466deb9c00f26c880973356f7da4eda00cb8ec57cab044d,raw/E08-static_continuity-20260932-20260906T142512366861Z
a000687,E08-static_continuity-20260933-20260906T142512494525Z,E08,static_continuity,20260933,default,primary,2026-09-06T14:25:12.452624+00:00,2026-09-06T14:25:12.575580+00:00,0.123,VALID,valid,,a9ff4a5e1dc0fea65b63e2b366814c1860f04110,a1d260b660c93e47a466deb9c00f26c880973356f7da4eda00cb8ec57cab044d,raw/E08-static_continuity-20260933-20260906T142512494525Z
a000688,E08-static_continuity-20260934-20260906T142512629449Z,E08,static_continuity,20260934,default,primary,2026-09-06T14:25:12.587699+00:00,2026-09-06T14:25:12.707345+00:00,0.12,VALID,valid,,a9ff4a5e1dc0fea65b63e2b366814c1860f04110,a1d260b660c93e47a466deb9c00f26c880973356f7da4eda00cb8ec57cab044d,raw/E08-static_continuity-20260934-20260906T142512629449Z
a000689,E08-static_continuity-20260935-20260906T142512765303Z,E08,static_continuity,20260935,default,primary,2026-09-06T14:25:12.719818+00:00,2026-09-06T14:25:12.831097+00:00,0.111,VALID,valid,,a9ff4a5e1dc0fea65b63e2b366814c1860f04110,a1d260b660c93e47a466deb9c00f26c880973356f7da4eda00cb8ec57cab044d,raw/E08-static_continuity-20260935-20260906T142512765303Z
a000690,E08-static_continuity-20260936-20260906T142512886068Z,E08,static_continuity,20260936,default,primary,2026-09-06T14:25:12.843399+00:00,2026-09-06T14:25:12.959819+00:00,0.116,VALID,valid,,a9ff4a5e1dc0fea65b63e2b366814c1860f04110,a1d260b660c93e47a466deb9c00f26c880973356f7da4eda00cb8ec57cab044d,raw/E08-static_continuity-20260936-20260906T142512886068Z
a000691,E08-ca_ztcf-20260907-20260906T142513013465Z,E08,ca_ztcf,20260907,default,primary,2026-09-06T14:25:12.971580+00:00,2026-09-06T14:25:13.079255+00:00,0.108,VALID,valid,,a9ff4a5e1dc0fea65b63e2b366814c1860f04110,a1d260b660c93e47a466deb9c00f26c880973356f7da4eda00cb8ec57cab044d,raw/E08-ca_ztcf-20260907-20260906T142513013465Z
a000692,E08-ca_ztcf-20260908-20260906T142513132423Z,E08,ca_ztcf,20260908,default,primary,2026-09-06T14:25:13.090950+00:00,2026-09-06T14:25:13.202805+00:00,0.112,VALID,valid,,a9ff4a5e1dc0fea65b63e2b366814c1860f04110,a1d260b660c93e47a466deb9c00f26c880973356f7da4eda00cb8ec57cab044d,raw/E08-ca_ztcf-20260908-20260906T142513132423Z
a000693,E08-ca_ztcf-20260909-20260906T142513255757Z,E08,ca_ztcf,20260909,default,primary,2026-09-06T14:25:13.214564+00:00,2026-09-06T14:25:13.337637+00:00,0.123,VALID,valid,,a9ff4a5e1dc0fea65b63e2b366814c1860f04110,a1d260b660c93e47a466deb9c00f26c880973356f7da4eda00cb8ec57cab044d,raw/E08-ca_ztcf-20260909-20260906T142513255757Z
a000694,E08-ca_ztcf-20260910-20260906T142513391139Z,E08,ca_ztcf,20260910,default,primary,2026-09-06T14:25:13.349285+00:00,2026-09-06T14:25:13.473893+00:00,0.125,VALID,valid,,a9ff4a5e1dc0fea65b63e2b366814c1860f04110,a1d260b660c93e47a466deb9c00f26c880973356f7da4eda00cb8ec57cab044d,raw/E08-ca_ztcf-20260910-20260906T142513391139Z
a000695,E08-ca_ztcf-20260911-20260906T142513527086Z,E08,ca_ztcf,20260911,default,primary,2026-09-06T14:25:13.485598+00:00,2026-09-06T14:25:13.603153+00:00,0.118,VALID,valid,,a9ff4a5e1dc0fea65b63e2b366814c1860f04110,a1d260b660c93e47a466deb9c00f26c880973356f7da4eda00cb8ec57cab044d,raw/E08-ca_ztcf-20260911-20260906T142513527086Z
a000696,E08-ca_ztcf-20260912-20260906T142513657266Z,E08,ca_ztcf,20260912,default,primary,2026-09-06T14:25:13.615318+00:00,2026-09-06T14:25:13.732274+00:00,0.117,VALID,valid,,a9ff4a5e1dc0fea65b63e2b366814c1860f04110,a1d260b660c93e47a466deb9c00f26c880973356f7da4eda00cb8ec57cab044d,raw/E08-ca_ztcf-20260912-20260906T142513657266Z
a000697,E08-ca_ztcf-20260913-20260906T142513787960Z,E08,ca_ztcf,20260913,default,primary,2026-09-06T14:25:13.745475+00:00,2026-09-06T14:25:13.850916+00:00,0.105,VALID,valid,,a9ff4a5e1dc0fea65b63e2b366814c1860f04110,a1d260b660c93e47a466deb9c00f26c880973356f7da4eda00cb8ec57cab044d,raw/E08-ca_ztcf-20260913-20260906T142513787960Z
a000698,E08-ca_ztcf-20260914-20260906T142513925830Z,E08,ca_ztcf,20260914,default,primary,2026-09-06T14:25:13.862313+00:00,2026-09-06T14:25:13.993511+00:00,0.131,VALID,valid,,a9ff4a5e1dc0fea65b63e2b366814c1860f04110,a1d260b660c93e47a466deb9c00f26c880973356f7da4eda00cb8ec57cab044d,raw/E08-ca_ztcf-20260914-20260906T142513925830Z
a000699,E08-ca_ztcf-20260915-20260906T142514049396Z,E08,ca_ztcf,20260915,default,primary,2026-09-06T14:25:14.006333+00:00,2026-09-06T14:25:14.127240+00:00,0.121,VALID,valid,,a9ff4a5e1dc0fea65b63e2b366814c1860f04110,a1d260b660c93e47a466deb9c00f26c880973356f7da4eda00cb8ec57cab044d,raw/E08-ca_ztcf-20260915-20260906T142514049396Z
a000700,E08-ca_ztcf-20260916-20260906T142514181949Z,E08,ca_ztcf,20260916,default,primary,2026-09-06T14:25:14.139272+00:00,2026-09-06T14:25:14.256370+00:00,0.117,VALID,valid,,a9ff4a5e1dc0fea65b63e2b366814c1860f04110,a1d260b660c93e47a466deb9c00f26c880973356f7da4eda00cb8ec57cab044d,raw/E08-ca_ztcf-20260916-20260906T142514181949Z
a000701,E08-ca_ztcf-20260917-20260906T142514310645Z,E08,ca_ztcf,20260917,default,primary,2026-09-06T14:25:14.269013+00:00,2026-09-06T14:25:14.391716+00:00,0.123,VALID,valid,,a9ff4a5e1dc0fea65b63e2b366814c1860f04110,a1d260b660c93e47a466deb9c00f26c880973356f7da4eda00cb8ec57cab044d,raw/E08-ca_ztcf-20260917-20260906T142514310645Z
a000702,E08-ca_ztcf-20260918-20260906T142514446204Z,E08,ca_ztcf,20260918,default,primary,2026-09-06T14:25:14.404157+00:00,2026-09-06T14:25:14.524253+00:00,0.12,VALID,valid,,a9ff4a5e1dc0fea65b63e2b366814c1860f04110,a1d260b660c93e47a466deb9c00f26c880973356f7da4eda00cb8ec57cab044d,raw/E08-ca_ztcf-20260918-20260906T142514446204Z
a000703,E08-ca_ztcf-20260919-20260906T142514577267Z,E08,ca_ztcf,20260919,default,primary,2026-09-06T14:25:14.535582+00:00,2026-09-06T14:25:14.647239+00:00,0.112,VALID,valid,,a9ff4a5e1dc0fea65b63e2b366814c1860f04110,a1d260b660c93e47a466deb9c00f26c880973356f7da4eda00cb8ec57cab044d,raw/E08-ca_ztcf-20260919-20260906T142514577267Z
a000704,E08-ca_ztcf-20260920-20260906T142514701002Z,E08,ca_ztcf,20260920,default,primary,2026-09-06T14:25:14.658925+00:00,2026-09-06T14:25:14.778912+00:00,0.12,VALID,valid,,a9ff4a5e1dc0fea65b63e2b366814c1860f04110,a1d260b660c93e47a466deb9c00f26c880973356f7da4eda00cb8ec57cab044d,raw/E08-ca_ztcf-20260920-20260906T142514701002Z
a000705,E08-ca_ztcf-20260921-20260906T142514832635Z,E08,ca_ztcf,20260921,default,primary,2026-09-06T14:25:14.790590+00:00,2026-09-06T14:25:14.915536+00:00,0.125,VALID,valid,,a9ff4a5e1dc0fea65b63e2b366814c1860f04110,a1d260b660c93e47a466deb9c00f26c880973356f7da4eda00cb8ec57cab044d,raw/E08-ca_ztcf-20260921-20260906T142514832635Z
a000706,E08-ca_ztcf-20260922-20260906T142514969812Z,E08,ca_ztcf,20260922,default,primary,2026-09-06T14:25:14.927646+00:00,2026-09-06T14:25:15.044987+00:00,0.117,VALID,valid,,a9ff4a5e1dc0fea65b63e2b366814c1860f04110,a1d260b660c93e47a466deb9c00f26c880973356f7da4eda00cb8ec57cab044d,raw/E08-ca_ztcf-20260922-20260906T142514969812Z
a000707,E08-ca_ztcf-20260923-20260906T142515097879Z,E08,ca_ztcf,20260923,default,primary,2026-09-06T14:25:15.056577+00:00,2026-09-06T14:25:15.171924+00:00,0.115,VALID,valid,,a9ff4a5e1dc0fea65b63e2b366814c1860f04110,a1d260b660c93e47a466deb9c00f26c880973356f7da4eda00cb8ec57cab044d,raw/E08-ca_ztcf-20260923-20260906T142515097879Z
a000708,E08-ca_ztcf-20260924-20260906T142515225254Z,E08,ca_ztcf,20260924,default,primary,2026-09-06T14:25:15.183890+00:00,2026-09-06T14:25:15.287433+00:00,0.104,VALID,valid,,a9ff4a5e1dc0fea65b63e2b366814c1860f04110,a1d260b660c93e47a466deb9c00f26c880973356f7da4eda00cb8ec57cab044d,raw/E08-ca_ztcf-20260924-20260906T142515225254Z
a000709,E08-ca_ztcf-20260925-20260906T142515340278Z,E08,ca_ztcf,20260925,default,primary,2026-09-06T14:25:15.298847+00:00,2026-09-06T14:25:15.422986+00:00,0.124,VALID,valid,,a9ff4a5e1dc0fea65b63e2b366814c1860f04110,a1d260b660c93e47a466deb9c00f26c880973356f7da4eda00cb8ec57cab044d,raw/E08-ca_ztcf-20260925-20260906T142515340278Z
a000710,E08-ca_ztcf-20260926-20260906T142515476490Z,E08,ca_ztcf,20260926,default,primary,2026-09-06T14:25:15.434796+00:00,2026-09-06T14:25:15.544243+00:00,0.109,VALID,valid,,a9ff4a5e1dc0fea65b63e2b366814c1860f04110,a1d260b660c93e47a466deb9c00f26c880973356f7da4eda00cb8ec57cab044d,raw/E08-ca_ztcf-20260926-20260906T142515476490Z
a000711,E08-ca_ztcf-20260927-20260906T142515598360Z,E08,ca_ztcf,20260927,default,primary,2026-09-06T14:25:15.556313+00:00,2026-09-06T14:25:15.671422+00:00,0.115,VALID,valid,,a9ff4a5e1dc0fea65b63e2b366814c1860f04110,a1d260b660c93e47a466deb9c00f26c880973356f7da4eda00cb8ec57cab044d,raw/E08-ca_ztcf-20260927-20260906T142515598360Z
a000712,E08-ca_ztcf-20260928-20260906T142515725004Z,E08,ca_ztcf,20260928,default,primary,2026-09-06T14:25:15.683622+00:00,2026-09-06T14:25:15.791304+00:00,0.108,VALID,valid,,a9ff4a5e1dc0fea65b63e2b366814c1860f04110,a1d260b660c93e47a466deb9c00f26c880973356f7da4eda00cb8ec57cab044d,raw/E08-ca_ztcf-20260928-20260906T142515725004Z
a000713,E08-ca_ztcf-20260929-20260906T142515844775Z,E08,ca_ztcf,20260929,default,primary,2026-09-06T14:25:15.802856+00:00,2026-09-06T14:25:15.918388+00:00,0.116,VALID,valid,,a9ff4a5e1dc0fea65b63e2b366814c1860f04110,a1d260b660c93e47a466deb9c00f26c880973356f7da4eda00cb8ec57cab044d,raw/E08-ca_ztcf-20260929-20260906T142515844775Z
a000714,E08-ca_ztcf-20260930-20260906T142515973466Z,E08,ca_ztcf,20260930,default,primary,2026-09-06T14:25:15.930177+00:00,2026-09-06T14:25:16.050165+00:00,0.12,VALID,valid,,a9ff4a5e1dc0fea65b63e2b366814c1860f04110,a1d260b660c93e47a466deb9c00f26c880973356f7da4eda00cb8ec57cab044d,raw/E08-ca_ztcf-20260930-20260906T142515973466Z
a000715,E08-ca_ztcf-20260931-20260906T142516103272Z,E08,ca_ztcf,20260931,default,primary,2026-09-06T14:25:16.061444+00:00,2026-09-06T14:25:16.177792+00:00,0.116,VALID,valid,,a9ff4a5e1dc0fea65b63e2b366814c1860f04110,a1d260b660c93e47a466deb9c00f26c880973356f7da4eda00cb8ec57cab044d,raw/E08-ca_ztcf-20260931-20260906T142516103272Z
a000716,E08-ca_ztcf-20260932-20260906T142516233758Z,E08,ca_ztcf,20260932,default,primary,2026-09-06T14:25:16.190872+00:00,2026-09-06T14:25:16.305378+00:00,0.114,VALID,valid,,a9ff4a5e1dc0fea65b63e2b366814c1860f04110,a1d260b660c93e47a466deb9c00f26c880973356f7da4eda00cb8ec57cab044d,raw/E08-ca_ztcf-20260932-20260906T142516233758Z
a000717,E08-ca_ztcf-20260933-20260906T142516359799Z,E08,ca_ztcf,20260933,default,primary,2026-09-06T14:25:16.317835+00:00,2026-09-06T14:25:16.442186+00:00,0.124,VALID,valid,,a9ff4a5e1dc0fea65b63e2b366814c1860f04110,a1d260b660c93e47a466deb9c00f26c880973356f7da4eda00cb8ec57cab044d,raw/E08-ca_ztcf-20260933-20260906T142516359799Z
a000718,E08-ca_ztcf-20260934-20260906T142516496519Z,E08,ca_ztcf,20260934,default,primary,2026-09-06T14:25:16.454701+00:00,2026-09-06T14:25:16.577698+00:00,0.123,VALID,valid,,a9ff4a5e1dc0fea65b63e2b366814c1860f04110,a1d260b660c93e47a466deb9c00f26c880973356f7da4eda00cb8ec57cab044d,raw/E08-ca_ztcf-20260934-20260906T142516496519Z
a000719,E08-ca_ztcf-20260935-20260906T142516632831Z,E08,ca_ztcf,20260935,default,primary,2026-09-06T14:25:16.590000+00:00,2026-09-06T14:25:16.710431+00:00,0.12,VALID,valid,,a9ff4a5e1dc0fea65b63e2b366814c1860f04110,a1d260b660c93e47a466deb9c00f26c880973356f7da4eda00cb8ec57cab044d,raw/E08-ca_ztcf-20260935-20260906T142516632831Z
a000720,E08-ca_ztcf-20260936-20260906T142516765138Z,E08,ca_ztcf,20260936,default,primary,2026-09-06T14:25:16.722880+00:00,2026-09-06T14:25:16.839109+00:00,0.116,VALID,valid,,a9ff4a5e1dc0fea65b63e2b366814c1860f04110,a1d260b660c93e47a466deb9c00f26c880973356f7da4eda00cb8ec57cab044d,raw/E08-ca_ztcf-20260936-20260906T142516765138Z
a000721,E09-independent-20260907-20260906T142516892302Z,E09,independent,20260907,default,primary,2026-09-06T14:25:16.850696+00:00,2026-09-06T14:25:16.969706+00:00,0.119,VALID,valid,,a9ff4a5e1dc0fea65b63e2b366814c1860f04110,a1d260b660c93e47a466deb9c00f26c880973356f7da4eda00cb8ec57cab044d,raw/E09-independent-20260907-20260906T142516892302Z
a000722,E09-independent-20260908-20260906T142517023669Z,E09,independent,20260908,default,primary,2026-09-06T14:25:16.981641+00:00,2026-09-06T14:25:17.105299+00:00,0.124,VALID,valid,,a9ff4a5e1dc0fea65b63e2b366814c1860f04110,a1d260b660c93e47a466deb9c00f26c880973356f7da4eda00cb8ec57cab044d,raw/E09-independent-20260908-20260906T142517023669Z
a000723,E09-independent-20260909-20260906T142517159573Z,E09,independent,20260909,default,primary,2026-09-06T14:25:17.117259+00:00,2026-09-06T14:25:17.232245+00:00,0.115,VALID,valid,,a9ff4a5e1dc0fea65b63e2b366814c1860f04110,a1d260b660c93e47a466deb9c00f26c880973356f7da4eda00cb8ec57cab044d,raw/E09-independent-20260909-20260906T142517159573Z
a000724,E09-independent-20260910-20260906T142517286230Z,E09,independent,20260910,default,primary,2026-09-06T14:25:17.243804+00:00,2026-09-06T14:25:17.362127+00:00,0.118,VALID,valid,,a9ff4a5e1dc0fea65b63e2b366814c1860f04110,a1d260b660c93e47a466deb9c00f26c880973356f7da4eda00cb8ec57cab044d,raw/E09-independent-20260910-20260906T142517286230Z
a000725,E09-independent-20260911-20260906T142517416259Z,E09,independent,20260911,default,primary,2026-09-06T14:25:17.374540+00:00,2026-09-06T14:25:17.491426+00:00,0.117,VALID,valid,,a9ff4a5e1dc0fea65b63e2b366814c1860f04110,a1d260b660c93e47a466deb9c00f26c880973356f7da4eda00cb8ec57cab044d,raw/E09-independent-20260911-20260906T142517416259Z
a000726,E09-independent-20260912-20260906T142517545637Z,E09,independent,20260912,default,primary,2026-09-06T14:25:17.503981+00:00,2026-09-06T14:25:17.610835+00:00,0.107,VALID,valid,,a9ff4a5e1dc0fea65b63e2b366814c1860f04110,a1d260b660c93e47a466deb9c00f26c880973356f7da4eda00cb8ec57cab044d,raw/E09-independent-20260912-20260906T142517545637Z
a000727,E09-independent-20260913-20260906T142517665646Z,E09,independent,20260913,default,primary,2026-09-06T14:25:17.623833+00:00,2026-09-06T14:25:17.745228+00:00,0.121,VALID,valid,,a9ff4a5e1dc0fea65b63e2b366814c1860f04110,a1d260b660c93e47a466deb9c00f26c880973356f7da4eda00cb8ec57cab044d,raw/E09-independent-20260913-20260906T142517665646Z
a000728,E09-independent-20260914-20260906T142517798411Z,E09,independent,20260914,default,primary,2026-09-06T14:25:17.757006+00:00,2026-09-06T14:25:17.874331+00:00,0.117,VALID,valid,,a9ff4a5e1dc0fea65b63e2b366814c1860f04110,a1d260b660c93e47a466deb9c00f26c880973356f7da4eda00cb8ec57cab044d,raw/E09-independent-20260914-20260906T142517798411Z
a000729,E09-independent-20260915-20260906T142517929162Z,E09,independent,20260915,default,primary,2026-09-06T14:25:17.886853+00:00,2026-09-06T14:25:18.009051+00:00,0.122,VALID,valid,,a9ff4a5e1dc0fea65b63e2b366814c1860f04110,a1d260b660c93e47a466deb9c00f26c880973356f7da4eda00cb8ec57cab044d,raw/E09-independent-20260915-20260906T142517929162Z
a000730,E09-independent-20260916-20260906T142518063435Z,E09,independent,20260916,default,primary,2026-09-06T14:25:18.021733+00:00,2026-09-06T14:25:18.138452+00:00,0.117,VALID,valid,,a9ff4a5e1dc0fea65b63e2b366814c1860f04110,a1d260b660c93e47a466deb9c00f26c880973356f7da4eda00cb8ec57cab044d,raw/E09-independent-20260916-20260906T142518063435Z
a000731,E09-independent-20260917-20260906T142518192335Z,E09,independent,20260917,default,primary,2026-09-06T14:25:18.149907+00:00,2026-09-06T14:25:18.267860+00:00,0.118,VALID,valid,,a9ff4a5e1dc0fea65b63e2b366814c1860f04110,a1d260b660c93e47a466deb9c00f26c880973356f7da4eda00cb8ec57cab044d,raw/E09-independent-20260917-20260906T142518192335Z
a000732,E09-independent-20260918-20260906T142518322779Z,E09,independent,20260918,default,primary,2026-09-06T14:25:18.280345+00:00,2026-09-06T14:25:18.388808+00:00,0.108,VALID,valid,,a9ff4a5e1dc0fea65b63e2b366814c1860f04110,a1d260b660c93e47a466deb9c00f26c880973356f7da4eda00cb8ec57cab044d,raw/E09-independent-20260918-20260906T142518322779Z
a000733,E09-independent-20260919-20260906T142518447360Z,E09,independent,20260919,default,primary,2026-09-06T14:25:18.400429+00:00,2026-09-06T14:25:18.402698+00:00,0.133,VALID,valid,,a9ff4a5e1dc0fea65b63e2b366814c1860f04110,a1d260b660c93e47a466deb9c00f26c880973356f7da4eda00cb8ec57cab044d,raw/E09-independent-20260919-20260906T142518447360Z
a000734,E09-independent-20260920-20260906T142518456641Z,E09,independent,20260920,default,primary,2026-09-06T14:25:18.414171+00:00,2026-09-06T14:25:18.539268+00:00,0.125,VALID,valid,,a9ff4a5e1dc0fea65b63e2b366814c1860f04110,a1d260b660c93e47a466deb9c00f26c880973356f7da4eda00cb8ec57cab044d,raw/E09-independent-20260920-20260906T142518456641Z
a000735,E09-independent-20260921-20260906T142518593144Z,E09,independent,20260921,default,primary,2026-09-06T14:25:18.551246+00:00,2026-09-06T14:25:18.671109+00:00,0.12,VALID,valid,,a9ff4a5e1dc0fea65b63e2b366814c1860f04110,a1d260b660c93e47a466deb9c00f26c880973356f7da4eda00cb8ec57cab044d,raw/E09-independent-20260921-20260906T142518593144Z
a000736,E09-independent-20260922-20260906T142518724878Z,E09,independent,20260922,default,primary,2026-09-06T14:25:18.683424+00:00,2026-09-06T14:25:18.801738+00:00,0.118,VALID,valid,,a9ff4a5e1dc0fea65b63e2b366814c1860f04110,a1d260b660c93e47a466deb9c00f26c880973356f7da4eda00cb8ec57cab044d,raw/E09-independent-20260922-20260906T142518724878Z
a000737,E09-independent-20260923-20260906T142518857979Z,E09,independent,20260923,default,primary,2026-09-06T14:25:18.813665+00:00,2026-09-06T14:25:18.935776+00:00,0.122,VALID,valid,,a9ff4a5e1dc0fea65b63e2b366814c1860f04110,a1d260b660c93e47a466deb9c00f26c880973356f7da4eda00cb8ec57cab044d,raw/E09-independent-20260923-20260906T142518857979Z
a000738,E09-independent-20260924-20260906T142518988798Z,E09,independent,20260924,default,primary,2026-09-06T14:25:18.947114+00:00,2026-09-06T14:25:19.066534+00:00,0.119,VALID,valid,,a9ff4a5e1dc0fea65b63e2b366814c1860f04110,a1d260b660c93e47a466deb9c00f26c880973356f7da4eda00cb8ec57cab044d,raw/E09-independent-20260924-20260906T142518988798Z
a000739,E09-independent-20260925-20260906T142519121696Z,E09,independent,20260925,default,primary,2026-09-06T14:25:19.078278+00:00,2026-09-06T14:25:19.197570+00:00,0.119,VALID,valid,,a9ff4a5e1dc0fea65b63e2b366814c1860f04110,a1d260b660c93e47a466deb9c00f26c880973356f7da4eda00cb8ec57cab044d,raw/E09-independent-20260925-20260906T142519121696Z
a000740,E09-independent-20260926-20260906T142519252311Z,E09,independent,20260926,default,primary,2026-09-06T14:25:19.210026+00:00,2026-09-06T14:25:19.328928+00:00,0.119,VALID,valid,,a9ff4a5e1dc0fea65b63e2b366814c1860f04110,a1d260b660c93e47a466deb9c00f26c880973356f7da4eda00cb8ec57cab044d,raw/E09-independent-20260926-20260906T142519252311Z
a000741,E09-independent-20260927-20260906T142519385131Z,E09,independent,20260927,default,primary,2026-09-06T14:25:19.340682+00:00,2026-09-06T14:25:19.469363+00:00,0.129,VALID,valid,,a9ff4a5e1dc0fea65b63e2b366814c1860f04110,a1d260b660c93e47a466deb9c00f26c880973356f7da4eda00cb8ec57cab044d,raw/E09-independent-20260927-20260906T142519385131Z
a000742,E09-independent-20260928-20260906T142519526577Z,E09,independent,20260928,default,primary,2026-09-06T14:25:19.481402+00:00,2026-09-06T14:25:19.604649+00:00,0.123,VALID,valid,,a9ff4a5e1dc0fea65b63e2b366814c1860f04110,a1d260b660c93e47a466deb9c00f26c880973356f7da4eda00cb8ec57cab044d,raw/E09-independent-20260928-20260906T142519526577Z
a000743,E09-independent-20260929-20260906T142519660388Z,E09,independent,20260929,default,primary,2026-09-06T14:25:19.616826+00:00,2026-09-06T14:25:19.736869+00:00,0.12,VALID,valid,,a9ff4a5e1dc0fea65b63e2b366814c1860f04110,a1d260b660c93e47a466deb9c00f26c880973356f7da4eda00cb8ec57cab044d,raw/E09-independent-20260929-20260906T142519660388Z
a000744,E09-independent-20260930-20260906T142519791209Z,E09,independent,20260930,default,primary,2026-09-06T14:25:19.749260+00:00,2026-09-06T14:25:19.869706+00:00,0.12,VALID,valid,,a9ff4a5e1dc0fea65b63e2b366814c1860f04110,a1d260b660c93e47a466deb9c00f26c880973356f7da4eda00cb8ec57cab044d,raw/E09-independent-20260930-20260906T142519791209Z
a000745,E09-independent-20260931-20260906T142519924830Z,E09,independent,20260931,default,primary,2026-09-06T14:25:19.882873+00:00,2026-09-06T14:25:19.990406+00:00,0.108,VALID,valid,,a9ff4a5e1dc0fea65b63e2b366814c1860f04110,a1d260b660c93e47a466deb9c00f26c880973356f7da4eda00cb8ec57cab044d,raw/E09-independent-20260931-20260906T142519924830Z
a000746,E09-independent-20260932-20260906T142520049912Z,E09,independent,20260932,default,primary,2026-09-06T14:25:20.002776+00:00,2026-09-06T14:25:20.129339+00:00,0.127,VALID,valid,,a9ff4a5e1dc0fea65b63e2b366814c1860f04110,a1d260b660c93e47a466deb9c00f26c880973356f7da4eda00cb8ec57cab044d,raw/E09-independent-20260932-20260906T142520049912Z
a000747,E09-independent-20260933-20260906T142520183383Z,E09,independent,20260933,default,primary,2026-09-06T14:25:20.141418+00:00,2026-09-06T14:25:20.258986+00:00,0.118,VALID,valid,,a9ff4a5e1dc0fea65b63e2b366814c1860f04110,a1d260b660c93e47a466deb9c00f26c880973356f7da4eda00cb8ec57cab044d,raw/E09-independent-20260933-20260906T142520183383Z
a000748,E09-independent-20260934-20260906T142520314931Z,E09,independent,20260934,default,primary,2026-09-06T14:25:20.271775+00:00,2026-09-06T14:25:20.396057+00:00,0.124,VALID,valid,,a9ff4a5e1dc0fea65b63e2b366814c1860f04110,a1d260b660c93e47a466deb9c00f26c880973356f7da4eda00cb8ec57cab044d,raw/E09-independent-20260934-20260906T142520314931Z
a000749,E09-independent-20260935-20260906T142520451104Z,E09,independent,20260935,default,primary,2026-09-06T14:25:20.408689+00:00,2026-09-06T14:25:20.528999+00:00,0.12,VALID,valid,,a9ff4a5e1dc0fea65b63e2b366814c1860f04110,a1d260b660c93e47a466deb9c00f26c880973356f7da4eda00cb8ec57cab044d,raw/E09-independent-20260935-20260906T142520451104Z
a000750,E09-independent-20260936-20260906T142520583452Z,E09,independent,20260936,default,primary,2026-09-06T14:25:20.541187+00:00,2026-09-06T14:25:20.661840+00:00,0.121,VALID,valid,,a9ff4a5e1dc0fea65b63e2b366814c1860f04110,a1d260b660c93e47a466deb9c00f26c880973356f7da4eda00cb8ec57cab044d,raw/E09-independent-20260936-20260906T142520583452Z
a000751,E09-static_continuity-20260907-20260906T142520724902Z,E09,static_continuity,20260907,default,primary,2026-09-06T14:25:20.673612+00:00,2026-09-06T14:25:20.797897+00:00,0.124,VALID,valid,,a9ff4a5e1dc0fea65b63e2b366814c1860f04110,a1d260b660c93e47a466deb9c00f26c880973356f7da4eda00cb8ec57cab044d,raw/E09-static_continuity-20260907-20260906T142520724902Z
a000752,E09-static_continuity-20260908-20260906T142520852069Z,E09,static_continuity,20260908,default,primary,2026-09-06T14:25:20.809749+00:00,2026-09-06T14:25:20.933332+00:00,0.124,VALID,valid,,a9ff4a5e1dc0fea65b63e2b366814c1860f04110,a1d260b660c93e47a466deb9c00f26c880973356f7da4eda00cb8ec57cab044d,raw/E09-static_continuity-20260908-20260906T142520852069Z
a000753,E09-static_continuity-20260909-20260906T142520987951Z,E09,static_continuity,20260909,default,primary,2026-09-06T14:25:20.945857+00:00,2026-09-06T14:25:21.065543+00:00,0.12,VALID,valid,,a9ff4a5e1dc0fea65b63e2b366814c1860f04110,a1d260b660c93e47a466deb9c00f26c880973356f7da4eda00cb8ec57cab044d,raw/E09-static_continuity-20260909-20260906T142520987951Z
a000754,E09-static_continuity-20260910-20260906T142521120143Z,E09,static_continuity,20260910,default,primary,2026-09-06T14:25:21.078173+00:00,2026-09-06T14:25:21.197081+00:00,0.119,VALID,valid,,a9ff4a5e1dc0fea65b63e2b366814c1860f04110,a1d260b660c93e47a466deb9c00f26c880973356f7da4eda00cb8ec57cab044d,raw/E09-static_continuity-20260910-20260906T142521120143Z
a000755,E09-static_continuity-20260911-20260906T142521252220Z,E09,static_continuity,20260911,default,primary,2026-09-06T14:25:21.209854+00:00,2026-09-06T14:25:21.328173+00:00,0.118,VALID,valid,,a9ff4a5e1dc0fea65b63e2b366814c1860f04110,a1d260b660c93e47a466deb9c00f26c880973356f7da4eda00cb8ec57cab044d,raw/E09-static_continuity-20260911-20260906T142521252220Z
a000756,E09-static_continuity-20260912-20260906T142521382509Z,E09,static_continuity,20260912,default,primary,2026-09-06T14:25:21.339917+00:00,2026-09-06T14:25:21.447098+00:00,0.107,VALID,valid,,a9ff4a5e1dc0fea65b63e2b366814c1860f04110,a1d260b660c93e47a466deb9c00f26c880973356f7da4eda00cb8ec57cab044d,raw/E09-static_continuity-20260912-20260906T142521382509Z
a000757,E09-static_continuity-20260913-20260906T142521500616Z,E09,static_continuity,20260913,default,primary,2026-09-06T14:25:21.458780+00:00,2026-09-06T14:25:21.580503+00:00,0.122,VALID,valid,,a9ff4a5e1dc0fea65b63e2b366814c1860f04110,a1d260b660c93e47a466deb9c00f26c880973356f7da4eda00cb8ec57cab044d,raw/E09-static_continuity-20260913-20260906T142521500616Z
a000758,E09-static_continuity-20260914-20260906T142521636130Z,E09,static_continuity,20260914,default,primary,2026-09-06T14:25:21.592679+00:00,2026-09-06T14:25:21.721708+00:00,0.129,VALID,valid,,a9ff4a5e1dc0fea65b63e2b366814c1860f04110,a1d260b660c93e47a466deb9c00f26c880973356f7da4eda00cb8ec57cab044d,raw/E09-static_continuity-20260914-20260906T142521636130Z
a000759,E09-static_continuity-20260915-20260906T142521779091Z,E09,static_continuity,20260915,default,primary,2026-09-06T14:25:21.734483+00:00,2026-09-06T14:25:21.856716+00:00,0.122,VALID,valid,,a9ff4a5e1dc0fea65b63e2b366814c1860f04110,a1d260b660c93e47a466deb9c00f26c880973356f7da4eda00cb8ec57cab044d,raw/E09-static_continuity-20260915-20260906T142521779091Z
a000760,E09-static_continuity-20260916-20260906T142521911709Z,E09,static_continuity,20260916,default,primary,2026-09-06T14:25:21.869323+00:00,2026-09-06T14:25:21.987455+00:00,0.118,VALID,valid,,a9ff4a5e1dc0fea65b63e2b366814c1860f04110,a1d260b660c93e47a466deb9c00f26c880973356f7da4eda00cb8ec57cab044d,raw/E09-static_continuity-20260916-20260906T142521911709Z
a000761,E09-static_continuity-20260917-20260906T142522042676Z,E09,static_continuity,20260917,default,primary,2026-09-06T14:25:22.000407+00:00,2026-09-06T14:25:22.121693+00:00,0.121,VALID,valid,,a9ff4a5e1dc0fea65b63e2b366814c1860f04110,a1d260b660c93e47a466deb9c00f26c880973356f7da4eda00cb8ec57cab044d,raw/E09-static_continuity-20260917-20260906T142522042676Z
a000762,E09-static_continuity-20260918-20260906T142522175637Z,E09,static_continuity,20260918,default,primary,2026-09-06T14:25:22.133338+00:00,2026-09-06T14:25:22.253520+00:00,0.12,VALID,valid,,a9ff4a5e1dc0fea65b63e2b366814c1860f04110,a1d260b660c93e47a466deb9c00f26c880973356f7da4eda00cb8ec57cab044d,raw/E09-static_continuity-20260918-20260906T142522175637Z
a000763,E09-static_continuity-20260919-20260906T142522307449Z,E09,static_continuity,20260919,default,primary,2026-09-06T14:25:22.265087+00:00,2026-09-06T14:25:22.384462+00:00,0.119,VALID,valid,,a9ff4a5e1dc0fea65b63e2b366814c1860f04110,a1d260b660c93e47a466deb9c00f26c880973356f7da4eda00cb8ec57cab044d,raw/E09-static_continuity-20260919-20260906T142522307449Z
a000764,E09-static_continuity-20260920-20260906T142522438922Z,E09,static_continuity,20260920,default,primary,2026-09-06T14:25:22.396721+00:00,2026-09-06T14:25:22.501981+00:00,0.105,VALID,valid,,a9ff4a5e1dc0fea65b63e2b366814c1860f04110,a1d260b660c93e47a466deb9c00f26c880973356f7da4eda00cb8ec57cab044d,raw/E09-static_continuity-20260920-20260906T142522438922Z
a000765,E09-static_continuity-20260921-20260906T142522556232Z,E09,static_continuity,20260921,default,primary,2026-09-06T14:25:22.513716+00:00,2026-09-06T14:25:22.636218+00:00,0.122,VALID,valid,,a9ff4a5e1dc0fea65b63e2b366814c1860f04110,a1d260b660c93e47a466deb9c00f26c880973356f7da4eda00cb8ec57cab044d,raw/E09-static_continuity-20260921-20260906T142522556232Z
a000766,E09-static_continuity-20260922-20260906T142522691097Z,E09,static_continuity,20260922,default,primary,2026-09-06T14:25:22.648642+00:00,2026-09-06T14:25:22.776559+00:00,0.128,VALID,valid,,a9ff4a5e1dc0fea65b63e2b366814c1860f04110,a1d260b660c93e47a466deb9c00f26c880973356f7da4eda00cb8ec57cab044d,raw/E09-static_continuity-20260922-20260906T142522691097Z
a000767,E09-static_continuity-20260923-20260906T142522833693Z,E09,static_continuity,20260923,default,primary,2026-09-06T14:25:22.789879+00:00,2026-09-06T14:25:22.907084+00:00,0.117,VALID,valid,,a9ff4a5e1dc0fea65b63e2b366814c1860f04110,a1d260b660c93e47a466deb9c00f26c880973356f7da4eda00cb8ec57cab044d,raw/E09-static_continuity-20260923-20260906T142522833693Z
a000768,E09-static_continuity-20260924-20260906T142522961494Z,E09,static_continuity,20260924,default,primary,2026-09-06T14:25:22.919215+00:00,2026-09-06T14:25:23.038805+00:00,0.12,VALID,valid,,a9ff4a5e1dc0fea65b63e2b366814c1860f04110,a1d260b660c93e47a466deb9c00f26c880973356f7da4eda00cb8ec57cab044d,raw/E09-static_continuity-20260924-20260906T142522961494Z
a000769,E09-static_continuity-20260925-20260906T142523093020Z,E09,static_continuity,20260925,default,primary,2026-09-06T14:25:23.050951+00:00,2026-09-06T14:25:23.158657+00:00,0.108,VALID,valid,,a9ff4a5e1dc0fea65b63e2b366814c1860f04110,a1d260b660c93e47a466deb9c00f26c880973356f7da4eda00cb8ec57cab044d,raw/E09-static_continuity-20260925-20260906T142523093020Z
a000770,E09-static_continuity-20260926-20260906T142523213806Z,E09,static_continuity,20260926,default,primary,2026-09-06T14:25:23.170835+00:00,2026-09-06T14:25:23.294288+00:00,0.123,VALID,valid,,a9ff4a5e1dc0fea65b63e2b366814c1860f04110,a1d260b660c93e47a466deb9c00f26c880973356f7da4eda00cb8ec57cab044d,raw/E09-static_continuity-20260926-20260906T142523213806Z
a000771,E09-static_continuity-20260927-20260906T142523349577Z,E09,static_continuity,20260927,default,primary,2026-09-06T14:25:23.306863+00:00,2026-09-06T14:25:23.427434+00:00,0.121,VALID,valid,,a9ff4a5e1dc0fea65b63e2b366814c1860f04110,a1d260b660c93e47a466deb9c00f26c880973356f7da4eda00cb8ec57cab044d,raw/E09-static_continuity-20260927-20260906T142523349577Z
a000772,E09-static_continuity-20260928-20260906T142523482113Z,E09,static_continuity,20260928,default,primary,2026-09-06T14:25:23.440098+00:00,2026-09-06T14:25:23.557340+00:00,0.117,VALID,valid,,a9ff4a5e1dc0fea65b63e2b366814c1860f04110,a1d260b660c93e47a466deb9c00f26c880973356f7da4eda00cb8ec57cab044d,raw/E09-static_continuity-20260928-20260906T142523482113Z
a000773,E09-static_continuity-20260929-20260906T142523613601Z,E09,static_continuity,20260929,default,primary,2026-09-06T14:25:23.569434+00:00,2026-09-06T14:25:23.691672+00:00,0.122,VALID,valid,,a9ff4a5e1dc0fea65b63e2b366814c1860f04110,a1d260b660c93e47a466deb9c00f26c880973356f7da4eda00cb8ec57cab044d,raw/E09-static_continuity-20260929-20260906T142523613601Z
a000774,E09-static_continuity-20260930-20260906T142523746084Z,E09,static_continuity,20260930,default,primary,2026-09-06T14:25:23.703626+00:00,2026-09-06T14:25:23.821448+00:00,0.118,VALID,valid,,a9ff4a5e1dc0fea65b63e2b366814c1860f04110,a1d260b660c93e47a466deb9c00f26c880973356f7da4eda00cb8ec57cab044d,raw/E09-static_continuity-20260930-20260906T142523746084Z
a000775,E09-static_continuity-20260931-20260906T142523877243Z,E09,static_continuity,20260931,default,primary,2026-09-06T14:25:23.833225+00:00,2026-09-06T14:25:23.966519+00:00,0.133,VALID,valid,,a9ff4a5e1dc0fea65b63e2b366814c1860f04110,a1d260b660c93e47a466deb9c00f26c880973356f7da4eda00cb8ec57cab044d,raw/E09-static_continuity-20260931-20260906T142523877243Z
a000776,E09-static_continuity-20260932-20260906T142524023707Z,E09,static_continuity,20260932,default,primary,2026-09-06T14:25:23.979978+00:00,2026-09-06T14:25:24.103886+00:00,0.124,VALID,valid,,a9ff4a5e1dc0fea65b63e2b366814c1860f04110,a1d260b660c93e47a466deb9c00f26c880973356f7da4eda00cb8ec57cab044d,raw/E09-static_continuity-20260932-20260906T142524023707Z
a000777,E09-static_continuity-20260933-20260906T142524157162Z,E09,static_continuity,20260933,default,primary,2026-09-06T14:25:24.115531+00:00,2026-09-06T14:25:24.233061+00:00,0.118,VALID,valid,,a9ff4a5e1dc0fea65b63e2b366814c1860f04110,a1d260b660c93e47a466deb9c00f26c880973356f7da4eda00cb8ec57cab044d,raw/E09-static_continuity-20260933-20260906T142524157162Z
a000778,E09-static_continuity-20260934-20260906T142524287639Z,E09,static_continuity,20260934,default,primary,2026-09-06T14:25:24.245461+00:00,2026-09-06T14:25:24.362355+00:00,0.117,VALID,valid,,a9ff4a5e1dc0fea65b63e2b366814c1860f04110,a1d260b660c93e47a466deb9c00f26c880973356f7da4eda00cb8ec57cab044d,raw/E09-static_continuity-20260934-20260906T142524287639Z
a000779,E09-static_continuity-20260935-20260906T142524415775Z,E09,static_continuity,20260935,default,primary,2026-09-06T14:25:24.373937+00:00,2026-09-06T14:25:24.492618+00:00,0.119,VALID,valid,,a9ff4a5e1dc0fea65b63e2b366814c1860f04110,a1d260b660c93e47a466deb9c00f26c880973356f7da4eda00cb8ec57cab044d,raw/E09-static_continuity-20260935-20260906T142524415775Z
a000780,E09-static_continuity-20260936-20260906T142524545877Z,E09,static_continuity,20260936,default,primary,2026-09-06T14:25:24.504164+00:00,2026-09-06T14:25:24.619597+00:00,0.115,VALID,valid,,a9ff4a5e1dc0fea65b63e2b366814c1860f04110,a1d260b660c93e47a466deb9c00f26c880973356f7da4eda00cb8ec57cab044d,raw/E09-static_continuity-20260936-20260906T142524545877Z
a000781,E09-ca_ztcf-20260907-20260906T142524672255Z,E09,ca_ztcf,20260907,default,primary,2026-09-06T14:25:24.631106+00:00,2026-09-06T14:25:24.761477+00:00,0.13,VALID,valid,,a9ff4a5e1dc0fea65b63e2b366814c1860f04110,a1d260b660c93e47a466deb9c00f26c880973356f7da4eda00cb8ec57cab044d,raw/E09-ca_ztcf-20260907-20260906T142524672255Z
a000782,E09-ca_ztcf-20260908-20260906T142524814675Z,E09,ca_ztcf,20260908,default,primary,2026-09-06T14:25:24.772860+00:00,2026-09-06T14:25:24.892946+00:00,0.12,VALID,valid,,a9ff4a5e1dc0fea65b63e2b366814c1860f04110,a1d260b660c93e47a466deb9c00f26c880973356f7da4eda00cb8ec57cab044d,raw/E09-ca_ztcf-20260908-20260906T142524814675Z
a000783,E09-ca_ztcf-20260909-20260906T142524946149Z,E09,ca_ztcf,20260909,default,primary,2026-09-06T14:25:24.904717+00:00,2026-09-06T14:25:25.024647+00:00,0.12,VALID,valid,,a9ff4a5e1dc0fea65b63e2b366814c1860f04110,a1d260b660c93e47a466deb9c00f26c880973356f7da4eda00cb8ec57cab044d,raw/E09-ca_ztcf-20260909-20260906T142524946149Z
a000784,E09-ca_ztcf-20260910-20260906T142525077479Z,E09,ca_ztcf,20260910,default,primary,2026-09-06T14:25:25.036152+00:00,2026-09-06T14:25:25.155563+00:00,0.119,VALID,valid,,a9ff4a5e1dc0fea65b63e2b366814c1860f04110,a1d260b660c93e47a466deb9c00f26c880973356f7da4eda00cb8ec57cab044d,raw/E09-ca_ztcf-20260910-20260906T142525077479Z
a000785,E09-ca_ztcf-20260911-20260906T142525210489Z,E09,ca_ztcf,20260911,default,primary,2026-09-06T14:25:25.167482+00:00,2026-09-06T14:25:25.289020+00:00,0.122,VALID,valid,,a9ff4a5e1dc0fea65b63e2b366814c1860f04110,a1d260b660c93e47a466deb9c00f26c880973356f7da4eda00cb8ec57cab044d,raw/E09-ca_ztcf-20260911-20260906T142525210489Z
a000786,E09-ca_ztcf-20260912-20260906T142525343391Z,E09,ca_ztcf,20260912,default,primary,2026-09-06T14:25:25.301486+00:00,2026-09-06T14:25:25.421612+00:00,0.12,VALID,valid,,a9ff4a5e1dc0fea65b63e2b366814c1860f04110,a1d260b660c93e47a466deb9c00f26c880973356f7da4eda00cb8ec57cab044d,raw/E09-ca_ztcf-20260912-20260906T142525343391Z
a000787,E09-ca_ztcf-20260913-20260906T142525474366Z,E09,ca_ztcf,20260913,default,primary,2026-09-06T14:25:25.433060+00:00,2026-09-06T14:25:25.555859+00:00,0.123,VALID,valid,,a9ff4a5e1dc0fea65b63e2b366814c1860f04110,a1d260b660c93e47a466deb9c00f26c880973356f7da4eda00cb8ec57cab044d,raw/E09-ca_ztcf-20260913-20260906T142525474366Z
a000788,E09-ca_ztcf-20260914-20260906T142525609939Z,E09,ca_ztcf,20260914,default,primary,2026-09-06T14:25:25.567459+00:00,2026-09-06T14:25:25.688626+00:00,0.121,VALID,valid,,a9ff4a5e1dc0fea65b63e2b366814c1860f04110,a1d260b660c93e47a466deb9c00f26c880973356f7da4eda00cb8ec57cab044d,raw/E09-ca_ztcf-20260914-20260906T142525609939Z
a000789,E09-ca_ztcf-20260915-20260906T142525743252Z,E09,ca_ztcf,20260915,default,primary,2026-09-06T14:25:25.701250+00:00,2026-09-06T14:25:25.833855+00:00,0.133,VALID,valid,,a9ff4a5e1dc0fea65b63e2b366814c1860f04110,a1d260b660c93e47a466deb9c00f26c880973356f7da4eda00cb8ec57cab044d,raw/E09-ca_ztcf-20260915-20260906T142525743252Z
a000790,E09-ca_ztcf-20260916-20260906T142525886982Z,E09,ca_ztcf,20260916,default,primary,2026-09-06T14:25:25.845546+00:00,2026-09-06T14:25:25.971354+00:00,0.126,VALID,valid,,a9ff4a5e1dc0fea65b63e2b366814c1860f04110,a1d260b660c93e47a466deb9c00f26c880973356f7da4eda00cb8ec57cab044d,raw/E09-ca_ztcf-20260916-20260906T142525886982Z
a000791,E09-ca_ztcf-20260917-20260906T142526025906Z,E09,ca_ztcf,20260917,default,primary,2026-09-06T14:25:25.983899+00:00,2026-09-06T14:25:26.103890+00:00,0.12,VALID,valid,,a9ff4a5e1dc0fea65b63e2b366814c1860f04110,a1d260b660c93e47a466deb9c00f26c880973356f7da4eda00cb8ec57cab044d,raw/E09-ca_ztcf-20260917-20260906T142526025906Z
a000792,E09-ca_ztcf-20260918-20260906T142526157253Z,E09,ca_ztcf,20260918,default,primary,2026-09-06T14:25:26.115649+00:00,2026-09-06T14:25:26.242131+00:00,0.126,VALID,valid,,a9ff4a5e1dc0fea65b63e2b366814c1860f04110,a1d260b660c93e47a466deb9c00f26c880973356f7da4eda00cb8ec57cab044d,raw/E09-ca_ztcf-20260918-20260906T142526157253Z
a000793,E09-ca_ztcf-20260919-20260906T142526296517Z,E09,ca_ztcf,20260919,default,primary,2026-09-06T14:25:26.254376+00:00,2026-09-06T14:25:26.378806+00:00,0.124,VALID,valid,,a9ff4a5e1dc0fea65b63e2b366814c1860f04110,a1d260b660c93e47a466deb9c00f26c880973356f7da4eda00cb8ec57cab044d,raw/E09-ca_ztcf-20260919-20260906T142526296517Z
a000794,E09-ca_ztcf-20260920-20260906T142526433149Z,E09,ca_ztcf,20260920,default,primary,2026-09-06T14:25:26.390756+00:00,2026-09-06T14:25:26.512310+00:00,0.122,VALID,valid,,a9ff4a5e1dc0fea65b63e2b366814c1860f04110,a1d260b660c93e47a466deb9c00f26c880973356f7da4eda00cb8ec57cab044d,raw/E09-ca_ztcf-20260920-20260906T142526433149Z
a000795,E09-ca_ztcf-20260921-20260906T142526566028Z,E09,ca_ztcf,20260921,default,primary,2026-09-06T14:25:26.524537+00:00,2026-09-06T14:25:26.644679+00:00,0.12,VALID,valid,,a9ff4a5e1dc0fea65b63e2b366814c1860f04110,a1d260b660c93e47a466deb9c00f26c880973356f7da4eda00cb8ec57cab044d,raw/E09-ca_ztcf-20260921-20260906T142526566028Z
a000796,E09-ca_ztcf-20260922-20260906T142526698204Z,E09,ca_ztcf,20260922,default,primary,2026-09-06T14:25:26.656135+00:00,2026-09-06T14:25:26.778247+00:00,0.122,VALID,valid,,a9ff4a5e1dc0fea65b63e2b366814c1860f04110,a1d260b660c93e47a466deb9c00f26c880973356f7da4eda00cb8ec57cab044d,raw/E09-ca_ztcf-20260922-20260906T142526698204Z
a000797,E09-ca_ztcf-20260923-20260906T142526831654Z,E09,ca_ztcf,20260923,default,primary,2026-09-06T14:25:26.789877+00:00,2026-09-06T14:25:26.907506+00:00,0.118,VALID,valid,,a9ff4a5e1dc0fea65b63e2b366814c1860f04110,a1d260b660c93e47a466deb9c00f26c880973356f7da4eda00cb8ec57cab044d,raw/E09-ca_ztcf-20260923-20260906T142526831654Z
a000798,E09-ca_ztcf-20260924-20260906T142526961322Z,E09,ca_ztcf,20260924,default,primary,2026-09-06T14:25:26.919586+00:00,2026-09-06T14:25:27.041984+00:00,0.122,VALID,valid,,a9ff4a5e1dc0fea65b63e2b366814c1860f04110,a1d260b660c93e47a466deb9c00f26c880973356f7da4eda00cb8ec57cab044d,raw/E09-ca_ztcf-20260924-20260906T142526961322Z
a000799,E09-ca_ztcf-20260925-20260906T142527096171Z,E09,ca_ztcf,20260925,default,primary,2026-09-06T14:25:27.053873+00:00,2026-09-06T14:25:27.177210+00:00,0.123,VALID,valid,,a9ff4a5e1dc0fea65b63e2b366814c1860f04110,a1d260b660c93e47a466deb9c00f26c880973356f7da4eda00cb8ec57cab044d,raw/E09-ca_ztcf-20260925-20260906T142527096171Z
a000800,E09-ca_ztcf-20260926-20260906T142527230708Z,E09,ca_ztcf,20260926,default,primary,2026-09-06T14:25:27.188886+00:00,2026-09-06T14:25:27.309309+00:00,0.12,VALID,valid,,a9ff4a5e1dc0fea65b63e2b366814c1860f04110,a1d260b660c93e47a466deb9c00f26c880973356f7da4eda00cb8ec57cab044d,raw/E09-ca_ztcf-20260926-20260906T142527230708Z
a000801,E09-ca_ztcf-20260927-20260906T142527364307Z,E09,ca_ztcf,20260927,default,primary,2026-09-06T14:25:27.321237+00:00,2026-09-06T14:25:27.443816+00:00,0.123,VALID,valid,,a9ff4a5e1dc0fea65b63e2b366814c1860f04110,a1d260b660c93e47a466deb9c00f26c880973356f7da4eda00cb8ec57cab044d,raw/E09-ca_ztcf-20260927-20260906T142527364307Z
a000802,E09-ca_ztcf-20260928-20260906T142527497646Z,E09,ca_ztcf,20260928,default,primary,2026-09-06T14:25:27.455449+00:00,2026-09-06T14:25:27.581415+00:00,0.126,VALID,valid,,a9ff4a5e1dc0fea65b63e2b366814c1860f04110,a1d260b660c93e47a466deb9c00f26c880973356f7da4eda00cb8ec57cab044d,raw/E09-ca_ztcf-20260928-20260906T142527497646Z
a000803,E09-ca_ztcf-20260929-20260906T142527636142Z,E09,ca_ztcf,20260929,default,primary,2026-09-06T14:25:27.592944+00:00,2026-09-06T14:25:27.709718+00:00,0.117,VALID,valid,,a9ff4a5e1dc0fea65b63e2b366814c1860f04110,a1d260b660c93e47a466deb9c00f26c880973356f7da4eda00cb8ec57cab044d,raw/E09-ca_ztcf-20260929-20260906T142527636142Z
a000804,E09-ca_ztcf-20260930-20260906T142527764095Z,E09,ca_ztcf,20260930,default,primary,2026-09-06T14:25:27.721714+00:00,2026-09-06T14:25:27.846263+00:00,0.125,VALID,valid,,a9ff4a5e1dc0fea65b63e2b366814c1860f04110,a1d260b660c93e47a466deb9c00f26c880973356f7da4eda00cb8ec57cab044d,raw/E09-ca_ztcf-20260930-20260906T142527764095Z
a000805,E09-ca_ztcf-20260931-20260906T142527901239Z,E09,ca_ztcf,20260931,default,primary,2026-09-06T14:25:27.858950+00:00,2026-09-06T14:25:27.989181+00:00,0.13,VALID,valid,,a9ff4a5e1dc0fea65b63e2b366814c1860f04110,a1d260b660c93e47a466deb9c00f26c880973356f7da4eda00cb8ec57cab044d,raw/E09-ca_ztcf-20260931-20260906T142527901239Z
a000806,E09-ca_ztcf-20260932-20260906T142528044110Z,E09,ca_ztcf,20260932,default,primary,2026-09-06T14:25:28.001941+00:00,2026-09-06T14:25:28.126216+00:00,0.124,VALID,valid,,a9ff4a5e1dc0fea65b63e2b366814c1860f04110,a1d260b660c93e47a466deb9c00f26c880973356f7da4eda00cb8ec57cab044d,raw/E09-ca_ztcf-20260932-20260906T142528044110Z
a000807,E09-ca_ztcf-20260933-20260906T142528179393Z,E09,ca_ztcf,20260933,default,primary,2026-09-06T14:25:28.137631+00:00,2026-09-06T14:25:28.263453+00:00,0.126,VALID,valid,,a9ff4a5e1dc0fea65b63e2b366814c1860f04110,a1d260b660c93e47a466deb9c00f26c880973356f7da4eda00cb8ec57cab044d,raw/E09-ca_ztcf-20260933-20260906T142528179393Z
a000808,E09-ca_ztcf-20260934-20260906T142528317347Z,E09,ca_ztcf,20260934,default,primary,2026-09-06T14:25:28.275844+00:00,2026-09-06T14:25:28.391775+00:00,0.116,VALID,valid,,a9ff4a5e1dc0fea65b63e2b366814c1860f04110,a1d260b660c93e47a466deb9c00f26c880973356f7da4eda00cb8ec57cab044d,raw/E09-ca_ztcf-20260934-20260906T142528317347Z
a000809,E09-ca_ztcf-20260935-20260906T142528445044Z,E09,ca_ztcf,20260935,default,primary,2026-09-06T14:25:28.403325+00:00,2026-09-06T14:25:28.393178+00:00,0.122,VALID,valid,,a9ff4a5e1dc0fea65b63e2b366814c1860f04110,a1d260b660c93e47a466deb9c00f26c880973356f7da4eda00cb8ec57cab044d,raw/E09-ca_ztcf-20260935-20260906T142528445044Z
a000810,E09-ca_ztcf-20260936-20260906T142528448011Z,E09,ca_ztcf,20260936,default,primary,2026-09-06T14:25:28.405849+00:00,2026-09-06T14:25:28.530932+00:00,0.125,VALID,valid,,a9ff4a5e1dc0fea65b63e2b366814c1860f04110,a1d260b660c93e47a466deb9c00f26c880973356f7da4eda00cb8ec57cab044d,raw/E09-ca_ztcf-20260936-20260906T142528448011Z
a000811,E10-independent-20260907-20260906T142528584454Z,E10,independent,20260907,default,primary,2026-09-06T14:25:28.542672+00:00,2026-09-06T14:25:28.661567+00:00,0.119,VALID,valid,,a9ff4a5e1dc0fea65b63e2b366814c1860f04110,a1d260b660c93e47a466deb9c00f26c880973356f7da4eda00cb8ec57cab044d,raw/E10-independent-20260907-20260906T142528584454Z
a000812,E10-independent-20260908-20260906T142528715165Z,E10,independent,20260908,default,primary,2026-09-06T14:25:28.673940+00:00,2026-09-06T14:25:28.789767+00:00,0.116,VALID,valid,,a9ff4a5e1dc0fea65b63e2b366814c1860f04110,a1d260b660c93e47a466deb9c00f26c880973356f7da4eda00cb8ec57cab044d,raw/E10-independent-20260908-20260906T142528715165Z
a000813,E10-independent-20260909-20260906T142528842729Z,E10,independent,20260909,default,primary,2026-09-06T14:25:28.801308+00:00,2026-09-06T14:25:28.915515+00:00,0.114,VALID,valid,,a9ff4a5e1dc0fea65b63e2b366814c1860f04110,a1d260b660c93e47a466deb9c00f26c880973356f7da4eda00cb8ec57cab044d,raw/E10-independent-20260909-20260906T142528842729Z
a000814,E10-independent-20260910-20260906T142528967558Z,E10,independent,20260910,default,primary,2026-09-06T14:25:28.926831+00:00,2026-09-06T14:25:29.034249+00:00,0.107,VALID,valid,,a9ff4a5e1dc0fea65b63e2b366814c1860f04110,a1d260b660c93e47a466deb9c00f26c880973356f7da4eda00cb8ec57cab044d,raw/E10-independent-20260910-20260906T142528967558Z
a000815,E10-independent-20260911-20260906T142529088474Z,E10,independent,20260911,default,primary,2026-09-06T14:25:29.046442+00:00,2026-09-06T14:25:29.170736+00:00,0.124,VALID,valid,,a9ff4a5e1dc0fea65b63e2b366814c1860f04110,a1d260b660c93e47a466deb9c00f26c880973356f7da4eda00cb8ec57cab044d,raw/E10-independent-20260911-20260906T142529088474Z
a000816,E10-independent-20260912-20260906T142529224993Z,E10,independent,20260912,default,primary,2026-09-06T14:25:29.182935+00:00,2026-09-06T14:25:29.290698+00:00,0.108,VALID,valid,,a9ff4a5e1dc0fea65b63e2b366814c1860f04110,a1d260b660c93e47a466deb9c00f26c880973356f7da4eda00cb8ec57cab044d,raw/E10-independent-20260912-20260906T142529224993Z
a000817,E10-independent-20260913-20260906T142529345346Z,E10,independent,20260913,default,primary,2026-09-06T14:25:29.302844+00:00,2026-09-06T14:25:29.412024+00:00,0.109,VALID,valid,,a9ff4a5e1dc0fea65b63e2b366814c1860f04110,a1d260b660c93e47a466deb9c00f26c880973356f7da4eda00cb8ec57cab044d,raw/E10-independent-20260913-20260906T142529345346Z
a000818,E10-independent-20260914-20260906T142529466031Z,E10,independent,20260914,default,primary,2026-09-06T14:25:29.423734+00:00,2026-09-06T14:25:29.547192+00:00,0.123,VALID,valid,,a9ff4a5e1dc0fea65b63e2b366814c1860f04110,a1d260b660c93e47a466deb9c00f26c880973356f7da4eda00cb8ec57cab044d,raw/E10-independent-20260914-20260906T142529466031Z
a000819,E10-independent-20260915-20260906T142529602570Z,E10,independent,20260915,default,primary,2026-09-06T14:25:29.559117+00:00,2026-09-06T14:25:29.667766+00:00,0.109,VALID,valid,,a9ff4a5e1dc0fea65b63e2b366814c1860f04110,a1d260b660c93e47a466deb9c00f26c880973356f7da4eda00cb8ec57cab044d,raw/E10-independent-20260915-20260906T142529602570Z
a000820,E10-independent-20260916-20260906T142529722468Z,E10,independent,20260916,default,primary,2026-09-06T14:25:29.680020+00:00,2026-09-06T14:25:29.799621+00:00,0.12,VALID,valid,,a9ff4a5e1dc0fea65b63e2b366814c1860f04110,a1d260b660c93e47a466deb9c00f26c880973356f7da4eda00cb8ec57cab044d,raw/E10-independent-20260916-20260906T142529722468Z
a000821,E10-independent-20260917-20260906T142529855595Z,E10,independent,20260917,default,primary,2026-09-06T14:25:29.812039+00:00,2026-09-06T14:25:29.937710+00:00,0.126,VALID,valid,,a9ff4a5e1dc0fea65b63e2b366814c1860f04110,a1d260b660c93e47a466deb9c00f26c880973356f7da4eda00cb8ec57cab044d,raw/E10-independent-20260917-20260906T142529855595Z
a000822,E10-independent-20260918-20260906T142529991133Z,E10,independent,20260918,default,primary,2026-09-06T14:25:29.949135+00:00,2026-09-06T14:25:30.062701+00:00,0.114,VALID,valid,,a9ff4a5e1dc0fea65b63e2b366814c1860f04110,a1d260b660c93e47a466deb9c00f26c880973356f7da4eda00cb8ec57cab044d,raw/E10-independent-20260918-20260906T142529991133Z
a000823,E10-independent-20260919-20260906T142530119687Z,E10,independent,20260919,default,primary,2026-09-06T14:25:30.075741+00:00,2026-09-06T14:25:30.196075+00:00,0.12,VALID,valid,,a9ff4a5e1dc0fea65b63e2b366814c1860f04110,a1d260b660c93e47a466deb9c00f26c880973356f7da4eda00cb8ec57cab044d,raw/E10-independent-20260919-20260906T142530119687Z
a000824,E10-independent-20260920-20260906T142530250840Z,E10,independent,20260920,default,primary,2026-09-06T14:25:30.208386+00:00,2026-09-06T14:25:30.333946+00:00,0.126,VALID,valid,,a9ff4a5e1dc0fea65b63e2b366814c1860f04110,a1d260b660c93e47a466deb9c00f26c880973356f7da4eda00cb8ec57cab044d,raw/E10-independent-20260920-20260906T142530250840Z
a000825,E10-independent-20260921-20260906T142530389566Z,E10,independent,20260921,default,primary,2026-09-06T14:25:30.346526+00:00,2026-09-06T14:25:30.467385+00:00,0.121,VALID,valid,,a9ff4a5e1dc0fea65b63e2b366814c1860f04110,a1d260b660c93e47a466deb9c00f26c880973356f7da4eda00cb8ec57cab044d,raw/E10-independent-20260921-20260906T142530389566Z
a000826,E10-independent-20260922-20260906T142530522790Z,E10,independent,20260922,default,primary,2026-09-06T14:25:30.480201+00:00,2026-09-06T14:25:30.603518+00:00,0.123,VALID,valid,,a9ff4a5e1dc0fea65b63e2b366814c1860f04110,a1d260b660c93e47a466deb9c00f26c880973356f7da4eda00cb8ec57cab044d,raw/E10-independent-20260922-20260906T142530522790Z
a000827,E10-independent-20260923-20260906T142530658091Z,E10,independent,20260923,default,primary,2026-09-06T14:25:30.615990+00:00,2026-09-06T14:25:30.743635+00:00,0.128,VALID,valid,,a9ff4a5e1dc0fea65b63e2b366814c1860f04110,a1d260b660c93e47a466deb9c00f26c880973356f7da4eda00cb8ec57cab044d,raw/E10-independent-20260923-20260906T142530658091Z
a000828,E10-independent-20260924-20260906T142530800260Z,E10,independent,20260924,default,primary,2026-09-06T14:25:30.756489+00:00,2026-09-06T14:25:30.878778+00:00,0.122,VALID,valid,,a9ff4a5e1dc0fea65b63e2b366814c1860f04110,a1d260b660c93e47a466deb9c00f26c880973356f7da4eda00cb8ec57cab044d,raw/E10-independent-20260924-20260906T142530800260Z
a000829,E10-independent-20260925-20260906T142530933763Z,E10,independent,20260925,default,primary,2026-09-06T14:25:30.891654+00:00,2026-09-06T14:25:31.009421+00:00,0.118,VALID,valid,,a9ff4a5e1dc0fea65b63e2b366814c1860f04110,a1d260b660c93e47a466deb9c00f26c880973356f7da4eda00cb8ec57cab044d,raw/E10-independent-20260925-20260906T142530933763Z
a000830,E10-independent-20260926-20260906T142531063097Z,E10,independent,20260926,default,primary,2026-09-06T14:25:31.021152+00:00,2026-09-06T14:25:31.143484+00:00,0.122,VALID,valid,,a9ff4a5e1dc0fea65b63e2b366814c1860f04110,a1d260b660c93e47a466deb9c00f26c880973356f7da4eda00cb8ec57cab044d,raw/E10-independent-20260926-20260906T142531063097Z
a000831,E10-independent-20260927-20260906T142531198098Z,E10,independent,20260927,default,primary,2026-09-06T14:25:31.156050+00:00,2026-09-06T14:25:31.278221+00:00,0.122,VALID,valid,,a9ff4a5e1dc0fea65b63e2b366814c1860f04110,a1d260b660c93e47a466deb9c00f26c880973356f7da4eda00cb8ec57cab044d,raw/E10-independent-20260927-20260906T142531198098Z
a000832,E10-independent-20260928-20260906T142531336028Z,E10,independent,20260928,default,primary,2026-09-06T14:25:31.291584+00:00,2026-09-06T14:25:31.415012+00:00,0.123,VALID,valid,,a9ff4a5e1dc0fea65b63e2b366814c1860f04110,a1d260b660c93e47a466deb9c00f26c880973356f7da4eda00cb8ec57cab044d,raw/E10-independent-20260928-20260906T142531336028Z
a000833,E10-independent-20260929-20260906T142531469123Z,E10,independent,20260929,default,primary,2026-09-06T14:25:31.427276+00:00,2026-09-06T14:25:31.553208+00:00,0.126,VALID,valid,,a9ff4a5e1dc0fea65b63e2b366814c1860f04110,a1d260b660c93e47a466deb9c00f26c880973356f7da4eda00cb8ec57cab044d,raw/E10-independent-20260929-20260906T142531469123Z
a000834,E10-independent-20260930-20260906T142531607770Z,E10,independent,20260930,default,primary,2026-09-06T14:25:31.565878+00:00,2026-09-06T14:25:31.684536+00:00,0.119,VALID,valid,,a9ff4a5e1dc0fea65b63e2b366814c1860f04110,a1d260b660c93e47a466deb9c00f26c880973356f7da4eda00cb8ec57cab044d,raw/E10-independent-20260930-20260906T142531607770Z
a000835,E10-independent-20260931-20260906T142531743313Z,E10,independent,20260931,default,primary,2026-09-06T14:25:31.697494+00:00,2026-09-06T14:25:31.824988+00:00,0.127,VALID,valid,,a9ff4a5e1dc0fea65b63e2b366814c1860f04110,a1d260b660c93e47a466deb9c00f26c880973356f7da4eda00cb8ec57cab044d,raw/E10-independent-20260931-20260906T142531743313Z
a000836,E10-independent-20260932-20260906T142531879740Z,E10,independent,20260932,default,primary,2026-09-06T14:25:31.837972+00:00,2026-09-06T14:25:31.956866+00:00,0.119,VALID,valid,,a9ff4a5e1dc0fea65b63e2b366814c1860f04110,a1d260b660c93e47a466deb9c00f26c880973356f7da4eda00cb8ec57cab044d,raw/E10-independent-20260932-20260906T142531879740Z
a000837,E10-independent-20260933-20260906T142532010980Z,E10,independent,20260933,default,primary,2026-09-06T14:25:31.969493+00:00,2026-09-06T14:25:32.094812+00:00,0.125,VALID,valid,,a9ff4a5e1dc0fea65b63e2b366814c1860f04110,a1d260b660c93e47a466deb9c00f26c880973356f7da4eda00cb8ec57cab044d,raw/E10-independent-20260933-20260906T142532010980Z
a000838,E10-independent-20260934-20260906T142532148275Z,E10,independent,20260934,default,primary,2026-09-06T14:25:32.106489+00:00,2026-09-06T14:25:32.230728+00:00,0.124,VALID,valid,,a9ff4a5e1dc0fea65b63e2b366814c1860f04110,a1d260b660c93e47a466deb9c00f26c880973356f7da4eda00cb8ec57cab044d,raw/E10-independent-20260934-20260906T142532148275Z
a000839,E10-independent-20260935-20260906T142532285351Z,E10,independent,20260935,default,primary,2026-09-06T14:25:32.243306+00:00,2026-09-06T14:25:32.362091+00:00,0.119,VALID,valid,,a9ff4a5e1dc0fea65b63e2b366814c1860f04110,a1d260b660c93e47a466deb9c00f26c880973356f7da4eda00cb8ec57cab044d,raw/E10-independent-20260935-20260906T142532285351Z
a000840,E10-independent-20260936-20260906T142532415508Z,E10,independent,20260936,default,primary,2026-09-06T14:25:32.374029+00:00,2026-09-06T14:25:32.493001+00:00,0.119,VALID,valid,,a9ff4a5e1dc0fea65b63e2b366814c1860f04110,a1d260b660c93e47a466deb9c00f26c880973356f7da4eda00cb8ec57cab044d,raw/E10-independent-20260936-20260906T142532415508Z
a000841,E10-static_continuity-20260907-20260906T142532546104Z,E10,static_continuity,20260907,default,primary,2026-09-06T14:25:32.504673+00:00,2026-09-06T14:25:32.624546+00:00,0.12,VALID,valid,,a9ff4a5e1dc0fea65b63e2b366814c1860f04110,a1d260b660c93e47a466deb9c00f26c880973356f7da4eda00cb8ec57cab044d,raw/E10-static_continuity-20260907-20260906T142532546104Z
a000842,E10-static_continuity-20260908-20260906T142532678441Z,E10,static_continuity,20260908,default,primary,2026-09-06T14:25:32.636131+00:00,2026-09-06T14:25:32.762454+00:00,0.126,VALID,valid,,a9ff4a5e1dc0fea65b63e2b366814c1860f04110,a1d260b660c93e47a466deb9c00f26c880973356f7da4eda00cb8ec57cab044d,raw/E10-static_continuity-20260908-20260906T142532678441Z
a000843,E10-static_continuity-20260909-20260906T142532819726Z,E10,static_continuity,20260909,default,primary,2026-09-06T14:25:32.774869+00:00,2026-09-06T14:25:32.887037+00:00,0.112,VALID,valid,,a9ff4a5e1dc0fea65b63e2b366814c1860f04110,a1d260b660c93e47a466deb9c00f26c880973356f7da4eda00cb8ec57cab044d,raw/E10-static_continuity-20260909-20260906T142532819726Z
a000844,E10-static_continuity-20260910-20260906T142532941470Z,E10,static_continuity,20260910,default,primary,2026-09-06T14:25:32.899218+00:00,2026-09-06T14:25:33.016535+00:00,0.117,VALID,valid,,a9ff4a5e1dc0fea65b63e2b366814c1860f04110,a1d260b660c93e47a466deb9c00f26c880973356f7da4eda00cb8ec57cab044d,raw/E10-static_continuity-20260910-20260906T142532941470Z
a000845,E10-static_continuity-20260911-20260906T142533070612Z,E10,static_continuity,20260911,default,primary,2026-09-06T14:25:33.028813+00:00,2026-09-06T14:25:33.152377+00:00,0.124,VALID,valid,,a9ff4a5e1dc0fea65b63e2b366814c1860f04110,a1d260b660c93e47a466deb9c00f26c880973356f7da4eda00cb8ec57cab044d,raw/E10-static_continuity-20260911-20260906T142533070612Z
a000846,E10-static_continuity-20260912-20260906T142533207297Z,E10,static_continuity,20260912,default,primary,2026-09-06T14:25:33.165104+00:00,2026-09-06T14:25:33.284919+00:00,0.12,VALID,valid,,a9ff4a5e1dc0fea65b63e2b366814c1860f04110,a1d260b660c93e47a466deb9c00f26c880973356f7da4eda00cb8ec57cab044d,raw/E10-static_continuity-20260912-20260906T142533207297Z
a000847,E10-static_continuity-20260913-20260906T142533338082Z,E10,static_continuity,20260913,default,primary,2026-09-06T14:25:33.296574+00:00,2026-09-06T14:25:33.412819+00:00,0.116,VALID,valid,,a9ff4a5e1dc0fea65b63e2b366814c1860f04110,a1d260b660c93e47a466deb9c00f26c880973356f7da4eda00cb8ec57cab044d,raw/E10-static_continuity-20260913-20260906T142533338082Z
a000848,E10-static_continuity-20260914-20260906T142533467163Z,E10,static_continuity,20260914,default,primary,2026-09-06T14:25:33.424406+00:00,2026-09-06T14:25:33.548510+00:00,0.124,VALID,valid,,a9ff4a5e1dc0fea65b63e2b366814c1860f04110,a1d260b660c93e47a466deb9c00f26c880973356f7da4eda00cb8ec57cab044d,raw/E10-static_continuity-20260914-20260906T142533467163Z
a000849,E10-static_continuity-20260915-20260906T142533603362Z,E10,static_continuity,20260915,default,primary,2026-09-06T14:25:33.561078+00:00,2026-09-06T14:25:33.680430+00:00,0.119,VALID,valid,,a9ff4a5e1dc0fea65b63e2b366814c1860f04110,a1d260b660c93e47a466deb9c00f26c880973356f7da4eda00cb8ec57cab044d,raw/E10-static_continuity-20260915-20260906T142533603362Z
a000850,E10-static_continuity-20260916-20260906T142533735251Z,E10,static_continuity,20260916,default,primary,2026-09-06T14:25:33.693417+00:00,2026-09-06T14:25:33.812214+00:00,0.119,VALID,valid,,a9ff4a5e1dc0fea65b63e2b366814c1860f04110,a1d260b660c93e47a466deb9c00f26c880973356f7da4eda00cb8ec57cab044d,raw/E10-static_continuity-20260916-20260906T142533735251Z
a000851,E10-static_continuity-20260917-20260906T142533866977Z,E10,static_continuity,20260917,default,primary,2026-09-06T14:25:33.823951+00:00,2026-09-06T14:25:33.966788+00:00,0.143,VALID,valid,,a9ff4a5e1dc0fea65b63e2b366814c1860f04110,a1d260b660c93e47a466deb9c00f26c880973356f7da4eda00cb8ec57cab044d,raw/E10-static_continuity-20260917-20260906T142533866977Z
a000852,E10-static_continuity-20260918-20260906T142534021846Z,E10,static_continuity,20260918,default,primary,2026-09-06T14:25:33.979211+00:00,2026-09-06T14:25:34.089214+00:00,0.11,VALID,valid,,a9ff4a5e1dc0fea65b63e2b366814c1860f04110,a1d260b660c93e47a466deb9c00f26c880973356f7da4eda00cb8ec57cab044d,raw/E10-static_continuity-20260918-20260906T142534021846Z
a000853,E10-static_continuity-20260919-20260906T142534144305Z,E10,static_continuity,20260919,default,primary,2026-09-06T14:25:34.101277+00:00,2026-09-06T14:25:34.227267+00:00,0.126,VALID,valid,,a9ff4a5e1dc0fea65b63e2b366814c1860f04110,a1d260b660c93e47a466deb9c00f26c880973356f7da4eda00cb8ec57cab044d,raw/E10-static_continuity-20260919-20260906T142534144305Z
a000854,E10-static_continuity-20260920-20260906T142534280964Z,E10,static_continuity,20260920,default,primary,2026-09-06T14:25:34.239268+00:00,2026-09-06T14:25:34.345701+00:00,0.106,VALID,valid,,a9ff4a5e1dc0fea65b63e2b366814c1860f04110,a1d260b660c93e47a466deb9c00f26c880973356f7da4eda00cb8ec57cab044d,raw/E10-static_continuity-20260920-20260906T142534280964Z
a000855,E10-static_continuity-20260921-20260906T142534399650Z,E10,static_continuity,20260921,default,primary,2026-09-06T14:25:34.358208+00:00,2026-09-06T14:25:34.464196+00:00,0.106,VALID,valid,,a9ff4a5e1dc0fea65b63e2b366814c1860f04110,a1d260b660c93e47a466deb9c00f26c880973356f7da4eda00cb8ec57cab044d,raw/E10-static_continuity-20260921-20260906T142534399650Z
a000856,E10-static_continuity-20260922-20260906T142534518237Z,E10,static_continuity,20260922,default,primary,2026-09-06T14:25:34.476703+00:00,2026-09-06T14:25:34.597270+00:00,0.121,VALID,valid,,a9ff4a5e1dc0fea65b63e2b366814c1860f04110,a1d260b660c93e47a466deb9c00f26c880973356f7da4eda00cb8ec57cab044d,raw/E10-static_continuity-20260922-20260906T142534518237Z
a000857,E10-static_continuity-20260923-20260906T142534650322Z,E10,static_continuity,20260923,default,primary,2026-09-06T14:25:34.608813+00:00,2026-09-06T14:25:34.725577+00:00,0.117,VALID,valid,,a9ff4a5e1dc0fea65b63e2b366814c1860f04110,a1d260b660c93e47a466deb9c00f26c880973356f7da4eda00cb8ec57cab044d,raw/E10-static_continuity-20260923-20260906T142534650322Z
a000858,E10-static_continuity-20260924-20260906T142534779315Z,E10,static_continuity,20260924,default,primary,2026-09-06T14:25:34.737591+00:00,2026-09-06T14:25:34.860396+00:00,0.123,VALID,valid,,a9ff4a5e1dc0fea65b63e2b366814c1860f04110,a1d260b660c93e47a466deb9c00f26c880973356f7da4eda00cb8ec57cab044d,raw/E10-static_continuity-20260924-20260906T142534779315Z
a000859,E10-static_continuity-20260925-20260906T142534914561Z,E10,static_continuity,20260925,default,primary,2026-09-06T14:25:34.873004+00:00,2026-09-06T14:25:34.978262+00:00,0.105,VALID,valid,,a9ff4a5e1dc0fea65b63e2b366814c1860f04110,a1d260b660c93e47a466deb9c00f26c880973356f7da4eda00cb8ec57cab044d,raw/E10-static_continuity-20260925-20260906T142534914561Z
a000860,E10-static_continuity-20260926-20260906T142535031894Z,E10,static_continuity,20260926,default,primary,2026-09-06T14:25:34.989886+00:00,2026-09-06T14:25:35.111376+00:00,0.121,VALID,valid,,a9ff4a5e1dc0fea65b63e2b366814c1860f04110,a1d260b660c93e47a466deb9c00f26c880973356f7da4eda00cb8ec57cab044d,raw/E10-static_continuity-20260926-20260906T142535031894Z
a000861,E10-static_continuity-20260927-20260906T142535165604Z,E10,static_continuity,20260927,default,primary,2026-09-06T14:25:35.123983+00:00,2026-09-06T14:25:35.246438+00:00,0.122,VALID,valid,,a9ff4a5e1dc0fea65b63e2b366814c1860f04110,a1d260b660c93e47a466deb9c00f26c880973356f7da4eda00cb8ec57cab044d,raw/E10-static_continuity-20260927-20260906T142535165604Z
a000862,E10-static_continuity-20260928-20260906T142535302698Z,E10,static_continuity,20260928,default,primary,2026-09-06T14:25:35.259306+00:00,2026-09-06T14:25:35.377708+00:00,0.118,VALID,valid,,a9ff4a5e1dc0fea65b63e2b366814c1860f04110,a1d260b660c93e47a466deb9c00f26c880973356f7da4eda00cb8ec57cab044d,raw/E10-static_continuity-20260928-20260906T142535302698Z
a000863,E10-static_continuity-20260929-20260906T142535431351Z,E10,static_continuity,20260929,default,primary,2026-09-06T14:25:35.389504+00:00,2026-09-06T14:25:35.506304+00:00,0.117,VALID,valid,,a9ff4a5e1dc0fea65b63e2b366814c1860f04110,a1d260b660c93e47a466deb9c00f26c880973356f7da4eda00cb8ec57cab044d,raw/E10-static_continuity-20260929-20260906T142535431351Z
a000864,E10-static_continuity-20260930-20260906T142535560134Z,E10,static_continuity,20260930,default,primary,2026-09-06T14:25:35.518141+00:00,2026-09-06T14:25:35.638266+00:00,0.12,VALID,valid,,a9ff4a5e1dc0fea65b63e2b366814c1860f04110,a1d260b660c93e47a466deb9c00f26c880973356f7da4eda00cb8ec57cab044d,raw/E10-static_continuity-20260930-20260906T142535560134Z
a000865,E10-static_continuity-20260931-20260906T142535691845Z,E10,static_continuity,20260931,default,primary,2026-09-06T14:25:35.650451+00:00,2026-09-06T14:25:35.763831+00:00,0.113,VALID,valid,,a9ff4a5e1dc0fea65b63e2b366814c1860f04110,a1d260b660c93e47a466deb9c00f26c880973356f7da4eda00cb8ec57cab044d,raw/E10-static_continuity-20260931-20260906T142535691845Z
a000866,E10-static_continuity-20260932-20260906T142535816320Z,E10,static_continuity,20260932,default,primary,2026-09-06T14:25:35.775231+00:00,2026-09-06T14:25:35.894841+00:00,0.12,VALID,valid,,a9ff4a5e1dc0fea65b63e2b366814c1860f04110,a1d260b660c93e47a466deb9c00f26c880973356f7da4eda00cb8ec57cab044d,raw/E10-static_continuity-20260932-20260906T142535816320Z
a000867,E10-static_continuity-20260933-20260906T142535950850Z,E10,static_continuity,20260933,default,primary,2026-09-06T14:25:35.907300+00:00,2026-09-06T14:25:36.024119+00:00,0.117,VALID,valid,,a9ff4a5e1dc0fea65b63e2b366814c1860f04110,a1d260b660c93e47a466deb9c00f26c880973356f7da4eda00cb8ec57cab044d,raw/E10-static_continuity-20260933-20260906T142535950850Z
a000868,E10-static_continuity-20260934-20260906T142536077988Z,E10,static_continuity,20260934,default,primary,2026-09-06T14:25:36.035968+00:00,2026-09-06T14:25:36.140977+00:00,0.105,VALID,valid,,a9ff4a5e1dc0fea65b63e2b366814c1860f04110,a1d260b660c93e47a466deb9c00f26c880973356f7da4eda00cb8ec57cab044d,raw/E10-static_continuity-20260934-20260906T142536077988Z
a000869,E10-static_continuity-20260935-20260906T142536195616Z,E10,static_continuity,20260935,default,primary,2026-09-06T14:25:36.153223+00:00,2026-09-06T14:25:36.274014+00:00,0.121,VALID,valid,,a9ff4a5e1dc0fea65b63e2b366814c1860f04110,a1d260b660c93e47a466deb9c00f26c880973356f7da4eda00cb8ec57cab044d,raw/E10-static_continuity-20260935-20260906T142536195616Z
a000870,E10-static_continuity-20260936-20260906T142536327264Z,E10,static_continuity,20260936,default,primary,2026-09-06T14:25:36.285676+00:00,2026-09-06T14:25:36.401620+00:00,0.116,VALID,valid,,a9ff4a5e1dc0fea65b63e2b366814c1860f04110,a1d260b660c93e47a466deb9c00f26c880973356f7da4eda00cb8ec57cab044d,raw/E10-static_continuity-20260936-20260906T142536327264Z
a000871,E10-ca_ztcf-20260907-20260906T142536455613Z,E10,ca_ztcf,20260907,default,primary,2026-09-06T14:25:36.414111+00:00,2026-09-06T14:25:36.531766+00:00,0.118,VALID,valid,,a9ff4a5e1dc0fea65b63e2b366814c1860f04110,a1d260b660c93e47a466deb9c00f26c880973356f7da4eda00cb8ec57cab044d,raw/E10-ca_ztcf-20260907-20260906T142536455613Z
a000872,E10-ca_ztcf-20260908-20260906T142536584953Z,E10,ca_ztcf,20260908,default,primary,2026-09-06T14:25:36.543468+00:00,2026-09-06T14:25:36.657642+00:00,0.114,VALID,valid,,a9ff4a5e1dc0fea65b63e2b366814c1860f04110,a1d260b660c93e47a466deb9c00f26c880973356f7da4eda00cb8ec57cab044d,raw/E10-ca_ztcf-20260908-20260906T142536584953Z
a000873,E10-ca_ztcf-20260909-20260906T142536710267Z,E10,ca_ztcf,20260909,default,primary,2026-09-06T14:25:36.668909+00:00,2026-09-06T14:25:36.784681+00:00,0.116,VALID,valid,,a9ff4a5e1dc0fea65b63e2b366814c1860f04110,a1d260b660c93e47a466deb9c00f26c880973356f7da4eda00cb8ec57cab044d,raw/E10-ca_ztcf-20260909-20260906T142536710267Z
a000874,E10-ca_ztcf-20260910-20260906T142536838588Z,E10,ca_ztcf,20260910,default,primary,2026-09-06T14:25:36.797291+00:00,2026-09-06T14:25:36.917656+00:00,0.12,VALID,valid,,a9ff4a5e1dc0fea65b63e2b366814c1860f04110,a1d260b660c93e47a466deb9c00f26c880973356f7da4eda00cb8ec57cab044d,raw/E10-ca_ztcf-20260910-20260906T142536838588Z
a000875,E10-ca_ztcf-20260911-20260906T142536971913Z,E10,ca_ztcf,20260911,default,primary,2026-09-06T14:25:36.928929+00:00,2026-09-06T14:25:37.047768+00:00,0.119,VALID,valid,,a9ff4a5e1dc0fea65b63e2b366814c1860f04110,a1d260b660c93e47a466deb9c00f26c880973356f7da4eda00cb8ec57cab044d,raw/E10-ca_ztcf-20260911-20260906T142536971913Z
a000876,E10-ca_ztcf-20260912-20260906T142537103469Z,E10,ca_ztcf,20260912,default,primary,2026-09-06T14:25:37.059898+00:00,2026-09-06T14:25:37.181948+00:00,0.122,VALID,valid,,a9ff4a5e1dc0fea65b63e2b366814c1860f04110,a1d260b660c93e47a466deb9c00f26c880973356f7da4eda00cb8ec57cab044d,raw/E10-ca_ztcf-20260912-20260906T142537103469Z
a000877,E10-ca_ztcf-20260913-20260906T142537235938Z,E10,ca_ztcf,20260913,default,primary,2026-09-06T14:25:37.194134+00:00,2026-09-06T14:25:37.302164+00:00,0.108,VALID,valid,,a9ff4a5e1dc0fea65b63e2b366814c1860f04110,a1d260b660c93e47a466deb9c00f26c880973356f7da4eda00cb8ec57cab044d,raw/E10-ca_ztcf-20260913-20260906T142537235938Z
a000878,E10-ca_ztcf-20260914-20260906T142537355423Z,E10,ca_ztcf,20260914,default,primary,2026-09-06T14:25:37.313759+00:00,2026-09-06T14:25:37.432771+00:00,0.119,VALID,valid,,a9ff4a5e1dc0fea65b63e2b366814c1860f04110,a1d260b660c93e47a466deb9c00f26c880973356f7da4eda00cb8ec57cab044d,raw/E10-ca_ztcf-20260914-20260906T142537355423Z
a000879,E10-ca_ztcf-20260915-20260906T142537486090Z,E10,ca_ztcf,20260915,default,primary,2026-09-06T14:25:37.444323+00:00,2026-09-06T14:25:37.565698+00:00,0.121,VALID,valid,,a9ff4a5e1dc0fea65b63e2b366814c1860f04110,a1d260b660c93e47a466deb9c00f26c880973356f7da4eda00cb8ec57cab044d,raw/E10-ca_ztcf-20260915-20260906T142537486090Z
a000880,E10-ca_ztcf-20260916-20260906T142537619189Z,E10,ca_ztcf,20260916,default,primary,2026-09-06T14:25:37.577267+00:00,2026-09-06T14:25:37.696056+00:00,0.119,VALID,valid,,a9ff4a5e1dc0fea65b63e2b366814c1860f04110,a1d260b660c93e47a466deb9c00f26c880973356f7da4eda00cb8ec57cab044d,raw/E10-ca_ztcf-20260916-20260906T142537619189Z
a000881,E10-ca_ztcf-20260917-20260906T142537749277Z,E10,ca_ztcf,20260917,default,primary,2026-09-06T14:25:37.707717+00:00,2026-09-06T14:25:37.811225+00:00,0.104,VALID,valid,,a9ff4a5e1dc0fea65b63e2b366814c1860f04110,a1d260b660c93e47a466deb9c00f26c880973356f7da4eda00cb8ec57cab044d,raw/E10-ca_ztcf-20260917-20260906T142537749277Z
a000882,E10-ca_ztcf-20260918-20260906T142537865214Z,E10,ca_ztcf,20260918,default,primary,2026-09-06T14:25:37.823155+00:00,2026-09-06T14:25:37.943790+00:00,0.121,VALID,valid,,a9ff4a5e1dc0fea65b63e2b366814c1860f04110,a1d260b660c93e47a466deb9c00f26c880973356f7da4eda00cb8ec57cab044d,raw/E10-ca_ztcf-20260918-20260906T142537865214Z
a000883,E10-ca_ztcf-20260919-20260906T142537996794Z,E10,ca_ztcf,20260919,default,primary,2026-09-06T14:25:37.954890+00:00,2026-09-06T14:25:38.063828+00:00,0.109,VALID,valid,,a9ff4a5e1dc0fea65b63e2b366814c1860f04110,a1d260b660c93e47a466deb9c00f26c880973356f7da4eda00cb8ec57cab044d,raw/E10-ca_ztcf-20260919-20260906T142537996794Z
a000884,E10-ca_ztcf-20260920-20260906T142538117688Z,E10,ca_ztcf,20260920,default,primary,2026-09-06T14:25:38.075429+00:00,2026-09-06T14:25:38.194507+00:00,0.119,VALID,valid,,a9ff4a5e1dc0fea65b63e2b366814c1860f04110,a1d260b660c93e47a466deb9c00f26c880973356f7da4eda00cb8ec57cab044d,raw/E10-ca_ztcf-20260920-20260906T142538117688Z
a000885,E10-ca_ztcf-20260921-20260906T142538247886Z,E10,ca_ztcf,20260921,default,primary,2026-09-06T14:25:38.206150+00:00,2026-09-06T14:25:38.325756+00:00,0.12,VALID,valid,,a9ff4a5e1dc0fea65b63e2b366814c1860f04110,a1d260b660c93e47a466deb9c00f26c880973356f7da4eda00cb8ec57cab044d,raw/E10-ca_ztcf-20260921-20260906T142538247886Z
a000886,E10-ca_ztcf-20260922-20260906T142538379950Z,E10,ca_ztcf,20260922,default,primary,2026-09-06T14:25:38.337345+00:00,2026-09-06T14:25:38.341362+00:00,0.129,VALID,valid,,a9ff4a5e1dc0fea65b63e2b366814c1860f04110,a1d260b660c93e47a466deb9c00f26c880973356f7da4eda00cb8ec57cab044d,raw/E10-ca_ztcf-20260922-20260906T142538379950Z
a000887,E10-ca_ztcf-20260923-20260906T142538396403Z,E10,ca_ztcf,20260923,default,primary,2026-09-06T14:25:38.354400+00:00,2026-09-06T14:25:38.466046+00:00,0.112,VALID,valid,,a9ff4a5e1dc0fea65b63e2b366814c1860f04110,a1d260b660c93e47a466deb9c00f26c880973356f7da4eda00cb8ec57cab044d,raw/E10-ca_ztcf-20260923-20260906T142538396403Z
a000888,E10-ca_ztcf-20260924-20260906T142538521144Z,E10,ca_ztcf,20260924,default,primary,2026-09-06T14:25:38.479613+00:00,2026-09-06T14:25:38.594330+00:00,0.115,VALID,valid,,a9ff4a5e1dc0fea65b63e2b366814c1860f04110,a1d260b660c93e47a466deb9c00f26c880973356f7da4eda00cb8ec57cab044d,raw/E10-ca_ztcf-20260924-20260906T142538521144Z
a000889,E10-ca_ztcf-20260925-20260906T142538646953Z,E10,ca_ztcf,20260925,default,primary,2026-09-06T14:25:38.605786+00:00,2026-09-06T14:25:38.711010+00:00,0.105,VALID,valid,,a9ff4a5e1dc0fea65b63e2b366814c1860f04110,a1d260b660c93e47a466deb9c00f26c880973356f7da4eda00cb8ec57cab044d,raw/E10-ca_ztcf-20260925-20260906T142538646953Z
a000890,E10-ca_ztcf-20260926-20260906T142538763575Z,E10,ca_ztcf,20260926,default,primary,2026-09-06T14:25:38.722631+00:00,2026-09-06T14:25:38.839489+00:00,0.117,VALID,valid,,a9ff4a5e1dc0fea65b63e2b366814c1860f04110,a1d260b660c93e47a466deb9c00f26c880973356f7da4eda00cb8ec57cab044d,raw/E10-ca_ztcf-20260926-20260906T142538763575Z
a000891,E10-ca_ztcf-20260927-20260906T142538893138Z,E10,ca_ztcf,20260927,default,primary,2026-09-06T14:25:38.851249+00:00,2026-09-06T14:25:38.969113+00:00,0.118,VALID,valid,,a9ff4a5e1dc0fea65b63e2b366814c1860f04110,a1d260b660c93e47a466deb9c00f26c880973356f7da4eda00cb8ec57cab044d,raw/E10-ca_ztcf-20260927-20260906T142538893138Z
a000892,E10-ca_ztcf-20260928-20260906T142539023103Z,E10,ca_ztcf,20260928,default,primary,2026-09-06T14:25:38.981544+00:00,2026-09-06T14:25:39.096962+00:00,0.115,VALID,valid,,a9ff4a5e1dc0fea65b63e2b366814c1860f04110,a1d260b660c93e47a466deb9c00f26c880973356f7da4eda00cb8ec57cab044d,raw/E10-ca_ztcf-20260928-20260906T142539023103Z
a000893,E10-ca_ztcf-20260929-20260906T142539151695Z,E10,ca_ztcf,20260929,default,primary,2026-09-06T14:25:39.109189+00:00,2026-09-06T14:25:39.236439+00:00,0.127,VALID,valid,,a9ff4a5e1dc0fea65b63e2b366814c1860f04110,a1d260b660c93e47a466deb9c00f26c880973356f7da4eda00cb8ec57cab044d,raw/E10-ca_ztcf-20260929-20260906T142539151695Z
a000894,E10-ca_ztcf-20260930-20260906T142539289732Z,E10,ca_ztcf,20260930,default,primary,2026-09-06T14:25:39.248100+00:00,2026-09-06T14:25:39.367252+00:00,0.119,VALID,valid,,a9ff4a5e1dc0fea65b63e2b366814c1860f04110,a1d260b660c93e47a466deb9c00f26c880973356f7da4eda00cb8ec57cab044d,raw/E10-ca_ztcf-20260930-20260906T142539289732Z
a000895,E10-ca_ztcf-20260931-20260906T142539421862Z,E10,ca_ztcf,20260931,default,primary,2026-09-06T14:25:39.379708+00:00,2026-09-06T14:25:39.502355+00:00,0.123,VALID,valid,,a9ff4a5e1dc0fea65b63e2b366814c1860f04110,a1d260b660c93e47a466deb9c00f26c880973356f7da4eda00cb8ec57cab044d,raw/E10-ca_ztcf-20260931-20260906T142539421862Z
a000896,E10-ca_ztcf-20260932-20260906T142539558109Z,E10,ca_ztcf,20260932,default,primary,2026-09-06T14:25:39.515262+00:00,2026-09-06T14:25:39.632180+00:00,0.117,VALID,valid,,a9ff4a5e1dc0fea65b63e2b366814c1860f04110,a1d260b660c93e47a466deb9c00f26c880973356f7da4eda00cb8ec57cab044d,raw/E10-ca_ztcf-20260932-20260906T142539558109Z
a000897,E10-ca_ztcf-20260933-20260906T142539687025Z,E10,ca_ztcf,20260933,default,primary,2026-09-06T14:25:39.643879+00:00,2026-09-06T14:25:39.764862+00:00,0.121,VALID,valid,,a9ff4a5e1dc0fea65b63e2b366814c1860f04110,a1d260b660c93e47a466deb9c00f26c880973356f7da4eda00cb8ec57cab044d,raw/E10-ca_ztcf-20260933-20260906T142539687025Z
a000898,E10-ca_ztcf-20260934-20260906T142539819200Z,E10,ca_ztcf,20260934,default,primary,2026-09-06T14:25:39.776655+00:00,2026-09-06T14:25:39.895323+00:00,0.119,VALID,valid,,a9ff4a5e1dc0fea65b63e2b366814c1860f04110,a1d260b660c93e47a466deb9c00f26c880973356f7da4eda00cb8ec57cab044d,raw/E10-ca_ztcf-20260934-20260906T142539819200Z
a000899,E10-ca_ztcf-20260935-20260906T142539950672Z,E10,ca_ztcf,20260935,default,primary,2026-09-06T14:25:39.908513+00:00,2026-09-06T14:25:40.028015+00:00,0.119,VALID,valid,,a9ff4a5e1dc0fea65b63e2b366814c1860f04110,a1d260b660c93e47a466deb9c00f26c880973356f7da4eda00cb8ec57cab044d,raw/E10-ca_ztcf-20260935-20260906T142539950672Z
a000900,E10-ca_ztcf-20260936-20260906T142540084882Z,E10,ca_ztcf,20260936,default,primary,2026-09-06T14:25:40.039971+00:00,2026-09-06T14:25:40.168761+00:00,0.129,VALID,valid,,a9ff4a5e1dc0fea65b63e2b366814c1860f04110,a1d260b660c93e47a466deb9c00f26c880973356f7da4eda00cb8ec57cab044d,raw/E10-ca_ztcf-20260936-20260906T142540084882Z
a000901,E11-independent-20260907-20260906T142540223653Z,E11,independent,20260907,default,primary,2026-09-06T14:25:40.181332+00:00,2026-09-06T14:25:40.309523+00:00,0.128,VALID,valid,,a9ff4a5e1dc0fea65b63e2b366814c1860f04110,a1d260b660c93e47a466deb9c00f26c880973356f7da4eda00cb8ec57cab044d,raw/E11-independent-20260907-20260906T142540223653Z
a000902,E11-independent-20260908-20260906T142540364789Z,E11,independent,20260908,default,primary,2026-09-06T14:25:40.321666+00:00,2026-09-06T14:25:40.439636+00:00,0.118,VALID,valid,,a9ff4a5e1dc0fea65b63e2b366814c1860f04110,a1d260b660c93e47a466deb9c00f26c880973356f7da4eda00cb8ec57cab044d,raw/E11-independent-20260908-20260906T142540364789Z
a000903,E11-independent-20260909-20260906T142540493853Z,E11,independent,20260909,default,primary,2026-09-06T14:25:40.451885+00:00,2026-09-06T14:25:40.568730+00:00,0.117,VALID,valid,,a9ff4a5e1dc0fea65b63e2b366814c1860f04110,a1d260b660c93e47a466deb9c00f26c880973356f7da4eda00cb8ec57cab044d,raw/E11-independent-20260909-20260906T142540493853Z
a000904,E11-independent-20260910-20260906T142540622745Z,E11,independent,20260910,default,primary,2026-09-06T14:25:40.580988+00:00,2026-09-06T14:25:40.707568+00:00,0.127,VALID,valid,,a9ff4a5e1dc0fea65b63e2b366814c1860f04110,a1d260b660c93e47a466deb9c00f26c880973356f7da4eda00cb8ec57cab044d,raw/E11-independent-20260910-20260906T142540622745Z
a000905,E11-independent-20260911-20260906T142540768168Z,E11,independent,20260911,default,primary,2026-09-06T14:25:40.724971+00:00,2026-09-06T14:25:40.844707+00:00,0.12,VALID,valid,,a9ff4a5e1dc0fea65b63e2b366814c1860f04110,a1d260b660c93e47a466deb9c00f26c880973356f7da4eda00cb8ec57cab044d,raw/E11-independent-20260911-20260906T142540768168Z
a000906,E11-independent-20260912-20260906T142540898592Z,E11,independent,20260912,default,primary,2026-09-06T14:25:40.857107+00:00,2026-09-06T14:25:40.976975+00:00,0.12,VALID,valid,,a9ff4a5e1dc0fea65b63e2b366814c1860f04110,a1d260b660c93e47a466deb9c00f26c880973356f7da4eda00cb8ec57cab044d,raw/E11-independent-20260912-20260906T142540898592Z
a000907,E11-independent-20260913-20260906T142541030483Z,E11,independent,20260913,default,primary,2026-09-06T14:25:40.988801+00:00,2026-09-06T14:25:41.110207+00:00,0.121,VALID,valid,,a9ff4a5e1dc0fea65b63e2b366814c1860f04110,a1d260b660c93e47a466deb9c00f26c880973356f7da4eda00cb8ec57cab044d,raw/E11-independent-20260913-20260906T142541030483Z
a000908,E11-independent-20260914-20260906T142541164909Z,E11,independent,20260914,default,primary,2026-09-06T14:25:41.122837+00:00,2026-09-06T14:25:41.241362+00:00,0.119,VALID,valid,,a9ff4a5e1dc0fea65b63e2b366814c1860f04110,a1d260b660c93e47a466deb9c00f26c880973356f7da4eda00cb8ec57cab044d,raw/E11-independent-20260914-20260906T142541164909Z
a000909,E11-independent-20260915-20260906T142541294306Z,E11,independent,20260915,default,primary,2026-09-06T14:25:41.252947+00:00,2026-09-06T14:25:41.378796+00:00,0.126,VALID,valid,,a9ff4a5e1dc0fea65b63e2b366814c1860f04110,a1d260b660c93e47a466deb9c00f26c880973356f7da4eda00cb8ec57cab044d,raw/E11-independent-20260915-20260906T142541294306Z
a000910,E11-independent-20260916-20260906T142541433434Z,E11,independent,20260916,default,primary,2026-09-06T14:25:41.391392+00:00,2026-09-06T14:25:41.506648+00:00,0.115,VALID,valid,,a9ff4a5e1dc0fea65b63e2b366814c1860f04110,a1d260b660c93e47a466deb9c00f26c880973356f7da4eda00cb8ec57cab044d,raw/E11-independent-20260916-20260906T142541433434Z
a000911,E11-independent-20260917-20260906T142541562089Z,E11,independent,20260917,default,primary,2026-09-06T14:25:41.518299+00:00,2026-09-06T14:25:41.641098+00:00,0.123,VALID,valid,,a9ff4a5e1dc0fea65b63e2b366814c1860f04110,a1d260b660c93e47a466deb9c00f26c880973356f7da4eda00cb8ec57cab044d,raw/E11-independent-20260917-20260906T142541562089Z
a000912,E11-independent-20260918-20260906T142541696376Z,E11,independent,20260918,default,primary,2026-09-06T14:25:41.653494+00:00,2026-09-06T14:25:41.773372+00:00,0.12,VALID,valid,,a9ff4a5e1dc0fea65b63e2b366814c1860f04110,a1d260b660c93e47a466deb9c00f26c880973356f7da4eda00cb8ec57cab044d,raw/E11-independent-20260918-20260906T142541696376Z
a000913,E11-independent-20260919-20260906T142541829350Z,E11,independent,20260919,default,primary,2026-09-06T14:25:41.786686+00:00,2026-09-06T14:25:41.912816+00:00,0.126,VALID,valid,,a9ff4a5e1dc0fea65b63e2b366814c1860f04110,a1d260b660c93e47a466deb9c00f26c880973356f7da4eda00cb8ec57cab044d,raw/E11-independent-20260919-20260906T142541829350Z
a000914,E11-independent-20260920-20260906T142541967735Z,E11,independent,20260920,default,primary,2026-09-06T14:25:41.925630+00:00,2026-09-06T14:25:42.046316+00:00,0.121,VALID,valid,,a9ff4a5e1dc0fea65b63e2b366814c1860f04110,a1d260b660c93e47a466deb9c00f26c880973356f7da4eda00cb8ec57cab044d,raw/E11-independent-20260920-20260906T142541967735Z
a000915,E11-independent-20260921-20260906T142542100098Z,E11,independent,20260921,default,primary,2026-09-06T14:25:42.058482+00:00,2026-09-06T14:25:42.179785+00:00,0.121,VALID,valid,,a9ff4a5e1dc0fea65b63e2b366814c1860f04110,a1d260b660c93e47a466deb9c00f26c880973356f7da4eda00cb8ec57cab044d,raw/E11-independent-20260921-20260906T142542100098Z
a000916,E11-independent-20260922-20260906T142542235673Z,E11,independent,20260922,default,primary,2026-09-06T14:25:42.192860+00:00,2026-09-06T14:25:42.314078+00:00,0.121,VALID,valid,,a9ff4a5e1dc0fea65b63e2b366814c1860f04110,a1d260b660c93e47a466deb9c00f26c880973356f7da4eda00cb8ec57cab044d,raw/E11-independent-20260922-20260906T142542235673Z
a000917,E11-independent-20260923-20260906T142542368021Z,E11,independent,20260923,default,primary,2026-09-06T14:25:42.325765+00:00,2026-09-06T14:25:42.450859+00:00,0.125,VALID,valid,,a9ff4a5e1dc0fea65b63e2b366814c1860f04110,a1d260b660c93e47a466deb9c00f26c880973356f7da4eda00cb8ec57cab044d,raw/E11-independent-20260923-20260906T142542368021Z
a000918,E11-independent-20260924-20260906T142542505124Z,E11,independent,20260924,default,primary,2026-09-06T14:25:42.462231+00:00,2026-09-06T14:25:42.581916+00:00,0.12,VALID,valid,,a9ff4a5e1dc0fea65b63e2b366814c1860f04110,a1d260b660c93e47a466deb9c00f26c880973356f7da4eda00cb8ec57cab044d,raw/E11-independent-20260924-20260906T142542505124Z
a000919,E11-independent-20260925-20260906T142542634776Z,E11,independent,20260925,default,primary,2026-09-06T14:25:42.593476+00:00,2026-09-06T14:25:42.718203+00:00,0.125,VALID,valid,,a9ff4a5e1dc0fea65b63e2b366814c1860f04110,a1d260b660c93e47a466deb9c00f26c880973356f7da4eda00cb8ec57cab044d,raw/E11-independent-20260925-20260906T142542634776Z
a000920,E11-independent-20260926-20260906T142542774013Z,E11,independent,20260926,default,primary,2026-09-06T14:25:42.731276+00:00,2026-09-06T14:25:42.852025+00:00,0.121,VALID,valid,,a9ff4a5e1dc0fea65b63e2b366814c1860f04110,a1d260b660c93e47a466deb9c00f26c880973356f7da4eda00cb8ec57cab044d,raw/E11-independent-20260926-20260906T142542774013Z
a000921,E11-independent-20260927-20260906T142542907007Z,E11,independent,20260927,default,primary,2026-09-06T14:25:42.863959+00:00,2026-09-06T14:25:42.985445+00:00,0.121,VALID,valid,,a9ff4a5e1dc0fea65b63e2b366814c1860f04110,a1d260b660c93e47a466deb9c00f26c880973356f7da4eda00cb8ec57cab044d,raw/E11-independent-20260927-20260906T142542907007Z
a000922,E11-independent-20260928-20260906T142543038500Z,E11,independent,20260928,default,primary,2026-09-06T14:25:42.996996+00:00,2026-09-06T14:25:43.112437+00:00,0.115,VALID,valid,,a9ff4a5e1dc0fea65b63e2b366814c1860f04110,a1d260b660c93e47a466deb9c00f26c880973356f7da4eda00cb8ec57cab044d,raw/E11-independent-20260928-20260906T142543038500Z
a000923,E11-independent-20260929-20260906T142543165765Z,E11,independent,20260929,default,primary,2026-09-06T14:25:43.124139+00:00,2026-09-06T14:25:43.242219+00:00,0.118,VALID,valid,,a9ff4a5e1dc0fea65b63e2b366814c1860f04110,a1d260b660c93e47a466deb9c00f26c880973356f7da4eda00cb8ec57cab044d,raw/E11-independent-20260929-20260906T142543165765Z
a000924,E11-independent-20260930-20260906T142543296700Z,E11,independent,20260930,default,primary,2026-09-06T14:25:43.254967+00:00,2026-09-06T14:25:43.362769+00:00,0.108,VALID,valid,,a9ff4a5e1dc0fea65b63e2b366814c1860f04110,a1d260b660c93e47a466deb9c00f26c880973356f7da4eda00cb8ec57cab044d,raw/E11-independent-20260930-20260906T142543296700Z
a000925,E11-independent-20260931-20260906T142543417253Z,E11,independent,20260931,default,primary,2026-09-06T14:25:43.375026+00:00,2026-09-06T14:25:43.503085+00:00,0.128,VALID,valid,,a9ff4a5e1dc0fea65b63e2b366814c1860f04110,a1d260b660c93e47a466deb9c00f26c880973356f7da4eda00cb8ec57cab044d,raw/E11-independent-20260931-20260906T142543417253Z
a000926,E11-independent-20260932-20260906T142543557114Z,E11,independent,20260932,default,primary,2026-09-06T14:25:43.515272+00:00,2026-09-06T14:25:43.626512+00:00,0.111,VALID,valid,,a9ff4a5e1dc0fea65b63e2b366814c1860f04110,a1d260b660c93e47a466deb9c00f26c880973356f7da4eda00cb8ec57cab044d,raw/E11-independent-20260932-20260906T142543557114Z
a000927,E11-independent-20260933-20260906T142543682101Z,E11,independent,20260933,default,primary,2026-09-06T14:25:43.638268+00:00,2026-09-06T14:25:43.750190+00:00,0.112,VALID,valid,,a9ff4a5e1dc0fea65b63e2b366814c1860f04110,a1d260b660c93e47a466deb9c00f26c880973356f7da4eda00cb8ec57cab044d,raw/E11-independent-20260933-20260906T142543682101Z
a000928,E11-independent-20260934-20260906T142543803557Z,E11,independent,20260934,default,primary,2026-09-06T14:25:43.761996+00:00,2026-09-06T14:25:43.900105+00:00,0.138,VALID,valid,,a9ff4a5e1dc0fea65b63e2b366814c1860f04110,a1d260b660c93e47a466deb9c00f26c880973356f7da4eda00cb8ec57cab044d,raw/E11-independent-20260934-20260906T142543803557Z
a000929,E11-independent-20260935-20260906T142543955979Z,E11,independent,20260935,default,primary,2026-09-06T14:25:43.913422+00:00,2026-09-06T14:25:44.028433+00:00,0.115,VALID,valid,,a9ff4a5e1dc0fea65b63e2b366814c1860f04110,a1d260b660c93e47a466deb9c00f26c880973356f7da4eda00cb8ec57cab044d,raw/E11-independent-20260935-20260906T142543955979Z
a000930,E11-independent-20260936-20260906T142544082695Z,E11,independent,20260936,default,primary,2026-09-06T14:25:44.040843+00:00,2026-09-06T14:25:44.156428+00:00,0.116,VALID,valid,,a9ff4a5e1dc0fea65b63e2b366814c1860f04110,a1d260b660c93e47a466deb9c00f26c880973356f7da4eda00cb8ec57cab044d,raw/E11-independent-20260936-20260906T142544082695Z
a000931,E11-static_continuity-20260907-20260906T142544210053Z,E11,static_continuity,20260907,default,primary,2026-09-06T14:25:44.168390+00:00,2026-09-06T14:25:44.286875+00:00,0.118,VALID,valid,,a9ff4a5e1dc0fea65b63e2b366814c1860f04110,a1d260b660c93e47a466deb9c00f26c880973356f7da4eda00cb8ec57cab044d,raw/E11-static_continuity-20260907-20260906T142544210053Z
a000932,E11-static_continuity-20260908-20260906T142544340282Z,E11,static_continuity,20260908,default,primary,2026-09-06T14:25:44.298664+00:00,2026-09-06T14:25:44.415630+00:00,0.117,VALID,valid,,a9ff4a5e1dc0fea65b63e2b366814c1860f04110,a1d260b660c93e47a466deb9c00f26c880973356f7da4eda00cb8ec57cab044d,raw/E11-static_continuity-20260908-20260906T142544340282Z
a000933,E11-static_continuity-20260909-20260906T142544470645Z,E11,static_continuity,20260909,default,primary,2026-09-06T14:25:44.428246+00:00,2026-09-06T14:25:44.550869+00:00,0.123,VALID,valid,,a9ff4a5e1dc0fea65b63e2b366814c1860f04110,a1d260b660c93e47a466deb9c00f26c880973356f7da4eda00cb8ec57cab044d,raw/E11-static_continuity-20260909-20260906T142544470645Z
a000934,E11-static_continuity-20260910-20260906T142544604694Z,E11,static_continuity,20260910,default,primary,2026-09-06T14:25:44.562957+00:00,2026-09-06T14:25:44.684439+00:00,0.121,VALID,valid,,a9ff4a5e1dc0fea65b63e2b366814c1860f04110,a1d260b660c93e47a466deb9c00f26c880973356f7da4eda00cb8ec57cab044d,raw/E11-static_continuity-20260910-20260906T142544604694Z
a000935,E11-static_continuity-20260911-20260906T142544738248Z,E11,static_continuity,20260911,default,primary,2026-09-06T14:25:44.696159+00:00,2026-09-06T14:25:44.812783+00:00,0.117,VALID,valid,,a9ff4a5e1dc0fea65b63e2b366814c1860f04110,a1d260b660c93e47a466deb9c00f26c880973356f7da4eda00cb8ec57cab044d,raw/E11-static_continuity-20260911-20260906T142544738248Z
a000936,E11-static_continuity-20260912-20260906T142544867027Z,E11,static_continuity,20260912,default,primary,2026-09-06T14:25:44.825396+00:00,2026-09-06T14:25:44.942646+00:00,0.117,VALID,valid,,a9ff4a5e1dc0fea65b63e2b366814c1860f04110,a1d260b660c93e47a466deb9c00f26c880973356f7da4eda00cb8ec57cab044d,raw/E11-static_continuity-20260912-20260906T142544867027Z
a000937,E11-static_continuity-20260913-20260906T142544995988Z,E11,static_continuity,20260913,default,primary,2026-09-06T14:25:44.954482+00:00,2026-09-06T14:25:45.072144+00:00,0.118,VALID,valid,,a9ff4a5e1dc0fea65b63e2b366814c1860f04110,a1d260b660c93e47a466deb9c00f26c880973356f7da4eda00cb8ec57cab044d,raw/E11-static_continuity-20260913-20260906T142544995988Z
a000938,E11-static_continuity-20260914-20260906T142545126012Z,E11,static_continuity,20260914,default,primary,2026-09-06T14:25:45.083744+00:00,2026-09-06T14:25:45.211856+00:00,0.128,VALID,valid,,a9ff4a5e1dc0fea65b63e2b366814c1860f04110,a1d260b660c93e47a466deb9c00f26c880973356f7da4eda00cb8ec57cab044d,raw/E11-static_continuity-20260914-20260906T142545126012Z
a000939,E11-static_continuity-20260915-20260906T142545266136Z,E11,static_continuity,20260915,default,primary,2026-09-06T14:25:45.223819+00:00,2026-09-06T14:25:45.345064+00:00,0.121,VALID,valid,,a9ff4a5e1dc0fea65b63e2b366814c1860f04110,a1d260b660c93e47a466deb9c00f26c880973356f7da4eda00cb8ec57cab044d,raw/E11-static_continuity-20260915-20260906T142545266136Z
a000940,E11-static_continuity-20260916-20260906T142545399542Z,E11,static_continuity,20260916,default,primary,2026-09-06T14:25:45.357649+00:00,2026-09-06T14:25:45.467880+00:00,0.11,VALID,valid,,a9ff4a5e1dc0fea65b63e2b366814c1860f04110,a1d260b660c93e47a466deb9c00f26c880973356f7da4eda00cb8ec57cab044d,raw/E11-static_continuity-20260916-20260906T142545399542Z
a000941,E11-static_continuity-20260917-20260906T142545521806Z,E11,static_continuity,20260917,default,primary,2026-09-06T14:25:45.480348+00:00,2026-09-06T14:25:45.600958+00:00,0.121,VALID,valid,,a9ff4a5e1dc0fea65b63e2b366814c1860f04110,a1d260b660c93e47a466deb9c00f26c880973356f7da4eda00cb8ec57cab044d,raw/E11-static_continuity-20260917-20260906T142545521806Z
a000942,E11-static_continuity-20260918-20260906T142545654984Z,E11,static_continuity,20260918,default,primary,2026-09-06T14:25:45.613059+00:00,2026-09-06T14:25:45.730138+00:00,0.117,VALID,valid,,a9ff4a5e1dc0fea65b63e2b366814c1860f04110,a1d260b660c93e47a466deb9c00f26c880973356f7da4eda00cb8ec57cab044d,raw/E11-static_continuity-20260918-20260906T142545654984Z
a000943,E11-static_continuity-20260919-20260906T142545783709Z,E11,static_continuity,20260919,default,primary,2026-09-06T14:25:45.741417+00:00,2026-09-06T14:25:45.864738+00:00,0.123,VALID,valid,,a9ff4a5e1dc0fea65b63e2b366814c1860f04110,a1d260b660c93e47a466deb9c00f26c880973356f7da4eda00cb8ec57cab044d,raw/E11-static_continuity-20260919-20260906T142545783709Z
a000944,E11-static_continuity-20260920-20260906T142545917805Z,E11,static_continuity,20260920,default,primary,2026-09-06T14:25:45.876228+00:00,2026-09-06T14:25:45.994858+00:00,0.119,VALID,valid,,a9ff4a5e1dc0fea65b63e2b366814c1860f04110,a1d260b660c93e47a466deb9c00f26c880973356f7da4eda00cb8ec57cab044d,raw/E11-static_continuity-20260920-20260906T142545917805Z
a000945,E11-static_continuity-20260921-20260906T142546048894Z,E11,static_continuity,20260921,default,primary,2026-09-06T14:25:46.006836+00:00,2026-09-06T14:25:46.128649+00:00,0.122,VALID,valid,,a9ff4a5e1dc0fea65b63e2b366814c1860f04110,a1d260b660c93e47a466deb9c00f26c880973356f7da4eda00cb8ec57cab044d,raw/E11-static_continuity-20260921-20260906T142546048894Z
a000946,E11-static_continuity-20260922-20260906T142546184393Z,E11,static_continuity,20260922,default,primary,2026-09-06T14:25:46.140779+00:00,2026-09-06T14:25:46.261261+00:00,0.12,VALID,valid,,a9ff4a5e1dc0fea65b63e2b366814c1860f04110,a1d260b660c93e47a466deb9c00f26c880973356f7da4eda00cb8ec57cab044d,raw/E11-static_continuity-20260922-20260906T142546184393Z
a000947,E11-static_continuity-20260923-20260906T142546314643Z,E11,static_continuity,20260923,default,primary,2026-09-06T14:25:46.272986+00:00,2026-09-06T14:25:46.395795+00:00,0.123,VALID,valid,,a9ff4a5e1dc0fea65b63e2b366814c1860f04110,a1d260b660c93e47a466deb9c00f26c880973356f7da4eda00cb8ec57cab044d,raw/E11-static_continuity-20260923-20260906T142546314643Z
a000948,E11-static_continuity-20260924-20260906T142546449187Z,E11,static_continuity,20260924,default,primary,2026-09-06T14:25:46.407430+00:00,2026-09-06T14:25:46.524694+00:00,0.117,VALID,valid,,a9ff4a5e1dc0fea65b63e2b366814c1860f04110,a1d260b660c93e47a466deb9c00f26c880973356f7da4eda00cb8ec57cab044d,raw/E11-static_continuity-20260924-20260906T142546449187Z
a000949,E11-static_continuity-20260925-20260906T142546579396Z,E11,static_continuity,20260925,default,primary,2026-09-06T14:25:46.537258+00:00,2026-09-06T14:25:46.661657+00:00,0.124,VALID,valid,,a9ff4a5e1dc0fea65b63e2b366814c1860f04110,a1d260b660c93e47a466deb9c00f26c880973356f7da4eda00cb8ec57cab044d,raw/E11-static_continuity-20260925-20260906T142546579396Z
a000950,E11-static_continuity-20260926-20260906T142546714877Z,E11,static_continuity,20260926,default,primary,2026-09-06T14:25:46.673291+00:00,2026-09-06T14:25:46.791738+00:00,0.118,VALID,valid,,a9ff4a5e1dc0fea65b63e2b366814c1860f04110,a1d260b660c93e47a466deb9c00f26c880973356f7da4eda00cb8ec57cab044d,raw/E11-static_continuity-20260926-20260906T142546714877Z
a000951,E11-static_continuity-20260927-20260906T142546846638Z,E11,static_continuity,20260927,default,primary,2026-09-06T14:25:46.804410+00:00,2026-09-06T14:25:46.923287+00:00,0.119,VALID,valid,,a9ff4a5e1dc0fea65b63e2b366814c1860f04110,a1d260b660c93e47a466deb9c00f26c880973356f7da4eda00cb8ec57cab044d,raw/E11-static_continuity-20260927-20260906T142546846638Z
a000952,E11-static_continuity-20260928-20260906T142546977228Z,E11,static_continuity,20260928,default,primary,2026-09-06T14:25:46.935778+00:00,2026-09-06T14:25:47.042031+00:00,0.106,VALID,valid,,a9ff4a5e1dc0fea65b63e2b366814c1860f04110,a1d260b660c93e47a466deb9c00f26c880973356f7da4eda00cb8ec57cab044d,raw/E11-static_continuity-20260928-20260906T142546977228Z
a000953,E11-static_continuity-20260929-20260906T142547097732Z,E11,static_continuity,20260929,default,primary,2026-09-06T14:25:47.054598+00:00,2026-09-06T14:25:47.176364+00:00,0.122,VALID,valid,,a9ff4a5e1dc0fea65b63e2b366814c1860f04110,a1d260b660c93e47a466deb9c00f26c880973356f7da4eda00cb8ec57cab044d,raw/E11-static_continuity-20260929-20260906T142547097732Z
a000954,E11-static_continuity-20260930-20260906T142547231661Z,E11,static_continuity,20260930,default,primary,2026-09-06T14:25:47.188987+00:00,2026-09-06T14:25:47.313658+00:00,0.125,VALID,valid,,a9ff4a5e1dc0fea65b63e2b366814c1860f04110,a1d260b660c93e47a466deb9c00f26c880973356f7da4eda00cb8ec57cab044d,raw/E11-static_continuity-20260930-20260906T142547231661Z
a000955,E11-static_continuity-20260931-20260906T142547369371Z,E11,static_continuity,20260931,default,primary,2026-09-06T14:25:47.327186+00:00,2026-09-06T14:25:47.448933+00:00,0.122,VALID,valid,,a9ff4a5e1dc0fea65b63e2b366814c1860f04110,a1d260b660c93e47a466deb9c00f26c880973356f7da4eda00cb8ec57cab044d,raw/E11-static_continuity-20260931-20260906T142547369371Z
a000956,E11-static_continuity-20260932-20260906T142547502862Z,E11,static_continuity,20260932,default,primary,2026-09-06T14:25:47.461397+00:00,2026-09-06T14:25:47.583225+00:00,0.122,VALID,valid,,a9ff4a5e1dc0fea65b63e2b366814c1860f04110,a1d260b660c93e47a466deb9c00f26c880973356f7da4eda00cb8ec57cab044d,raw/E11-static_continuity-20260932-20260906T142547502862Z
a000957,E11-static_continuity-20260933-20260906T142547638133Z,E11,static_continuity,20260933,default,primary,2026-09-06T14:25:47.595864+00:00,2026-09-06T14:25:47.709903+00:00,0.114,VALID,valid,,a9ff4a5e1dc0fea65b63e2b366814c1860f04110,a1d260b660c93e47a466deb9c00f26c880973356f7da4eda00cb8ec57cab044d,raw/E11-static_continuity-20260933-20260906T142547638133Z
a000958,E11-static_continuity-20260934-20260906T142547763150Z,E11,static_continuity,20260934,default,primary,2026-09-06T14:25:47.721725+00:00,2026-09-06T14:25:47.831042+00:00,0.109,VALID,valid,,a9ff4a5e1dc0fea65b63e2b366814c1860f04110,a1d260b660c93e47a466deb9c00f26c880973356f7da4eda00cb8ec57cab044d,raw/E11-static_continuity-20260934-20260906T142547763150Z
a000959,E11-static_continuity-20260935-20260906T142547884384Z,E11,static_continuity,20260935,default,primary,2026-09-06T14:25:47.842906+00:00,2026-09-06T14:25:47.961067+00:00,0.118,VALID,valid,,a9ff4a5e1dc0fea65b63e2b366814c1860f04110,a1d260b660c93e47a466deb9c00f26c880973356f7da4eda00cb8ec57cab044d,raw/E11-static_continuity-20260935-20260906T142547884384Z
a000960,E11-static_continuity-20260936-20260906T142548015064Z,E11,static_continuity,20260936,default,primary,2026-09-06T14:25:47.973688+00:00,2026-09-06T14:25:48.088453+00:00,0.115,VALID,valid,,a9ff4a5e1dc0fea65b63e2b366814c1860f04110,a1d260b660c93e47a466deb9c00f26c880973356f7da4eda00cb8ec57cab044d,raw/E11-static_continuity-20260936-20260906T142548015064Z
a000961,E11-ca_ztcf-20260907-20260906T142548142737Z,E11,ca_ztcf,20260907,default,primary,2026-09-06T14:25:48.100906+00:00,2026-09-06T14:25:48.213148+00:00,0.112,VALID,valid,,a9ff4a5e1dc0fea65b63e2b366814c1860f04110,a1d260b660c93e47a466deb9c00f26c880973356f7da4eda00cb8ec57cab044d,raw/E11-ca_ztcf-20260907-20260906T142548142737Z
a000962,E11-ca_ztcf-20260908-20260906T142548266205Z,E11,ca_ztcf,20260908,default,primary,2026-09-06T14:25:48.224916+00:00,2026-09-06T14:25:48.343583+00:00,0.119,VALID,valid,,a9ff4a5e1dc0fea65b63e2b366814c1860f04110,a1d260b660c93e47a466deb9c00f26c880973356f7da4eda00cb8ec57cab044d,raw/E11-ca_ztcf-20260908-20260906T142548266205Z
a000963,E11-ca_ztcf-20260909-20260906T142548396870Z,E11,ca_ztcf,20260909,default,primary,2026-09-06T14:25:48.355370+00:00,2026-09-06T14:25:48.358032+00:00,0.136,VALID,valid,,a9ff4a5e1dc0fea65b63e2b366814c1860f04110,a1d260b660c93e47a466deb9c00f26c880973356f7da4eda00cb8ec57cab044d,raw/E11-ca_ztcf-20260909-20260906T142548396870Z
a000964,E11-ca_ztcf-20260910-20260906T142548412437Z,E11,ca_ztcf,20260910,default,primary,2026-09-06T14:25:48.370329+00:00,2026-09-06T14:25:48.486398+00:00,0.116,VALID,valid,,a9ff4a5e1dc0fea65b63e2b366814c1860f04110,a1d260b660c93e47a466deb9c00f26c880973356f7da4eda00cb8ec57cab044d,raw/E11-ca_ztcf-20260910-20260906T142548412437Z
a000965,E11-ca_ztcf-20260911-20260906T142548539538Z,E11,ca_ztcf,20260911,default,primary,2026-09-06T14:25:48.498113+00:00,2026-09-06T14:25:48.619471+00:00,0.121,VALID,valid,,a9ff4a5e1dc0fea65b63e2b366814c1860f04110,a1d260b660c93e47a466deb9c00f26c880973356f7da4eda00cb8ec57cab044d,raw/E11-ca_ztcf-20260911-20260906T142548539538Z
a000966,E11-ca_ztcf-20260912-20260906T142548672791Z,E11,ca_ztcf,20260912,default,primary,2026-09-06T14:25:48.630938+00:00,2026-09-06T14:25:48.751378+00:00,0.12,VALID,valid,,a9ff4a5e1dc0fea65b63e2b366814c1860f04110,a1d260b660c93e47a466deb9c00f26c880973356f7da4eda00cb8ec57cab044d,raw/E11-ca_ztcf-20260912-20260906T142548672791Z
a000967,E11-ca_ztcf-20260913-20260906T142548805311Z,E11,ca_ztcf,20260913,default,primary,2026-09-06T14:25:48.763644+00:00,2026-09-06T14:25:48.884074+00:00,0.12,VALID,valid,,a9ff4a5e1dc0fea65b63e2b366814c1860f04110,a1d260b660c93e47a466deb9c00f26c880973356f7da4eda00cb8ec57cab044d,raw/E11-ca_ztcf-20260913-20260906T142548805311Z
a000968,E11-ca_ztcf-20260914-20260906T142548939317Z,E11,ca_ztcf,20260914,default,primary,2026-09-06T14:25:48.897035+00:00,2026-09-06T14:25:49.001215+00:00,0.104,VALID,valid,,a9ff4a5e1dc0fea65b63e2b366814c1860f04110,a1d260b660c93e47a466deb9c00f26c880973356f7da4eda00cb8ec57cab044d,raw/E11-ca_ztcf-20260914-20260906T142548939317Z
a000969,E11-ca_ztcf-20260915-20260906T142549055349Z,E11,ca_ztcf,20260915,default,primary,2026-09-06T14:25:49.013163+00:00,2026-09-06T14:25:49.132027+00:00,0.119,VALID,valid,,a9ff4a5e1dc0fea65b63e2b366814c1860f04110,a1d260b660c93e47a466deb9c00f26c880973356f7da4eda00cb8ec57cab044d,raw/E11-ca_ztcf-20260915-20260906T142549055349Z
a000970,E11-ca_ztcf-20260916-20260906T142549187088Z,E11,ca_ztcf,20260916,default,primary,2026-09-06T14:25:49.144730+00:00,2026-09-06T14:25:49.269428+00:00,0.125,VALID,valid,,a9ff4a5e1dc0fea65b63e2b366814c1860f04110,a1d260b660c93e47a466deb9c00f26c880973356f7da4eda00cb8ec57cab044d,raw/E11-ca_ztcf-20260916-20260906T142549187088Z
a000971,E11-ca_ztcf-20260917-20260906T142549325134Z,E11,ca_ztcf,20260917,default,primary,2026-09-06T14:25:49.281907+00:00,2026-09-06T14:25:49.405417+00:00,0.124,VALID,valid,,a9ff4a5e1dc0fea65b63e2b366814c1860f04110,a1d260b660c93e47a466deb9c00f26c880973356f7da4eda00cb8ec57cab044d,raw/E11-ca_ztcf-20260917-20260906T142549325134Z
a000972,E11-ca_ztcf-20260918-20260906T142549460293Z,E11,ca_ztcf,20260918,default,primary,2026-09-06T14:25:49.417732+00:00,2026-09-06T14:25:49.541977+00:00,0.124,VALID,valid,,a9ff4a5e1dc0fea65b63e2b366814c1860f04110,a1d260b660c93e47a466deb9c00f26c880973356f7da4eda00cb8ec57cab044d,raw/E11-ca_ztcf-20260918-20260906T142549460293Z
a000973,E11-ca_ztcf-20260919-20260906T142549596079Z,E11,ca_ztcf,20260919,default,primary,2026-09-06T14:25:49.553994+00:00,2026-09-06T14:25:49.675361+00:00,0.121,VALID,valid,,a9ff4a5e1dc0fea65b63e2b366814c1860f04110,a1d260b660c93e47a466deb9c00f26c880973356f7da4eda00cb8ec57cab044d,raw/E11-ca_ztcf-20260919-20260906T142549596079Z
a000974,E11-ca_ztcf-20260920-20260906T142549728961Z,E11,ca_ztcf,20260920,default,primary,2026-09-06T14:25:49.687016+00:00,2026-09-06T14:25:49.807625+00:00,0.121,VALID,valid,,a9ff4a5e1dc0fea65b63e2b366814c1860f04110,a1d260b660c93e47a466deb9c00f26c880973356f7da4eda00cb8ec57cab044d,raw/E11-ca_ztcf-20260920-20260906T142549728961Z
a000975,E11-ca_ztcf-20260921-20260906T142549861585Z,E11,ca_ztcf,20260921,default,primary,2026-09-06T14:25:49.819468+00:00,2026-09-06T14:25:49.944738+00:00,0.125,VALID,valid,,a9ff4a5e1dc0fea65b63e2b366814c1860f04110,a1d260b660c93e47a466deb9c00f26c880973356f7da4eda00cb8ec57cab044d,raw/E11-ca_ztcf-20260921-20260906T142549861585Z
a000976,E11-ca_ztcf-20260922-20260906T142549998487Z,E11,ca_ztcf,20260922,default,primary,2026-09-06T14:25:49.956640+00:00,2026-09-06T14:25:50.080862+00:00,0.124,VALID,valid,,a9ff4a5e1dc0fea65b63e2b366814c1860f04110,a1d260b660c93e47a466deb9c00f26c880973356f7da4eda00cb8ec57cab044d,raw/E11-ca_ztcf-20260922-20260906T142549998487Z
a000977,E11-ca_ztcf-20260923-20260906T142550137481Z,E11,ca_ztcf,20260923,default,primary,2026-09-06T14:25:50.094115+00:00,2026-09-06T14:25:50.217446+00:00,0.123,VALID,valid,,a9ff4a5e1dc0fea65b63e2b366814c1860f04110,a1d260b660c93e47a466deb9c00f26c880973356f7da4eda00cb8ec57cab044d,raw/E11-ca_ztcf-20260923-20260906T142550137481Z
a000978,E11-ca_ztcf-20260924-20260906T142550271849Z,E11,ca_ztcf,20260924,default,primary,2026-09-06T14:25:50.229449+00:00,2026-09-06T14:25:50.343620+00:00,0.114,VALID,valid,,a9ff4a5e1dc0fea65b63e2b366814c1860f04110,a1d260b660c93e47a466deb9c00f26c880973356f7da4eda00cb8ec57cab044d,raw/E11-ca_ztcf-20260924-20260906T142550271849Z
a000979,E11-ca_ztcf-20260925-20260906T142550397827Z,E11,ca_ztcf,20260925,default,primary,2026-09-06T14:25:50.355710+00:00,2026-09-06T14:25:50.475012+00:00,0.119,VALID,valid,,a9ff4a5e1dc0fea65b63e2b366814c1860f04110,a1d260b660c93e47a466deb9c00f26c880973356f7da4eda00cb8ec57cab044d,raw/E11-ca_ztcf-20260925-20260906T142550397827Z
a000980,E11-ca_ztcf-20260926-20260906T142550529125Z,E11,ca_ztcf,20260926,default,primary,2026-09-06T14:25:50.486912+00:00,2026-09-06T14:25:50.606976+00:00,0.12,VALID,valid,,a9ff4a5e1dc0fea65b63e2b366814c1860f04110,a1d260b660c93e47a466deb9c00f26c880973356f7da4eda00cb8ec57cab044d,raw/E11-ca_ztcf-20260926-20260906T142550529125Z
a000981,E11-ca_ztcf-20260927-20260906T142550660693Z,E11,ca_ztcf,20260927,default,primary,2026-09-06T14:25:50.618912+00:00,2026-09-06T14:25:50.757377+00:00,0.138,VALID,valid,,a9ff4a5e1dc0fea65b63e2b366814c1860f04110,a1d260b660c93e47a466deb9c00f26c880973356f7da4eda00cb8ec57cab044d,raw/E11-ca_ztcf-20260927-20260906T142550660693Z
a000982,E11-ca_ztcf-20260928-20260906T142550813643Z,E11,ca_ztcf,20260928,default,primary,2026-09-06T14:25:50.770253+00:00,2026-09-06T14:25:50.896813+00:00,0.127,VALID,valid,,a9ff4a5e1dc0fea65b63e2b366814c1860f04110,a1d260b660c93e47a466deb9c00f26c880973356f7da4eda00cb8ec57cab044d,raw/E11-ca_ztcf-20260928-20260906T142550813643Z
a000983,E11-ca_ztcf-20260929-20260906T142550951374Z,E11,ca_ztcf,20260929,default,primary,2026-09-06T14:25:50.909107+00:00,2026-09-06T14:25:51.022347+00:00,0.113,VALID,valid,,a9ff4a5e1dc0fea65b63e2b366814c1860f04110,a1d260b660c93e47a466deb9c00f26c880973356f7da4eda00cb8ec57cab044d,raw/E11-ca_ztcf-20260929-20260906T142550951374Z
a000984,E11-ca_ztcf-20260930-20260906T142551076155Z,E11,ca_ztcf,20260930,default,primary,2026-09-06T14:25:51.034069+00:00,2026-09-06T14:25:51.155670+00:00,0.122,VALID,valid,,a9ff4a5e1dc0fea65b63e2b366814c1860f04110,a1d260b660c93e47a466deb9c00f26c880973356f7da4eda00cb8ec57cab044d,raw/E11-ca_ztcf-20260930-20260906T142551076155Z
a000985,E11-ca_ztcf-20260931-20260906T142551210279Z,E11,ca_ztcf,20260931,default,primary,2026-09-06T14:25:51.167798+00:00,2026-09-06T14:25:51.291889+00:00,0.124,VALID,valid,,a9ff4a5e1dc0fea65b63e2b366814c1860f04110,a1d260b660c93e47a466deb9c00f26c880973356f7da4eda00cb8ec57cab044d,raw/E11-ca_ztcf-20260931-20260906T142551210279Z
a000986,E11-ca_ztcf-20260932-20260906T142551346971Z,E11,ca_ztcf,20260932,default,primary,2026-09-06T14:25:51.304600+00:00,2026-09-06T14:25:51.424989+00:00,0.12,VALID,valid,,a9ff4a5e1dc0fea65b63e2b366814c1860f04110,a1d260b660c93e47a466deb9c00f26c880973356f7da4eda00cb8ec57cab044d,raw/E11-ca_ztcf-20260932-20260906T142551346971Z
a000987,E11-ca_ztcf-20260933-20260906T142551478534Z,E11,ca_ztcf,20260933,default,primary,2026-09-06T14:25:51.436654+00:00,2026-09-06T14:25:51.551118+00:00,0.114,VALID,valid,,a9ff4a5e1dc0fea65b63e2b366814c1860f04110,a1d260b660c93e47a466deb9c00f26c880973356f7da4eda00cb8ec57cab044d,raw/E11-ca_ztcf-20260933-20260906T142551478534Z
a000988,E11-ca_ztcf-20260934-20260906T142551606167Z,E11,ca_ztcf,20260934,default,primary,2026-09-06T14:25:51.563241+00:00,2026-09-06T14:25:51.678220+00:00,0.115,VALID,valid,,a9ff4a5e1dc0fea65b63e2b366814c1860f04110,a1d260b660c93e47a466deb9c00f26c880973356f7da4eda00cb8ec57cab044d,raw/E11-ca_ztcf-20260934-20260906T142551606167Z
a000989,E11-ca_ztcf-20260935-20260906T142551752019Z,E11,ca_ztcf,20260935,default,primary,2026-09-06T14:25:51.698201+00:00,2026-09-06T14:25:51.842791+00:00,0.145,VALID,valid,,a9ff4a5e1dc0fea65b63e2b366814c1860f04110,a1d260b660c93e47a466deb9c00f26c880973356f7da4eda00cb8ec57cab044d,raw/E11-ca_ztcf-20260935-20260906T142551752019Z
a000990,E11-ca_ztcf-20260936-20260906T142551900476Z,E11,ca_ztcf,20260936,default,primary,2026-09-06T14:25:51.854709+00:00,2026-09-06T14:25:51.977794+00:00,0.123,VALID,valid,,a9ff4a5e1dc0fea65b63e2b366814c1860f04110,a1d260b660c93e47a466deb9c00f26c880973356f7da4eda00cb8ec57cab044d,raw/E11-ca_ztcf-20260936-20260906T142551900476Z
a000991,E12-independent-20260907-20260906T142552033172Z,E12,independent,20260907,default,primary,2026-09-06T14:25:51.990118+00:00,2026-09-06T14:25:52.121249+00:00,0.131,VALID,valid,,a9ff4a5e1dc0fea65b63e2b366814c1860f04110,a1d260b660c93e47a466deb9c00f26c880973356f7da4eda00cb8ec57cab044d,raw/E12-independent-20260907-20260906T142552033172Z
a000992,E12-independent-20260908-20260906T142552176305Z,E12,independent,20260908,default,primary,2026-09-06T14:25:52.133775+00:00,2026-09-06T14:25:52.265135+00:00,0.131,VALID,valid,,a9ff4a5e1dc0fea65b63e2b366814c1860f04110,a1d260b660c93e47a466deb9c00f26c880973356f7da4eda00cb8ec57cab044d,raw/E12-independent-20260908-20260906T142552176305Z
a000993,E12-independent-20260909-20260906T142552320131Z,E12,independent,20260909,default,primary,2026-09-06T14:25:52.277601+00:00,2026-09-06T14:25:52.408643+00:00,0.131,VALID,valid,,a9ff4a5e1dc0fea65b63e2b366814c1860f04110,a1d260b660c93e47a466deb9c00f26c880973356f7da4eda00cb8ec57cab044d,raw/E12-independent-20260909-20260906T142552320131Z
a000994,E12-independent-20260910-20260906T142552463263Z,E12,independent,20260910,default,primary,2026-09-06T14:25:52.421332+00:00,2026-09-06T14:25:52.542913+00:00,0.122,VALID,valid,,a9ff4a5e1dc0fea65b63e2b366814c1860f04110,a1d260b660c93e47a466deb9c00f26c880973356f7da4eda00cb8ec57cab044d,raw/E12-independent-20260910-20260906T142552463263Z
a000995,E12-independent-20260911-20260906T142552599131Z,E12,independent,20260911,default,primary,2026-09-06T14:25:52.556016+00:00,2026-09-06T14:25:52.697585+00:00,0.142,VALID,valid,,a9ff4a5e1dc0fea65b63e2b366814c1860f04110,a1d260b660c93e47a466deb9c00f26c880973356f7da4eda00cb8ec57cab044d,raw/E12-independent-20260911-20260906T142552599131Z
a000996,E12-independent-20260912-20260906T142552757682Z,E12,independent,20260912,default,primary,2026-09-06T14:25:52.711051+00:00,2026-09-06T14:25:52.860988+00:00,0.15,VALID,valid,,a9ff4a5e1dc0fea65b63e2b366814c1860f04110,a1d260b660c93e47a466deb9c00f26c880973356f7da4eda00cb8ec57cab044d,raw/E12-independent-20260912-20260906T142552757682Z
a000997,E12-independent-20260913-20260906T142552919383Z,E12,independent,20260913,default,primary,2026-09-06T14:25:52.873936+00:00,2026-09-06T14:25:53.003359+00:00,0.129,VALID,valid,,a9ff4a5e1dc0fea65b63e2b366814c1860f04110,a1d260b660c93e47a466deb9c00f26c880973356f7da4eda00cb8ec57cab044d,raw/E12-independent-20260913-20260906T142552919383Z
a000998,E12-independent-20260914-20260906T142553059220Z,E12,independent,20260914,default,primary,2026-09-06T14:25:53.015837+00:00,2026-09-06T14:25:53.146298+00:00,0.13,VALID,valid,,a9ff4a5e1dc0fea65b63e2b366814c1860f04110,a1d260b660c93e47a466deb9c00f26c880973356f7da4eda00cb8ec57cab044d,raw/E12-independent-20260914-20260906T142553059220Z
a000999,E12-independent-20260915-20260906T142553200105Z,E12,independent,20260915,default,primary,2026-09-06T14:25:53.158076+00:00,2026-09-06T14:25:53.282008+00:00,0.124,VALID,valid,,a9ff4a5e1dc0fea65b63e2b366814c1860f04110,a1d260b660c93e47a466deb9c00f26c880973356f7da4eda00cb8ec57cab044d,raw/E12-independent-20260915-20260906T142553200105Z
a001000,E12-independent-20260916-20260906T142553336395Z,E12,independent,20260916,default,primary,2026-09-06T14:25:53.294172+00:00,2026-09-06T14:25:53.431047+00:00,0.137,VALID,valid,,a9ff4a5e1dc0fea65b63e2b366814c1860f04110,a1d260b660c93e47a466deb9c00f26c880973356f7da4eda00cb8ec57cab044d,raw/E12-independent-20260916-20260906T142553336395Z
a001001,E12-independent-20260917-20260906T142553488277Z,E12,independent,20260917,default,primary,2026-09-06T14:25:53.443638+00:00,2026-09-06T14:25:53.576384+00:00,0.133,VALID,valid,,a9ff4a5e1dc0fea65b63e2b366814c1860f04110,a1d260b660c93e47a466deb9c00f26c880973356f7da4eda00cb8ec57cab044d,raw/E12-independent-20260917-20260906T142553488277Z
a001002,E12-independent-20260918-20260906T142553630052Z,E12,independent,20260918,default,primary,2026-09-06T14:25:53.588373+00:00,2026-09-06T14:25:53.721157+00:00,0.133,VALID,valid,,a9ff4a5e1dc0fea65b63e2b366814c1860f04110,a1d260b660c93e47a466deb9c00f26c880973356f7da4eda00cb8ec57cab044d,raw/E12-independent-20260918-20260906T142553630052Z
a001003,E12-independent-20260919-20260906T142553777326Z,E12,independent,20260919,default,primary,2026-09-06T14:25:53.733229+00:00,2026-09-06T14:25:53.861052+00:00,0.128,VALID,valid,,a9ff4a5e1dc0fea65b63e2b366814c1860f04110,a1d260b660c93e47a466deb9c00f26c880973356f7da4eda00cb8ec57cab044d,raw/E12-independent-20260919-20260906T142553777326Z
a001004,E12-independent-20260920-20260906T142553937788Z,E12,independent,20260920,default,primary,2026-09-06T14:25:53.874797+00:00,2026-09-06T14:25:54.031985+00:00,0.157,VALID,valid,,a9ff4a5e1dc0fea65b63e2b366814c1860f04110,a1d260b660c93e47a466deb9c00f26c880973356f7da4eda00cb8ec57cab044d,raw/E12-independent-20260920-20260906T142553937788Z
a001005,E12-independent-20260921-20260906T142554088859Z,E12,independent,20260921,default,primary,2026-09-06T14:25:54.045144+00:00,2026-09-06T14:25:54.177308+00:00,0.132,VALID,valid,,a9ff4a5e1dc0fea65b63e2b366814c1860f04110,a1d260b660c93e47a466deb9c00f26c880973356f7da4eda00cb8ec57cab044d,raw/E12-independent-20260921-20260906T142554088859Z
a001006,E12-independent-20260922-20260906T142554232926Z,E12,independent,20260922,default,primary,2026-09-06T14:25:54.189425+00:00,2026-09-06T14:25:54.320918+00:00,0.131,VALID,valid,,a9ff4a5e1dc0fea65b63e2b366814c1860f04110,a1d260b660c93e47a466deb9c00f26c880973356f7da4eda00cb8ec57cab044d,raw/E12-independent-20260922-20260906T142554232926Z
a001007,E12-independent-20260923-20260906T142554374120Z,E12,independent,20260923,default,primary,2026-09-06T14:25:54.332507+00:00,2026-09-06T14:25:54.460528+00:00,0.128,VALID,valid,,a9ff4a5e1dc0fea65b63e2b366814c1860f04110,a1d260b660c93e47a466deb9c00f26c880973356f7da4eda00cb8ec57cab044d,raw/E12-independent-20260923-20260906T142554374120Z
a001008,E12-independent-20260924-20260906T142554514672Z,E12,independent,20260924,default,primary,2026-09-06T14:25:54.472999+00:00,2026-09-06T14:25:54.604874+00:00,0.132,VALID,valid,,a9ff4a5e1dc0fea65b63e2b366814c1860f04110,a1d260b660c93e47a466deb9c00f26c880973356f7da4eda00cb8ec57cab044d,raw/E12-independent-20260924-20260906T142554514672Z
a001009,E12-independent-20260925-20260906T142554657937Z,E12,independent,20260925,default,primary,2026-09-06T14:25:54.616740+00:00,2026-09-06T14:25:54.744659+00:00,0.128,VALID,valid,,a9ff4a5e1dc0fea65b63e2b366814c1860f04110,a1d260b660c93e47a466deb9c00f26c880973356f7da4eda00cb8ec57cab044d,raw/E12-independent-20260925-20260906T142554657937Z
a001010,E12-independent-20260926-20260906T142554799666Z,E12,independent,20260926,default,primary,2026-09-06T14:25:54.756406+00:00,2026-09-06T14:25:54.879718+00:00,0.123,VALID,valid,,a9ff4a5e1dc0fea65b63e2b366814c1860f04110,a1d260b660c93e47a466deb9c00f26c880973356f7da4eda00cb8ec57cab044d,raw/E12-independent-20260926-20260906T142554799666Z
a001011,E12-independent-20260927-20260906T142554933066Z,E12,independent,20260927,default,primary,2026-09-06T14:25:54.891089+00:00,2026-09-06T14:25:55.009688+00:00,0.119,VALID,valid,,a9ff4a5e1dc0fea65b63e2b366814c1860f04110,a1d260b660c93e47a466deb9c00f26c880973356f7da4eda00cb8ec57cab044d,raw/E12-independent-20260927-20260906T142554933066Z
a001012,E12-independent-20260928-20260906T142555064416Z,E12,independent,20260928,default,primary,2026-09-06T14:25:55.021942+00:00,2026-09-06T14:25:55.152988+00:00,0.131,VALID,valid,,a9ff4a5e1dc0fea65b63e2b366814c1860f04110,a1d260b660c93e47a466deb9c00f26c880973356f7da4eda00cb8ec57cab044d,raw/E12-independent-20260928-20260906T142555064416Z
a001013,E12-independent-20260929-20260906T142555208063Z,E12,independent,20260929,default,primary,2026-09-06T14:25:55.165465+00:00,2026-09-06T14:25:55.293632+00:00,0.128,VALID,valid,,a9ff4a5e1dc0fea65b63e2b366814c1860f04110,a1d260b660c93e47a466deb9c00f26c880973356f7da4eda00cb8ec57cab044d,raw/E12-independent-20260929-20260906T142555208063Z
a001014,E12-independent-20260930-20260906T142555347372Z,E12,independent,20260930,default,primary,2026-09-06T14:25:55.305576+00:00,2026-09-06T14:25:55.434677+00:00,0.129,VALID,valid,,a9ff4a5e1dc0fea65b63e2b366814c1860f04110,a1d260b660c93e47a466deb9c00f26c880973356f7da4eda00cb8ec57cab044d,raw/E12-independent-20260930-20260906T142555347372Z
a001015,E12-independent-20260931-20260906T142555489190Z,E12,independent,20260931,default,primary,2026-09-06T14:25:55.447358+00:00,2026-09-06T14:25:55.578971+00:00,0.132,VALID,valid,,a9ff4a5e1dc0fea65b63e2b366814c1860f04110,a1d260b660c93e47a466deb9c00f26c880973356f7da4eda00cb8ec57cab044d,raw/E12-independent-20260931-20260906T142555489190Z
a001016,E12-independent-20260932-20260906T142555633187Z,E12,independent,20260932,default,primary,2026-09-06T14:25:55.591271+00:00,2026-09-06T14:25:55.711680+00:00,0.12,VALID,valid,,a9ff4a5e1dc0fea65b63e2b366814c1860f04110,a1d260b660c93e47a466deb9c00f26c880973356f7da4eda00cb8ec57cab044d,raw/E12-independent-20260932-20260906T142555633187Z
a001017,E12-independent-20260933-20260906T142555767569Z,E12,independent,20260933,default,primary,2026-09-06T14:25:55.724301+00:00,2026-09-06T14:25:55.856061+00:00,0.132,VALID,valid,,a9ff4a5e1dc0fea65b63e2b366814c1860f04110,a1d260b660c93e47a466deb9c00f26c880973356f7da4eda00cb8ec57cab044d,raw/E12-independent-20260933-20260906T142555767569Z
a001018,E12-independent-20260934-20260906T142555910684Z,E12,independent,20260934,default,primary,2026-09-06T14:25:55.868743+00:00,2026-09-06T14:25:56.006145+00:00,0.137,VALID,valid,,a9ff4a5e1dc0fea65b63e2b366814c1860f04110,a1d260b660c93e47a466deb9c00f26c880973356f7da4eda00cb8ec57cab044d,raw/E12-independent-20260934-20260906T142555910684Z
a001019,E12-independent-20260935-20260906T142556061448Z,E12,independent,20260935,default,primary,2026-09-06T14:25:56.018631+00:00,2026-09-06T14:25:56.149464+00:00,0.131,VALID,valid,,a9ff4a5e1dc0fea65b63e2b366814c1860f04110,a1d260b660c93e47a466deb9c00f26c880973356f7da4eda00cb8ec57cab044d,raw/E12-independent-20260935-20260906T142556061448Z
a001020,E12-independent-20260936-20260906T142556204207Z,E12,independent,20260936,default,primary,2026-09-06T14:25:56.161455+00:00,2026-09-06T14:25:56.295117+00:00,0.134,VALID,valid,,a9ff4a5e1dc0fea65b63e2b366814c1860f04110,a1d260b660c93e47a466deb9c00f26c880973356f7da4eda00cb8ec57cab044d,raw/E12-independent-20260936-20260906T142556204207Z
a001021,E12-static_continuity-20260907-20260906T142556348899Z,E12,static_continuity,20260907,default,primary,2026-09-06T14:25:56.306899+00:00,2026-09-06T14:25:56.436291+00:00,0.129,VALID,valid,,a9ff4a5e1dc0fea65b63e2b366814c1860f04110,a1d260b660c93e47a466deb9c00f26c880973356f7da4eda00cb8ec57cab044d,raw/E12-static_continuity-20260907-20260906T142556348899Z
a001022,E12-static_continuity-20260908-20260906T142556491849Z,E12,static_continuity,20260908,default,primary,2026-09-06T14:25:56.448824+00:00,2026-09-06T14:25:56.577490+00:00,0.129,VALID,valid,,a9ff4a5e1dc0fea65b63e2b366814c1860f04110,a1d260b660c93e47a466deb9c00f26c880973356f7da4eda00cb8ec57cab044d,raw/E12-static_continuity-20260908-20260906T142556491849Z
a001023,E12-static_continuity-20260909-20260906T142556633010Z,E12,static_continuity,20260909,default,primary,2026-09-06T14:25:56.589282+00:00,2026-09-06T14:25:56.720403+00:00,0.131,VALID,valid,,a9ff4a5e1dc0fea65b63e2b366814c1860f04110,a1d260b660c93e47a466deb9c00f26c880973356f7da4eda00cb8ec57cab044d,raw/E12-static_continuity-20260909-20260906T142556633010Z
a001024,E12-static_continuity-20260910-20260906T142556773617Z,E12,static_continuity,20260910,default,primary,2026-09-06T14:25:56.732002+00:00,2026-09-06T14:25:56.858289+00:00,0.126,VALID,valid,,a9ff4a5e1dc0fea65b63e2b366814c1860f04110,a1d260b660c93e47a466deb9c00f26c880973356f7da4eda00cb8ec57cab044d,raw/E12-static_continuity-20260910-20260906T142556773617Z
a001025,E12-static_continuity-20260911-20260906T142556911874Z,E12,static_continuity,20260911,default,primary,2026-09-06T14:25:56.870130+00:00,2026-09-06T14:25:56.994083+00:00,0.124,VALID,valid,,a9ff4a5e1dc0fea65b63e2b366814c1860f04110,a1d260b660c93e47a466deb9c00f26c880973356f7da4eda00cb8ec57cab044d,raw/E12-static_continuity-20260911-20260906T142556911874Z
a001026,E12-static_continuity-20260912-20260906T142557047975Z,E12,static_continuity,20260912,default,primary,2026-09-06T14:25:57.005804+00:00,2026-09-06T14:25:57.139877+00:00,0.134,VALID,valid,,a9ff4a5e1dc0fea65b63e2b366814c1860f04110,a1d260b660c93e47a466deb9c00f26c880973356f7da4eda00cb8ec57cab044d,raw/E12-static_continuity-20260912-20260906T142557047975Z
a001027,E12-static_continuity-20260913-20260906T142557193774Z,E12,static_continuity,20260913,default,primary,2026-09-06T14:25:57.151810+00:00,2026-09-06T14:25:57.272212+00:00,0.12,VALID,valid,,a9ff4a5e1dc0fea65b63e2b366814c1860f04110,a1d260b660c93e47a466deb9c00f26c880973356f7da4eda00cb8ec57cab044d,raw/E12-static_continuity-20260913-20260906T142557193774Z
a001028,E12-static_continuity-20260914-20260906T142557327661Z,E12,static_continuity,20260914,default,primary,2026-09-06T14:25:57.284746+00:00,2026-09-06T14:25:57.404942+00:00,0.12,VALID,valid,,a9ff4a5e1dc0fea65b63e2b366814c1860f04110,a1d260b660c93e47a466deb9c00f26c880973356f7da4eda00cb8ec57cab044d,raw/E12-static_continuity-20260914-20260906T142557327661Z
a001029,E12-static_continuity-20260915-20260906T142557459167Z,E12,static_continuity,20260915,default,primary,2026-09-06T14:25:57.416751+00:00,2026-09-06T14:25:57.531392+00:00,0.115,VALID,valid,,a9ff4a5e1dc0fea65b63e2b366814c1860f04110,a1d260b660c93e47a466deb9c00f26c880973356f7da4eda00cb8ec57cab044d,raw/E12-static_continuity-20260915-20260906T142557459167Z
a001030,E12-static_continuity-20260916-20260906T142557585223Z,E12,static_continuity,20260916,default,primary,2026-09-06T14:25:57.543322+00:00,2026-09-06T14:25:57.670189+00:00,0.127,VALID,valid,,a9ff4a5e1dc0fea65b63e2b366814c1860f04110,a1d260b660c93e47a466deb9c00f26c880973356f7da4eda00cb8ec57cab044d,raw/E12-static_continuity-20260916-20260906T142557585223Z
a001031,E12-static_continuity-20260917-20260906T142557726187Z,E12,static_continuity,20260917,default,primary,2026-09-06T14:25:57.682748+00:00,2026-09-06T14:25:57.816125+00:00,0.133,VALID,valid,,a9ff4a5e1dc0fea65b63e2b366814c1860f04110,a1d260b660c93e47a466deb9c00f26c880973356f7da4eda00cb8ec57cab044d,raw/E12-static_continuity-20260917-20260906T142557726187Z
a001032,E12-static_continuity-20260918-20260906T142557870300Z,E12,static_continuity,20260918,default,primary,2026-09-06T14:25:57.828059+00:00,2026-09-06T14:25:57.957699+00:00,0.13,VALID,valid,,a9ff4a5e1dc0fea65b63e2b366814c1860f04110,a1d260b660c93e47a466deb9c00f26c880973356f7da4eda00cb8ec57cab044d,raw/E12-static_continuity-20260918-20260906T142557870300Z
a001033,E12-static_continuity-20260919-20260906T142558011090Z,E12,static_continuity,20260919,default,primary,2026-09-06T14:25:57.969414+00:00,2026-09-06T14:25:58.096239+00:00,0.127,VALID,valid,,a9ff4a5e1dc0fea65b63e2b366814c1860f04110,a1d260b660c93e47a466deb9c00f26c880973356f7da4eda00cb8ec57cab044d,raw/E12-static_continuity-20260919-20260906T142558011090Z
a001034,E12-static_continuity-20260920-20260906T142558150053Z,E12,static_continuity,20260920,default,primary,2026-09-06T14:25:58.107835+00:00,2026-09-06T14:25:58.236038+00:00,0.128,VALID,valid,,a9ff4a5e1dc0fea65b63e2b366814c1860f04110,a1d260b660c93e47a466deb9c00f26c880973356f7da4eda00cb8ec57cab044d,raw/E12-static_continuity-20260920-20260906T142558150053Z
a001035,E12-static_continuity-20260921-20260906T142558289429Z,E12,static_continuity,20260921,default,primary,2026-09-06T14:25:58.247807+00:00,2026-09-06T14:25:58.376536+00:00,0.129,VALID,valid,,a9ff4a5e1dc0fea65b63e2b366814c1860f04110,a1d260b660c93e47a466deb9c00f26c880973356f7da4eda00cb8ec57cab044d,raw/E12-static_continuity-20260921-20260906T142558289429Z
a001036,E12-static_continuity-20260922-20260906T142558431130Z,E12,static_continuity,20260922,default,primary,2026-09-06T14:25:58.389026+00:00,2026-09-06T14:25:58.380493+00:00,0.125,VALID,valid,,a9ff4a5e1dc0fea65b63e2b366814c1860f04110,a1d260b660c93e47a466deb9c00f26c880973356f7da4eda00cb8ec57cab044d,raw/E12-static_continuity-20260922-20260906T142558431130Z
a001037,E12-static_continuity-20260923-20260906T142558434544Z,E12,static_continuity,20260923,default,primary,2026-09-06T14:25:58.392445+00:00,2026-09-06T14:25:58.519558+00:00,0.127,VALID,valid,,a9ff4a5e1dc0fea65b63e2b366814c1860f04110,a1d260b660c93e47a466deb9c00f26c880973356f7da4eda00cb8ec57cab044d,raw/E12-static_continuity-20260923-20260906T142558434544Z
a001038,E12-static_continuity-20260924-20260906T142558573894Z,E12,static_continuity,20260924,default,primary,2026-09-06T14:25:58.531938+00:00,2026-09-06T14:25:58.659672+00:00,0.128,VALID,valid,,a9ff4a5e1dc0fea65b63e2b366814c1860f04110,a1d260b660c93e47a466deb9c00f26c880973356f7da4eda00cb8ec57cab044d,raw/E12-static_continuity-20260924-20260906T142558573894Z
a001039,E12-static_continuity-20260925-20260906T142558714340Z,E12,static_continuity,20260925,default,primary,2026-09-06T14:25:58.671749+00:00,2026-09-06T14:25:58.800962+00:00,0.129,VALID,valid,,a9ff4a5e1dc0fea65b63e2b366814c1860f04110,a1d260b660c93e47a466deb9c00f26c880973356f7da4eda00cb8ec57cab044d,raw/E12-static_continuity-20260925-20260906T142558714340Z
a001040,E12-static_continuity-20260926-20260906T142558853915Z,E12,static_continuity,20260926,default,primary,2026-09-06T14:25:58.812812+00:00,2026-09-06T14:25:58.937047+00:00,0.124,VALID,valid,,a9ff4a5e1dc0fea65b63e2b366814c1860f04110,a1d260b660c93e47a466deb9c00f26c880973356f7da4eda00cb8ec57cab044d,raw/E12-static_continuity-20260926-20260906T142558853915Z
a001041,E12-static_continuity-20260927-20260906T142558990003Z,E12,static_continuity,20260927,default,primary,2026-09-06T14:25:58.948400+00:00,2026-09-06T14:25:59.067290+00:00,0.119,VALID,valid,,a9ff4a5e1dc0fea65b63e2b366814c1860f04110,a1d260b660c93e47a466deb9c00f26c880973356f7da4eda00cb8ec57cab044d,raw/E12-static_continuity-20260927-20260906T142558990003Z
a001042,E12-static_continuity-20260928-20260906T142559121982Z,E12,static_continuity,20260928,default,primary,2026-09-06T14:25:59.079438+00:00,2026-09-06T14:25:59.201772+00:00,0.122,VALID,valid,,a9ff4a5e1dc0fea65b63e2b366814c1860f04110,a1d260b660c93e47a466deb9c00f26c880973356f7da4eda00cb8ec57cab044d,raw/E12-static_continuity-20260928-20260906T142559121982Z
a001043,E12-static_continuity-20260929-20260906T142559256245Z,E12,static_continuity,20260929,default,primary,2026-09-06T14:25:59.213819+00:00,2026-09-06T14:25:59.345378+00:00,0.132,VALID,valid,,a9ff4a5e1dc0fea65b63e2b366814c1860f04110,a1d260b660c93e47a466deb9c00f26c880973356f7da4eda00cb8ec57cab044d,raw/E12-static_continuity-20260929-20260906T142559256245Z
a001044,E12-static_continuity-20260930-20260906T142559401014Z,E12,static_continuity,20260930,default,primary,2026-09-06T14:25:59.357902+00:00,2026-09-06T14:25:59.484901+00:00,0.127,VALID,valid,,a9ff4a5e1dc0fea65b63e2b366814c1860f04110,a1d260b660c93e47a466deb9c00f26c880973356f7da4eda00cb8ec57cab044d,raw/E12-static_continuity-20260930-20260906T142559401014Z
a001045,E12-static_continuity-20260931-20260906T142559542022Z,E12,static_continuity,20260931,default,primary,2026-09-06T14:25:59.498563+00:00,2026-09-06T14:25:59.632174+00:00,0.134,VALID,valid,,a9ff4a5e1dc0fea65b63e2b366814c1860f04110,a1d260b660c93e47a466deb9c00f26c880973356f7da4eda00cb8ec57cab044d,raw/E12-static_continuity-20260931-20260906T142559542022Z
a001046,E12-static_continuity-20260932-20260906T142559688027Z,E12,static_continuity,20260932,default,primary,2026-09-06T14:25:59.643884+00:00,2026-09-06T14:25:59.780413+00:00,0.137,VALID,valid,,a9ff4a5e1dc0fea65b63e2b366814c1860f04110,a1d260b660c93e47a466deb9c00f26c880973356f7da4eda00cb8ec57cab044d,raw/E12-static_continuity-20260932-20260906T142559688027Z
a001047,E12-static_continuity-20260933-20260906T142559836990Z,E12,static_continuity,20260933,default,primary,2026-09-06T14:25:59.792915+00:00,2026-09-06T14:25:59.926196+00:00,0.133,VALID,valid,,a9ff4a5e1dc0fea65b63e2b366814c1860f04110,a1d260b660c93e47a466deb9c00f26c880973356f7da4eda00cb8ec57cab044d,raw/E12-static_continuity-20260933-20260906T142559836990Z
a001048,E12-static_continuity-20260934-20260906T142559982138Z,E12,static_continuity,20260934,default,primary,2026-09-06T14:25:59.938955+00:00,2026-09-06T14:26:00.068264+00:00,0.129,VALID,valid,,a9ff4a5e1dc0fea65b63e2b366814c1860f04110,a1d260b660c93e47a466deb9c00f26c880973356f7da4eda00cb8ec57cab044d,raw/E12-static_continuity-20260934-20260906T142559982138Z
a001049,E12-static_continuity-20260935-20260906T142600128557Z,E12,static_continuity,20260935,default,primary,2026-09-06T14:26:00.080358+00:00,2026-09-06T14:26:00.214191+00:00,0.134,VALID,valid,,a9ff4a5e1dc0fea65b63e2b366814c1860f04110,a1d260b660c93e47a466deb9c00f26c880973356f7da4eda00cb8ec57cab044d,raw/E12-static_continuity-20260935-20260906T142600128557Z
a001050,E12-static_continuity-20260936-20260906T142600269401Z,E12,static_continuity,20260936,default,primary,2026-09-06T14:26:00.226669+00:00,2026-09-06T14:26:00.366147+00:00,0.139,VALID,valid,,a9ff4a5e1dc0fea65b63e2b366814c1860f04110,a1d260b660c93e47a466deb9c00f26c880973356f7da4eda00cb8ec57cab044d,raw/E12-static_continuity-20260936-20260906T142600269401Z
a001051,E12-ca_ztcf-20260907-20260906T142600422335Z,E12,ca_ztcf,20260907,default,primary,2026-09-06T14:26:00.379038+00:00,2026-09-06T14:26:00.535264+00:00,0.156,VALID,valid,,a9ff4a5e1dc0fea65b63e2b366814c1860f04110,a1d260b660c93e47a466deb9c00f26c880973356f7da4eda00cb8ec57cab044d,raw/E12-ca_ztcf-20260907-20260906T142600422335Z
a001052,E12-ca_ztcf-20260908-20260906T142600591346Z,E12,ca_ztcf,20260908,default,primary,2026-09-06T14:26:00.548252+00:00,2026-09-06T14:26:00.681755+00:00,0.133,VALID,valid,,a9ff4a5e1dc0fea65b63e2b366814c1860f04110,a1d260b660c93e47a466deb9c00f26c880973356f7da4eda00cb8ec57cab044d,raw/E12-ca_ztcf-20260908-20260906T142600591346Z
a001053,E12-ca_ztcf-20260909-20260906T142600748791Z,E12,ca_ztcf,20260909,default,primary,2026-09-06T14:26:00.693641+00:00,2026-09-06T14:26:00.848324+00:00,0.155,VALID,valid,,a9ff4a5e1dc0fea65b63e2b366814c1860f04110,a1d260b660c93e47a466deb9c00f26c880973356f7da4eda00cb8ec57cab044d,raw/E12-ca_ztcf-20260909-20260906T142600748791Z
a001054,E12-ca_ztcf-20260910-20260906T142600902957Z,E12,ca_ztcf,20260910,default,primary,2026-09-06T14:26:00.860023+00:00,2026-09-06T14:26:01.006548+00:00,0.147,VALID,valid,,a9ff4a5e1dc0fea65b63e2b366814c1860f04110,a1d260b660c93e47a466deb9c00f26c880973356f7da4eda00cb8ec57cab044d,raw/E12-ca_ztcf-20260910-20260906T142600902957Z
a001055,E12-ca_ztcf-20260911-20260906T142601061242Z,E12,ca_ztcf,20260911,default,primary,2026-09-06T14:26:01.018469+00:00,2026-09-06T14:26:01.162206+00:00,0.144,VALID,valid,,a9ff4a5e1dc0fea65b63e2b366814c1860f04110,a1d260b660c93e47a466deb9c00f26c880973356f7da4eda00cb8ec57cab044d,raw/E12-ca_ztcf-20260911-20260906T142601061242Z
a001056,E12-ca_ztcf-20260912-20260906T142601216321Z,E12,ca_ztcf,20260912,default,primary,2026-09-06T14:26:01.173914+00:00,2026-09-06T14:26:01.314075+00:00,0.14,VALID,valid,,a9ff4a5e1dc0fea65b63e2b366814c1860f04110,a1d260b660c93e47a466deb9c00f26c880973356f7da4eda00cb8ec57cab044d,raw/E12-ca_ztcf-20260912-20260906T142601216321Z
a001057,E12-ca_ztcf-20260913-20260906T142601367836Z,E12,ca_ztcf,20260913,default,primary,2026-09-06T14:26:01.325795+00:00,2026-09-06T14:26:01.465455+00:00,0.14,VALID,valid,,a9ff4a5e1dc0fea65b63e2b366814c1860f04110,a1d260b660c93e47a466deb9c00f26c880973356f7da4eda00cb8ec57cab044d,raw/E12-ca_ztcf-20260913-20260906T142601367836Z
a001058,E12-ca_ztcf-20260914-20260906T142601519371Z,E12,ca_ztcf,20260914,default,primary,2026-09-06T14:26:01.477293+00:00,2026-09-06T14:26:01.617111+00:00,0.14,VALID,valid,,a9ff4a5e1dc0fea65b63e2b366814c1860f04110,a1d260b660c93e47a466deb9c00f26c880973356f7da4eda00cb8ec57cab044d,raw/E12-ca_ztcf-20260914-20260906T142601519371Z
a001059,E12-ca_ztcf-20260915-20260906T142601670756Z,E12,ca_ztcf,20260915,default,primary,2026-09-06T14:26:01.628917+00:00,2026-09-06T14:26:01.774207+00:00,0.145,VALID,valid,,a9ff4a5e1dc0fea65b63e2b366814c1860f04110,a1d260b660c93e47a466deb9c00f26c880973356f7da4eda00cb8ec57cab044d,raw/E12-ca_ztcf-20260915-20260906T142601670756Z
a001060,E12-ca_ztcf-20260916-20260906T142601828862Z,E12,ca_ztcf,20260916,default,primary,2026-09-06T14:26:01.786209+00:00,2026-09-06T14:26:01.924129+00:00,0.138,VALID,valid,,a9ff4a5e1dc0fea65b63e2b366814c1860f04110,a1d260b660c93e47a466deb9c00f26c880973356f7da4eda00cb8ec57cab044d,raw/E12-ca_ztcf-20260916-20260906T142601828862Z
a001061,E12-ca_ztcf-20260917-20260906T142601977781Z,E12,ca_ztcf,20260917,default,primary,2026-09-06T14:26:01.935993+00:00,2026-09-06T14:26:02.080062+00:00,0.144,VALID,valid,,a9ff4a5e1dc0fea65b63e2b366814c1860f04110,a1d260b660c93e47a466deb9c00f26c880973356f7da4eda00cb8ec57cab044d,raw/E12-ca_ztcf-20260917-20260906T142601977781Z
a001062,E12-ca_ztcf-20260918-20260906T142602134543Z,E12,ca_ztcf,20260918,default,primary,2026-09-06T14:26:02.092286+00:00,2026-09-06T14:26:02.233093+00:00,0.141,VALID,valid,,a9ff4a5e1dc0fea65b63e2b366814c1860f04110,a1d260b660c93e47a466deb9c00f26c880973356f7da4eda00cb8ec57cab044d,raw/E12-ca_ztcf-20260918-20260906T142602134543Z
a001063,E12-ca_ztcf-20260919-20260906T142602286323Z,E12,ca_ztcf,20260919,default,primary,2026-09-06T14:26:02.244717+00:00,2026-09-06T14:26:02.368873+00:00,0.124,VALID,valid,,a9ff4a5e1dc0fea65b63e2b366814c1860f04110,a1d260b660c93e47a466deb9c00f26c880973356f7da4eda00cb8ec57cab044d,raw/E12-ca_ztcf-20260919-20260906T142602286323Z
a001064,E12-ca_ztcf-20260920-20260906T142602422723Z,E12,ca_ztcf,20260920,default,primary,2026-09-06T14:26:02.380532+00:00,2026-09-06T14:26:02.519697+00:00,0.139,VALID,valid,,a9ff4a5e1dc0fea65b63e2b366814c1860f04110,a1d260b660c93e47a466deb9c00f26c880973356f7da4eda00cb8ec57cab044d,raw/E12-ca_ztcf-20260920-20260906T142602422723Z
a001065,E12-ca_ztcf-20260921-20260906T142602574292Z,E12,ca_ztcf,20260921,default,primary,2026-09-06T14:26:02.531876+00:00,2026-09-06T14:26:02.659067+00:00,0.127,VALID,valid,,a9ff4a5e1dc0fea65b63e2b366814c1860f04110,a1d260b660c93e47a466deb9c00f26c880973356f7da4eda00cb8ec57cab044d,raw/E12-ca_ztcf-20260921-20260906T142602574292Z
a001066,E12-ca_ztcf-20260922-20260906T142602714244Z,E12,ca_ztcf,20260922,default,primary,2026-09-06T14:26:02.671358+00:00,2026-09-06T14:26:02.814359+00:00,0.143,VALID,valid,,a9ff4a5e1dc0fea65b63e2b366814c1860f04110,a1d260b660c93e47a466deb9c00f26c880973356f7da4eda00cb8ec57cab044d,raw/E12-ca_ztcf-20260922-20260906T142602714244Z
a001067,E12-ca_ztcf-20260923-20260906T142602868389Z,E12,ca_ztcf,20260923,default,primary,2026-09-06T14:26:02.826445+00:00,2026-09-06T14:26:02.971175+00:00,0.145,VALID,valid,,a9ff4a5e1dc0fea65b63e2b366814c1860f04110,a1d260b660c93e47a466deb9c00f26c880973356f7da4eda00cb8ec57cab044d,raw/E12-ca_ztcf-20260923-20260906T142602868389Z
a001068,E12-ca_ztcf-20260924-20260906T142603026265Z,E12,ca_ztcf,20260924,default,primary,2026-09-06T14:26:02.983396+00:00,2026-09-06T14:26:03.129985+00:00,0.147,VALID,valid,,a9ff4a5e1dc0fea65b63e2b366814c1860f04110,a1d260b660c93e47a466deb9c00f26c880973356f7da4eda00cb8ec57cab044d,raw/E12-ca_ztcf-20260924-20260906T142603026265Z
a001069,E12-ca_ztcf-20260925-20260906T142603183126Z,E12,ca_ztcf,20260925,default,primary,2026-09-06T14:26:03.141624+00:00,2026-09-06T14:26:03.276435+00:00,0.135,VALID,valid,,a9ff4a5e1dc0fea65b63e2b366814c1860f04110,a1d260b660c93e47a466deb9c00f26c880973356f7da4eda00cb8ec57cab044d,raw/E12-ca_ztcf-20260925-20260906T142603183126Z
a001070,E12-ca_ztcf-20260926-20260906T142603331216Z,E12,ca_ztcf,20260926,default,primary,2026-09-06T14:26:03.289078+00:00,2026-09-06T14:26:03.425262+00:00,0.136,VALID,valid,,a9ff4a5e1dc0fea65b63e2b366814c1860f04110,a1d260b660c93e47a466deb9c00f26c880973356f7da4eda00cb8ec57cab044d,raw/E12-ca_ztcf-20260926-20260906T142603331216Z
a001071,E12-ca_ztcf-20260927-20260906T142603479141Z,E12,ca_ztcf,20260927,default,primary,2026-09-06T14:26:03.437228+00:00,2026-09-06T14:26:03.576930+00:00,0.14,VALID,valid,,a9ff4a5e1dc0fea65b63e2b366814c1860f04110,a1d260b660c93e47a466deb9c00f26c880973356f7da4eda00cb8ec57cab044d,raw/E12-ca_ztcf-20260927-20260906T142603479141Z
a001072,E12-ca_ztcf-20260928-20260906T142603630919Z,E12,ca_ztcf,20260928,default,primary,2026-09-06T14:26:03.588713+00:00,2026-09-06T14:26:03.722619+00:00,0.134,VALID,valid,,a9ff4a5e1dc0fea65b63e2b366814c1860f04110,a1d260b660c93e47a466deb9c00f26c880973356f7da4eda00cb8ec57cab044d,raw/E12-ca_ztcf-20260928-20260906T142603630919Z
a001073,E12-ca_ztcf-20260929-20260906T142603776325Z,E12,ca_ztcf,20260929,default,primary,2026-09-06T14:26:03.734515+00:00,2026-09-06T14:26:03.866858+00:00,0.132,VALID,valid,,a9ff4a5e1dc0fea65b63e2b366814c1860f04110,a1d260b660c93e47a466deb9c00f26c880973356f7da4eda00cb8ec57cab044d,raw/E12-ca_ztcf-20260929-20260906T142603776325Z
a001074,E12-ca_ztcf-20260930-20260906T142603938216Z,E12,ca_ztcf,20260930,default,primary,2026-09-06T14:26:03.880090+00:00,2026-09-06T14:26:04.043569+00:00,0.163,VALID,valid,,a9ff4a5e1dc0fea65b63e2b366814c1860f04110,a1d260b660c93e47a466deb9c00f26c880973356f7da4eda00cb8ec57cab044d,raw/E12-ca_ztcf-20260930-20260906T142603938216Z
a001075,E12-ca_ztcf-20260931-20260906T142604099355Z,E12,ca_ztcf,20260931,default,primary,2026-09-06T14:26:04.056118+00:00,2026-09-06T14:26:04.191831+00:00,0.136,VALID,valid,,a9ff4a5e1dc0fea65b63e2b366814c1860f04110,a1d260b660c93e47a466deb9c00f26c880973356f7da4eda00cb8ec57cab044d,raw/E12-ca_ztcf-20260931-20260906T142604099355Z
a001076,E12-ca_ztcf-20260932-20260906T142604246314Z,E12,ca_ztcf,20260932,default,primary,2026-09-06T14:26:04.204638+00:00,2026-09-06T14:26:04.343082+00:00,0.138,VALID,valid,,a9ff4a5e1dc0fea65b63e2b366814c1860f04110,a1d260b660c93e47a466deb9c00f26c880973356f7da4eda00cb8ec57cab044d,raw/E12-ca_ztcf-20260932-20260906T142604246314Z
a001077,E12-ca_ztcf-20260933-20260906T142604396445Z,E12,ca_ztcf,20260933,default,primary,2026-09-06T14:26:04.354705+00:00,2026-09-06T14:26:04.490487+00:00,0.136,VALID,valid,,a9ff4a5e1dc0fea65b63e2b366814c1860f04110,a1d260b660c93e47a466deb9c00f26c880973356f7da4eda00cb8ec57cab044d,raw/E12-ca_ztcf-20260933-20260906T142604396445Z
a001078,E12-ca_ztcf-20260934-20260906T142604545619Z,E12,ca_ztcf,20260934,default,primary,2026-09-06T14:26:04.503032+00:00,2026-09-06T14:26:04.632843+00:00,0.13,VALID,valid,,a9ff4a5e1dc0fea65b63e2b366814c1860f04110,a1d260b660c93e47a466deb9c00f26c880973356f7da4eda00cb8ec57cab044d,raw/E12-ca_ztcf-20260934-20260906T142604545619Z
a001079,E12-ca_ztcf-20260935-20260906T142604686076Z,E12,ca_ztcf,20260935,default,primary,2026-09-06T14:26:04.644442+00:00,2026-09-06T14:26:04.783153+00:00,0.139,VALID,valid,,a9ff4a5e1dc0fea65b63e2b366814c1860f04110,a1d260b660c93e47a466deb9c00f26c880973356f7da4eda00cb8ec57cab044d,raw/E12-ca_ztcf-20260935-20260906T142604686076Z
a001080,E12-ca_ztcf-20260936-20260906T142604836956Z,E12,ca_ztcf,20260936,default,primary,2026-09-06T14:26:04.794998+00:00,2026-09-06T14:26:04.936802+00:00,0.142,VALID,valid,,a9ff4a5e1dc0fea65b63e2b366814c1860f04110,a1d260b660c93e47a466deb9c00f26c880973356f7da4eda00cb8ec57cab044d,raw/E12-ca_ztcf-20260936-20260906T142604836956Z
a001081,E13-independent-20260907-20260906T142604990162Z,E13,independent,20260907,devices=1,primary,2026-09-06T14:26:04.948660+00:00,2026-09-06T14:26:05.072690+00:00,0.124,VALID,valid,,a9ff4a5e1dc0fea65b63e2b366814c1860f04110,a1d260b660c93e47a466deb9c00f26c880973356f7da4eda00cb8ec57cab044d,raw/E13-independent-20260907-20260906T142604990162Z
a001082,E13-independent-20260908-20260906T142605128000Z,E13,independent,20260908,devices=1,primary,2026-09-06T14:26:05.085158+00:00,2026-09-06T14:26:05.219499+00:00,0.134,VALID,valid,,a9ff4a5e1dc0fea65b63e2b366814c1860f04110,a1d260b660c93e47a466deb9c00f26c880973356f7da4eda00cb8ec57cab044d,raw/E13-independent-20260908-20260906T142605128000Z
a001083,E13-independent-20260909-20260906T142605272672Z,E13,independent,20260909,devices=1,primary,2026-09-06T14:26:05.231175+00:00,2026-09-06T14:26:05.346370+00:00,0.115,VALID,valid,,a9ff4a5e1dc0fea65b63e2b366814c1860f04110,a1d260b660c93e47a466deb9c00f26c880973356f7da4eda00cb8ec57cab044d,raw/E13-independent-20260909-20260906T142605272672Z
a001084,E13-independent-20260910-20260906T142605400029Z,E13,independent,20260910,devices=1,primary,2026-09-06T14:26:05.358152+00:00,2026-09-06T14:26:05.477099+00:00,0.119,VALID,valid,,a9ff4a5e1dc0fea65b63e2b366814c1860f04110,a1d260b660c93e47a466deb9c00f26c880973356f7da4eda00cb8ec57cab044d,raw/E13-independent-20260910-20260906T142605400029Z
a001085,E13-independent-20260911-20260906T142605530173Z,E13,independent,20260911,devices=1,primary,2026-09-06T14:26:05.488514+00:00,2026-09-06T14:26:05.592939+00:00,0.104,VALID,valid,,a9ff4a5e1dc0fea65b63e2b366814c1860f04110,a1d260b660c93e47a466deb9c00f26c880973356f7da4eda00cb8ec57cab044d,raw/E13-independent-20260911-20260906T142605530173Z
a001086,E13-independent-20260912-20260906T142605646737Z,E13,independent,20260912,devices=1,primary,2026-09-06T14:26:05.605484+00:00,2026-09-06T14:26:05.726057+00:00,0.121,VALID,valid,,a9ff4a5e1dc0fea65b63e2b366814c1860f04110,a1d260b660c93e47a466deb9c00f26c880973356f7da4eda00cb8ec57cab044d,raw/E13-independent-20260912-20260906T142605646737Z
a001087,E13-independent-20260913-20260906T142605779967Z,E13,independent,20260913,devices=1,primary,2026-09-06T14:26:05.737865+00:00,2026-09-06T14:26:05.850604+00:00,0.113,VALID,valid,,a9ff4a5e1dc0fea65b63e2b366814c1860f04110,a1d260b660c93e47a466deb9c00f26c880973356f7da4eda00cb8ec57cab044d,raw/E13-independent-20260913-20260906T142605779967Z
a001088,E13-independent-20260914-20260906T142605905017Z,E13,independent,20260914,devices=1,primary,2026-09-06T14:26:05.862888+00:00,2026-09-06T14:26:05.983351+00:00,0.12,VALID,valid,,a9ff4a5e1dc0fea65b63e2b366814c1860f04110,a1d260b660c93e47a466deb9c00f26c880973356f7da4eda00cb8ec57cab044d,raw/E13-independent-20260914-20260906T142605905017Z
a001089,E13-independent-20260915-20260906T142606038332Z,E13,independent,20260915,devices=1,primary,2026-09-06T14:26:05.995914+00:00,2026-09-06T14:26:06.116260+00:00,0.12,VALID,valid,,a9ff4a5e1dc0fea65b63e2b366814c1860f04110,a1d260b660c93e47a466deb9c00f26c880973356f7da4eda00cb8ec57cab044d,raw/E13-independent-20260915-20260906T142606038332Z
a001090,E13-independent-20260916-20260906T142606170494Z,E13,independent,20260916,devices=1,primary,2026-09-06T14:26:06.127918+00:00,2026-09-06T14:26:06.248091+00:00,0.12,VALID,valid,,a9ff4a5e1dc0fea65b63e2b366814c1860f04110,a1d260b660c93e47a466deb9c00f26c880973356f7da4eda00cb8ec57cab044d,raw/E13-independent-20260916-20260906T142606170494Z
a001091,E13-independent-20260917-20260906T142606302361Z,E13,independent,20260917,devices=1,primary,2026-09-06T14:26:06.259845+00:00,2026-09-06T14:26:06.375460+00:00,0.116,VALID,valid,,a9ff4a5e1dc0fea65b63e2b366814c1860f04110,a1d260b660c93e47a466deb9c00f26c880973356f7da4eda00cb8ec57cab044d,raw/E13-independent-20260917-20260906T142606302361Z
a001092,E13-independent-20260918-20260906T142606428558Z,E13,independent,20260918,devices=1,primary,2026-09-06T14:26:06.386700+00:00,2026-09-06T14:26:06.501373+00:00,0.115,VALID,valid,,a9ff4a5e1dc0fea65b63e2b366814c1860f04110,a1d260b660c93e47a466deb9c00f26c880973356f7da4eda00cb8ec57cab044d,raw/E13-independent-20260918-20260906T142606428558Z
a001093,E13-independent-20260919-20260906T142606555750Z,E13,independent,20260919,devices=1,primary,2026-09-06T14:26:06.513440+00:00,2026-09-06T14:26:06.633253+00:00,0.12,VALID,valid,,a9ff4a5e1dc0fea65b63e2b366814c1860f04110,a1d260b660c93e47a466deb9c00f26c880973356f7da4eda00cb8ec57cab044d,raw/E13-independent-20260919-20260906T142606555750Z
a001094,E13-independent-20260920-20260906T142606686974Z,E13,independent,20260920,devices=1,primary,2026-09-06T14:26:06.645175+00:00,2026-09-06T14:26:06.770621+00:00,0.125,VALID,valid,,a9ff4a5e1dc0fea65b63e2b366814c1860f04110,a1d260b660c93e47a466deb9c00f26c880973356f7da4eda00cb8ec57cab044d,raw/E13-independent-20260920-20260906T142606686974Z
a001095,E13-independent-20260921-20260906T142606827079Z,E13,independent,20260921,devices=1,primary,2026-09-06T14:26:06.783470+00:00,2026-09-06T14:26:06.905501+00:00,0.122,VALID,valid,,a9ff4a5e1dc0fea65b63e2b366814c1860f04110,a1d260b660c93e47a466deb9c00f26c880973356f7da4eda00cb8ec57cab044d,raw/E13-independent-20260921-20260906T142606827079Z
a001096,E13-independent-20260922-20260906T142606959856Z,E13,independent,20260922,devices=1,primary,2026-09-06T14:26:06.917192+00:00,2026-09-06T14:26:07.032842+00:00,0.116,VALID,valid,,a9ff4a5e1dc0fea65b63e2b366814c1860f04110,a1d260b660c93e47a466deb9c00f26c880973356f7da4eda00cb8ec57cab044d,raw/E13-independent-20260922-20260906T142606959856Z
a001097,E13-independent-20260923-20260906T142607088489Z,E13,independent,20260923,devices=1,primary,2026-09-06T14:26:07.044066+00:00,2026-09-06T14:26:07.166614+00:00,0.123,VALID,valid,,a9ff4a5e1dc0fea65b63e2b366814c1860f04110,a1d260b660c93e47a466deb9c00f26c880973356f7da4eda00cb8ec57cab044d,raw/E13-independent-20260923-20260906T142607088489Z
a001098,E13-independent-20260924-20260906T142607220234Z,E13,independent,20260924,devices=1,primary,2026-09-06T14:26:07.178124+00:00,2026-09-06T14:26:07.309533+00:00,0.131,VALID,valid,,a9ff4a5e1dc0fea65b63e2b366814c1860f04110,a1d260b660c93e47a466deb9c00f26c880973356f7da4eda00cb8ec57cab044d,raw/E13-independent-20260924-20260906T142607220234Z
a001099,E13-independent-20260925-20260906T142607363837Z,E13,independent,20260925,devices=1,primary,2026-09-06T14:26:07.321905+00:00,2026-09-06T14:26:07.436875+00:00,0.115,VALID,valid,,a9ff4a5e1dc0fea65b63e2b366814c1860f04110,a1d260b660c93e47a466deb9c00f26c880973356f7da4eda00cb8ec57cab044d,raw/E13-independent-20260925-20260906T142607363837Z
a001100,E13-independent-20260926-20260906T142607491313Z,E13,independent,20260926,devices=1,primary,2026-09-06T14:26:07.449224+00:00,2026-09-06T14:26:07.567994+00:00,0.119,VALID,valid,,a9ff4a5e1dc0fea65b63e2b366814c1860f04110,a1d260b660c93e47a466deb9c00f26c880973356f7da4eda00cb8ec57cab044d,raw/E13-independent-20260926-20260906T142607491313Z
a001101,E13-independent-20260927-20260906T142607622387Z,E13,independent,20260927,devices=1,primary,2026-09-06T14:26:07.579856+00:00,2026-09-06T14:26:07.698521+00:00,0.119,VALID,valid,,a9ff4a5e1dc0fea65b63e2b366814c1860f04110,a1d260b660c93e47a466deb9c00f26c880973356f7da4eda00cb8ec57cab044d,raw/E13-independent-20260927-20260906T142607622387Z
a001102,E13-independent-20260928-20260906T142607753594Z,E13,independent,20260928,devices=1,primary,2026-09-06T14:26:07.710688+00:00,2026-09-06T14:26:07.830774+00:00,0.12,VALID,valid,,a9ff4a5e1dc0fea65b63e2b366814c1860f04110,a1d260b660c93e47a466deb9c00f26c880973356f7da4eda00cb8ec57cab044d,raw/E13-independent-20260928-20260906T142607753594Z
a001103,E13-independent-20260929-20260906T142607885517Z,E13,independent,20260929,devices=1,primary,2026-09-06T14:26:07.843389+00:00,2026-09-06T14:26:07.962154+00:00,0.119,VALID,valid,,a9ff4a5e1dc0fea65b63e2b366814c1860f04110,a1d260b660c93e47a466deb9c00f26c880973356f7da4eda00cb8ec57cab044d,raw/E13-independent-20260929-20260906T142607885517Z
a001104,E13-independent-20260930-20260906T142608016430Z,E13,independent,20260930,devices=1,primary,2026-09-06T14:26:07.974369+00:00,2026-09-06T14:26:08.094544+00:00,0.12,VALID,valid,,a9ff4a5e1dc0fea65b63e2b366814c1860f04110,a1d260b660c93e47a466deb9c00f26c880973356f7da4eda00cb8ec57cab044d,raw/E13-independent-20260930-20260906T142608016430Z
a001105,E13-independent-20260931-20260906T142608148981Z,E13,independent,20260931,devices=1,primary,2026-09-06T14:26:08.106844+00:00,2026-09-06T14:26:08.224243+00:00,0.117,VALID,valid,,a9ff4a5e1dc0fea65b63e2b366814c1860f04110,a1d260b660c93e47a466deb9c00f26c880973356f7da4eda00cb8ec57cab044d,raw/E13-independent-20260931-20260906T142608148981Z
a001106,E13-independent-20260932-20260906T142608277453Z,E13,independent,20260932,devices=1,primary,2026-09-06T14:26:08.235763+00:00,2026-09-06T14:26:08.355475+00:00,0.12,VALID,valid,,a9ff4a5e1dc0fea65b63e2b366814c1860f04110,a1d260b660c93e47a466deb9c00f26c880973356f7da4eda00cb8ec57cab044d,raw/E13-independent-20260932-20260906T142608277453Z
a001107,E13-independent-20260933-20260906T142608408817Z,E13,independent,20260933,devices=1,primary,2026-09-06T14:26:08.367155+00:00,2026-09-06T14:26:08.362259+00:00,0.128,VALID,valid,,a9ff4a5e1dc0fea65b63e2b366814c1860f04110,a1d260b660c93e47a466deb9c00f26c880973356f7da4eda00cb8ec57cab044d,raw/E13-independent-20260933-20260906T142608408817Z
a001108,E13-independent-20260934-20260906T142608416688Z,E13,independent,20260934,devices=1,primary,2026-09-06T14:26:08.374369+00:00,2026-09-06T14:26:08.493779+00:00,0.119,VALID,valid,,a9ff4a5e1dc0fea65b63e2b366814c1860f04110,a1d260b660c93e47a466deb9c00f26c880973356f7da4eda00cb8ec57cab044d,raw/E13-independent-20260934-20260906T142608416688Z
a001109,E13-independent-20260935-20260906T142608546816Z,E13,independent,20260935,devices=1,primary,2026-09-06T14:26:08.505365+00:00,2026-09-06T14:26:08.620047+00:00,0.115,VALID,valid,,a9ff4a5e1dc0fea65b63e2b366814c1860f04110,a1d260b660c93e47a466deb9c00f26c880973356f7da4eda00cb8ec57cab044d,raw/E13-independent-20260935-20260906T142608546816Z
a001110,E13-independent-20260936-20260906T142608673302Z,E13,independent,20260936,devices=1,primary,2026-09-06T14:26:08.631481+00:00,2026-09-06T14:26:08.756307+00:00,0.125,VALID,valid,,a9ff4a5e1dc0fea65b63e2b366814c1860f04110,a1d260b660c93e47a466deb9c00f26c880973356f7da4eda00cb8ec57cab044d,raw/E13-independent-20260936-20260906T142608673302Z
a001111,E13-static_continuity-20260907-20260906T142608811702Z,E13,static_continuity,20260907,devices=1,primary,2026-09-06T14:26:08.768958+00:00,2026-09-06T14:26:08.877806+00:00,0.109,VALID,valid,,a9ff4a5e1dc0fea65b63e2b366814c1860f04110,a1d260b660c93e47a466deb9c00f26c880973356f7da4eda00cb8ec57cab044d,raw/E13-static_continuity-20260907-20260906T142608811702Z
a001112,E13-static_continuity-20260908-20260906T142608933151Z,E13,static_continuity,20260908,devices=1,primary,2026-09-06T14:26:08.890703+00:00,2026-09-06T14:26:09.016023+00:00,0.125,VALID,valid,,a9ff4a5e1dc0fea65b63e2b366814c1860f04110,a1d260b660c93e47a466deb9c00f26c880973356f7da4eda00cb8ec57cab044d,raw/E13-static_continuity-20260908-20260906T142608933151Z
a001113,E13-static_continuity-20260909-20260906T142609071862Z,E13,static_continuity,20260909,devices=1,primary,2026-09-06T14:26:09.029010+00:00,2026-09-06T14:26:09.151033+00:00,0.122,VALID,valid,,a9ff4a5e1dc0fea65b63e2b366814c1860f04110,a1d260b660c93e47a466deb9c00f26c880973356f7da4eda00cb8ec57cab044d,raw/E13-static_continuity-20260909-20260906T142609071862Z
a001114,E13-static_continuity-20260910-20260906T142609206390Z,E13,static_continuity,20260910,devices=1,primary,2026-09-06T14:26:09.162978+00:00,2026-09-06T14:26:09.290611+00:00,0.128,VALID,valid,,a9ff4a5e1dc0fea65b63e2b366814c1860f04110,a1d260b660c93e47a466deb9c00f26c880973356f7da4eda00cb8ec57cab044d,raw/E13-static_continuity-20260910-20260906T142609206390Z
a001115,E13-static_continuity-20260911-20260906T142609346503Z,E13,static_continuity,20260911,devices=1,primary,2026-09-06T14:26:09.303096+00:00,2026-09-06T14:26:09.422654+00:00,0.12,VALID,valid,,a9ff4a5e1dc0fea65b63e2b366814c1860f04110,a1d260b660c93e47a466deb9c00f26c880973356f7da4eda00cb8ec57cab044d,raw/E13-static_continuity-20260911-20260906T142609346503Z
a001116,E13-static_continuity-20260912-20260906T142609478228Z,E13,static_continuity,20260912,devices=1,primary,2026-09-06T14:26:09.435125+00:00,2026-09-06T14:26:09.563980+00:00,0.129,VALID,valid,,a9ff4a5e1dc0fea65b63e2b366814c1860f04110,a1d260b660c93e47a466deb9c00f26c880973356f7da4eda00cb8ec57cab044d,raw/E13-static_continuity-20260912-20260906T142609478228Z
a001117,E13-static_continuity-20260913-20260906T142609619316Z,E13,static_continuity,20260913,devices=1,primary,2026-09-06T14:26:09.576406+00:00,2026-09-06T14:26:09.690785+00:00,0.114,VALID,valid,,a9ff4a5e1dc0fea65b63e2b366814c1860f04110,a1d260b660c93e47a466deb9c00f26c880973356f7da4eda00cb8ec57cab044d,raw/E13-static_continuity-20260913-20260906T142609619316Z
a001118,E13-static_continuity-20260914-20260906T142609746740Z,E13,static_continuity,20260914,devices=1,primary,2026-09-06T14:26:09.703314+00:00,2026-09-06T14:26:09.825973+00:00,0.123,VALID,valid,,a9ff4a5e1dc0fea65b63e2b366814c1860f04110,a1d260b660c93e47a466deb9c00f26c880973356f7da4eda00cb8ec57cab044d,raw/E13-static_continuity-20260914-20260906T142609746740Z
a001119,E13-static_continuity-20260915-20260906T142609883288Z,E13,static_continuity,20260915,devices=1,primary,2026-09-06T14:26:09.839140+00:00,2026-09-06T14:26:09.965790+00:00,0.127,VALID,valid,,a9ff4a5e1dc0fea65b63e2b366814c1860f04110,a1d260b660c93e47a466deb9c00f26c880973356f7da4eda00cb8ec57cab044d,raw/E13-static_continuity-20260915-20260906T142609883288Z
a001120,E13-static_continuity-20260916-20260906T142610023171Z,E13,static_continuity,20260916,devices=1,primary,2026-09-06T14:26:09.978586+00:00,2026-09-06T14:26:10.105309+00:00,0.127,VALID,valid,,a9ff4a5e1dc0fea65b63e2b366814c1860f04110,a1d260b660c93e47a466deb9c00f26c880973356f7da4eda00cb8ec57cab044d,raw/E13-static_continuity-20260916-20260906T142610023171Z
a001121,E13-static_continuity-20260917-20260906T142610167586Z,E13,static_continuity,20260917,devices=1,primary,2026-09-06T14:26:10.118330+00:00,2026-09-06T14:26:10.254652+00:00,0.136,VALID,valid,,a9ff4a5e1dc0fea65b63e2b366814c1860f04110,a1d260b660c93e47a466deb9c00f26c880973356f7da4eda00cb8ec57cab044d,raw/E13-static_continuity-20260917-20260906T142610167586Z
a001122,E13-static_continuity-20260918-20260906T142610312229Z,E13,static_continuity,20260918,devices=1,primary,2026-09-06T14:26:10.266575+00:00,2026-09-06T14:26:10.390097+00:00,0.124,VALID,valid,,a9ff4a5e1dc0fea65b63e2b366814c1860f04110,a1d260b660c93e47a466deb9c00f26c880973356f7da4eda00cb8ec57cab044d,raw/E13-static_continuity-20260918-20260906T142610312229Z
a001123,E13-static_continuity-20260919-20260906T142610446078Z,E13,static_continuity,20260919,devices=1,primary,2026-09-06T14:26:10.403174+00:00,2026-09-06T14:26:10.527516+00:00,0.124,VALID,valid,,a9ff4a5e1dc0fea65b63e2b366814c1860f04110,a1d260b660c93e47a466deb9c00f26c880973356f7da4eda00cb8ec57cab044d,raw/E13-static_continuity-20260919-20260906T142610446078Z
a001124,E13-static_continuity-20260920-20260906T142610582819Z,E13,static_continuity,20260920,devices=1,primary,2026-09-06T14:26:10.540153+00:00,2026-09-06T14:26:10.652945+00:00,0.113,VALID,valid,,a9ff4a5e1dc0fea65b63e2b366814c1860f04110,a1d260b660c93e47a466deb9c00f26c880973356f7da4eda00cb8ec57cab044d,raw/E13-static_continuity-20260920-20260906T142610582819Z
a001125,E13-static_continuity-20260921-20260906T142610709259Z,E13,static_continuity,20260921,devices=1,primary,2026-09-06T14:26:10.665061+00:00,2026-09-06T14:26:10.791959+00:00,0.127,VALID,valid,,a9ff4a5e1dc0fea65b63e2b366814c1860f04110,a1d260b660c93e47a466deb9c00f26c880973356f7da4eda00cb8ec57cab044d,raw/E13-static_continuity-20260921-20260906T142610709259Z
a001126,E13-static_continuity-20260922-20260906T142610847593Z,E13,static_continuity,20260922,devices=1,primary,2026-09-06T14:26:10.804502+00:00,2026-09-06T14:26:10.919127+00:00,0.115,VALID,valid,,a9ff4a5e1dc0fea65b63e2b366814c1860f04110,a1d260b660c93e47a466deb9c00f26c880973356f7da4eda00cb8ec57cab044d,raw/E13-static_continuity-20260922-20260906T142610847593Z
a001127,E13-static_continuity-20260923-20260906T142610974649Z,E13,static_continuity,20260923,devices=1,primary,2026-09-06T14:26:10.931931+00:00,2026-09-06T14:26:11.043657+00:00,0.112,VALID,valid,,a9ff4a5e1dc0fea65b63e2b366814c1860f04110,a1d260b660c93e47a466deb9c00f26c880973356f7da4eda00cb8ec57cab044d,raw/E13-static_continuity-20260923-20260906T142610974649Z
a001128,E13-static_continuity-20260924-20260906T142611098529Z,E13,static_continuity,20260924,devices=1,primary,2026-09-06T14:26:11.056055+00:00,2026-09-06T14:26:11.168606+00:00,0.113,VALID,valid,,a9ff4a5e1dc0fea65b63e2b366814c1860f04110,a1d260b660c93e47a466deb9c00f26c880973356f7da4eda00cb8ec57cab044d,raw/E13-static_continuity-20260924-20260906T142611098529Z
a001129,E13-static_continuity-20260925-20260906T142611223688Z,E13,static_continuity,20260925,devices=1,primary,2026-09-06T14:26:11.180568+00:00,2026-09-06T14:26:11.296554+00:00,0.116,VALID,valid,,a9ff4a5e1dc0fea65b63e2b366814c1860f04110,a1d260b660c93e47a466deb9c00f26c880973356f7da4eda00cb8ec57cab044d,raw/E13-static_continuity-20260925-20260906T142611223688Z
a001130,E13-static_continuity-20260926-20260906T142611352458Z,E13,static_continuity,20260926,devices=1,primary,2026-09-06T14:26:11.308607+00:00,2026-09-06T14:26:11.432502+00:00,0.124,VALID,valid,,a9ff4a5e1dc0fea65b63e2b366814c1860f04110,a1d260b660c93e47a466deb9c00f26c880973356f7da4eda00cb8ec57cab044d,raw/E13-static_continuity-20260926-20260906T142611352458Z
a001131,E13-static_continuity-20260927-20260906T142611487831Z,E13,static_continuity,20260927,devices=1,primary,2026-09-06T14:26:11.444565+00:00,2026-09-06T14:26:11.557689+00:00,0.113,VALID,valid,,a9ff4a5e1dc0fea65b63e2b366814c1860f04110,a1d260b660c93e47a466deb9c00f26c880973356f7da4eda00cb8ec57cab044d,raw/E13-static_continuity-20260927-20260906T142611487831Z
a001132,E13-static_continuity-20260928-20260906T142611612360Z,E13,static_continuity,20260928,devices=1,primary,2026-09-06T14:26:11.569625+00:00,2026-09-06T14:26:11.679704+00:00,0.11,VALID,valid,,a9ff4a5e1dc0fea65b63e2b366814c1860f04110,a1d260b660c93e47a466deb9c00f26c880973356f7da4eda00cb8ec57cab044d,raw/E13-static_continuity-20260928-20260906T142611612360Z
a001133,E13-static_continuity-20260929-20260906T142611737885Z,E13,static_continuity,20260929,devices=1,primary,2026-09-06T14:26:11.692437+00:00,2026-09-06T14:26:11.816253+00:00,0.124,VALID,valid,,a9ff4a5e1dc0fea65b63e2b366814c1860f04110,a1d260b660c93e47a466deb9c00f26c880973356f7da4eda00cb8ec57cab044d,raw/E13-static_continuity-20260929-20260906T142611737885Z
a001134,E13-static_continuity-20260930-20260906T142611872125Z,E13,static_continuity,20260930,devices=1,primary,2026-09-06T14:26:11.828877+00:00,2026-09-06T14:26:11.952285+00:00,0.123,VALID,valid,,a9ff4a5e1dc0fea65b63e2b366814c1860f04110,a1d260b660c93e47a466deb9c00f26c880973356f7da4eda00cb8ec57cab044d,raw/E13-static_continuity-20260930-20260906T142611872125Z
a001135,E13-static_continuity-20260931-20260906T142612007903Z,E13,static_continuity,20260931,devices=1,primary,2026-09-06T14:26:11.965223+00:00,2026-09-06T14:26:12.091487+00:00,0.126,VALID,valid,,a9ff4a5e1dc0fea65b63e2b366814c1860f04110,a1d260b660c93e47a466deb9c00f26c880973356f7da4eda00cb8ec57cab044d,raw/E13-static_continuity-20260931-20260906T142612007903Z
a001136,E13-static_continuity-20260932-20260906T142612147311Z,E13,static_continuity,20260932,devices=1,primary,2026-09-06T14:26:12.104409+00:00,2026-09-06T14:26:12.229586+00:00,0.125,VALID,valid,,a9ff4a5e1dc0fea65b63e2b366814c1860f04110,a1d260b660c93e47a466deb9c00f26c880973356f7da4eda00cb8ec57cab044d,raw/E13-static_continuity-20260932-20260906T142612147311Z
a001137,E13-static_continuity-20260933-20260906T142612283411Z,E13,static_continuity,20260933,devices=1,primary,2026-09-06T14:26:12.241410+00:00,2026-09-06T14:26:12.367146+00:00,0.126,VALID,valid,,a9ff4a5e1dc0fea65b63e2b366814c1860f04110,a1d260b660c93e47a466deb9c00f26c880973356f7da4eda00cb8ec57cab044d,raw/E13-static_continuity-20260933-20260906T142612283411Z
a001138,E13-static_continuity-20260934-20260906T142612425208Z,E13,static_continuity,20260934,devices=1,primary,2026-09-06T14:26:12.380527+00:00,2026-09-06T14:26:12.505803+00:00,0.125,VALID,valid,,a9ff4a5e1dc0fea65b63e2b366814c1860f04110,a1d260b660c93e47a466deb9c00f26c880973356f7da4eda00cb8ec57cab044d,raw/E13-static_continuity-20260934-20260906T142612425208Z
a001139,E13-static_continuity-20260935-20260906T142612565758Z,E13,static_continuity,20260935,devices=1,primary,2026-09-06T14:26:12.520791+00:00,2026-09-06T14:26:12.643098+00:00,0.122,VALID,valid,,a9ff4a5e1dc0fea65b63e2b366814c1860f04110,a1d260b660c93e47a466deb9c00f26c880973356f7da4eda00cb8ec57cab044d,raw/E13-static_continuity-20260935-20260906T142612565758Z
a001140,E13-static_continuity-20260936-20260906T142612697694Z,E13,static_continuity,20260936,devices=1,primary,2026-09-06T14:26:12.654785+00:00,2026-09-06T14:26:12.779790+00:00,0.125,VALID,valid,,a9ff4a5e1dc0fea65b63e2b366814c1860f04110,a1d260b660c93e47a466deb9c00f26c880973356f7da4eda00cb8ec57cab044d,raw/E13-static_continuity-20260936-20260906T142612697694Z
a001141,E13-ca_ztcf-20260907-20260906T142612836419Z,E13,ca_ztcf,20260907,devices=1,primary,2026-09-06T14:26:12.793018+00:00,2026-09-06T14:26:12.937933+00:00,0.145,VALID,valid,,a9ff4a5e1dc0fea65b63e2b366814c1860f04110,a1d260b660c93e47a466deb9c00f26c880973356f7da4eda00cb8ec57cab044d,raw/E13-ca_ztcf-20260907-20260906T142612836419Z
a001142,E13-ca_ztcf-20260908-20260906T142612997745Z,E13,ca_ztcf,20260908,devices=1,primary,2026-09-06T14:26:12.951088+00:00,2026-09-06T14:26:13.079918+00:00,0.129,VALID,valid,,a9ff4a5e1dc0fea65b63e2b366814c1860f04110,a1d260b660c93e47a466deb9c00f26c880973356f7da4eda00cb8ec57cab044d,raw/E13-ca_ztcf-20260908-20260906T142612997745Z
a001143,E13-ca_ztcf-20260909-20260906T142613136542Z,E13,ca_ztcf,20260909,devices=1,primary,2026-09-06T14:26:13.092768+00:00,2026-09-06T14:26:13.394890+00:00,0.302,VALID,valid,,a9ff4a5e1dc0fea65b63e2b366814c1860f04110,a1d260b660c93e47a466deb9c00f26c880973356f7da4eda00cb8ec57cab044d,raw/E13-ca_ztcf-20260909-20260906T142613136542Z
a001144,E13-ca_ztcf-20260910-20260906T142613449818Z,E13,ca_ztcf,20260910,devices=1,primary,2026-09-06T14:26:13.407364+00:00,2026-09-06T14:26:13.531391+00:00,0.124,VALID,valid,,a9ff4a5e1dc0fea65b63e2b366814c1860f04110,a1d260b660c93e47a466deb9c00f26c880973356f7da4eda00cb8ec57cab044d,raw/E13-ca_ztcf-20260910-20260906T142613449818Z
a001145,E13-ca_ztcf-20260911-20260906T142613587347Z,E13,ca_ztcf,20260911,devices=1,primary,2026-09-06T14:26:13.544252+00:00,2026-09-06T14:26:13.679322+00:00,0.135,VALID,valid,,a9ff4a5e1dc0fea65b63e2b366814c1860f04110,a1d260b660c93e47a466deb9c00f26c880973356f7da4eda00cb8ec57cab044d,raw/E13-ca_ztcf-20260911-20260906T142613587347Z
a001146,E13-ca_ztcf-20260912-20260906T142613737411Z,E13,ca_ztcf,20260912,devices=1,primary,2026-09-06T14:26:13.692356+00:00,2026-09-06T14:26:13.822131+00:00,0.13,VALID,valid,,a9ff4a5e1dc0fea65b63e2b366814c1860f04110,a1d260b660c93e47a466deb9c00f26c880973356f7da4eda00cb8ec57cab044d,raw/E13-ca_ztcf-20260912-20260906T142613737411Z
a001147,E13-ca_ztcf-20260913-20260906T142613884308Z,E13,ca_ztcf,20260913,devices=1,primary,2026-09-06T14:26:13.834751+00:00,2026-09-06T14:26:13.989962+00:00,0.155,VALID,valid,,a9ff4a5e1dc0fea65b63e2b366814c1860f04110,a1d260b660c93e47a466deb9c00f26c880973356f7da4eda00cb8ec57cab044d,raw/E13-ca_ztcf-20260913-20260906T142613884308Z
a001148,E13-ca_ztcf-20260914-20260906T142614046776Z,E13,ca_ztcf,20260914,devices=1,primary,2026-09-06T14:26:14.002354+00:00,2026-09-06T14:26:14.117473+00:00,0.115,VALID,valid,,a9ff4a5e1dc0fea65b63e2b366814c1860f04110,a1d260b660c93e47a466deb9c00f26c880973356f7da4eda00cb8ec57cab044d,raw/E13-ca_ztcf-20260914-20260906T142614046776Z
a001149,E13-ca_ztcf-20260915-20260906T142614173860Z,E13,ca_ztcf,20260915,devices=1,primary,2026-09-06T14:26:14.129653+00:00,2026-09-06T14:26:14.247939+00:00,0.118,VALID,valid,,a9ff4a5e1dc0fea65b63e2b366814c1860f04110,a1d260b660c93e47a466deb9c00f26c880973356f7da4eda00cb8ec57cab044d,raw/E13-ca_ztcf-20260915-20260906T142614173860Z
a001150,E13-ca_ztcf-20260916-20260906T142614303911Z,E13,ca_ztcf,20260916,devices=1,primary,2026-09-06T14:26:14.260207+00:00,2026-09-06T14:26:14.375648+00:00,0.115,VALID,valid,,a9ff4a5e1dc0fea65b63e2b366814c1860f04110,a1d260b660c93e47a466deb9c00f26c880973356f7da4eda00cb8ec57cab044d,raw/E13-ca_ztcf-20260916-20260906T142614303911Z
a001151,E13-ca_ztcf-20260917-20260906T142614430865Z,E13,ca_ztcf,20260917,devices=1,primary,2026-09-06T14:26:14.387512+00:00,2026-09-06T14:26:14.509967+00:00,0.122,VALID,valid,,a9ff4a5e1dc0fea65b63e2b366814c1860f04110,a1d260b660c93e47a466deb9c00f26c880973356f7da4eda00cb8ec57cab044d,raw/E13-ca_ztcf-20260917-20260906T142614430865Z
a001152,E13-ca_ztcf-20260918-20260906T142614565345Z,E13,ca_ztcf,20260918,devices=1,primary,2026-09-06T14:26:14.521791+00:00,2026-09-06T14:26:14.650160+00:00,0.128,VALID,valid,,a9ff4a5e1dc0fea65b63e2b366814c1860f04110,a1d260b660c93e47a466deb9c00f26c880973356f7da4eda00cb8ec57cab044d,raw/E13-ca_ztcf-20260918-20260906T142614565345Z
a001153,E13-ca_ztcf-20260919-20260906T142614705125Z,E13,ca_ztcf,20260919,devices=1,primary,2026-09-06T14:26:14.662493+00:00,2026-09-06T14:26:14.782981+00:00,0.12,VALID,valid,,a9ff4a5e1dc0fea65b63e2b366814c1860f04110,a1d260b660c93e47a466deb9c00f26c880973356f7da4eda00cb8ec57cab044d,raw/E13-ca_ztcf-20260919-20260906T142614705125Z
a001154,E13-ca_ztcf-20260920-20260906T142614838688Z,E13,ca_ztcf,20260920,devices=1,primary,2026-09-06T14:26:14.795089+00:00,2026-09-06T14:26:14.916539+00:00,0.121,VALID,valid,,a9ff4a5e1dc0fea65b63e2b366814c1860f04110,a1d260b660c93e47a466deb9c00f26c880973356f7da4eda00cb8ec57cab044d,raw/E13-ca_ztcf-20260920-20260906T142614838688Z
a001155,E13-ca_ztcf-20260921-20260906T142614972689Z,E13,ca_ztcf,20260921,devices=1,primary,2026-09-06T14:26:14.928870+00:00,2026-09-06T14:26:15.049737+00:00,0.121,VALID,valid,,a9ff4a5e1dc0fea65b63e2b366814c1860f04110,a1d260b660c93e47a466deb9c00f26c880973356f7da4eda00cb8ec57cab044d,raw/E13-ca_ztcf-20260921-20260906T142614972689Z
a001156,E13-ca_ztcf-20260922-20260906T142615104394Z,E13,ca_ztcf,20260922,devices=1,primary,2026-09-06T14:26:15.061701+00:00,2026-09-06T14:26:15.176727+00:00,0.115,VALID,valid,,a9ff4a5e1dc0fea65b63e2b366814c1860f04110,a1d260b660c93e47a466deb9c00f26c880973356f7da4eda00cb8ec57cab044d,raw/E13-ca_ztcf-20260922-20260906T142615104394Z
a001157,E13-ca_ztcf-20260923-20260906T142615231830Z,E13,ca_ztcf,20260923,devices=1,primary,2026-09-06T14:26:15.188536+00:00,2026-09-06T14:26:15.308518+00:00,0.12,VALID,valid,,a9ff4a5e1dc0fea65b63e2b366814c1860f04110,a1d260b660c93e47a466deb9c00f26c880973356f7da4eda00cb8ec57cab044d,raw/E13-ca_ztcf-20260923-20260906T142615231830Z
a001158,E13-ca_ztcf-20260924-20260906T142615365126Z,E13,ca_ztcf,20260924,devices=1,primary,2026-09-06T14:26:15.320884+00:00,2026-09-06T14:26:15.449557+00:00,0.129,VALID,valid,,a9ff4a5e1dc0fea65b63e2b366814c1860f04110,a1d260b660c93e47a466deb9c00f26c880973356f7da4eda00cb8ec57cab044d,raw/E13-ca_ztcf-20260924-20260906T142615365126Z
a001159,E13-ca_ztcf-20260925-20260906T142615505176Z,E13,ca_ztcf,20260925,devices=1,primary,2026-09-06T14:26:15.462122+00:00,2026-09-06T14:26:15.585348+00:00,0.123,VALID,valid,,a9ff4a5e1dc0fea65b63e2b366814c1860f04110,a1d260b660c93e47a466deb9c00f26c880973356f7da4eda00cb8ec57cab044d,raw/E13-ca_ztcf-20260925-20260906T142615505176Z
a001160,E13-ca_ztcf-20260926-20260906T142615640890Z,E13,ca_ztcf,20260926,devices=1,primary,2026-09-06T14:26:15.597557+00:00,2026-09-06T14:26:15.721469+00:00,0.124,VALID,valid,,a9ff4a5e1dc0fea65b63e2b366814c1860f04110,a1d260b660c93e47a466deb9c00f26c880973356f7da4eda00cb8ec57cab044d,raw/E13-ca_ztcf-20260926-20260906T142615640890Z
a001161,E13-ca_ztcf-20260927-20260906T142615777642Z,E13,ca_ztcf,20260927,devices=1,primary,2026-09-06T14:26:15.734435+00:00,2026-09-06T14:26:15.859275+00:00,0.125,VALID,valid,,a9ff4a5e1dc0fea65b63e2b366814c1860f04110,a1d260b660c93e47a466deb9c00f26c880973356f7da4eda00cb8ec57cab044d,raw/E13-ca_ztcf-20260927-20260906T142615777642Z
a001162,E13-ca_ztcf-20260928-20260906T142615915549Z,E13,ca_ztcf,20260928,devices=1,primary,2026-09-06T14:26:15.871339+00:00,2026-09-06T14:26:15.997107+00:00,0.126,VALID,valid,,a9ff4a5e1dc0fea65b63e2b366814c1860f04110,a1d260b660c93e47a466deb9c00f26c880973356f7da4eda00cb8ec57cab044d,raw/E13-ca_ztcf-20260928-20260906T142615915549Z
a001163,E13-ca_ztcf-20260929-20260906T142616052562Z,E13,ca_ztcf,20260929,devices=1,primary,2026-09-06T14:26:16.009046+00:00,2026-09-06T14:26:16.130542+00:00,0.121,VALID,valid,,a9ff4a5e1dc0fea65b63e2b366814c1860f04110,a1d260b660c93e47a466deb9c00f26c880973356f7da4eda00cb8ec57cab044d,raw/E13-ca_ztcf-20260929-20260906T142616052562Z
a001164,E13-ca_ztcf-20260930-20260906T142616185289Z,E13,ca_ztcf,20260930,devices=1,primary,2026-09-06T14:26:16.142645+00:00,2026-09-06T14:26:16.265653+00:00,0.123,VALID,valid,,a9ff4a5e1dc0fea65b63e2b366814c1860f04110,a1d260b660c93e47a466deb9c00f26c880973356f7da4eda00cb8ec57cab044d,raw/E13-ca_ztcf-20260930-20260906T142616185289Z
a001165,E13-ca_ztcf-20260931-20260906T142616322204Z,E13,ca_ztcf,20260931,devices=1,primary,2026-09-06T14:26:16.278328+00:00,2026-09-06T14:26:16.407331+00:00,0.129,VALID,valid,,a9ff4a5e1dc0fea65b63e2b366814c1860f04110,a1d260b660c93e47a466deb9c00f26c880973356f7da4eda00cb8ec57cab044d,raw/E13-ca_ztcf-20260931-20260906T142616322204Z
a001166,E13-ca_ztcf-20260932-20260906T142616465807Z,E13,ca_ztcf,20260932,devices=1,primary,2026-09-06T14:26:16.420903+00:00,2026-09-06T14:26:16.535779+00:00,0.115,VALID,valid,,a9ff4a5e1dc0fea65b63e2b366814c1860f04110,a1d260b660c93e47a466deb9c00f26c880973356f7da4eda00cb8ec57cab044d,raw/E13-ca_ztcf-20260932-20260906T142616465807Z
a001167,E13-ca_ztcf-20260933-20260906T142616590766Z,E13,ca_ztcf,20260933,devices=1,primary,2026-09-06T14:26:16.547425+00:00,2026-09-06T14:26:16.669547+00:00,0.122,VALID,valid,,a9ff4a5e1dc0fea65b63e2b366814c1860f04110,a1d260b660c93e47a466deb9c00f26c880973356f7da4eda00cb8ec57cab044d,raw/E13-ca_ztcf-20260933-20260906T142616590766Z
a001168,E13-ca_ztcf-20260934-20260906T142616724693Z,E13,ca_ztcf,20260934,devices=1,primary,2026-09-06T14:26:16.681674+00:00,2026-09-06T14:26:16.803988+00:00,0.122,VALID,valid,,a9ff4a5e1dc0fea65b63e2b366814c1860f04110,a1d260b660c93e47a466deb9c00f26c880973356f7da4eda00cb8ec57cab044d,raw/E13-ca_ztcf-20260934-20260906T142616724693Z
a001169,E13-ca_ztcf-20260935-20260906T142616859572Z,E13,ca_ztcf,20260935,devices=1,primary,2026-09-06T14:26:16.816325+00:00,2026-09-06T14:26:16.930662+00:00,0.114,VALID,valid,,a9ff4a5e1dc0fea65b63e2b366814c1860f04110,a1d260b660c93e47a466deb9c00f26c880973356f7da4eda00cb8ec57cab044d,raw/E13-ca_ztcf-20260935-20260906T142616859572Z
a001170,E13-ca_ztcf-20260936-20260906T142616986588Z,E13,ca_ztcf,20260936,devices=1,primary,2026-09-06T14:26:16.942998+00:00,2026-09-06T14:26:17.058656+00:00,0.116,VALID,valid,,a9ff4a5e1dc0fea65b63e2b366814c1860f04110,a1d260b660c93e47a466deb9c00f26c880973356f7da4eda00cb8ec57cab044d,raw/E13-ca_ztcf-20260936-20260906T142616986588Z
a001171,E13-independent-20260907-20260906T142617119141Z,E13,independent,20260907,devices=5,primary,2026-09-06T14:26:17.072460+00:00,2026-09-06T14:26:17.199064+00:00,0.127,VALID,valid,,a9ff4a5e1dc0fea65b63e2b366814c1860f04110,a1d260b660c93e47a466deb9c00f26c880973356f7da4eda00cb8ec57cab044d,raw/E13-independent-20260907-20260906T142617119141Z
a001172,E13-independent-20260908-20260906T142617254973Z,E13,independent,20260908,devices=5,primary,2026-09-06T14:26:17.211578+00:00,2026-09-06T14:26:17.334600+00:00,0.123,VALID,valid,,a9ff4a5e1dc0fea65b63e2b366814c1860f04110,a1d260b660c93e47a466deb9c00f26c880973356f7da4eda00cb8ec57cab044d,raw/E13-independent-20260908-20260906T142617254973Z
a001173,E13-independent-20260909-20260906T142617389999Z,E13,independent,20260909,devices=5,primary,2026-09-06T14:26:17.346837+00:00,2026-09-06T14:26:17.475419+00:00,0.129,VALID,valid,,a9ff4a5e1dc0fea65b63e2b366814c1860f04110,a1d260b660c93e47a466deb9c00f26c880973356f7da4eda00cb8ec57cab044d,raw/E13-independent-20260909-20260906T142617389999Z
a001174,E13-independent-20260910-20260906T142617530682Z,E13,independent,20260910,devices=5,primary,2026-09-06T14:26:17.487307+00:00,2026-09-06T14:26:17.624207+00:00,0.137,VALID,valid,,a9ff4a5e1dc0fea65b63e2b366814c1860f04110,a1d260b660c93e47a466deb9c00f26c880973356f7da4eda00cb8ec57cab044d,raw/E13-independent-20260910-20260906T142617530682Z
a001175,E13-independent-20260911-20260906T142617682824Z,E13,independent,20260911,devices=5,primary,2026-09-06T14:26:17.637147+00:00,2026-09-06T14:26:17.765668+00:00,0.129,VALID,valid,,a9ff4a5e1dc0fea65b63e2b366814c1860f04110,a1d260b660c93e47a466deb9c00f26c880973356f7da4eda00cb8ec57cab044d,raw/E13-independent-20260911-20260906T142617682824Z
a001176,E13-independent-20260912-20260906T142617822937Z,E13,independent,20260912,devices=5,primary,2026-09-06T14:26:17.778469+00:00,2026-09-06T14:26:17.902895+00:00,0.124,VALID,valid,,a9ff4a5e1dc0fea65b63e2b366814c1860f04110,a1d260b660c93e47a466deb9c00f26c880973356f7da4eda00cb8ec57cab044d,raw/E13-independent-20260912-20260906T142617822937Z
a001177,E13-independent-20260913-20260906T142617957808Z,E13,independent,20260913,devices=5,primary,2026-09-06T14:26:17.914640+00:00,2026-09-06T14:26:18.033861+00:00,0.119,VALID,valid,,a9ff4a5e1dc0fea65b63e2b366814c1860f04110,a1d260b660c93e47a466deb9c00f26c880973356f7da4eda00cb8ec57cab044d,raw/E13-independent-20260913-20260906T142617957808Z
a001178,E13-independent-20260914-20260906T142618088882Z,E13,independent,20260914,devices=5,primary,2026-09-06T14:26:18.045800+00:00,2026-09-06T14:26:18.168221+00:00,0.122,VALID,valid,,a9ff4a5e1dc0fea65b63e2b366814c1860f04110,a1d260b660c93e47a466deb9c00f26c880973356f7da4eda00cb8ec57cab044d,raw/E13-independent-20260914-20260906T142618088882Z
a001179,E13-independent-20260915-20260906T142618222734Z,E13,independent,20260915,devices=5,primary,2026-09-06T14:26:18.179987+00:00,2026-09-06T14:26:18.304426+00:00,0.124,VALID,valid,,a9ff4a5e1dc0fea65b63e2b366814c1860f04110,a1d260b660c93e47a466deb9c00f26c880973356f7da4eda00cb8ec57cab044d,raw/E13-independent-20260915-20260906T142618222734Z
a001180,E13-independent-20260916-20260906T142618359985Z,E13,independent,20260916,devices=5,primary,2026-09-06T14:26:18.316891+00:00,2026-09-06T14:26:18.440796+00:00,0.124,VALID,valid,,a9ff4a5e1dc0fea65b63e2b366814c1860f04110,a1d260b660c93e47a466deb9c00f26c880973356f7da4eda00cb8ec57cab044d,raw/E13-independent-20260916-20260906T142618359985Z
a001181,E13-independent-20260917-20260906T142618363536Z,E13,independent,20260917,devices=5,primary,2026-09-06T14:26:18.452704+00:00,2026-09-06T14:26:18.446350+00:00,0.127,VALID,valid,,a9ff4a5e1dc0fea65b63e2b366814c1860f04110,a1d260b660c93e47a466deb9c00f26c880973356f7da4eda00cb8ec57cab044d,raw/E13-independent-20260917-20260906T142618363536Z
a001182,E13-independent-20260918-20260906T142618505110Z,E13,independent,20260918,devices=5,primary,2026-09-06T14:26:18.459997+00:00,2026-09-06T14:26:18.569135+00:00,0.109,VALID,valid,,a9ff4a5e1dc0fea65b63e2b366814c1860f04110,a1d260b660c93e47a466deb9c00f26c880973356f7da4eda00cb8ec57cab044d,raw/E13-independent-20260918-20260906T142618505110Z
a001183,E13-independent-20260919-20260906T142618624400Z,E13,independent,20260919,devices=5,primary,2026-09-06T14:26:18.581453+00:00,2026-09-06T14:26:18.693766+00:00,0.112,VALID,valid,,a9ff4a5e1dc0fea65b63e2b366814c1860f04110,a1d260b660c93e47a466deb9c00f26c880973356f7da4eda00cb8ec57cab044d,raw/E13-independent-20260919-20260906T142618624400Z
a001184,E13-independent-20260920-20260906T142618750797Z,E13,independent,20260920,devices=5,primary,2026-09-06T14:26:18.706360+00:00,2026-09-06T14:26:18.819839+00:00,0.113,VALID,valid,,a9ff4a5e1dc0fea65b63e2b366814c1860f04110,a1d260b660c93e47a466deb9c00f26c880973356f7da4eda00cb8ec57cab044d,raw/E13-independent-20260920-20260906T142618750797Z
a001185,E13-independent-20260921-20260906T142618874185Z,E13,independent,20260921,devices=5,primary,2026-09-06T14:26:18.832134+00:00,2026-09-06T14:26:18.954701+00:00,0.123,VALID,valid,,a9ff4a5e1dc0fea65b63e2b366814c1860f04110,a1d260b660c93e47a466deb9c00f26c880973356f7da4eda00cb8ec57cab044d,raw/E13-independent-20260921-20260906T142618874185Z
a001186,E13-independent-20260922-20260906T142619011353Z,E13,independent,20260922,devices=5,primary,2026-09-06T14:26:18.966883+00:00,2026-09-06T14:26:19.096392+00:00,0.129,VALID,valid,,a9ff4a5e1dc0fea65b63e2b366814c1860f04110,a1d260b660c93e47a466deb9c00f26c880973356f7da4eda00cb8ec57cab044d,raw/E13-independent-20260922-20260906T142619011353Z
a001187,E13-independent-20260923-20260906T142619153978Z,E13,independent,20260923,devices=5,primary,2026-09-06T14:26:19.108617+00:00,2026-09-06T14:26:19.233272+00:00,0.125,VALID,valid,,a9ff4a5e1dc0fea65b63e2b366814c1860f04110,a1d260b660c93e47a466deb9c00f26c880973356f7da4eda00cb8ec57cab044d,raw/E13-independent-20260923-20260906T142619153978Z
a001188,E13-independent-20260924-20260906T142619288684Z,E13,independent,20260924,devices=5,primary,2026-09-06T14:26:19.244967+00:00,2026-09-06T14:26:19.377579+00:00,0.133,VALID,valid,,a9ff4a5e1dc0fea65b63e2b366814c1860f04110,a1d260b660c93e47a466deb9c00f26c880973356f7da4eda00cb8ec57cab044d,raw/E13-independent-20260924-20260906T142619288684Z
a001189,E13-independent-20260925-20260906T142619436839Z,E13,independent,20260925,devices=5,primary,2026-09-06T14:26:19.390937+00:00,2026-09-06T14:26:19.523949+00:00,0.133,VALID,valid,,a9ff4a5e1dc0fea65b63e2b366814c1860f04110,a1d260b660c93e47a466deb9c00f26c880973356f7da4eda00cb8ec57cab044d,raw/E13-independent-20260925-20260906T142619436839Z
a001190,E13-independent-20260926-20260906T142619581754Z,E13,independent,20260926,devices=5,primary,2026-09-06T14:26:19.536046+00:00,2026-09-06T14:26:19.651962+00:00,0.116,VALID,valid,,a9ff4a5e1dc0fea65b63e2b366814c1860f04110,a1d260b660c93e47a466deb9c00f26c880973356f7da4eda00cb8ec57cab044d,raw/E13-independent-20260926-20260906T142619581754Z
a001191,E13-independent-20260927-20260906T142619710135Z,E13,independent,20260927,devices=5,primary,2026-09-06T14:26:19.664825+00:00,2026-09-06T14:26:19.790462+00:00,0.126,VALID,valid,,a9ff4a5e1dc0fea65b63e2b366814c1860f04110,a1d260b660c93e47a466deb9c00f26c880973356f7da4eda00cb8ec57cab044d,raw/E13-independent-20260927-20260906T142619710135Z
a001192,E13-independent-20260928-20260906T142619846396Z,E13,independent,20260928,devices=5,primary,2026-09-06T14:26:19.802503+00:00,2026-09-06T14:26:19.932475+00:00,0.13,VALID,valid,,a9ff4a5e1dc0fea65b63e2b366814c1860f04110,a1d260b660c93e47a466deb9c00f26c880973356f7da4eda00cb8ec57cab044d,raw/E13-independent-20260928-20260906T142619846396Z
a001193,E13-independent-20260929-20260906T142619989157Z,E13,independent,20260929,devices=5,primary,2026-09-06T14:26:19.945164+00:00,2026-09-06T14:26:20.073260+00:00,0.128,VALID,valid,,a9ff4a5e1dc0fea65b63e2b366814c1860f04110,a1d260b660c93e47a466deb9c00f26c880973356f7da4eda00cb8ec57cab044d,raw/E13-independent-20260929-20260906T142619989157Z
a001194,E13-independent-20260930-20260906T142620129484Z,E13,independent,20260930,devices=5,primary,2026-09-06T14:26:20.085766+00:00,2026-09-06T14:26:20.218292+00:00,0.133,VALID,valid,,a9ff4a5e1dc0fea65b63e2b366814c1860f04110,a1d260b660c93e47a466deb9c00f26c880973356f7da4eda00cb8ec57cab044d,raw/E13-independent-20260930-20260906T142620129484Z
a001195,E13-independent-20260931-20260906T142620279040Z,E13,independent,20260931,devices=5,primary,2026-09-06T14:26:20.231578+00:00,2026-09-06T14:26:20.373402+00:00,0.142,VALID,valid,,a9ff4a5e1dc0fea65b63e2b366814c1860f04110,a1d260b660c93e47a466deb9c00f26c880973356f7da4eda00cb8ec57cab044d,raw/E13-independent-20260931-20260906T142620279040Z
a001196,E13-independent-20260932-20260906T142620432720Z,E13,independent,20260932,devices=5,primary,2026-09-06T14:26:20.386490+00:00,2026-09-06T14:26:20.519553+00:00,0.133,VALID,valid,,a9ff4a5e1dc0fea65b63e2b366814c1860f04110,a1d260b660c93e47a466deb9c00f26c880973356f7da4eda00cb8ec57cab044d,raw/E13-independent-20260932-20260906T142620432720Z
a001197,E13-independent-20260933-20260906T142620576531Z,E13,independent,20260933,devices=5,primary,2026-09-06T14:26:20.532154+00:00,2026-09-06T14:26:20.655368+00:00,0.123,VALID,valid,,a9ff4a5e1dc0fea65b63e2b366814c1860f04110,a1d260b660c93e47a466deb9c00f26c880973356f7da4eda00cb8ec57cab044d,raw/E13-independent-20260933-20260906T142620576531Z
a001198,E13-independent-20260934-20260906T142620712817Z,E13,independent,20260934,devices=5,primary,2026-09-06T14:26:20.668316+00:00,2026-09-06T14:26:20.811657+00:00,0.143,VALID,valid,,a9ff4a5e1dc0fea65b63e2b366814c1860f04110,a1d260b660c93e47a466deb9c00f26c880973356f7da4eda00cb8ec57cab044d,raw/E13-independent-20260934-20260906T142620712817Z
a001199,E13-independent-20260935-20260906T142620869093Z,E13,independent,20260935,devices=5,primary,2026-09-06T14:26:20.824563+00:00,2026-09-06T14:26:20.958893+00:00,0.134,VALID,valid,,a9ff4a5e1dc0fea65b63e2b366814c1860f04110,a1d260b660c93e47a466deb9c00f26c880973356f7da4eda00cb8ec57cab044d,raw/E13-independent-20260935-20260906T142620869093Z
a001200,E13-independent-20260936-20260906T142621016323Z,E13,independent,20260936,devices=5,primary,2026-09-06T14:26:20.971182+00:00,2026-09-06T14:26:21.097962+00:00,0.127,VALID,valid,,a9ff4a5e1dc0fea65b63e2b366814c1860f04110,a1d260b660c93e47a466deb9c00f26c880973356f7da4eda00cb8ec57cab044d,raw/E13-independent-20260936-20260906T142621016323Z
a001201,E13-static_continuity-20260907-20260906T142621153950Z,E13,static_continuity,20260907,devices=5,primary,2026-09-06T14:26:21.109904+00:00,2026-09-06T14:26:21.238990+00:00,0.129,VALID,valid,,a9ff4a5e1dc0fea65b63e2b366814c1860f04110,a1d260b660c93e47a466deb9c00f26c880973356f7da4eda00cb8ec57cab044d,raw/E13-static_continuity-20260907-20260906T142621153950Z
a001202,E13-static_continuity-20260908-20260906T142621296331Z,E13,static_continuity,20260908,devices=5,primary,2026-09-06T14:26:21.251342+00:00,2026-09-06T14:26:21.371755+00:00,0.12,VALID,valid,,a9ff4a5e1dc0fea65b63e2b366814c1860f04110,a1d260b660c93e47a466deb9c00f26c880973356f7da4eda00cb8ec57cab044d,raw/E13-static_continuity-20260908-20260906T142621296331Z
a001203,E13-static_continuity-20260909-20260906T142621428495Z,E13,static_continuity,20260909,devices=5,primary,2026-09-06T14:26:21.384545+00:00,2026-09-06T14:26:21.515580+00:00,0.131,VALID,valid,,a9ff4a5e1dc0fea65b63e2b366814c1860f04110,a1d260b660c93e47a466deb9c00f26c880973356f7da4eda00cb8ec57cab044d,raw/E13-static_continuity-20260909-20260906T142621428495Z
a001204,E13-static_continuity-20260910-20260906T142621572903Z,E13,static_continuity,20260910,devices=5,primary,2026-09-06T14:26:21.528569+00:00,2026-09-06T14:26:21.656006+00:00,0.127,VALID,valid,,a9ff4a5e1dc0fea65b63e2b366814c1860f04110,a1d260b660c93e47a466deb9c00f26c880973356f7da4eda00cb8ec57cab044d,raw/E13-static_continuity-20260910-20260906T142621572903Z
a001205,E13-static_continuity-20260911-20260906T142621713175Z,E13,static_continuity,20260911,devices=5,primary,2026-09-06T14:26:21.668608+00:00,2026-09-06T14:26:21.797701+00:00,0.129,VALID,valid,,a9ff4a5e1dc0fea65b63e2b366814c1860f04110,a1d260b660c93e47a466deb9c00f26c880973356f7da4eda00cb8ec57cab044d,raw/E13-static_continuity-20260911-20260906T142621713175Z
a001206,E13-static_continuity-20260912-20260906T142621854624Z,E13,static_continuity,20260912,devices=5,primary,2026-09-06T14:26:21.810045+00:00,2026-09-06T14:26:21.933802+00:00,0.124,VALID,valid,,a9ff4a5e1dc0fea65b63e2b366814c1860f04110,a1d260b660c93e47a466deb9c00f26c880973356f7da4eda00cb8ec57cab044d,raw/E13-static_continuity-20260912-20260906T142621854624Z
a001207,E13-static_continuity-20260913-20260906T142621990701Z,E13,static_continuity,20260913,devices=5,primary,2026-09-06T14:26:21.946363+00:00,2026-09-06T14:26:22.077921+00:00,0.132,VALID,valid,,a9ff4a5e1dc0fea65b63e2b366814c1860f04110,a1d260b660c93e47a466deb9c00f26c880973356f7da4eda00cb8ec57cab044d,raw/E13-static_continuity-20260913-20260906T142621990701Z
a001208,E13-static_continuity-20260914-20260906T142622133901Z,E13,static_continuity,20260914,devices=5,primary,2026-09-06T14:26:22.089994+00:00,2026-09-06T14:26:22.214005+00:00,0.124,VALID,valid,,a9ff4a5e1dc0fea65b63e2b366814c1860f04110,a1d260b660c93e47a466deb9c00f26c880973356f7da4eda00cb8ec57cab044d,raw/E13-static_continuity-20260914-20260906T142622133901Z
a001209,E13-static_continuity-20260915-20260906T142622269462Z,E13,static_continuity,20260915,devices=5,primary,2026-09-06T14:26:22.226117+00:00,2026-09-06T14:26:22.351109+00:00,0.125,VALID,valid,,a9ff4a5e1dc0fea65b63e2b366814c1860f04110,a1d260b660c93e47a466deb9c00f26c880973356f7da4eda00cb8ec57cab044d,raw/E13-static_continuity-20260915-20260906T142622269462Z
a001210,E13-static_continuity-20260916-20260906T142622406645Z,E13,static_continuity,20260916,devices=5,primary,2026-09-06T14:26:22.362933+00:00,2026-09-06T14:26:22.491157+00:00,0.128,VALID,valid,,a9ff4a5e1dc0fea65b63e2b366814c1860f04110,a1d260b660c93e47a466deb9c00f26c880973356f7da4eda00cb8ec57cab044d,raw/E13-static_continuity-20260916-20260906T142622406645Z
a001211,E13-static_continuity-20260917-20260906T142622547688Z,E13,static_continuity,20260917,devices=5,primary,2026-09-06T14:26:22.503362+00:00,2026-09-06T14:26:22.628060+00:00,0.125,VALID,valid,,a9ff4a5e1dc0fea65b63e2b366814c1860f04110,a1d260b660c93e47a466deb9c00f26c880973356f7da4eda00cb8ec57cab044d,raw/E13-static_continuity-20260917-20260906T142622547688Z
a001212,E13-static_continuity-20260918-20260906T142622685006Z,E13,static_continuity,20260918,devices=5,primary,2026-09-06T14:26:22.640532+00:00,2026-09-06T14:26:22.772371+00:00,0.132,VALID,valid,,a9ff4a5e1dc0fea65b63e2b366814c1860f04110,a1d260b660c93e47a466deb9c00f26c880973356f7da4eda00cb8ec57cab044d,raw/E13-static_continuity-20260918-20260906T142622685006Z
a001213,E13-static_continuity-20260919-20260906T142622839619Z,E13,static_continuity,20260919,devices=5,primary,2026-09-06T14:26:22.794132+00:00,2026-09-06T14:26:22.930919+00:00,0.137,VALID,valid,,a9ff4a5e1dc0fea65b63e2b366814c1860f04110,a1d260b660c93e47a466deb9c00f26c880973356f7da4eda00cb8ec57cab044d,raw/E13-static_continuity-20260919-20260906T142622839619Z
a001214,E13-static_continuity-20260920-20260906T142622987349Z,E13,static_continuity,20260920,devices=5,primary,2026-09-06T14:26:22.943200+00:00,2026-09-06T14:26:23.073093+00:00,0.13,VALID,valid,,a9ff4a5e1dc0fea65b63e2b366814c1860f04110,a1d260b660c93e47a466deb9c00f26c880973356f7da4eda00cb8ec57cab044d,raw/E13-static_continuity-20260920-20260906T142622987349Z
a001215,E13-static_continuity-20260921-20260906T142623130930Z,E13,static_continuity,20260921,devices=5,primary,2026-09-06T14:26:23.086162+00:00,2026-09-06T14:26:23.216238+00:00,0.13,VALID,valid,,a9ff4a5e1dc0fea65b63e2b366814c1860f04110,a1d260b660c93e47a466deb9c00f26c880973356f7da4eda00cb8ec57cab044d,raw/E13-static_continuity-20260921-20260906T142623130930Z
a001216,E13-static_continuity-20260922-20260906T142623272957Z,E13,static_continuity,20260922,devices=5,primary,2026-09-06T14:26:23.229164+00:00,2026-09-06T14:26:23.356584+00:00,0.127,VALID,valid,,a9ff4a5e1dc0fea65b63e2b366814c1860f04110,a1d260b660c93e47a466deb9c00f26c880973356f7da4eda00cb8ec57cab044d,raw/E13-static_continuity-20260922-20260906T142623272957Z
a001217,E13-static_continuity-20260923-20260906T142623412800Z,E13,static_continuity,20260923,devices=5,primary,2026-09-06T14:26:23.369437+00:00,2026-09-06T14:26:23.501983+00:00,0.133,VALID,valid,,a9ff4a5e1dc0fea65b63e2b366814c1860f04110,a1d260b660c93e47a466deb9c00f26c880973356f7da4eda00cb8ec57cab044d,raw/E13-static_continuity-20260923-20260906T142623412800Z
a001218,E13-static_continuity-20260924-20260906T142623559192Z,E13,static_continuity,20260924,devices=5,primary,2026-09-06T14:26:23.514329+00:00,2026-09-06T14:26:23.646372+00:00,0.132,VALID,valid,,a9ff4a5e1dc0fea65b63e2b366814c1860f04110,a1d260b660c93e47a466deb9c00f26c880973356f7da4eda00cb8ec57cab044d,raw/E13-static_continuity-20260924-20260906T142623559192Z
a001219,E13-static_continuity-20260925-20260906T142623702149Z,E13,static_continuity,20260925,devices=5,primary,2026-09-06T14:26:23.658455+00:00,2026-09-06T14:26:23.783781+00:00,0.125,VALID,valid,,a9ff4a5e1dc0fea65b63e2b366814c1860f04110,a1d260b660c93e47a466deb9c00f26c880973356f7da4eda00cb8ec57cab044d,raw/E13-static_continuity-20260925-20260906T142623702149Z
a001220,E13-static_continuity-20260926-20260906T142623840415Z,E13,static_continuity,20260926,devices=5,primary,2026-09-06T14:26:23.796246+00:00,2026-09-06T14:26:23.935181+00:00,0.139,VALID,valid,,a9ff4a5e1dc0fea65b63e2b366814c1860f04110,a1d260b660c93e47a466deb9c00f26c880973356f7da4eda00cb8ec57cab044d,raw/E13-static_continuity-20260926-20260906T142623840415Z
a001221,E13-static_continuity-20260927-20260906T142623994549Z,E13,static_continuity,20260927,devices=5,primary,2026-09-06T14:26:23.948088+00:00,2026-09-06T14:26:24.071450+00:00,0.123,VALID,valid,,a9ff4a5e1dc0fea65b63e2b366814c1860f04110,a1d260b660c93e47a466deb9c00f26c880973356f7da4eda00cb8ec57cab044d,raw/E13-static_continuity-20260927-20260906T142623994549Z
a001222,E13-static_continuity-20260928-20260906T142624130014Z,E13,static_continuity,20260928,devices=5,primary,2026-09-06T14:26:24.084309+00:00,2026-09-06T14:26:24.216335+00:00,0.132,VALID,valid,,a9ff4a5e1dc0fea65b63e2b366814c1860f04110,a1d260b660c93e47a466deb9c00f26c880973356f7da4eda00cb8ec57cab044d,raw/E13-static_continuity-20260928-20260906T142624130014Z
a001223,E13-static_continuity-20260929-20260906T142624273683Z,E13,static_continuity,20260929,devices=5,primary,2026-09-06T14:26:24.228466+00:00,2026-09-06T14:26:24.354686+00:00,0.126,VALID,valid,,a9ff4a5e1dc0fea65b63e2b366814c1860f04110,a1d260b660c93e47a466deb9c00f26c880973356f7da4eda00cb8ec57cab044d,raw/E13-static_continuity-20260929-20260906T142624273683Z
a001224,E13-static_continuity-20260930-20260906T142624410464Z,E13,static_continuity,20260930,devices=5,primary,2026-09-06T14:26:24.366977+00:00,2026-09-06T14:26:24.496914+00:00,0.13,VALID,valid,,a9ff4a5e1dc0fea65b63e2b366814c1860f04110,a1d260b660c93e47a466deb9c00f26c880973356f7da4eda00cb8ec57cab044d,raw/E13-static_continuity-20260930-20260906T142624410464Z
a001225,E13-static_continuity-20260931-20260906T142624555163Z,E13,static_continuity,20260931,devices=5,primary,2026-09-06T14:26:24.510420+00:00,2026-09-06T14:26:24.643640+00:00,0.133,VALID,valid,,a9ff4a5e1dc0fea65b63e2b366814c1860f04110,a1d260b660c93e47a466deb9c00f26c880973356f7da4eda00cb8ec57cab044d,raw/E13-static_continuity-20260931-20260906T142624555163Z
a001226,E13-static_continuity-20260932-20260906T142624701836Z,E13,static_continuity,20260932,devices=5,primary,2026-09-06T14:26:24.658042+00:00,2026-09-06T14:26:24.778068+00:00,0.12,VALID,valid,,a9ff4a5e1dc0fea65b63e2b366814c1860f04110,a1d260b660c93e47a466deb9c00f26c880973356f7da4eda00cb8ec57cab044d,raw/E13-static_continuity-20260932-20260906T142624701836Z
a001227,E13-static_continuity-20260933-20260906T142624833285Z,E13,static_continuity,20260933,devices=5,primary,2026-09-06T14:26:24.789898+00:00,2026-09-06T14:26:24.912684+00:00,0.123,VALID,valid,,a9ff4a5e1dc0fea65b63e2b366814c1860f04110,a1d260b660c93e47a466deb9c00f26c880973356f7da4eda00cb8ec57cab044d,raw/E13-static_continuity-20260933-20260906T142624833285Z
a001228,E13-static_continuity-20260934-20260906T142624968249Z,E13,static_continuity,20260934,devices=5,primary,2026-09-06T14:26:24.924551+00:00,2026-09-06T14:26:25.048097+00:00,0.124,VALID,valid,,a9ff4a5e1dc0fea65b63e2b366814c1860f04110,a1d260b660c93e47a466deb9c00f26c880973356f7da4eda00cb8ec57cab044d,raw/E13-static_continuity-20260934-20260906T142624968249Z
a001229,E13-static_continuity-20260935-20260906T142625103476Z,E13,static_continuity,20260935,devices=5,primary,2026-09-06T14:26:25.059765+00:00,2026-09-06T14:26:25.188484+00:00,0.129,VALID,valid,,a9ff4a5e1dc0fea65b63e2b366814c1860f04110,a1d260b660c93e47a466deb9c00f26c880973356f7da4eda00cb8ec57cab044d,raw/E13-static_continuity-20260935-20260906T142625103476Z
a001230,E13-static_continuity-20260936-20260906T142625245040Z,E13,static_continuity,20260936,devices=5,primary,2026-09-06T14:26:25.201166+00:00,2026-09-06T14:26:25.314915+00:00,0.114,VALID,valid,,a9ff4a5e1dc0fea65b63e2b366814c1860f04110,a1d260b660c93e47a466deb9c00f26c880973356f7da4eda00cb8ec57cab044d,raw/E13-static_continuity-20260936-20260906T142625245040Z
a001231,E13-ca_ztcf-20260907-20260906T142625369578Z,E13,ca_ztcf,20260907,devices=5,primary,2026-09-06T14:26:25.326515+00:00,2026-09-06T14:26:25.455361+00:00,0.129,VALID,valid,,a9ff4a5e1dc0fea65b63e2b366814c1860f04110,a1d260b660c93e47a466deb9c00f26c880973356f7da4eda00cb8ec57cab044d,raw/E13-ca_ztcf-20260907-20260906T142625369578Z
a001232,E13-ca_ztcf-20260908-20260906T142625511053Z,E13,ca_ztcf,20260908,devices=5,primary,2026-09-06T14:26:25.467457+00:00,2026-09-06T14:26:25.599173+00:00,0.132,VALID,valid,,a9ff4a5e1dc0fea65b63e2b366814c1860f04110,a1d260b660c93e47a466deb9c00f26c880973356f7da4eda00cb8ec57cab044d,raw/E13-ca_ztcf-20260908-20260906T142625511053Z
a001233,E13-ca_ztcf-20260909-20260906T142625654509Z,E13,ca_ztcf,20260909,devices=5,primary,2026-09-06T14:26:25.611166+00:00,2026-09-06T14:26:25.738982+00:00,0.128,VALID,valid,,a9ff4a5e1dc0fea65b63e2b366814c1860f04110,a1d260b660c93e47a466deb9c00f26c880973356f7da4eda00cb8ec57cab044d,raw/E13-ca_ztcf-20260909-20260906T142625654509Z
a001234,E13-ca_ztcf-20260910-20260906T142625794746Z,E13,ca_ztcf,20260910,devices=5,primary,2026-09-06T14:26:25.751223+00:00,2026-09-06T14:26:25.879696+00:00,0.128,VALID,valid,,a9ff4a5e1dc0fea65b63e2b366814c1860f04110,a1d260b660c93e47a466deb9c00f26c880973356f7da4eda00cb8ec57cab044d,raw/E13-ca_ztcf-20260910-20260906T142625794746Z
a001235,E13-ca_ztcf-20260911-20260906T142625934029Z,E13,ca_ztcf,20260911,devices=5,primary,2026-09-06T14:26:25.891323+00:00,2026-09-06T14:26:26.012772+00:00,0.121,VALID,valid,,a9ff4a5e1dc0fea65b63e2b366814c1860f04110,a1d260b660c93e47a466deb9c00f26c880973356f7da4eda00cb8ec57cab044d,raw/E13-ca_ztcf-20260911-20260906T142625934029Z
a001236,E13-ca_ztcf-20260912-20260906T142626068465Z,E13,ca_ztcf,20260912,devices=5,primary,2026-09-06T14:26:26.025490+00:00,2026-09-06T14:26:26.153878+00:00,0.128,VALID,valid,,a9ff4a5e1dc0fea65b63e2b366814c1860f04110,a1d260b660c93e47a466deb9c00f26c880973356f7da4eda00cb8ec57cab044d,raw/E13-ca_ztcf-20260912-20260906T142626068465Z
a001237,E13-ca_ztcf-20260913-20260906T142626208452Z,E13,ca_ztcf,20260913,devices=5,primary,2026-09-06T14:26:26.165640+00:00,2026-09-06T14:26:26.289107+00:00,0.123,VALID,valid,,a9ff4a5e1dc0fea65b63e2b366814c1860f04110,a1d260b660c93e47a466deb9c00f26c880973356f7da4eda00cb8ec57cab044d,raw/E13-ca_ztcf-20260913-20260906T142626208452Z
a001238,E13-ca_ztcf-20260914-20260906T142626344985Z,E13,ca_ztcf,20260914,devices=5,primary,2026-09-06T14:26:26.301353+00:00,2026-09-06T14:26:26.430012+00:00,0.129,VALID,valid,,a9ff4a5e1dc0fea65b63e2b366814c1860f04110,a1d260b660c93e47a466deb9c00f26c880973356f7da4eda00cb8ec57cab044d,raw/E13-ca_ztcf-20260914-20260906T142626344985Z
a001239,E13-ca_ztcf-20260915-20260906T142626484755Z,E13,ca_ztcf,20260915,devices=5,primary,2026-09-06T14:26:26.441734+00:00,2026-09-06T14:26:26.561501+00:00,0.12,VALID,valid,,a9ff4a5e1dc0fea65b63e2b366814c1860f04110,a1d260b660c93e47a466deb9c00f26c880973356f7da4eda00cb8ec57cab044d,raw/E13-ca_ztcf-20260915-20260906T142626484755Z
a001240,E13-ca_ztcf-20260916-20260906T142626616590Z,E13,ca_ztcf,20260916,devices=5,primary,2026-09-06T14:26:26.573316+00:00,2026-09-06T14:26:26.704983+00:00,0.132,VALID,valid,,a9ff4a5e1dc0fea65b63e2b366814c1860f04110,a1d260b660c93e47a466deb9c00f26c880973356f7da4eda00cb8ec57cab044d,raw/E13-ca_ztcf-20260916-20260906T142626616590Z
a001241,E13-ca_ztcf-20260917-20260906T142626759735Z,E13,ca_ztcf,20260917,devices=5,primary,2026-09-06T14:26:26.717278+00:00,2026-09-06T14:26:26.842223+00:00,0.125,VALID,valid,,a9ff4a5e1dc0fea65b63e2b366814c1860f04110,a1d260b660c93e47a466deb9c00f26c880973356f7da4eda00cb8ec57cab044d,raw/E13-ca_ztcf-20260917-20260906T142626759735Z
a001242,E13-ca_ztcf-20260918-20260906T142626896909Z,E13,ca_ztcf,20260918,devices=5,primary,2026-09-06T14:26:26.853538+00:00,2026-09-06T14:26:26.977251+00:00,0.124,VALID,valid,,a9ff4a5e1dc0fea65b63e2b366814c1860f04110,a1d260b660c93e47a466deb9c00f26c880973356f7da4eda00cb8ec57cab044d,raw/E13-ca_ztcf-20260918-20260906T142626896909Z
a001243,E13-ca_ztcf-20260919-20260906T142627031408Z,E13,ca_ztcf,20260919,devices=5,primary,2026-09-06T14:26:26.989059+00:00,2026-09-06T14:26:27.120779+00:00,0.132,VALID,valid,,a9ff4a5e1dc0fea65b63e2b366814c1860f04110,a1d260b660c93e47a466deb9c00f26c880973356f7da4eda00cb8ec57cab044d,raw/E13-ca_ztcf-20260919-20260906T142627031408Z
a001244,E13-ca_ztcf-20260920-20260906T142627176217Z,E13,ca_ztcf,20260920,devices=5,primary,2026-09-06T14:26:27.132777+00:00,2026-09-06T14:26:27.259831+00:00,0.127,VALID,valid,,a9ff4a5e1dc0fea65b63e2b366814c1860f04110,a1d260b660c93e47a466deb9c00f26c880973356f7da4eda00cb8ec57cab044d,raw/E13-ca_ztcf-20260920-20260906T142627176217Z
a001245,E13-ca_ztcf-20260921-20260906T142627315602Z,E13,ca_ztcf,20260921,devices=5,primary,2026-09-06T14:26:27.271841+00:00,2026-09-06T14:26:27.396386+00:00,0.125,VALID,valid,,a9ff4a5e1dc0fea65b63e2b366814c1860f04110,a1d260b660c93e47a466deb9c00f26c880973356f7da4eda00cb8ec57cab044d,raw/E13-ca_ztcf-20260921-20260906T142627315602Z
a001246,E13-ca_ztcf-20260922-20260906T142627451482Z,E13,ca_ztcf,20260922,devices=5,primary,2026-09-06T14:26:27.408791+00:00,2026-09-06T14:26:27.536522+00:00,0.128,VALID,valid,,a9ff4a5e1dc0fea65b63e2b366814c1860f04110,a1d260b660c93e47a466deb9c00f26c880973356f7da4eda00cb8ec57cab044d,raw/E13-ca_ztcf-20260922-20260906T142627451482Z
a001247,E13-ca_ztcf-20260923-20260906T142627590496Z,E13,ca_ztcf,20260923,devices=5,primary,2026-09-06T14:26:27.547764+00:00,2026-09-06T14:26:27.680149+00:00,0.132,VALID,valid,,a9ff4a5e1dc0fea65b63e2b366814c1860f04110,a1d260b660c93e47a466deb9c00f26c880973356f7da4eda00cb8ec57cab044d,raw/E13-ca_ztcf-20260923-20260906T142627590496Z
a001248,E13-ca_ztcf-20260924-20260906T142627734926Z,E13,ca_ztcf,20260924,devices=5,primary,2026-09-06T14:26:27.692011+00:00,2026-09-06T14:26:27.818234+00:00,0.126,VALID,valid,,a9ff4a5e1dc0fea65b63e2b366814c1860f04110,a1d260b660c93e47a466deb9c00f26c880973356f7da4eda00cb8ec57cab044d,raw/E13-ca_ztcf-20260924-20260906T142627734926Z
a001249,E13-ca_ztcf-20260925-20260906T142627873468Z,E13,ca_ztcf,20260925,devices=5,primary,2026-09-06T14:26:27.830199+00:00,2026-09-06T14:26:27.958395+00:00,0.128,VALID,valid,,a9ff4a5e1dc0fea65b63e2b366814c1860f04110,a1d260b660c93e47a466deb9c00f26c880973356f7da4eda00cb8ec57cab044d,raw/E13-ca_ztcf-20260925-20260906T142627873468Z
a001250,E13-ca_ztcf-20260926-20260906T142628013428Z,E13,ca_ztcf,20260926,devices=5,primary,2026-09-06T14:26:27.970998+00:00,2026-09-06T14:26:28.091154+00:00,0.12,VALID,valid,,a9ff4a5e1dc0fea65b63e2b366814c1860f04110,a1d260b660c93e47a466deb9c00f26c880973356f7da4eda00cb8ec57cab044d,raw/E13-ca_ztcf-20260926-20260906T142628013428Z
a001251,E13-ca_ztcf-20260927-20260906T142628145121Z,E13,ca_ztcf,20260927,devices=5,primary,2026-09-06T14:26:28.102928+00:00,2026-09-06T14:26:28.222299+00:00,0.119,VALID,valid,,a9ff4a5e1dc0fea65b63e2b366814c1860f04110,a1d260b660c93e47a466deb9c00f26c880973356f7da4eda00cb8ec57cab044d,raw/E13-ca_ztcf-20260927-20260906T142628145121Z
a001252,E13-ca_ztcf-20260928-20260906T142628276191Z,E13,ca_ztcf,20260928,devices=5,primary,2026-09-06T14:26:28.233967+00:00,2026-09-06T14:26:28.360955+00:00,0.127,VALID,valid,,a9ff4a5e1dc0fea65b63e2b366814c1860f04110,a1d260b660c93e47a466deb9c00f26c880973356f7da4eda00cb8ec57cab044d,raw/E13-ca_ztcf-20260928-20260906T142628276191Z
a001253,E13-ca_ztcf-20260929-20260906T142628417032Z,E13,ca_ztcf,20260929,devices=5,primary,2026-09-06T14:26:28.372842+00:00,2026-09-06T14:26:28.368652+00:00,0.149,VALID,valid,,a9ff4a5e1dc0fea65b63e2b366814c1860f04110,a1d260b660c93e47a466deb9c00f26c880973356f7da4eda00cb8ec57cab044d,raw/E13-ca_ztcf-20260929-20260906T142628417032Z
a001254,E13-ca_ztcf-20260930-20260906T142628425228Z,E13,ca_ztcf,20260930,devices=5,primary,2026-09-06T14:26:28.381157+00:00,2026-09-06T14:26:28.515353+00:00,0.134,VALID,valid,,a9ff4a5e1dc0fea65b63e2b366814c1860f04110,a1d260b660c93e47a466deb9c00f26c880973356f7da4eda00cb8ec57cab044d,raw/E13-ca_ztcf-20260930-20260906T142628425228Z
a001255,E13-ca_ztcf-20260931-20260906T142628570565Z,E13,ca_ztcf,20260931,devices=5,primary,2026-09-06T14:26:28.526731+00:00,2026-09-06T14:26:28.677359+00:00,0.151,VALID,valid,,a9ff4a5e1dc0fea65b63e2b366814c1860f04110,a1d260b660c93e47a466deb9c00f26c880973356f7da4eda00cb8ec57cab044d,raw/E13-ca_ztcf-20260931-20260906T142628570565Z
a001256,E13-ca_ztcf-20260932-20260906T142628732538Z,E13,ca_ztcf,20260932,devices=5,primary,2026-09-06T14:26:28.689428+00:00,2026-09-06T14:26:28.821629+00:00,0.132,VALID,valid,,a9ff4a5e1dc0fea65b63e2b366814c1860f04110,a1d260b660c93e47a466deb9c00f26c880973356f7da4eda00cb8ec57cab044d,raw/E13-ca_ztcf-20260932-20260906T142628732538Z
a001257,E13-ca_ztcf-20260933-20260906T142628875936Z,E13,ca_ztcf,20260933,devices=5,primary,2026-09-06T14:26:28.833265+00:00,2026-09-06T14:26:28.958999+00:00,0.126,VALID,valid,,a9ff4a5e1dc0fea65b63e2b366814c1860f04110,a1d260b660c93e47a466deb9c00f26c880973356f7da4eda00cb8ec57cab044d,raw/E13-ca_ztcf-20260933-20260906T142628875936Z
a001258,E13-ca_ztcf-20260934-20260906T142629013527Z,E13,ca_ztcf,20260934,devices=5,primary,2026-09-06T14:26:28.970737+00:00,2026-09-06T14:26:29.102333+00:00,0.132,VALID,valid,,a9ff4a5e1dc0fea65b63e2b366814c1860f04110,a1d260b660c93e47a466deb9c00f26c880973356f7da4eda00cb8ec57cab044d,raw/E13-ca_ztcf-20260934-20260906T142629013527Z
a001259,E13-ca_ztcf-20260935-20260906T142629158450Z,E13,ca_ztcf,20260935,devices=5,primary,2026-09-06T14:26:29.114324+00:00,2026-09-06T14:26:29.243268+00:00,0.129,VALID,valid,,a9ff4a5e1dc0fea65b63e2b366814c1860f04110,a1d260b660c93e47a466deb9c00f26c880973356f7da4eda00cb8ec57cab044d,raw/E13-ca_ztcf-20260935-20260906T142629158450Z
a001260,E13-ca_ztcf-20260936-20260906T142629298236Z,E13,ca_ztcf,20260936,devices=5,primary,2026-09-06T14:26:29.255220+00:00,2026-09-06T14:26:29.375914+00:00,0.121,VALID,valid,,a9ff4a5e1dc0fea65b63e2b366814c1860f04110,a1d260b660c93e47a466deb9c00f26c880973356f7da4eda00cb8ec57cab044d,raw/E13-ca_ztcf-20260936-20260906T142629298236Z
a001261,E13-independent-20260907-20260906T142629430200Z,E13,independent,20260907,devices=10,primary,2026-09-06T14:26:29.387768+00:00,2026-09-06T14:26:29.517711+00:00,0.13,VALID,valid,,a9ff4a5e1dc0fea65b63e2b366814c1860f04110,a1d260b660c93e47a466deb9c00f26c880973356f7da4eda00cb8ec57cab044d,raw/E13-independent-20260907-20260906T142629430200Z
a001262,E13-independent-20260908-20260906T142629573517Z,E13,independent,20260908,devices=10,primary,2026-09-06T14:26:29.530713+00:00,2026-09-06T14:26:29.656429+00:00,0.126,VALID,valid,,a9ff4a5e1dc0fea65b63e2b366814c1860f04110,a1d260b660c93e47a466deb9c00f26c880973356f7da4eda00cb8ec57cab044d,raw/E13-independent-20260908-20260906T142629573517Z
a001263,E13-independent-20260909-20260906T142629711749Z,E13,independent,20260909,devices=10,primary,2026-09-06T14:26:29.668314+00:00,2026-09-06T14:26:29.798348+00:00,0.13,VALID,valid,,a9ff4a5e1dc0fea65b63e2b366814c1860f04110,a1d260b660c93e47a466deb9c00f26c880973356f7da4eda00cb8ec57cab044d,raw/E13-independent-20260909-20260906T142629711749Z
a001264,E13-independent-20260910-20260906T142629853274Z,E13,independent,20260910,devices=10,primary,2026-09-06T14:26:29.810111+00:00,2026-09-06T14:26:29.932850+00:00,0.123,VALID,valid,,a9ff4a5e1dc0fea65b63e2b366814c1860f04110,a1d260b660c93e47a466deb9c00f26c880973356f7da4eda00cb8ec57cab044d,raw/E13-independent-20260910-20260906T142629853274Z
a001265,E13-independent-20260911-20260906T142629987771Z,E13,independent,20260911,devices=10,primary,2026-09-06T14:26:29.944695+00:00,2026-09-06T14:26:30.069597+00:00,0.125,VALID,valid,,a9ff4a5e1dc0fea65b63e2b366814c1860f04110,a1d260b660c93e47a466deb9c00f26c880973356f7da4eda00cb8ec57cab044d,raw/E13-independent-20260911-20260906T142629987771Z
a001266,E13-independent-20260912-20260906T142630124088Z,E13,independent,20260912,devices=10,primary,2026-09-06T14:26:30.080981+00:00,2026-09-06T14:26:30.219799+00:00,0.139,VALID,valid,,a9ff4a5e1dc0fea65b63e2b366814c1860f04110,a1d260b660c93e47a466deb9c00f26c880973356f7da4eda00cb8ec57cab044d,raw/E13-independent-20260912-20260906T142630124088Z
a001267,E13-independent-20260913-20260906T142630275550Z,E13,independent,20260913,devices=10,primary,2026-09-06T14:26:30.232059+00:00,2026-09-06T14:26:30.365117+00:00,0.133,VALID,valid,,a9ff4a5e1dc0fea65b63e2b366814c1860f04110,a1d260b660c93e47a466deb9c00f26c880973356f7da4eda00cb8ec57cab044d,raw/E13-independent-20260913-20260906T142630275550Z
a001268,E13-independent-20260914-20260906T142630420628Z,E13,independent,20260914,devices=10,primary,2026-09-06T14:26:30.376938+00:00,2026-09-06T14:26:30.509250+00:00,0.132,VALID,valid,,a9ff4a5e1dc0fea65b63e2b366814c1860f04110,a1d260b660c93e47a466deb9c00f26c880973356f7da4eda00cb8ec57cab044d,raw/E13-independent-20260914-20260906T142630420628Z
a001269,E13-independent-20260915-20260906T142630565363Z,E13,independent,20260915,devices=10,primary,2026-09-06T14:26:30.521238+00:00,2026-09-06T14:26:30.653999+00:00,0.133,VALID,valid,,a9ff4a5e1dc0fea65b63e2b366814c1860f04110,a1d260b660c93e47a466deb9c00f26c880973356f7da4eda00cb8ec57cab044d,raw/E13-independent-20260915-20260906T142630565363Z
a001270,E13-independent-20260916-20260906T142630717736Z,E13,independent,20260916,devices=10,primary,2026-09-06T14:26:30.666533+00:00,2026-09-06T14:26:30.809045+00:00,0.143,VALID,valid,,a9ff4a5e1dc0fea65b63e2b366814c1860f04110,a1d260b660c93e47a466deb9c00f26c880973356f7da4eda00cb8ec57cab044d,raw/E13-independent-20260916-20260906T142630717736Z
a001271,E13-independent-20260917-20260906T142630864683Z,E13,independent,20260917,devices=10,primary,2026-09-06T14:26:30.821097+00:00,2026-09-06T14:26:30.953152+00:00,0.132,VALID,valid,,a9ff4a5e1dc0fea65b63e2b366814c1860f04110,a1d260b660c93e47a466deb9c00f26c880973356f7da4eda00cb8ec57cab044d,raw/E13-independent-20260917-20260906T142630864683Z
a001272,E13-independent-20260918-20260906T142631008646Z,E13,independent,20260918,devices=10,primary,2026-09-06T14:26:30.965240+00:00,2026-09-06T14:26:31.090136+00:00,0.125,VALID,valid,,a9ff4a5e1dc0fea65b63e2b366814c1860f04110,a1d260b660c93e47a466deb9c00f26c880973356f7da4eda00cb8ec57cab044d,raw/E13-independent-20260918-20260906T142631008646Z
a001273,E13-independent-20260919-20260906T142631145617Z,E13,independent,20260919,devices=10,primary,2026-09-06T14:26:31.101938+00:00,2026-09-06T14:26:31.229474+00:00,0.128,VALID,valid,,a9ff4a5e1dc0fea65b63e2b366814c1860f04110,a1d260b660c93e47a466deb9c00f26c880973356f7da4eda00cb8ec57cab044d,raw/E13-independent-20260919-20260906T142631145617Z
a001274,E13-independent-20260920-20260906T142631286573Z,E13,independent,20260920,devices=10,primary,2026-09-06T14:26:31.241605+00:00,2026-09-06T14:26:31.382924+00:00,0.141,VALID,valid,,a9ff4a5e1dc0fea65b63e2b366814c1860f04110,a1d260b660c93e47a466deb9c00f26c880973356f7da4eda00cb8ec57cab044d,raw/E13-independent-20260920-20260906T142631286573Z
a001275,E13-independent-20260921-20260906T142631440417Z,E13,independent,20260921,devices=10,primary,2026-09-06T14:26:31.395416+00:00,2026-09-06T14:26:31.528006+00:00,0.133,VALID,valid,,a9ff4a5e1dc0fea65b63e2b366814c1860f04110,a1d260b660c93e47a466deb9c00f26c880973356f7da4eda00cb8ec57cab044d,raw/E13-independent-20260921-20260906T142631440417Z
a001276,E13-independent-20260922-20260906T142631584275Z,E13,independent,20260922,devices=10,primary,2026-09-06T14:26:31.540090+00:00,2026-09-06T14:26:31.676020+00:00,0.136,VALID,valid,,a9ff4a5e1dc0fea65b63e2b366814c1860f04110,a1d260b660c93e47a466deb9c00f26c880973356f7da4eda00cb8ec57cab044d,raw/E13-independent-20260922-20260906T142631584275Z
a001277,E13-independent-20260923-20260906T142631732972Z,E13,independent,20260923,devices=10,primary,2026-09-06T14:26:31.688128+00:00,2026-09-06T14:26:31.826001+00:00,0.138,VALID,valid,,a9ff4a5e1dc0fea65b63e2b366814c1860f04110,a1d260b660c93e47a466deb9c00f26c880973356f7da4eda00cb8ec57cab044d,raw/E13-independent-20260923-20260906T142631732972Z
a001278,E13-independent-20260924-20260906T142631881538Z,E13,independent,20260924,devices=10,primary,2026-09-06T14:26:31.838053+00:00,2026-09-06T14:26:31.968084+00:00,0.13,VALID,valid,,a9ff4a5e1dc0fea65b63e2b366814c1860f04110,a1d260b660c93e47a466deb9c00f26c880973356f7da4eda00cb8ec57cab044d,raw/E13-independent-20260924-20260906T142631881538Z
a001279,E13-independent-20260925-20260906T142632022610Z,E13,independent,20260925,devices=10,primary,2026-09-06T14:26:31.979799+00:00,2026-09-06T14:26:32.107103+00:00,0.127,VALID,valid,,a9ff4a5e1dc0fea65b63e2b366814c1860f04110,a1d260b660c93e47a466deb9c00f26c880973356f7da4eda00cb8ec57cab044d,raw/E13-independent-20260925-20260906T142632022610Z
a001280,E13-independent-20260926-20260906T142632162252Z,E13,independent,20260926,devices=10,primary,2026-09-06T14:26:32.119047+00:00,2026-09-06T14:26:32.252685+00:00,0.134,VALID,valid,,a9ff4a5e1dc0fea65b63e2b366814c1860f04110,a1d260b660c93e47a466deb9c00f26c880973356f7da4eda00cb8ec57cab044d,raw/E13-independent-20260926-20260906T142632162252Z
a001281,E13-independent-20260927-20260906T142632308520Z,E13,independent,20260927,devices=10,primary,2026-09-06T14:26:32.265184+00:00,2026-09-06T14:26:32.391899+00:00,0.127,VALID,valid,,a9ff4a5e1dc0fea65b63e2b366814c1860f04110,a1d260b660c93e47a466deb9c00f26c880973356f7da4eda00cb8ec57cab044d,raw/E13-independent-20260927-20260906T142632308520Z
a001282,E13-independent-20260928-20260906T142632448356Z,E13,independent,20260928,devices=10,primary,2026-09-06T14:26:32.404348+00:00,2026-09-06T14:26:32.536095+00:00,0.132,VALID,valid,,a9ff4a5e1dc0fea65b63e2b366814c1860f04110,a1d260b660c93e47a466deb9c00f26c880973356f7da4eda00cb8ec57cab044d,raw/E13-independent-20260928-20260906T142632448356Z
a001283,E13-independent-20260929-20260906T142632592235Z,E13,independent,20260929,devices=10,primary,2026-09-06T14:26:32.548154+00:00,2026-09-06T14:26:32.674571+00:00,0.126,VALID,valid,,a9ff4a5e1dc0fea65b63e2b366814c1860f04110,a1d260b660c93e47a466deb9c00f26c880973356f7da4eda00cb8ec57cab044d,raw/E13-independent-20260929-20260906T142632592235Z
a001284,E13-independent-20260930-20260906T142632733167Z,E13,independent,20260930,devices=10,primary,2026-09-06T14:26:32.688370+00:00,2026-09-06T14:26:32.821120+00:00,0.133,VALID,valid,,a9ff4a5e1dc0fea65b63e2b366814c1860f04110,a1d260b660c93e47a466deb9c00f26c880973356f7da4eda00cb8ec57cab044d,raw/E13-independent-20260930-20260906T142632733167Z
a001285,E13-independent-20260931-20260906T142632877550Z,E13,independent,20260931,devices=10,primary,2026-09-06T14:26:32.833565+00:00,2026-09-06T14:26:32.959999+00:00,0.126,VALID,valid,,a9ff4a5e1dc0fea65b63e2b366814c1860f04110,a1d260b660c93e47a466deb9c00f26c880973356f7da4eda00cb8ec57cab044d,raw/E13-independent-20260931-20260906T142632877550Z
a001286,E13-independent-20260932-20260906T142633016232Z,E13,independent,20260932,devices=10,primary,2026-09-06T14:26:32.972837+00:00,2026-09-06T14:26:33.094948+00:00,0.122,VALID,valid,,a9ff4a5e1dc0fea65b63e2b366814c1860f04110,a1d260b660c93e47a466deb9c00f26c880973356f7da4eda00cb8ec57cab044d,raw/E13-independent-20260932-20260906T142633016232Z
a001287,E13-independent-20260933-20260906T142633150723Z,E13,independent,20260933,devices=10,primary,2026-09-06T14:26:33.106989+00:00,2026-09-06T14:26:33.240110+00:00,0.133,VALID,valid,,a9ff4a5e1dc0fea65b63e2b366814c1860f04110,a1d260b660c93e47a466deb9c00f26c880973356f7da4eda00cb8ec57cab044d,raw/E13-independent-20260933-20260906T142633150723Z
a001288,E13-independent-20260934-20260906T142633295797Z,E13,independent,20260934,devices=10,primary,2026-09-06T14:26:33.252675+00:00,2026-09-06T14:26:33.378763+00:00,0.126,VALID,valid,,a9ff4a5e1dc0fea65b63e2b366814c1860f04110,a1d260b660c93e47a466deb9c00f26c880973356f7da4eda00cb8ec57cab044d,raw/E13-independent-20260934-20260906T142633295797Z
a001289,E13-independent-20260935-20260906T142633434134Z,E13,independent,20260935,devices=10,primary,2026-09-06T14:26:33.391339+00:00,2026-09-06T14:26:33.520943+00:00,0.13,VALID,valid,,a9ff4a5e1dc0fea65b63e2b366814c1860f04110,a1d260b660c93e47a466deb9c00f26c880973356f7da4eda00cb8ec57cab044d,raw/E13-independent-20260935-20260906T142633434134Z
a001290,E13-independent-20260936-20260906T142633575985Z,E13,independent,20260936,devices=10,primary,2026-09-06T14:26:33.532827+00:00,2026-09-06T14:26:33.661015+00:00,0.128,VALID,valid,,a9ff4a5e1dc0fea65b63e2b366814c1860f04110,a1d260b660c93e47a466deb9c00f26c880973356f7da4eda00cb8ec57cab044d,raw/E13-independent-20260936-20260906T142633575985Z
a001291,E13-static_continuity-20260907-20260906T142633717629Z,E13,static_continuity,20260907,devices=10,primary,2026-09-06T14:26:33.673783+00:00,2026-09-06T14:26:33.800678+00:00,0.127,VALID,valid,,a9ff4a5e1dc0fea65b63e2b366814c1860f04110,a1d260b660c93e47a466deb9c00f26c880973356f7da4eda00cb8ec57cab044d,raw/E13-static_continuity-20260907-20260906T142633717629Z
a001292,E13-static_continuity-20260908-20260906T142633856517Z,E13,static_continuity,20260908,devices=10,primary,2026-09-06T14:26:33.812809+00:00,2026-09-06T14:26:33.960602+00:00,0.148,VALID,valid,,a9ff4a5e1dc0fea65b63e2b366814c1860f04110,a1d260b660c93e47a466deb9c00f26c880973356f7da4eda00cb8ec57cab044d,raw/E13-static_continuity-20260908-20260906T142633856517Z
a001293,E13-static_continuity-20260909-20260906T142634016239Z,E13,static_continuity,20260909,devices=10,primary,2026-09-06T14:26:33.972794+00:00,2026-09-06T14:26:34.104301+00:00,0.131,VALID,valid,,a9ff4a5e1dc0fea65b63e2b366814c1860f04110,a1d260b660c93e47a466deb9c00f26c880973356f7da4eda00cb8ec57cab044d,raw/E13-static_continuity-20260909-20260906T142634016239Z
a001294,E13-static_continuity-20260910-20260906T142634161068Z,E13,static_continuity,20260910,devices=10,primary,2026-09-06T14:26:34.117737+00:00,2026-09-06T14:26:34.244966+00:00,0.127,VALID,valid,,a9ff4a5e1dc0fea65b63e2b366814c1860f04110,a1d260b660c93e47a466deb9c00f26c880973356f7da4eda00cb8ec57cab044d,raw/E13-static_continuity-20260910-20260906T142634161068Z
a001295,E13-static_continuity-20260911-20260906T142634300600Z,E13,static_continuity,20260911,devices=10,primary,2026-09-06T14:26:34.256956+00:00,2026-09-06T14:26:34.386273+00:00,0.129,VALID,valid,,a9ff4a5e1dc0fea65b63e2b366814c1860f04110,a1d260b660c93e47a466deb9c00f26c880973356f7da4eda00cb8ec57cab044d,raw/E13-static_continuity-20260911-20260906T142634300600Z
a001296,E13-static_continuity-20260912-20260906T142634440640Z,E13,static_continuity,20260912,devices=10,primary,2026-09-06T14:26:34.397885+00:00,2026-09-06T14:26:34.524052+00:00,0.126,VALID,valid,,a9ff4a5e1dc0fea65b63e2b366814c1860f04110,a1d260b660c93e47a466deb9c00f26c880973356f7da4eda00cb8ec57cab044d,raw/E13-static_continuity-20260912-20260906T142634440640Z
a001297,E13-static_continuity-20260913-20260906T142634579314Z,E13,static_continuity,20260913,devices=10,primary,2026-09-06T14:26:34.535898+00:00,2026-09-06T14:26:34.668727+00:00,0.133,VALID,valid,,a9ff4a5e1dc0fea65b63e2b366814c1860f04110,a1d260b660c93e47a466deb9c00f26c880973356f7da4eda00cb8ec57cab044d,raw/E13-static_continuity-20260913-20260906T142634579314Z
a001298,E13-static_continuity-20260914-20260906T142634724129Z,E13,static_continuity,20260914,devices=10,primary,2026-09-06T14:26:34.680582+00:00,2026-09-06T14:26:34.811191+00:00,0.131,VALID,valid,,a9ff4a5e1dc0fea65b63e2b366814c1860f04110,a1d260b660c93e47a466deb9c00f26c880973356f7da4eda00cb8ec57cab044d,raw/E13-static_continuity-20260914-20260906T142634724129Z
a001299,E13-static_continuity-20260915-20260906T142634866761Z,E13,static_continuity,20260915,devices=10,primary,2026-09-06T14:26:34.823112+00:00,2026-09-06T14:26:34.951479+00:00,0.128,VALID,valid,,a9ff4a5e1dc0fea65b63e2b366814c1860f04110,a1d260b660c93e47a466deb9c00f26c880973356f7da4eda00cb8ec57cab044d,raw/E13-static_continuity-20260915-20260906T142634866761Z
a001300,E13-static_continuity-20260916-20260906T142635007077Z,E13,static_continuity,20260916,devices=10,primary,2026-09-06T14:26:34.963477+00:00,2026-09-06T14:26:35.094310+00:00,0.131,VALID,valid,,a9ff4a5e1dc0fea65b63e2b366814c1860f04110,a1d260b660c93e47a466deb9c00f26c880973356f7da4eda00cb8ec57cab044d,raw/E13-static_continuity-20260916-20260906T142635007077Z
a001301,E13-static_continuity-20260917-20260906T142635148707Z,E13,static_continuity,20260917,devices=10,primary,2026-09-06T14:26:35.106008+00:00,2026-09-06T14:26:35.234665+00:00,0.129,VALID,valid,,a9ff4a5e1dc0fea65b63e2b366814c1860f04110,a1d260b660c93e47a466deb9c00f26c880973356f7da4eda00cb8ec57cab044d,raw/E13-static_continuity-20260917-20260906T142635148707Z
a001302,E13-static_continuity-20260918-20260906T142635290580Z,E13,static_continuity,20260918,devices=10,primary,2026-09-06T14:26:35.247212+00:00,2026-09-06T14:26:35.375883+00:00,0.129,VALID,valid,,a9ff4a5e1dc0fea65b63e2b366814c1860f04110,a1d260b660c93e47a466deb9c00f26c880973356f7da4eda00cb8ec57cab044d,raw/E13-static_continuity-20260918-20260906T142635290580Z
a001303,E13-static_continuity-20260919-20260906T142635430598Z,E13,static_continuity,20260919,devices=10,primary,2026-09-06T14:26:35.387730+00:00,2026-09-06T14:26:35.512887+00:00,0.125,VALID,valid,,a9ff4a5e1dc0fea65b63e2b366814c1860f04110,a1d260b660c93e47a466deb9c00f26c880973356f7da4eda00cb8ec57cab044d,raw/E13-static_continuity-20260919-20260906T142635430598Z
a001304,E13-static_continuity-20260920-20260906T142635567747Z,E13,static_continuity,20260920,devices=10,primary,2026-09-06T14:26:35.524992+00:00,2026-09-06T14:26:35.656371+00:00,0.131,VALID,valid,,a9ff4a5e1dc0fea65b63e2b366814c1860f04110,a1d260b660c93e47a466deb9c00f26c880973356f7da4eda00cb8ec57cab044d,raw/E13-static_continuity-20260920-20260906T142635567747Z
a001305,E13-static_continuity-20260921-20260906T142635710721Z,E13,static_continuity,20260921,devices=10,primary,2026-09-06T14:26:35.668113+00:00,2026-09-06T14:26:35.799207+00:00,0.131,VALID,valid,,a9ff4a5e1dc0fea65b63e2b366814c1860f04110,a1d260b660c93e47a466deb9c00f26c880973356f7da4eda00cb8ec57cab044d,raw/E13-static_continuity-20260921-20260906T142635710721Z
a001306,E13-static_continuity-20260922-20260906T142635854404Z,E13,static_continuity,20260922,devices=10,primary,2026-09-06T14:26:35.810989+00:00,2026-09-06T14:26:35.939437+00:00,0.128,VALID,valid,,a9ff4a5e1dc0fea65b63e2b366814c1860f04110,a1d260b660c93e47a466deb9c00f26c880973356f7da4eda00cb8ec57cab044d,raw/E13-static_continuity-20260922-20260906T142635854404Z
a001307,E13-static_continuity-20260923-20260906T142635995977Z,E13,static_continuity,20260923,devices=10,primary,2026-09-06T14:26:35.952459+00:00,2026-09-06T14:26:36.080675+00:00,0.128,VALID,valid,,a9ff4a5e1dc0fea65b63e2b366814c1860f04110,a1d260b660c93e47a466deb9c00f26c880973356f7da4eda00cb8ec57cab044d,raw/E13-static_continuity-20260923-20260906T142635995977Z
a001308,E13-static_continuity-20260924-20260906T142636135229Z,E13,static_continuity,20260924,devices=10,primary,2026-09-06T14:26:36.092401+00:00,2026-09-06T14:26:36.218834+00:00,0.126,VALID,valid,,a9ff4a5e1dc0fea65b63e2b366814c1860f04110,a1d260b660c93e47a466deb9c00f26c880973356f7da4eda00cb8ec57cab044d,raw/E13-static_continuity-20260924-20260906T142636135229Z
a001309,E13-static_continuity-20260925-20260906T142636274812Z,E13,static_continuity,20260925,devices=10,primary,2026-09-06T14:26:36.231411+00:00,2026-09-06T14:26:36.359138+00:00,0.128,VALID,valid,,a9ff4a5e1dc0fea65b63e2b366814c1860f04110,a1d260b660c93e47a466deb9c00f26c880973356f7da4eda00cb8ec57cab044d,raw/E13-static_continuity-20260925-20260906T142636274812Z
a001310,E13-static_continuity-20260926-20260906T142636414279Z,E13,static_continuity,20260926,devices=10,primary,2026-09-06T14:26:36.371003+00:00,2026-09-06T14:26:36.498710+00:00,0.128,VALID,valid,,a9ff4a5e1dc0fea65b63e2b366814c1860f04110,a1d260b660c93e47a466deb9c00f26c880973356f7da4eda00cb8ec57cab044d,raw/E13-static_continuity-20260926-20260906T142636414279Z
a001311,E13-static_continuity-20260927-20260906T142636553414Z,E13,static_continuity,20260927,devices=10,primary,2026-09-06T14:26:36.510415+00:00,2026-09-06T14:26:36.637666+00:00,0.127,VALID,valid,,a9ff4a5e1dc0fea65b63e2b366814c1860f04110,a1d260b660c93e47a466deb9c00f26c880973356f7da4eda00cb8ec57cab044d,raw/E13-static_continuity-20260927-20260906T142636553414Z
a001312,E13-static_continuity-20260928-20260906T142636693044Z,E13,static_continuity,20260928,devices=10,primary,2026-09-06T14:26:36.649819+00:00,2026-09-06T14:26:36.779164+00:00,0.129,VALID,valid,,a9ff4a5e1dc0fea65b63e2b366814c1860f04110,a1d260b660c93e47a466deb9c00f26c880973356f7da4eda00cb8ec57cab044d,raw/E13-static_continuity-20260928-20260906T142636693044Z
a001313,E13-static_continuity-20260929-20260906T142636833676Z,E13,static_continuity,20260929,devices=10,primary,2026-09-06T14:26:36.791212+00:00,2026-09-06T14:26:36.920767+00:00,0.13,VALID,valid,,a9ff4a5e1dc0fea65b63e2b366814c1860f04110,a1d260b660c93e47a466deb9c00f26c880973356f7da4eda00cb8ec57cab044d,raw/E13-static_continuity-20260929-20260906T142636833676Z
a001314,E13-static_continuity-20260930-20260906T142636975135Z,E13,static_continuity,20260930,devices=10,primary,2026-09-06T14:26:36.932483+00:00,2026-09-06T14:26:37.064528+00:00,0.132,VALID,valid,,a9ff4a5e1dc0fea65b63e2b366814c1860f04110,a1d260b660c93e47a466deb9c00f26c880973356f7da4eda00cb8ec57cab044d,raw/E13-static_continuity-20260930-20260906T142636975135Z
a001315,E13-static_continuity-20260931-20260906T142637120501Z,E13,static_continuity,20260931,devices=10,primary,2026-09-06T14:26:37.077039+00:00,2026-09-06T14:26:37.207704+00:00,0.131,VALID,valid,,a9ff4a5e1dc0fea65b63e2b366814c1860f04110,a1d260b660c93e47a466deb9c00f26c880973356f7da4eda00cb8ec57cab044d,raw/E13-static_continuity-20260931-20260906T142637120501Z
a001316,E13-static_continuity-20260932-20260906T142637262835Z,E13,static_continuity,20260932,devices=10,primary,2026-09-06T14:26:37.220166+00:00,2026-09-06T14:26:37.347551+00:00,0.127,VALID,valid,,a9ff4a5e1dc0fea65b63e2b366814c1860f04110,a1d260b660c93e47a466deb9c00f26c880973356f7da4eda00cb8ec57cab044d,raw/E13-static_continuity-20260932-20260906T142637262835Z
a001317,E13-static_continuity-20260933-20260906T142637402048Z,E13,static_continuity,20260933,devices=10,primary,2026-09-06T14:26:37.359172+00:00,2026-09-06T14:26:37.495348+00:00,0.136,VALID,valid,,a9ff4a5e1dc0fea65b63e2b366814c1860f04110,a1d260b660c93e47a466deb9c00f26c880973356f7da4eda00cb8ec57cab044d,raw/E13-static_continuity-20260933-20260906T142637402048Z
a001318,E13-static_continuity-20260934-20260906T142637550403Z,E13,static_continuity,20260934,devices=10,primary,2026-09-06T14:26:37.507203+00:00,2026-09-06T14:26:37.637229+00:00,0.13,VALID,valid,,a9ff4a5e1dc0fea65b63e2b366814c1860f04110,a1d260b660c93e47a466deb9c00f26c880973356f7da4eda00cb8ec57cab044d,raw/E13-static_continuity-20260934-20260906T142637550403Z
a001319,E13-static_continuity-20260935-20260906T142637691798Z,E13,static_continuity,20260935,devices=10,primary,2026-09-06T14:26:37.648949+00:00,2026-09-06T14:26:37.771962+00:00,0.123,VALID,valid,,a9ff4a5e1dc0fea65b63e2b366814c1860f04110,a1d260b660c93e47a466deb9c00f26c880973356f7da4eda00cb8ec57cab044d,raw/E13-static_continuity-20260935-20260906T142637691798Z
a001320,E13-static_continuity-20260936-20260906T142637826623Z,E13,static_continuity,20260936,devices=10,primary,2026-09-06T14:26:37.783764+00:00,2026-09-06T14:26:37.916455+00:00,0.133,VALID,valid,,a9ff4a5e1dc0fea65b63e2b366814c1860f04110,a1d260b660c93e47a466deb9c00f26c880973356f7da4eda00cb8ec57cab044d,raw/E13-static_continuity-20260936-20260906T142637826623Z
a001321,E13-ca_ztcf-20260907-20260906T142637970981Z,E13,ca_ztcf,20260907,devices=10,primary,2026-09-06T14:26:37.928251+00:00,2026-09-06T14:26:38.071622+00:00,0.143,VALID,valid,,a9ff4a5e1dc0fea65b63e2b366814c1860f04110,a1d260b660c93e47a466deb9c00f26c880973356f7da4eda00cb8ec57cab044d,raw/E13-ca_ztcf-20260907-20260906T142637970981Z
a001322,E13-ca_ztcf-20260908-20260906T142638125675Z,E13,ca_ztcf,20260908,devices=10,primary,2026-09-06T14:26:38.083390+00:00,2026-09-06T14:26:38.205910+00:00,0.123,VALID,valid,,a9ff4a5e1dc0fea65b63e2b366814c1860f04110,a1d260b660c93e47a466deb9c00f26c880973356f7da4eda00cb8ec57cab044d,raw/E13-ca_ztcf-20260908-20260906T142638125675Z
a001323,E13-ca_ztcf-20260909-20260906T142638260451Z,E13,ca_ztcf,20260909,devices=10,primary,2026-09-06T14:26:38.217661+00:00,2026-09-06T14:26:38.344862+00:00,0.127,VALID,valid,,a9ff4a5e1dc0fea65b63e2b366814c1860f04110,a1d260b660c93e47a466deb9c00f26c880973356f7da4eda00cb8ec57cab044d,raw/E13-ca_ztcf-20260909-20260906T142638260451Z
a001324,E13-ca_ztcf-20260910-20260906T142638399140Z,E13,ca_ztcf,20260910,devices=10,primary,2026-09-06T14:26:38.356615+00:00,2026-09-06T14:26:38.381478+00:00,0.144,VALID,valid,,a9ff4a5e1dc0fea65b63e2b366814c1860f04110,a1d260b660c93e47a466deb9c00f26c880973356f7da4eda00cb8ec57cab044d,raw/E13-ca_ztcf-20260910-20260906T142638399140Z
a001325,E13-ca_ztcf-20260911-20260906T142638436566Z,E13,ca_ztcf,20260911,devices=10,primary,2026-09-06T14:26:38.393424+00:00,2026-09-06T14:26:38.533175+00:00,0.14,VALID,valid,,a9ff4a5e1dc0fea65b63e2b366814c1860f04110,a1d260b660c93e47a466deb9c00f26c880973356f7da4eda00cb8ec57cab044d,raw/E13-ca_ztcf-20260911-20260906T142638436566Z
a001326,E13-ca_ztcf-20260912-20260906T142638587166Z,E13,ca_ztcf,20260912,devices=10,primary,2026-09-06T14:26:38.544878+00:00,2026-09-06T14:26:38.680579+00:00,0.136,VALID,valid,,a9ff4a5e1dc0fea65b63e2b366814c1860f04110,a1d260b660c93e47a466deb9c00f26c880973356f7da4eda00cb8ec57cab044d,raw/E13-ca_ztcf-20260912-20260906T142638587166Z
a001327,E13-ca_ztcf-20260913-20260906T142638734782Z,E13,ca_ztcf,20260913,devices=10,primary,2026-09-06T14:26:38.692094+00:00,2026-09-06T14:26:38.827730+00:00,0.136,VALID,valid,,a9ff4a5e1dc0fea65b63e2b366814c1860f04110,a1d260b660c93e47a466deb9c00f26c880973356f7da4eda00cb8ec57cab044d,raw/E13-ca_ztcf-20260913-20260906T142638734782Z
a001328,E13-ca_ztcf-20260914-20260906T142638885511Z,E13,ca_ztcf,20260914,devices=10,primary,2026-09-06T14:26:38.840309+00:00,2026-09-06T14:26:38.980546+00:00,0.14,VALID,valid,,a9ff4a5e1dc0fea65b63e2b366814c1860f04110,a1d260b660c93e47a466deb9c00f26c880973356f7da4eda00cb8ec57cab044d,raw/E13-ca_ztcf-20260914-20260906T142638885511Z
a001329,E13-ca_ztcf-20260915-20260906T142639036647Z,E13,ca_ztcf,20260915,devices=10,primary,2026-09-06T14:26:38.993009+00:00,2026-09-06T14:26:39.135079+00:00,0.142,VALID,valid,,a9ff4a5e1dc0fea65b63e2b366814c1860f04110,a1d260b660c93e47a466deb9c00f26c880973356f7da4eda00cb8ec57cab044d,raw/E13-ca_ztcf-20260915-20260906T142639036647Z
a001330,E13-ca_ztcf-20260916-20260906T142639191296Z,E13,ca_ztcf,20260916,devices=10,primary,2026-09-06T14:26:39.147346+00:00,2026-09-06T14:26:39.287477+00:00,0.14,VALID,valid,,a9ff4a5e1dc0fea65b63e2b366814c1860f04110,a1d260b660c93e47a466deb9c00f26c880973356f7da4eda00cb8ec57cab044d,raw/E13-ca_ztcf-20260916-20260906T142639191296Z
a001331,E13-ca_ztcf-20260917-20260906T142639343281Z,E13,ca_ztcf,20260917,devices=10,primary,2026-09-06T14:26:39.299326+00:00,2026-09-06T14:26:39.427851+00:00,0.129,VALID,valid,,a9ff4a5e1dc0fea65b63e2b366814c1860f04110,a1d260b660c93e47a466deb9c00f26c880973356f7da4eda00cb8ec57cab044d,raw/E13-ca_ztcf-20260917-20260906T142639343281Z
a001332,E13-ca_ztcf-20260918-20260906T142639484218Z,E13,ca_ztcf,20260918,devices=10,primary,2026-09-06T14:26:39.440315+00:00,2026-09-06T14:26:39.570153+00:00,0.13,VALID,valid,,a9ff4a5e1dc0fea65b63e2b366814c1860f04110,a1d260b660c93e47a466deb9c00f26c880973356f7da4eda00cb8ec57cab044d,raw/E13-ca_ztcf-20260918-20260906T142639484218Z
a001333,E13-ca_ztcf-20260919-20260906T142639628420Z,E13,ca_ztcf,20260919,devices=10,primary,2026-09-06T14:26:39.583166+00:00,2026-09-06T14:26:39.724731+00:00,0.142,VALID,valid,,a9ff4a5e1dc0fea65b63e2b366814c1860f04110,a1d260b660c93e47a466deb9c00f26c880973356f7da4eda00cb8ec57cab044d,raw/E13-ca_ztcf-20260919-20260906T142639628420Z
a001334,E13-ca_ztcf-20260920-20260906T142639781514Z,E13,ca_ztcf,20260920,devices=10,primary,2026-09-06T14:26:39.737392+00:00,2026-09-06T14:26:39.877100+00:00,0.14,VALID,valid,,a9ff4a5e1dc0fea65b63e2b366814c1860f04110,a1d260b660c93e47a466deb9c00f26c880973356f7da4eda00cb8ec57cab044d,raw/E13-ca_ztcf-20260920-20260906T142639781514Z
a001335,E13-ca_ztcf-20260921-20260906T142639934084Z,E13,ca_ztcf,20260921,devices=10,primary,2026-09-06T14:26:39.889798+00:00,2026-09-06T14:26:40.033000+00:00,0.143,VALID,valid,,a9ff4a5e1dc0fea65b63e2b366814c1860f04110,a1d260b660c93e47a466deb9c00f26c880973356f7da4eda00cb8ec57cab044d,raw/E13-ca_ztcf-20260921-20260906T142639934084Z
a001336,E13-ca_ztcf-20260922-20260906T142640090955Z,E13,ca_ztcf,20260922,devices=10,primary,2026-09-06T14:26:40.045744+00:00,2026-09-06T14:26:40.176921+00:00,0.131,VALID,valid,,a9ff4a5e1dc0fea65b63e2b366814c1860f04110,a1d260b660c93e47a466deb9c00f26c880973356f7da4eda00cb8ec57cab044d,raw/E13-ca_ztcf-20260922-20260906T142640090955Z
a001337,E13-ca_ztcf-20260923-20260906T142640235925Z,E13,ca_ztcf,20260923,devices=10,primary,2026-09-06T14:26:40.190973+00:00,2026-09-06T14:26:40.339846+00:00,0.149,VALID,valid,,a9ff4a5e1dc0fea65b63e2b366814c1860f04110,a1d260b660c93e47a466deb9c00f26c880973356f7da4eda00cb8ec57cab044d,raw/E13-ca_ztcf-20260923-20260906T142640235925Z
a001338,E13-ca_ztcf-20260924-20260906T142640396675Z,E13,ca_ztcf,20260924,devices=10,primary,2026-09-06T14:26:40.352587+00:00,2026-09-06T14:26:40.496464+00:00,0.144,VALID,valid,,a9ff4a5e1dc0fea65b63e2b366814c1860f04110,a1d260b660c93e47a466deb9c00f26c880973356f7da4eda00cb8ec57cab044d,raw/E13-ca_ztcf-20260924-20260906T142640396675Z
a001339,E13-ca_ztcf-20260925-20260906T142640554685Z,E13,ca_ztcf,20260925,devices=10,primary,2026-09-06T14:26:40.509036+00:00,2026-09-06T14:26:40.646158+00:00,0.137,VALID,valid,,a9ff4a5e1dc0fea65b63e2b366814c1860f04110,a1d260b660c93e47a466deb9c00f26c880973356f7da4eda00cb8ec57cab044d,raw/E13-ca_ztcf-20260925-20260906T142640554685Z
a001340,E13-ca_ztcf-20260926-20260906T142640701207Z,E13,ca_ztcf,20260926,devices=10,primary,2026-09-06T14:26:40.657886+00:00,2026-09-06T14:26:40.807999+00:00,0.15,VALID,valid,,a9ff4a5e1dc0fea65b63e2b366814c1860f04110,a1d260b660c93e47a466deb9c00f26c880973356f7da4eda00cb8ec57cab044d,raw/E13-ca_ztcf-20260926-20260906T142640701207Z
a001341,E13-ca_ztcf-20260927-20260906T142640865411Z,E13,ca_ztcf,20260927,devices=10,primary,2026-09-06T14:26:40.820519+00:00,2026-09-06T14:26:40.959809+00:00,0.139,VALID,valid,,a9ff4a5e1dc0fea65b63e2b366814c1860f04110,a1d260b660c93e47a466deb9c00f26c880973356f7da4eda00cb8ec57cab044d,raw/E13-ca_ztcf-20260927-20260906T142640865411Z
a001342,E13-ca_ztcf-20260928-20260906T142641017064Z,E13,ca_ztcf,20260928,devices=10,primary,2026-09-06T14:26:40.972858+00:00,2026-09-06T14:26:41.116097+00:00,0.143,VALID,valid,,a9ff4a5e1dc0fea65b63e2b366814c1860f04110,a1d260b660c93e47a466deb9c00f26c880973356f7da4eda00cb8ec57cab044d,raw/E13-ca_ztcf-20260928-20260906T142641017064Z
a001343,E13-ca_ztcf-20260929-20260906T142641172349Z,E13,ca_ztcf,20260929,devices=10,primary,2026-09-06T14:26:41.128838+00:00,2026-09-06T14:26:41.266759+00:00,0.138,VALID,valid,,a9ff4a5e1dc0fea65b63e2b366814c1860f04110,a1d260b660c93e47a466deb9c00f26c880973356f7da4eda00cb8ec57cab044d,raw/E13-ca_ztcf-20260929-20260906T142641172349Z
a001344,E13-ca_ztcf-20260930-20260906T142641322420Z,E13,ca_ztcf,20260930,devices=10,primary,2026-09-06T14:26:41.278677+00:00,2026-09-06T14:26:41.422946+00:00,0.144,VALID,valid,,a9ff4a5e1dc0fea65b63e2b366814c1860f04110,a1d260b660c93e47a466deb9c00f26c880973356f7da4eda00cb8ec57cab044d,raw/E13-ca_ztcf-20260930-20260906T142641322420Z
a001345,E13-ca_ztcf-20260931-20260906T142641480139Z,E13,ca_ztcf,20260931,devices=10,primary,2026-09-06T14:26:41.435444+00:00,2026-09-06T14:26:41.567263+00:00,0.132,VALID,valid,,a9ff4a5e1dc0fea65b63e2b366814c1860f04110,a1d260b660c93e47a466deb9c00f26c880973356f7da4eda00cb8ec57cab044d,raw/E13-ca_ztcf-20260931-20260906T142641480139Z
a001346,E13-ca_ztcf-20260932-20260906T142641622983Z,E13,ca_ztcf,20260932,devices=10,primary,2026-09-06T14:26:41.579181+00:00,2026-09-06T14:26:41.722340+00:00,0.143,VALID,valid,,a9ff4a5e1dc0fea65b63e2b366814c1860f04110,a1d260b660c93e47a466deb9c00f26c880973356f7da4eda00cb8ec57cab044d,raw/E13-ca_ztcf-20260932-20260906T142641622983Z
a001347,E13-ca_ztcf-20260933-20260906T142641781525Z,E13,ca_ztcf,20260933,devices=10,primary,2026-09-06T14:26:41.735804+00:00,2026-09-06T14:26:41.878725+00:00,0.143,VALID,valid,,a9ff4a5e1dc0fea65b63e2b366814c1860f04110,a1d260b660c93e47a466deb9c00f26c880973356f7da4eda00cb8ec57cab044d,raw/E13-ca_ztcf-20260933-20260906T142641781525Z
a001348,E13-ca_ztcf-20260934-20260906T142641934915Z,E13,ca_ztcf,20260934,devices=10,primary,2026-09-06T14:26:41.891449+00:00,2026-09-06T14:26:42.029232+00:00,0.138,VALID,valid,,a9ff4a5e1dc0fea65b63e2b366814c1860f04110,a1d260b660c93e47a466deb9c00f26c880973356f7da4eda00cb8ec57cab044d,raw/E13-ca_ztcf-20260934-20260906T142641934915Z
a001349,E13-ca_ztcf-20260935-20260906T142642084297Z,E13,ca_ztcf,20260935,devices=10,primary,2026-09-06T14:26:42.041161+00:00,2026-09-06T14:26:42.174142+00:00,0.133,VALID,valid,,a9ff4a5e1dc0fea65b63e2b366814c1860f04110,a1d260b660c93e47a466deb9c00f26c880973356f7da4eda00cb8ec57cab044d,raw/E13-ca_ztcf-20260935-20260906T142642084297Z
a001350,E13-ca_ztcf-20260936-20260906T142642230711Z,E13,ca_ztcf,20260936,devices=10,primary,2026-09-06T14:26:42.186900+00:00,2026-09-06T14:26:42.326284+00:00,0.139,VALID,valid,,a9ff4a5e1dc0fea65b63e2b366814c1860f04110,a1d260b660c93e47a466deb9c00f26c880973356f7da4eda00cb8ec57cab044d,raw/E13-ca_ztcf-20260936-20260906T142642230711Z
a001351,E13-independent-20260907-20260906T142642382442Z,E13,independent,20260907,devices=25,primary,2026-09-06T14:26:42.338903+00:00,2026-09-06T14:26:42.485063+00:00,0.146,VALID,valid,,a9ff4a5e1dc0fea65b63e2b366814c1860f04110,a1d260b660c93e47a466deb9c00f26c880973356f7da4eda00cb8ec57cab044d,raw/E13-independent-20260907-20260906T142642382442Z
a001352,E13-independent-20260908-20260906T142642540842Z,E13,independent,20260908,devices=25,primary,2026-09-06T14:26:42.496804+00:00,2026-09-06T14:26:42.638586+00:00,0.142,VALID,valid,,a9ff4a5e1dc0fea65b63e2b366814c1860f04110,a1d260b660c93e47a466deb9c00f26c880973356f7da4eda00cb8ec57cab044d,raw/E13-independent-20260908-20260906T142642540842Z
a001353,E13-independent-20260909-20260906T142642695825Z,E13,independent,20260909,devices=25,primary,2026-09-06T14:26:42.651115+00:00,2026-09-06T14:26:42.796232+00:00,0.145,VALID,valid,,a9ff4a5e1dc0fea65b63e2b366814c1860f04110,a1d260b660c93e47a466deb9c00f26c880973356f7da4eda00cb8ec57cab044d,raw/E13-independent-20260909-20260906T142642695825Z
a001354,E13-independent-20260910-20260906T142642852630Z,E13,independent,20260910,devices=25,primary,2026-09-06T14:26:42.808629+00:00,2026-09-06T14:26:42.943678+00:00,0.135,VALID,valid,,a9ff4a5e1dc0fea65b63e2b366814c1860f04110,a1d260b660c93e47a466deb9c00f26c880973356f7da4eda00cb8ec57cab044d,raw/E13-independent-20260910-20260906T142642852630Z
a001355,E13-independent-20260911-20260906T142642999013Z,E13,independent,20260911,devices=25,primary,2026-09-06T14:26:42.955598+00:00,2026-09-06T14:26:43.095533+00:00,0.14,VALID,valid,,a9ff4a5e1dc0fea65b63e2b366814c1860f04110,a1d260b660c93e47a466deb9c00f26c880973356f7da4eda00cb8ec57cab044d,raw/E13-independent-20260911-20260906T142642999013Z
a001356,E13-independent-20260912-20260906T142643150883Z,E13,independent,20260912,devices=25,primary,2026-09-06T14:26:43.107804+00:00,2026-09-06T14:26:43.261428+00:00,0.154,VALID,valid,,a9ff4a5e1dc0fea65b63e2b366814c1860f04110,a1d260b660c93e47a466deb9c00f26c880973356f7da4eda00cb8ec57cab044d,raw/E13-independent-20260912-20260906T142643150883Z
a001357,E13-independent-20260913-20260906T142643317660Z,E13,independent,20260913,devices=25,primary,2026-09-06T14:26:43.274108+00:00,2026-09-06T14:26:43.417790+00:00,0.144,VALID,valid,,a9ff4a5e1dc0fea65b63e2b366814c1860f04110,a1d260b660c93e47a466deb9c00f26c880973356f7da4eda00cb8ec57cab044d,raw/E13-independent-20260913-20260906T142643317660Z
a001358,E13-independent-20260914-20260906T142643473315Z,E13,independent,20260914,devices=25,primary,2026-09-06T14:26:43.429840+00:00,2026-09-06T14:26:43.572640+00:00,0.143,VALID,valid,,a9ff4a5e1dc0fea65b63e2b366814c1860f04110,a1d260b660c93e47a466deb9c00f26c880973356f7da4eda00cb8ec57cab044d,raw/E13-independent-20260914-20260906T142643473315Z
a001359,E13-independent-20260915-20260906T142643629115Z,E13,independent,20260915,devices=25,primary,2026-09-06T14:26:43.585563+00:00,2026-09-06T14:26:43.732164+00:00,0.147,VALID,valid,,a9ff4a5e1dc0fea65b63e2b366814c1860f04110,a1d260b660c93e47a466deb9c00f26c880973356f7da4eda00cb8ec57cab044d,raw/E13-independent-20260915-20260906T142643629115Z
a001360,E13-independent-20260916-20260906T142643787712Z,E13,independent,20260916,devices=25,primary,2026-09-06T14:26:43.743958+00:00,2026-09-06T14:26:43.902447+00:00,0.158,VALID,valid,,a9ff4a5e1dc0fea65b63e2b366814c1860f04110,a1d260b660c93e47a466deb9c00f26c880973356f7da4eda00cb8ec57cab044d,raw/E13-independent-20260916-20260906T142643787712Z
a001361,E13-independent-20260917-20260906T142643959235Z,E13,independent,20260917,devices=25,primary,2026-09-06T14:26:43.914710+00:00,2026-09-06T14:26:44.060476+00:00,0.146,VALID,valid,,a9ff4a5e1dc0fea65b63e2b366814c1860f04110,a1d260b660c93e47a466deb9c00f26c880973356f7da4eda00cb8ec57cab044d,raw/E13-independent-20260917-20260906T142643959235Z
a001362,E13-independent-20260918-20260906T142644115781Z,E13,independent,20260918,devices=25,primary,2026-09-06T14:26:44.072437+00:00,2026-09-06T14:26:44.217345+00:00,0.145,VALID,valid,,a9ff4a5e1dc0fea65b63e2b366814c1860f04110,a1d260b660c93e47a466deb9c00f26c880973356f7da4eda00cb8ec57cab044d,raw/E13-independent-20260918-20260906T142644115781Z
a001363,E13-independent-20260919-20260906T142644272755Z,E13,independent,20260919,devices=25,primary,2026-09-06T14:26:44.229494+00:00,2026-09-06T14:26:44.370522+00:00,0.141,VALID,valid,,a9ff4a5e1dc0fea65b63e2b366814c1860f04110,a1d260b660c93e47a466deb9c00f26c880973356f7da4eda00cb8ec57cab044d,raw/E13-independent-20260919-20260906T142644272755Z
a001364,E13-independent-20260920-20260906T142644425493Z,E13,independent,20260920,devices=25,primary,2026-09-06T14:26:44.382404+00:00,2026-09-06T14:26:44.522626+00:00,0.14,VALID,valid,,a9ff4a5e1dc0fea65b63e2b366814c1860f04110,a1d260b660c93e47a466deb9c00f26c880973356f7da4eda00cb8ec57cab044d,raw/E13-independent-20260920-20260906T142644425493Z
a001365,E13-independent-20260921-20260906T142644577614Z,E13,independent,20260921,devices=25,primary,2026-09-06T14:26:44.534376+00:00,2026-09-06T14:26:44.677835+00:00,0.143,VALID,valid,,a9ff4a5e1dc0fea65b63e2b366814c1860f04110,a1d260b660c93e47a466deb9c00f26c880973356f7da4eda00cb8ec57cab044d,raw/E13-independent-20260921-20260906T142644577614Z
a001366,E13-independent-20260922-20260906T142644734805Z,E13,independent,20260922,devices=25,primary,2026-09-06T14:26:44.690281+00:00,2026-09-06T14:26:44.831293+00:00,0.141,VALID,valid,,a9ff4a5e1dc0fea65b63e2b366814c1860f04110,a1d260b660c93e47a466deb9c00f26c880973356f7da4eda00cb8ec57cab044d,raw/E13-independent-20260922-20260906T142644734805Z
a001367,E13-independent-20260923-20260906T142644885447Z,E13,independent,20260923,devices=25,primary,2026-09-06T14:26:44.843089+00:00,2026-09-06T14:26:44.987189+00:00,0.144,VALID,valid,,a9ff4a5e1dc0fea65b63e2b366814c1860f04110,a1d260b660c93e47a466deb9c00f26c880973356f7da4eda00cb8ec57cab044d,raw/E13-independent-20260923-20260906T142644885447Z
a001368,E13-independent-20260924-20260906T142645042056Z,E13,independent,20260924,devices=25,primary,2026-09-06T14:26:44.999073+00:00,2026-09-06T14:26:45.145612+00:00,0.147,VALID,valid,,a9ff4a5e1dc0fea65b63e2b366814c1860f04110,a1d260b660c93e47a466deb9c00f26c880973356f7da4eda00cb8ec57cab044d,raw/E13-independent-20260924-20260906T142645042056Z
a001369,E13-independent-20260925-20260906T142645201445Z,E13,independent,20260925,devices=25,primary,2026-09-06T14:26:45.157668+00:00,2026-09-06T14:26:45.298638+00:00,0.141,VALID,valid,,a9ff4a5e1dc0fea65b63e2b366814c1860f04110,a1d260b660c93e47a466deb9c00f26c880973356f7da4eda00cb8ec57cab044d,raw/E13-independent-20260925-20260906T142645201445Z
a001370,E13-independent-20260926-20260906T142645354030Z,E13,independent,20260926,devices=25,primary,2026-09-06T14:26:45.311145+00:00,2026-09-06T14:26:45.440072+00:00,0.129,VALID,valid,,a9ff4a5e1dc0fea65b63e2b366814c1860f04110,a1d260b660c93e47a466deb9c00f26c880973356f7da4eda00cb8ec57cab044d,raw/E13-independent-20260926-20260906T142645354030Z
a001371,E13-independent-20260927-20260906T142645494683Z,E13,independent,20260927,devices=25,primary,2026-09-06T14:26:45.452084+00:00,2026-09-06T14:26:45.595033+00:00,0.143,VALID,valid,,a9ff4a5e1dc0fea65b63e2b366814c1860f04110,a1d260b660c93e47a466deb9c00f26c880973356f7da4eda00cb8ec57cab044d,raw/E13-independent-20260927-20260906T142645494683Z
a001372,E13-independent-20260928-20260906T142645649659Z,E13,independent,20260928,devices=25,primary,2026-09-06T14:26:45.606653+00:00,2026-09-06T14:26:45.743700+00:00,0.137,VALID,valid,,a9ff4a5e1dc0fea65b63e2b366814c1860f04110,a1d260b660c93e47a466deb9c00f26c880973356f7da4eda00cb8ec57cab044d,raw/E13-independent-20260928-20260906T142645649659Z
a001373,E13-independent-20260929-20260906T142645798125Z,E13,independent,20260929,devices=25,primary,2026-09-06T14:26:45.755534+00:00,2026-09-06T14:26:45.895578+00:00,0.14,VALID,valid,,a9ff4a5e1dc0fea65b63e2b366814c1860f04110,a1d260b660c93e47a466deb9c00f26c880973356f7da4eda00cb8ec57cab044d,raw/E13-independent-20260929-20260906T142645798125Z
a001374,E13-independent-20260930-20260906T142645950136Z,E13,independent,20260930,devices=25,primary,2026-09-06T14:26:45.907270+00:00,2026-09-06T14:26:46.041562+00:00,0.134,VALID,valid,,a9ff4a5e1dc0fea65b63e2b366814c1860f04110,a1d260b660c93e47a466deb9c00f26c880973356f7da4eda00cb8ec57cab044d,raw/E13-independent-20260930-20260906T142645950136Z
a001375,E13-independent-20260931-20260906T142646095948Z,E13,independent,20260931,devices=25,primary,2026-09-06T14:26:46.053430+00:00,2026-09-06T14:26:46.185799+00:00,0.132,VALID,valid,,a9ff4a5e1dc0fea65b63e2b366814c1860f04110,a1d260b660c93e47a466deb9c00f26c880973356f7da4eda00cb8ec57cab044d,raw/E13-independent-20260931-20260906T142646095948Z
a001376,E13-independent-20260932-20260906T142646242370Z,E13,independent,20260932,devices=25,primary,2026-09-06T14:26:46.198003+00:00,2026-09-06T14:26:46.342951+00:00,0.145,VALID,valid,,a9ff4a5e1dc0fea65b63e2b366814c1860f04110,a1d260b660c93e47a466deb9c00f26c880973356f7da4eda00cb8ec57cab044d,raw/E13-independent-20260932-20260906T142646242370Z
a001377,E13-independent-20260933-20260906T142646398381Z,E13,independent,20260933,devices=25,primary,2026-09-06T14:26:46.354944+00:00,2026-09-06T14:26:46.497442+00:00,0.142,VALID,valid,,a9ff4a5e1dc0fea65b63e2b366814c1860f04110,a1d260b660c93e47a466deb9c00f26c880973356f7da4eda00cb8ec57cab044d,raw/E13-independent-20260933-20260906T142646398381Z
a001378,E13-independent-20260934-20260906T142646553803Z,E13,independent,20260934,devices=25,primary,2026-09-06T14:26:46.510047+00:00,2026-09-06T14:26:46.656647+00:00,0.147,VALID,valid,,a9ff4a5e1dc0fea65b63e2b366814c1860f04110,a1d260b660c93e47a466deb9c00f26c880973356f7da4eda00cb8ec57cab044d,raw/E13-independent-20260934-20260906T142646553803Z
a001379,E13-independent-20260935-20260906T142646712588Z,E13,independent,20260935,devices=25,primary,2026-09-06T14:26:46.669793+00:00,2026-09-06T14:26:46.812937+00:00,0.143,VALID,valid,,a9ff4a5e1dc0fea65b63e2b366814c1860f04110,a1d260b660c93e47a466deb9c00f26c880973356f7da4eda00cb8ec57cab044d,raw/E13-independent-20260935-20260906T142646712588Z
a001380,E13-independent-20260936-20260906T142646872163Z,E13,independent,20260936,devices=25,primary,2026-09-06T14:26:46.825125+00:00,2026-09-06T14:26:46.974191+00:00,0.149,VALID,valid,,a9ff4a5e1dc0fea65b63e2b366814c1860f04110,a1d260b660c93e47a466deb9c00f26c880973356f7da4eda00cb8ec57cab044d,raw/E13-independent-20260936-20260906T142646872163Z
a001381,E13-static_continuity-20260907-20260906T142647029289Z,E13,static_continuity,20260907,devices=25,primary,2026-09-06T14:26:46.986156+00:00,2026-09-06T14:26:47.126012+00:00,0.14,VALID,valid,,a9ff4a5e1dc0fea65b63e2b366814c1860f04110,a1d260b660c93e47a466deb9c00f26c880973356f7da4eda00cb8ec57cab044d,raw/E13-static_continuity-20260907-20260906T142647029289Z
a001382,E13-static_continuity-20260908-20260906T142647180056Z,E13,static_continuity,20260908,devices=25,primary,2026-09-06T14:26:47.137634+00:00,2026-09-06T14:26:47.268131+00:00,0.13,VALID,valid,,a9ff4a5e1dc0fea65b63e2b366814c1860f04110,a1d260b660c93e47a466deb9c00f26c880973356f7da4eda00cb8ec57cab044d,raw/E13-static_continuity-20260908-20260906T142647180056Z
a001383,E13-static_continuity-20260909-20260906T142647323544Z,E13,static_continuity,20260909,devices=25,primary,2026-09-06T14:26:47.280054+00:00,2026-09-06T14:26:47.411890+00:00,0.132,VALID,valid,,a9ff4a5e1dc0fea65b63e2b366814c1860f04110,a1d260b660c93e47a466deb9c00f26c880973356f7da4eda00cb8ec57cab044d,raw/E13-static_continuity-20260909-20260906T142647323544Z
a001384,E13-static_continuity-20260910-20260906T142647467192Z,E13,static_continuity,20260910,devices=25,primary,2026-09-06T14:26:47.424501+00:00,2026-09-06T14:26:47.565042+00:00,0.141,VALID,valid,,a9ff4a5e1dc0fea65b63e2b366814c1860f04110,a1d260b660c93e47a466deb9c00f26c880973356f7da4eda00cb8ec57cab044d,raw/E13-static_continuity-20260910-20260906T142647467192Z
a001385,E13-static_continuity-20260911-20260906T142647619383Z,E13,static_continuity,20260911,devices=25,primary,2026-09-06T14:26:47.576915+00:00,2026-09-06T14:26:47.744924+00:00,0.168,VALID,valid,,a9ff4a5e1dc0fea65b63e2b366814c1860f04110,a1d260b660c93e47a466deb9c00f26c880973356f7da4eda00cb8ec57cab044d,raw/E13-static_continuity-20260911-20260906T142647619383Z
a001386,E13-static_continuity-20260912-20260906T142647800056Z,E13,static_continuity,20260912,devices=25,primary,2026-09-06T14:26:47.757412+00:00,2026-09-06T14:26:47.894750+00:00,0.137,VALID,valid,,a9ff4a5e1dc0fea65b63e2b366814c1860f04110,a1d260b660c93e47a466deb9c00f26c880973356f7da4eda00cb8ec57cab044d,raw/E13-static_continuity-20260912-20260906T142647800056Z
a001387,E13-static_continuity-20260913-20260906T142647948851Z,E13,static_continuity,20260913,devices=25,primary,2026-09-06T14:26:47.906503+00:00,2026-09-06T14:26:48.050952+00:00,0.144,VALID,valid,,a9ff4a5e1dc0fea65b63e2b366814c1860f04110,a1d260b660c93e47a466deb9c00f26c880973356f7da4eda00cb8ec57cab044d,raw/E13-static_continuity-20260913-20260906T142647948851Z
a001388,E13-static_continuity-20260914-20260906T142648104885Z,E13,static_continuity,20260914,devices=25,primary,2026-09-06T14:26:48.062683+00:00,2026-09-06T14:26:48.199940+00:00,0.137,VALID,valid,,a9ff4a5e1dc0fea65b63e2b366814c1860f04110,a1d260b660c93e47a466deb9c00f26c880973356f7da4eda00cb8ec57cab044d,raw/E13-static_continuity-20260914-20260906T142648104885Z
a001389,E13-static_continuity-20260915-20260906T142648253871Z,E13,static_continuity,20260915,devices=25,primary,2026-09-06T14:26:48.211925+00:00,2026-09-06T14:26:48.354025+00:00,0.142,VALID,valid,,a9ff4a5e1dc0fea65b63e2b366814c1860f04110,a1d260b660c93e47a466deb9c00f26c880973356f7da4eda00cb8ec57cab044d,raw/E13-static_continuity-20260915-20260906T142648253871Z
a001390,E13-static_continuity-20260916-20260906T142648408105Z,E13,static_continuity,20260916,devices=25,primary,2026-09-06T14:26:48.366320+00:00,2026-09-06T14:26:48.371549+00:00,0.139,VALID,valid,,a9ff4a5e1dc0fea65b63e2b366814c1860f04110,a1d260b660c93e47a466deb9c00f26c880973356f7da4eda00cb8ec57cab044d,raw/E13-static_continuity-20260916-20260906T142648408105Z
a001391,E13-static_continuity-20260917-20260906T142648426445Z,E13,static_continuity,20260917,devices=25,primary,2026-09-06T14:26:48.383632+00:00,2026-09-06T14:26:48.519367+00:00,0.136,VALID,valid,,a9ff4a5e1dc0fea65b63e2b366814c1860f04110,a1d260b660c93e47a466deb9c00f26c880973356f7da4eda00cb8ec57cab044d,raw/E13-static_continuity-20260917-20260906T142648426445Z
a001392,E13-static_continuity-20260918-20260906T142648573446Z,E13,static_continuity,20260918,devices=25,primary,2026-09-06T14:26:48.531022+00:00,2026-09-06T14:26:48.672255+00:00,0.141,VALID,valid,,a9ff4a5e1dc0fea65b63e2b366814c1860f04110,a1d260b660c93e47a466deb9c00f26c880973356f7da4eda00cb8ec57cab044d,raw/E13-static_continuity-20260918-20260906T142648573446Z
a001393,E13-static_continuity-20260919-20260906T142648726947Z,E13,static_continuity,20260919,devices=25,primary,2026-09-06T14:26:48.684099+00:00,2026-09-06T14:26:48.829159+00:00,0.145,VALID,valid,,a9ff4a5e1dc0fea65b63e2b366814c1860f04110,a1d260b660c93e47a466deb9c00f26c880973356f7da4eda00cb8ec57cab044d,raw/E13-static_continuity-20260919-20260906T142648726947Z
a001394,E13-static_continuity-20260920-20260906T142648882994Z,E13,static_continuity,20260920,devices=25,primary,2026-09-06T14:26:48.840889+00:00,2026-09-06T14:26:48.980123+00:00,0.139,VALID,valid,,a9ff4a5e1dc0fea65b63e2b366814c1860f04110,a1d260b660c93e47a466deb9c00f26c880973356f7da4eda00cb8ec57cab044d,raw/E13-static_continuity-20260920-20260906T142648882994Z
a001395,E13-static_continuity-20260921-20260906T142649038504Z,E13,static_continuity,20260921,devices=25,primary,2026-09-06T14:26:48.993106+00:00,2026-09-06T14:26:49.143649+00:00,0.151,VALID,valid,,a9ff4a5e1dc0fea65b63e2b366814c1860f04110,a1d260b660c93e47a466deb9c00f26c880973356f7da4eda00cb8ec57cab044d,raw/E13-static_continuity-20260921-20260906T142649038504Z
a001396,E13-static_continuity-20260922-20260906T142649198981Z,E13,static_continuity,20260922,devices=25,primary,2026-09-06T14:26:49.155782+00:00,2026-09-06T14:26:49.301352+00:00,0.146,VALID,valid,,a9ff4a5e1dc0fea65b63e2b366814c1860f04110,a1d260b660c93e47a466deb9c00f26c880973356f7da4eda00cb8ec57cab044d,raw/E13-static_continuity-20260922-20260906T142649198981Z
a001397,E13-static_continuity-20260923-20260906T142649356766Z,E13,static_continuity,20260923,devices=25,primary,2026-09-06T14:26:49.313226+00:00,2026-09-06T14:26:49.459869+00:00,0.147,VALID,valid,,a9ff4a5e1dc0fea65b63e2b366814c1860f04110,a1d260b660c93e47a466deb9c00f26c880973356f7da4eda00cb8ec57cab044d,raw/E13-static_continuity-20260923-20260906T142649356766Z
a001398,E13-static_continuity-20260924-20260906T142649515948Z,E13,static_continuity,20260924,devices=25,primary,2026-09-06T14:26:49.471883+00:00,2026-09-06T14:26:49.618764+00:00,0.147,VALID,valid,,a9ff4a5e1dc0fea65b63e2b366814c1860f04110,a1d260b660c93e47a466deb9c00f26c880973356f7da4eda00cb8ec57cab044d,raw/E13-static_continuity-20260924-20260906T142649515948Z
a001399,E13-static_continuity-20260925-20260906T142649674696Z,E13,static_continuity,20260925,devices=25,primary,2026-09-06T14:26:49.630635+00:00,2026-09-06T14:26:49.774939+00:00,0.144,VALID,valid,,a9ff4a5e1dc0fea65b63e2b366814c1860f04110,a1d260b660c93e47a466deb9c00f26c880973356f7da4eda00cb8ec57cab044d,raw/E13-static_continuity-20260925-20260906T142649674696Z
a001400,E13-static_continuity-20260926-20260906T142649829671Z,E13,static_continuity,20260926,devices=25,primary,2026-09-06T14:26:49.786685+00:00,2026-09-06T14:26:49.932466+00:00,0.146,VALID,valid,,a9ff4a5e1dc0fea65b63e2b366814c1860f04110,a1d260b660c93e47a466deb9c00f26c880973356f7da4eda00cb8ec57cab044d,raw/E13-static_continuity-20260926-20260906T142649829671Z
a001401,E13-static_continuity-20260927-20260906T142649988519Z,E13,static_continuity,20260927,devices=25,primary,2026-09-06T14:26:49.944304+00:00,2026-09-06T14:26:50.076668+00:00,0.132,VALID,valid,,a9ff4a5e1dc0fea65b63e2b366814c1860f04110,a1d260b660c93e47a466deb9c00f26c880973356f7da4eda00cb8ec57cab044d,raw/E13-static_continuity-20260927-20260906T142649988519Z
a001402,E13-static_continuity-20260928-20260906T142650131765Z,E13,static_continuity,20260928,devices=25,primary,2026-09-06T14:26:50.088378+00:00,2026-09-06T14:26:50.235719+00:00,0.147,VALID,valid,,a9ff4a5e1dc0fea65b63e2b366814c1860f04110,a1d260b660c93e47a466deb9c00f26c880973356f7da4eda00cb8ec57cab044d,raw/E13-static_continuity-20260928-20260906T142650131765Z
a001403,E13-static_continuity-20260929-20260906T142650293300Z,E13,static_continuity,20260929,devices=25,primary,2026-09-06T14:26:50.248876+00:00,2026-09-06T14:26:50.404660+00:00,0.156,VALID,valid,,a9ff4a5e1dc0fea65b63e2b366814c1860f04110,a1d260b660c93e47a466deb9c00f26c880973356f7da4eda00cb8ec57cab044d,raw/E13-static_continuity-20260929-20260906T142650293300Z
a001404,E13-static_continuity-20260930-20260906T142650460299Z,E13,static_continuity,20260930,devices=25,primary,2026-09-06T14:26:50.416736+00:00,2026-09-06T14:26:50.559190+00:00,0.142,VALID,valid,,a9ff4a5e1dc0fea65b63e2b366814c1860f04110,a1d260b660c93e47a466deb9c00f26c880973356f7da4eda00cb8ec57cab044d,raw/E13-static_continuity-20260930-20260906T142650460299Z
a001405,E13-static_continuity-20260931-20260906T142650614771Z,E13,static_continuity,20260931,devices=25,primary,2026-09-06T14:26:50.570857+00:00,2026-09-06T14:26:50.724202+00:00,0.153,VALID,valid,,a9ff4a5e1dc0fea65b63e2b366814c1860f04110,a1d260b660c93e47a466deb9c00f26c880973356f7da4eda00cb8ec57cab044d,raw/E13-static_continuity-20260931-20260906T142650614771Z
a001406,E13-static_continuity-20260932-20260906T142650784377Z,E13,static_continuity,20260932,devices=25,primary,2026-09-06T14:26:50.737542+00:00,2026-09-06T14:26:50.886055+00:00,0.149,VALID,valid,,a9ff4a5e1dc0fea65b63e2b366814c1860f04110,a1d260b660c93e47a466deb9c00f26c880973356f7da4eda00cb8ec57cab044d,raw/E13-static_continuity-20260932-20260906T142650784377Z
a001407,E13-static_continuity-20260933-20260906T142650941113Z,E13,static_continuity,20260933,devices=25,primary,2026-09-06T14:26:50.898064+00:00,2026-09-06T14:26:51.045758+00:00,0.148,VALID,valid,,a9ff4a5e1dc0fea65b63e2b366814c1860f04110,a1d260b660c93e47a466deb9c00f26c880973356f7da4eda00cb8ec57cab044d,raw/E13-static_continuity-20260933-20260906T142650941113Z
a001408,E13-static_continuity-20260934-20260906T142651100742Z,E13,static_continuity,20260934,devices=25,primary,2026-09-06T14:26:51.057814+00:00,2026-09-06T14:26:51.199768+00:00,0.142,VALID,valid,,a9ff4a5e1dc0fea65b63e2b366814c1860f04110,a1d260b660c93e47a466deb9c00f26c880973356f7da4eda00cb8ec57cab044d,raw/E13-static_continuity-20260934-20260906T142651100742Z
a001409,E13-static_continuity-20260935-20260906T142651256225Z,E13,static_continuity,20260935,devices=25,primary,2026-09-06T14:26:51.212236+00:00,2026-09-06T14:26:51.359201+00:00,0.147,VALID,valid,,a9ff4a5e1dc0fea65b63e2b366814c1860f04110,a1d260b660c93e47a466deb9c00f26c880973356f7da4eda00cb8ec57cab044d,raw/E13-static_continuity-20260935-20260906T142651256225Z
a001410,E13-static_continuity-20260936-20260906T142651413630Z,E13,static_continuity,20260936,devices=25,primary,2026-09-06T14:26:51.370956+00:00,2026-09-06T14:26:51.510069+00:00,0.139,VALID,valid,,a9ff4a5e1dc0fea65b63e2b366814c1860f04110,a1d260b660c93e47a466deb9c00f26c880973356f7da4eda00cb8ec57cab044d,raw/E13-static_continuity-20260936-20260906T142651413630Z
a001411,E13-ca_ztcf-20260907-20260906T142651565157Z,E13,ca_ztcf,20260907,devices=25,primary,2026-09-06T14:26:51.521630+00:00,2026-09-06T14:26:51.673743+00:00,0.152,VALID,valid,,a9ff4a5e1dc0fea65b63e2b366814c1860f04110,a1d260b660c93e47a466deb9c00f26c880973356f7da4eda00cb8ec57cab044d,raw/E13-ca_ztcf-20260907-20260906T142651565157Z
a001412,E13-ca_ztcf-20260908-20260906T142651728500Z,E13,ca_ztcf,20260908,devices=25,primary,2026-09-06T14:26:51.685540+00:00,2026-09-06T14:26:51.836384+00:00,0.151,VALID,valid,,a9ff4a5e1dc0fea65b63e2b366814c1860f04110,a1d260b660c93e47a466deb9c00f26c880973356f7da4eda00cb8ec57cab044d,raw/E13-ca_ztcf-20260908-20260906T142651728500Z
a001413,E13-ca_ztcf-20260909-20260906T142651890922Z,E13,ca_ztcf,20260909,devices=25,primary,2026-09-06T14:26:51.848617+00:00,2026-09-06T14:26:52.005062+00:00,0.156,VALID,valid,,a9ff4a5e1dc0fea65b63e2b366814c1860f04110,a1d260b660c93e47a466deb9c00f26c880973356f7da4eda00cb8ec57cab044d,raw/E13-ca_ztcf-20260909-20260906T142651890922Z
a001414,E13-ca_ztcf-20260910-20260906T142652059530Z,E13,ca_ztcf,20260910,devices=25,primary,2026-09-06T14:26:52.016988+00:00,2026-09-06T14:26:52.173621+00:00,0.157,VALID,valid,,a9ff4a5e1dc0fea65b63e2b366814c1860f04110,a1d260b660c93e47a466deb9c00f26c880973356f7da4eda00cb8ec57cab044d,raw/E13-ca_ztcf-20260910-20260906T142652059530Z
a001415,E13-ca_ztcf-20260911-20260906T142652228703Z,E13,ca_ztcf,20260911,devices=25,primary,2026-09-06T14:26:52.185799+00:00,2026-09-06T14:26:52.343917+00:00,0.158,VALID,valid,,a9ff4a5e1dc0fea65b63e2b366814c1860f04110,a1d260b660c93e47a466deb9c00f26c880973356f7da4eda00cb8ec57cab044d,raw/E13-ca_ztcf-20260911-20260906T142652228703Z
a001416,E13-ca_ztcf-20260912-20260906T142652398217Z,E13,ca_ztcf,20260912,devices=25,primary,2026-09-06T14:26:52.356049+00:00,2026-09-06T14:26:52.517234+00:00,0.161,VALID,valid,,a9ff4a5e1dc0fea65b63e2b366814c1860f04110,a1d260b660c93e47a466deb9c00f26c880973356f7da4eda00cb8ec57cab044d,raw/E13-ca_ztcf-20260912-20260906T142652398217Z
a001417,E13-ca_ztcf-20260913-20260906T142652573625Z,E13,ca_ztcf,20260913,devices=25,primary,2026-09-06T14:26:52.529322+00:00,2026-09-06T14:26:52.692381+00:00,0.163,VALID,valid,,a9ff4a5e1dc0fea65b63e2b366814c1860f04110,a1d260b660c93e47a466deb9c00f26c880973356f7da4eda00cb8ec57cab044d,raw/E13-ca_ztcf-20260913-20260906T142652573625Z
a001418,E13-ca_ztcf-20260914-20260906T142652748689Z,E13,ca_ztcf,20260914,devices=25,primary,2026-09-06T14:26:52.705120+00:00,2026-09-06T14:26:52.866165+00:00,0.161,VALID,valid,,a9ff4a5e1dc0fea65b63e2b366814c1860f04110,a1d260b660c93e47a466deb9c00f26c880973356f7da4eda00cb8ec57cab044d,raw/E13-ca_ztcf-20260914-20260906T142652748689Z
a001419,E13-ca_ztcf-20260915-20260906T142652919780Z,E13,ca_ztcf,20260915,devices=25,primary,2026-09-06T14:26:52.877918+00:00,2026-09-06T14:26:53.037211+00:00,0.159,VALID,valid,,a9ff4a5e1dc0fea65b63e2b366814c1860f04110,a1d260b660c93e47a466deb9c00f26c880973356f7da4eda00cb8ec57cab044d,raw/E13-ca_ztcf-20260915-20260906T142652919780Z
a001420,E13-ca_ztcf-20260916-20260906T142653091500Z,E13,ca_ztcf,20260916,devices=25,primary,2026-09-06T14:26:53.049039+00:00,2026-09-06T14:26:53.209850+00:00,0.161,VALID,valid,,a9ff4a5e1dc0fea65b63e2b366814c1860f04110,a1d260b660c93e47a466deb9c00f26c880973356f7da4eda00cb8ec57cab044d,raw/E13-ca_ztcf-20260916-20260906T142653091500Z
a001421,E13-ca_ztcf-20260917-20260906T142653265037Z,E13,ca_ztcf,20260917,devices=25,primary,2026-09-06T14:26:53.222334+00:00,2026-09-06T14:26:53.381030+00:00,0.159,VALID,valid,,a9ff4a5e1dc0fea65b63e2b366814c1860f04110,a1d260b660c93e47a466deb9c00f26c880973356f7da4eda00cb8ec57cab044d,raw/E13-ca_ztcf-20260917-20260906T142653265037Z
a001422,E13-ca_ztcf-20260918-20260906T142653434130Z,E13,ca_ztcf,20260918,devices=25,primary,2026-09-06T14:26:53.392505+00:00,2026-09-06T14:26:53.543866+00:00,0.151,VALID,valid,,a9ff4a5e1dc0fea65b63e2b366814c1860f04110,a1d260b660c93e47a466deb9c00f26c880973356f7da4eda00cb8ec57cab044d,raw/E13-ca_ztcf-20260918-20260906T142653434130Z
a001423,E13-ca_ztcf-20260919-20260906T142653598773Z,E13,ca_ztcf,20260919,devices=25,primary,2026-09-06T14:26:53.555660+00:00,2026-09-06T14:26:53.723490+00:00,0.168,VALID,valid,,a9ff4a5e1dc0fea65b63e2b366814c1860f04110,a1d260b660c93e47a466deb9c00f26c880973356f7da4eda00cb8ec57cab044d,raw/E13-ca_ztcf-20260919-20260906T142653598773Z
a001424,E13-ca_ztcf-20260920-20260906T142653781207Z,E13,ca_ztcf,20260920,devices=25,primary,2026-09-06T14:26:53.736003+00:00,2026-09-06T14:26:53.923713+00:00,0.188,VALID,valid,,a9ff4a5e1dc0fea65b63e2b366814c1860f04110,a1d260b660c93e47a466deb9c00f26c880973356f7da4eda00cb8ec57cab044d,raw/E13-ca_ztcf-20260920-20260906T142653781207Z
a001425,E13-ca_ztcf-20260921-20260906T142653980597Z,E13,ca_ztcf,20260921,devices=25,primary,2026-09-06T14:26:53.936299+00:00,2026-09-06T14:26:54.102596+00:00,0.166,VALID,valid,,a9ff4a5e1dc0fea65b63e2b366814c1860f04110,a1d260b660c93e47a466deb9c00f26c880973356f7da4eda00cb8ec57cab044d,raw/E13-ca_ztcf-20260921-20260906T142653980597Z
a001426,E13-ca_ztcf-20260922-20260906T142654159524Z,E13,ca_ztcf,20260922,devices=25,primary,2026-09-06T14:26:54.114991+00:00,2026-09-06T14:26:54.279164+00:00,0.164,VALID,valid,,a9ff4a5e1dc0fea65b63e2b366814c1860f04110,a1d260b660c93e47a466deb9c00f26c880973356f7da4eda00cb8ec57cab044d,raw/E13-ca_ztcf-20260922-20260906T142654159524Z
a001427,E13-ca_ztcf-20260923-20260906T142654334844Z,E13,ca_ztcf,20260923,devices=25,primary,2026-09-06T14:26:54.291886+00:00,2026-09-06T14:26:54.452385+00:00,0.16,VALID,valid,,a9ff4a5e1dc0fea65b63e2b366814c1860f04110,a1d260b660c93e47a466deb9c00f26c880973356f7da4eda00cb8ec57cab044d,raw/E13-ca_ztcf-20260923-20260906T142654334844Z
a001428,E13-ca_ztcf-20260924-20260906T142654508066Z,E13,ca_ztcf,20260924,devices=25,primary,2026-09-06T14:26:54.464365+00:00,2026-09-06T14:26:54.621770+00:00,0.157,VALID,valid,,a9ff4a5e1dc0fea65b63e2b366814c1860f04110,a1d260b660c93e47a466deb9c00f26c880973356f7da4eda00cb8ec57cab044d,raw/E13-ca_ztcf-20260924-20260906T142654508066Z
a001429,E13-ca_ztcf-20260925-20260906T142654675496Z,E13,ca_ztcf,20260925,devices=25,primary,2026-09-06T14:26:54.633612+00:00,2026-09-06T14:26:54.794151+00:00,0.161,VALID,valid,,a9ff4a5e1dc0fea65b63e2b366814c1860f04110,a1d260b660c93e47a466deb9c00f26c880973356f7da4eda00cb8ec57cab044d,raw/E13-ca_ztcf-20260925-20260906T142654675496Z
a001430,E13-ca_ztcf-20260926-20260906T142654849703Z,E13,ca_ztcf,20260926,devices=25,primary,2026-09-06T14:26:54.806727+00:00,2026-09-06T14:26:54.952659+00:00,0.146,VALID,valid,,a9ff4a5e1dc0fea65b63e2b366814c1860f04110,a1d260b660c93e47a466deb9c00f26c880973356f7da4eda00cb8ec57cab044d,raw/E13-ca_ztcf-20260926-20260906T142654849703Z
a001431,E13-ca_ztcf-20260927-20260906T142655007040Z,E13,ca_ztcf,20260927,devices=25,primary,2026-09-06T14:26:54.965046+00:00,2026-09-06T14:26:55.132397+00:00,0.167,VALID,valid,,a9ff4a5e1dc0fea65b63e2b366814c1860f04110,a1d260b660c93e47a466deb9c00f26c880973356f7da4eda00cb8ec57cab044d,raw/E13-ca_ztcf-20260927-20260906T142655007040Z
a001432,E13-ca_ztcf-20260928-20260906T142655185641Z,E13,ca_ztcf,20260928,devices=25,primary,2026-09-06T14:26:55.144138+00:00,2026-09-06T14:26:55.301438+00:00,0.157,VALID,valid,,a9ff4a5e1dc0fea65b63e2b366814c1860f04110,a1d260b660c93e47a466deb9c00f26c880973356f7da4eda00cb8ec57cab044d,raw/E13-ca_ztcf-20260928-20260906T142655185641Z
a001433,E13-ca_ztcf-20260929-20260906T142655356067Z,E13,ca_ztcf,20260929,devices=25,primary,2026-09-06T14:26:55.314049+00:00,2026-09-06T14:26:55.471396+00:00,0.157,VALID,valid,,a9ff4a5e1dc0fea65b63e2b366814c1860f04110,a1d260b660c93e47a466deb9c00f26c880973356f7da4eda00cb8ec57cab044d,raw/E13-ca_ztcf-20260929-20260906T142655356067Z
a001434,E13-ca_ztcf-20260930-20260906T142655524761Z,E13,ca_ztcf,20260930,devices=25,primary,2026-09-06T14:26:55.483340+00:00,2026-09-06T14:26:55.628695+00:00,0.145,VALID,valid,,a9ff4a5e1dc0fea65b63e2b366814c1860f04110,a1d260b660c93e47a466deb9c00f26c880973356f7da4eda00cb8ec57cab044d,raw/E13-ca_ztcf-20260930-20260906T142655524761Z
a001435,E13-ca_ztcf-20260931-20260906T142655681935Z,E13,ca_ztcf,20260931,devices=25,primary,2026-09-06T14:26:55.640510+00:00,2026-09-06T14:26:55.801115+00:00,0.161,VALID,valid,,a9ff4a5e1dc0fea65b63e2b366814c1860f04110,a1d260b660c93e47a466deb9c00f26c880973356f7da4eda00cb8ec57cab044d,raw/E13-ca_ztcf-20260931-20260906T142655681935Z
a001436,E13-ca_ztcf-20260932-20260906T142655854342Z,E13,ca_ztcf,20260932,devices=25,primary,2026-09-06T14:26:55.812732+00:00,2026-09-06T14:26:55.972271+00:00,0.16,VALID,valid,,a9ff4a5e1dc0fea65b63e2b366814c1860f04110,a1d260b660c93e47a466deb9c00f26c880973356f7da4eda00cb8ec57cab044d,raw/E13-ca_ztcf-20260932-20260906T142655854342Z
a001437,E13-ca_ztcf-20260933-20260906T142656025660Z,E13,ca_ztcf,20260933,devices=25,primary,2026-09-06T14:26:55.983792+00:00,2026-09-06T14:26:56.138255+00:00,0.154,VALID,valid,,a9ff4a5e1dc0fea65b63e2b366814c1860f04110,a1d260b660c93e47a466deb9c00f26c880973356f7da4eda00cb8ec57cab044d,raw/E13-ca_ztcf-20260933-20260906T142656025660Z
a001438,E13-ca_ztcf-20260934-20260906T142656191987Z,E13,ca_ztcf,20260934,devices=25,primary,2026-09-06T14:26:56.149982+00:00,2026-09-06T14:26:56.306942+00:00,0.157,VALID,valid,,a9ff4a5e1dc0fea65b63e2b366814c1860f04110,a1d260b660c93e47a466deb9c00f26c880973356f7da4eda00cb8ec57cab044d,raw/E13-ca_ztcf-20260934-20260906T142656191987Z
a001439,E13-ca_ztcf-20260935-20260906T142656361760Z,E13,ca_ztcf,20260935,devices=25,primary,2026-09-06T14:26:56.319748+00:00,2026-09-06T14:26:56.479209+00:00,0.159,VALID,valid,,a9ff4a5e1dc0fea65b63e2b366814c1860f04110,a1d260b660c93e47a466deb9c00f26c880973356f7da4eda00cb8ec57cab044d,raw/E13-ca_ztcf-20260935-20260906T142656361760Z
a001440,E13-ca_ztcf-20260936-20260906T142656533808Z,E13,ca_ztcf,20260936,devices=25,primary,2026-09-06T14:26:56.490575+00:00,2026-09-06T14:26:56.644118+00:00,0.154,VALID,valid,,a9ff4a5e1dc0fea65b63e2b366814c1860f04110,a1d260b660c93e47a466deb9c00f26c880973356f7da4eda00cb8ec57cab044d,raw/E13-ca_ztcf-20260936-20260906T142656533808Z
a001441,E14-independent-20260907-20260906T142656698176Z,E14,independent,20260907,default,primary,2026-09-06T14:26:56.656009+00:00,2026-09-06T14:26:56.792597+00:00,0.137,VALID,valid,,a9ff4a5e1dc0fea65b63e2b366814c1860f04110,a1d260b660c93e47a466deb9c00f26c880973356f7da4eda00cb8ec57cab044d,raw/E14-independent-20260907-20260906T142656698176Z
a001442,E14-independent-20260908-20260906T142656845907Z,E14,independent,20260908,default,primary,2026-09-06T14:26:56.804273+00:00,2026-09-06T14:26:56.939561+00:00,0.135,VALID,valid,,a9ff4a5e1dc0fea65b63e2b366814c1860f04110,a1d260b660c93e47a466deb9c00f26c880973356f7da4eda00cb8ec57cab044d,raw/E14-independent-20260908-20260906T142656845907Z
a001443,E14-independent-20260909-20260906T142656994463Z,E14,independent,20260909,default,primary,2026-09-06T14:26:56.952210+00:00,2026-09-06T14:26:57.086757+00:00,0.135,VALID,valid,,a9ff4a5e1dc0fea65b63e2b366814c1860f04110,a1d260b660c93e47a466deb9c00f26c880973356f7da4eda00cb8ec57cab044d,raw/E14-independent-20260909-20260906T142656994463Z
a001444,E14-independent-20260910-20260906T142657141305Z,E14,independent,20260910,default,primary,2026-09-06T14:26:57.098828+00:00,2026-09-06T14:26:57.235541+00:00,0.137,VALID,valid,,a9ff4a5e1dc0fea65b63e2b366814c1860f04110,a1d260b660c93e47a466deb9c00f26c880973356f7da4eda00cb8ec57cab044d,raw/E14-independent-20260910-20260906T142657141305Z
a001445,E14-independent-20260911-20260906T142657289523Z,E14,independent,20260911,default,primary,2026-09-06T14:26:57.248046+00:00,2026-09-06T14:26:57.381366+00:00,0.133,VALID,valid,,a9ff4a5e1dc0fea65b63e2b366814c1860f04110,a1d260b660c93e47a466deb9c00f26c880973356f7da4eda00cb8ec57cab044d,raw/E14-independent-20260911-20260906T142657289523Z
a001446,E14-independent-20260912-20260906T142657434512Z,E14,independent,20260912,default,primary,2026-09-06T14:26:57.393091+00:00,2026-09-06T14:26:57.529341+00:00,0.136,VALID,valid,,a9ff4a5e1dc0fea65b63e2b366814c1860f04110,a1d260b660c93e47a466deb9c00f26c880973356f7da4eda00cb8ec57cab044d,raw/E14-independent-20260912-20260906T142657434512Z
a001447,E14-independent-20260913-20260906T142657583631Z,E14,independent,20260913,default,primary,2026-09-06T14:26:57.541878+00:00,2026-09-06T14:26:57.683667+00:00,0.142,VALID,valid,,a9ff4a5e1dc0fea65b63e2b366814c1860f04110,a1d260b660c93e47a466deb9c00f26c880973356f7da4eda00cb8ec57cab044d,raw/E14-independent-20260913-20260906T142657583631Z
a001448,E14-independent-20260914-20260906T142657737183Z,E14,independent,20260914,default,primary,2026-09-06T14:26:57.695335+00:00,2026-09-06T14:26:57.828560+00:00,0.133,VALID,valid,,a9ff4a5e1dc0fea65b63e2b366814c1860f04110,a1d260b660c93e47a466deb9c00f26c880973356f7da4eda00cb8ec57cab044d,raw/E14-independent-20260914-20260906T142657737183Z
a001449,E14-independent-20260915-20260906T142657882887Z,E14,independent,20260915,default,primary,2026-09-06T14:26:57.840922+00:00,2026-09-06T14:26:57.976452+00:00,0.136,VALID,valid,,a9ff4a5e1dc0fea65b63e2b366814c1860f04110,a1d260b660c93e47a466deb9c00f26c880973356f7da4eda00cb8ec57cab044d,raw/E14-independent-20260915-20260906T142657882887Z
a001450,E14-independent-20260916-20260906T142658029987Z,E14,independent,20260916,default,primary,2026-09-06T14:26:57.988131+00:00,2026-09-06T14:26:58.112969+00:00,0.125,VALID,valid,,a9ff4a5e1dc0fea65b63e2b366814c1860f04110,a1d260b660c93e47a466deb9c00f26c880973356f7da4eda00cb8ec57cab044d,raw/E14-independent-20260916-20260906T142658029987Z
a001451,E14-independent-20260917-20260906T142658166958Z,E14,independent,20260917,default,primary,2026-09-06T14:26:58.125112+00:00,2026-09-06T14:26:58.258051+00:00,0.133,VALID,valid,,a9ff4a5e1dc0fea65b63e2b366814c1860f04110,a1d260b660c93e47a466deb9c00f26c880973356f7da4eda00cb8ec57cab044d,raw/E14-independent-20260917-20260906T142658166958Z
a001452,E14-independent-20260918-20260906T142658312400Z,E14,independent,20260918,default,primary,2026-09-06T14:26:58.269992+00:00,2026-09-06T14:26:58.404326+00:00,0.134,VALID,valid,,a9ff4a5e1dc0fea65b63e2b366814c1860f04110,a1d260b660c93e47a466deb9c00f26c880973356f7da4eda00cb8ec57cab044d,raw/E14-independent-20260918-20260906T142658312400Z
a001453,E14-independent-20260919-20260906T142658457750Z,E14,independent,20260919,default,primary,2026-09-06T14:26:58.416082+00:00,2026-09-06T14:26:58.444603+00:00,0.161,VALID,valid,,a9ff4a5e1dc0fea65b63e2b366814c1860f04110,a1d260b660c93e47a466deb9c00f26c880973356f7da4eda00cb8ec57cab044d,raw/E14-independent-20260919-20260906T142658457750Z
a001454,E14-independent-20260920-20260906T142658498388Z,E14,independent,20260920,default,primary,2026-09-06T14:26:58.456159+00:00,2026-09-06T14:26:58.592705+00:00,0.137,VALID,valid,,a9ff4a5e1dc0fea65b63e2b366814c1860f04110,a1d260b660c93e47a466deb9c00f26c880973356f7da4eda00cb8ec57cab044d,raw/E14-independent-20260920-20260906T142658498388Z
a001455,E14-independent-20260921-20260906T142658646302Z,E14,independent,20260921,default,primary,2026-09-06T14:26:58.604345+00:00,2026-09-06T14:26:58.738699+00:00,0.134,VALID,valid,,a9ff4a5e1dc0fea65b63e2b366814c1860f04110,a1d260b660c93e47a466deb9c00f26c880973356f7da4eda00cb8ec57cab044d,raw/E14-independent-20260921-20260906T142658646302Z
a001456,E14-independent-20260922-20260906T142658791777Z,E14,independent,20260922,default,primary,2026-09-06T14:26:58.750322+00:00,2026-09-06T14:26:58.883231+00:00,0.133,VALID,valid,,a9ff4a5e1dc0fea65b63e2b366814c1860f04110,a1d260b660c93e47a466deb9c00f26c880973356f7da4eda00cb8ec57cab044d,raw/E14-independent-20260922-20260906T142658791777Z
a001457,E14-independent-20260923-20260906T142658937141Z,E14,independent,20260923,default,primary,2026-09-06T14:26:58.895390+00:00,2026-09-06T14:26:59.028829+00:00,0.133,VALID,valid,,a9ff4a5e1dc0fea65b63e2b366814c1860f04110,a1d260b660c93e47a466deb9c00f26c880973356f7da4eda00cb8ec57cab044d,raw/E14-independent-20260923-20260906T142658937141Z
a001458,E14-independent-20260924-20260906T142659082804Z,E14,independent,20260924,default,primary,2026-09-06T14:26:59.040907+00:00,2026-09-06T14:26:59.179356+00:00,0.138,VALID,valid,,a9ff4a5e1dc0fea65b63e2b366814c1860f04110,a1d260b660c93e47a466deb9c00f26c880973356f7da4eda00cb8ec57cab044d,raw/E14-independent-20260924-20260906T142659082804Z
a001459,E14-independent-20260925-20260906T142659235655Z,E14,independent,20260925,default,primary,2026-09-06T14:26:59.191769+00:00,2026-09-06T14:26:59.329930+00:00,0.138,VALID,valid,,a9ff4a5e1dc0fea65b63e2b366814c1860f04110,a1d260b660c93e47a466deb9c00f26c880973356f7da4eda00cb8ec57cab044d,raw/E14-independent-20260925-20260906T142659235655Z
a001460,E14-independent-20260926-20260906T142659384149Z,E14,independent,20260926,default,primary,2026-09-06T14:26:59.341900+00:00,2026-09-06T14:26:59.480799+00:00,0.139,VALID,valid,,a9ff4a5e1dc0fea65b63e2b366814c1860f04110,a1d260b660c93e47a466deb9c00f26c880973356f7da4eda00cb8ec57cab044d,raw/E14-independent-20260926-20260906T142659384149Z
a001461,E14-independent-20260927-20260906T142659537735Z,E14,independent,20260927,default,primary,2026-09-06T14:26:59.494271+00:00,2026-09-06T14:26:59.629783+00:00,0.136,VALID,valid,,a9ff4a5e1dc0fea65b63e2b366814c1860f04110,a1d260b660c93e47a466deb9c00f26c880973356f7da4eda00cb8ec57cab044d,raw/E14-independent-20260927-20260906T142659537735Z
a001462,E14-independent-20260928-20260906T142659685838Z,E14,independent,20260928,default,primary,2026-09-06T14:26:59.642705+00:00,2026-09-06T14:26:59.783499+00:00,0.141,VALID,valid,,a9ff4a5e1dc0fea65b63e2b366814c1860f04110,a1d260b660c93e47a466deb9c00f26c880973356f7da4eda00cb8ec57cab044d,raw/E14-independent-20260928-20260906T142659685838Z
a001463,E14-independent-20260929-20260906T142659837448Z,E14,independent,20260929,default,primary,2026-09-06T14:26:59.795372+00:00,2026-09-06T14:26:59.934110+00:00,0.139,VALID,valid,,a9ff4a5e1dc0fea65b63e2b366814c1860f04110,a1d260b660c93e47a466deb9c00f26c880973356f7da4eda00cb8ec57cab044d,raw/E14-independent-20260929-20260906T142659837448Z
a001464,E14-independent-20260930-20260906T142659989359Z,E14,independent,20260930,default,primary,2026-09-06T14:26:59.946532+00:00,2026-09-06T14:27:00.070879+00:00,0.124,VALID,valid,,a9ff4a5e1dc0fea65b63e2b366814c1860f04110,a1d260b660c93e47a466deb9c00f26c880973356f7da4eda00cb8ec57cab044d,raw/E14-independent-20260930-20260906T142659989359Z
a001465,E14-independent-20260931-20260906T142700124633Z,E14,independent,20260931,default,primary,2026-09-06T14:27:00.082686+00:00,2026-09-06T14:27:00.218928+00:00,0.136,VALID,valid,,a9ff4a5e1dc0fea65b63e2b366814c1860f04110,a1d260b660c93e47a466deb9c00f26c880973356f7da4eda00cb8ec57cab044d,raw/E14-independent-20260931-20260906T142700124633Z
a001466,E14-independent-20260932-20260906T142700277465Z,E14,independent,20260932,default,primary,2026-09-06T14:27:00.232286+00:00,2026-09-06T14:27:00.374586+00:00,0.142,VALID,valid,,a9ff4a5e1dc0fea65b63e2b366814c1860f04110,a1d260b660c93e47a466deb9c00f26c880973356f7da4eda00cb8ec57cab044d,raw/E14-independent-20260932-20260906T142700277465Z
a001467,E14-independent-20260933-20260906T142700429374Z,E14,independent,20260933,default,primary,2026-09-06T14:27:00.386838+00:00,2026-09-06T14:27:00.529723+00:00,0.143,VALID,valid,,a9ff4a5e1dc0fea65b63e2b366814c1860f04110,a1d260b660c93e47a466deb9c00f26c880973356f7da4eda00cb8ec57cab044d,raw/E14-independent-20260933-20260906T142700429374Z
a001468,E14-independent-20260934-20260906T142700583464Z,E14,independent,20260934,default,primary,2026-09-06T14:27:00.541571+00:00,2026-09-06T14:27:00.678691+00:00,0.137,VALID,valid,,a9ff4a5e1dc0fea65b63e2b366814c1860f04110,a1d260b660c93e47a466deb9c00f26c880973356f7da4eda00cb8ec57cab044d,raw/E14-independent-20260934-20260906T142700583464Z
a001469,E14-independent-20260935-20260906T142700754304Z,E14,independent,20260935,default,primary,2026-09-06T14:27:00.690626+00:00,2026-09-06T14:27:00.856805+00:00,0.166,VALID,valid,,a9ff4a5e1dc0fea65b63e2b366814c1860f04110,a1d260b660c93e47a466deb9c00f26c880973356f7da4eda00cb8ec57cab044d,raw/E14-independent-20260935-20260906T142700754304Z
a001470,E14-independent-20260936-20260906T142700913507Z,E14,independent,20260936,default,primary,2026-09-06T14:27:00.870224+00:00,2026-09-06T14:27:01.009118+00:00,0.139,VALID,valid,,a9ff4a5e1dc0fea65b63e2b366814c1860f04110,a1d260b660c93e47a466deb9c00f26c880973356f7da4eda00cb8ec57cab044d,raw/E14-independent-20260936-20260906T142700913507Z
a001471,E14-static_continuity-20260907-20260906T142701063269Z,E14,static_continuity,20260907,default,primary,2026-09-06T14:27:01.020900+00:00,2026-09-06T14:27:01.158962+00:00,0.138,VALID,valid,,a9ff4a5e1dc0fea65b63e2b366814c1860f04110,a1d260b660c93e47a466deb9c00f26c880973356f7da4eda00cb8ec57cab044d,raw/E14-static_continuity-20260907-20260906T142701063269Z
a001472,E14-static_continuity-20260908-20260906T142701213028Z,E14,static_continuity,20260908,default,primary,2026-09-06T14:27:01.170540+00:00,2026-09-06T14:27:01.306067+00:00,0.136,VALID,valid,,a9ff4a5e1dc0fea65b63e2b366814c1860f04110,a1d260b660c93e47a466deb9c00f26c880973356f7da4eda00cb8ec57cab044d,raw/E14-static_continuity-20260908-20260906T142701213028Z
a001473,E14-static_continuity-20260909-20260906T142701359403Z,E14,static_continuity,20260909,default,primary,2026-09-06T14:27:01.317735+00:00,2026-09-06T14:27:01.457387+00:00,0.14,VALID,valid,,a9ff4a5e1dc0fea65b63e2b366814c1860f04110,a1d260b660c93e47a466deb9c00f26c880973356f7da4eda00cb8ec57cab044d,raw/E14-static_continuity-20260909-20260906T142701359403Z
a001474,E14-static_continuity-20260910-20260906T142701512007Z,E14,static_continuity,20260910,default,primary,2026-09-06T14:27:01.469657+00:00,2026-09-06T14:27:01.596341+00:00,0.127,VALID,valid,,a9ff4a5e1dc0fea65b63e2b366814c1860f04110,a1d260b660c93e47a466deb9c00f26c880973356f7da4eda00cb8ec57cab044d,raw/E14-static_continuity-20260910-20260906T142701512007Z
a001475,E14-static_continuity-20260911-20260906T142701650535Z,E14,static_continuity,20260911,default,primary,2026-09-06T14:27:01.608685+00:00,2026-09-06T14:27:01.753042+00:00,0.144,VALID,valid,,a9ff4a5e1dc0fea65b63e2b366814c1860f04110,a1d260b660c93e47a466deb9c00f26c880973356f7da4eda00cb8ec57cab044d,raw/E14-static_continuity-20260911-20260906T142701650535Z
a001476,E14-static_continuity-20260912-20260906T142701808381Z,E14,static_continuity,20260912,default,primary,2026-09-06T14:27:01.765100+00:00,2026-09-06T14:27:01.910823+00:00,0.146,VALID,valid,,a9ff4a5e1dc0fea65b63e2b366814c1860f04110,a1d260b660c93e47a466deb9c00f26c880973356f7da4eda00cb8ec57cab044d,raw/E14-static_continuity-20260912-20260906T142701808381Z
a001477,E14-static_continuity-20260913-20260906T142701965436Z,E14,static_continuity,20260913,default,primary,2026-09-06T14:27:01.923147+00:00,2026-09-06T14:27:02.050122+00:00,0.127,VALID,valid,,a9ff4a5e1dc0fea65b63e2b366814c1860f04110,a1d260b660c93e47a466deb9c00f26c880973356f7da4eda00cb8ec57cab044d,raw/E14-static_continuity-20260913-20260906T142701965436Z
a001478,E14-static_continuity-20260914-20260906T142702104640Z,E14,static_continuity,20260914,default,primary,2026-09-06T14:27:02.062533+00:00,2026-09-06T14:27:02.205461+00:00,0.143,VALID,valid,,a9ff4a5e1dc0fea65b63e2b366814c1860f04110,a1d260b660c93e47a466deb9c00f26c880973356f7da4eda00cb8ec57cab044d,raw/E14-static_continuity-20260914-20260906T142702104640Z
a001479,E14-static_continuity-20260915-20260906T142702259579Z,E14,static_continuity,20260915,default,primary,2026-09-06T14:27:02.217538+00:00,2026-09-06T14:27:02.348266+00:00,0.131,VALID,valid,,a9ff4a5e1dc0fea65b63e2b366814c1860f04110,a1d260b660c93e47a466deb9c00f26c880973356f7da4eda00cb8ec57cab044d,raw/E14-static_continuity-20260915-20260906T142702259579Z
a001480,E14-static_continuity-20260916-20260906T142702401898Z,E14,static_continuity,20260916,default,primary,2026-09-06T14:27:02.360138+00:00,2026-09-06T14:27:02.492065+00:00,0.132,VALID,valid,,a9ff4a5e1dc0fea65b63e2b366814c1860f04110,a1d260b660c93e47a466deb9c00f26c880973356f7da4eda00cb8ec57cab044d,raw/E14-static_continuity-20260916-20260906T142702401898Z
a001481,E14-static_continuity-20260917-20260906T142702547107Z,E14,static_continuity,20260917,default,primary,2026-09-06T14:27:02.503573+00:00,2026-09-06T14:27:02.647692+00:00,0.144,VALID,valid,,a9ff4a5e1dc0fea65b63e2b366814c1860f04110,a1d260b660c93e47a466deb9c00f26c880973356f7da4eda00cb8ec57cab044d,raw/E14-static_continuity-20260917-20260906T142702547107Z
a001482,E14-static_continuity-20260918-20260906T142702703022Z,E14,static_continuity,20260918,default,primary,2026-09-06T14:27:02.659713+00:00,2026-09-06T14:27:02.805320+00:00,0.146,VALID,valid,,a9ff4a5e1dc0fea65b63e2b366814c1860f04110,a1d260b660c93e47a466deb9c00f26c880973356f7da4eda00cb8ec57cab044d,raw/E14-static_continuity-20260918-20260906T142702703022Z
a001483,E14-static_continuity-20260919-20260906T142702859957Z,E14,static_continuity,20260919,default,primary,2026-09-06T14:27:02.817244+00:00,2026-09-06T14:27:02.957970+00:00,0.141,VALID,valid,,a9ff4a5e1dc0fea65b63e2b366814c1860f04110,a1d260b660c93e47a466deb9c00f26c880973356f7da4eda00cb8ec57cab044d,raw/E14-static_continuity-20260919-20260906T142702859957Z
a001484,E14-static_continuity-20260920-20260906T142703012557Z,E14,static_continuity,20260920,default,primary,2026-09-06T14:27:02.969683+00:00,2026-09-06T14:27:03.097316+00:00,0.128,VALID,valid,,a9ff4a5e1dc0fea65b63e2b366814c1860f04110,a1d260b660c93e47a466deb9c00f26c880973356f7da4eda00cb8ec57cab044d,raw/E14-static_continuity-20260920-20260906T142703012557Z
a001485,E14-static_continuity-20260921-20260906T142703151614Z,E14,static_continuity,20260921,default,primary,2026-09-06T14:27:03.108970+00:00,2026-09-06T14:27:03.250488+00:00,0.142,VALID,valid,,a9ff4a5e1dc0fea65b63e2b366814c1860f04110,a1d260b660c93e47a466deb9c00f26c880973356f7da4eda00cb8ec57cab044d,raw/E14-static_continuity-20260921-20260906T142703151614Z
a001486,E14-static_continuity-20260922-20260906T142703304241Z,E14,static_continuity,20260922,default,primary,2026-09-06T14:27:03.262425+00:00,2026-09-06T14:27:03.394305+00:00,0.132,VALID,valid,,a9ff4a5e1dc0fea65b63e2b366814c1860f04110,a1d260b660c93e47a466deb9c00f26c880973356f7da4eda00cb8ec57cab044d,raw/E14-static_continuity-20260922-20260906T142703304241Z
a001487,E14-static_continuity-20260923-20260906T142703447942Z,E14,static_continuity,20260923,default,primary,2026-09-06T14:27:03.406051+00:00,2026-09-06T14:27:03.540567+00:00,0.135,VALID,valid,,a9ff4a5e1dc0fea65b63e2b366814c1860f04110,a1d260b660c93e47a466deb9c00f26c880973356f7da4eda00cb8ec57cab044d,raw/E14-static_continuity-20260923-20260906T142703447942Z
a001488,E14-static_continuity-20260924-20260906T142703594040Z,E14,static_continuity,20260924,default,primary,2026-09-06T14:27:03.552477+00:00,2026-09-06T14:27:03.687660+00:00,0.135,VALID,valid,,a9ff4a5e1dc0fea65b63e2b366814c1860f04110,a1d260b660c93e47a466deb9c00f26c880973356f7da4eda00cb8ec57cab044d,raw/E14-static_continuity-20260924-20260906T142703594040Z
a001489,E14-static_continuity-20260925-20260906T142703741621Z,E14,static_continuity,20260925,default,primary,2026-09-06T14:27:03.699605+00:00,2026-09-06T14:27:03.836706+00:00,0.137,VALID,valid,,a9ff4a5e1dc0fea65b63e2b366814c1860f04110,a1d260b660c93e47a466deb9c00f26c880973356f7da4eda00cb8ec57cab044d,raw/E14-static_continuity-20260925-20260906T142703741621Z
a001490,E14-static_continuity-20260926-20260906T142703903558Z,E14,static_continuity,20260926,default,primary,2026-09-06T14:27:03.849281+00:00,2026-09-06T14:27:03.997476+00:00,0.148,VALID,valid,,a9ff4a5e1dc0fea65b63e2b366814c1860f04110,a1d260b660c93e47a466deb9c00f26c880973356f7da4eda00cb8ec57cab044d,raw/E14-static_continuity-20260926-20260906T142703903558Z
a001491,E14-static_continuity-20260927-20260906T142704054066Z,E14,static_continuity,20260927,default,primary,2026-09-06T14:27:04.010214+00:00,2026-09-06T14:27:04.156022+00:00,0.146,VALID,valid,,a9ff4a5e1dc0fea65b63e2b366814c1860f04110,a1d260b660c93e47a466deb9c00f26c880973356f7da4eda00cb8ec57cab044d,raw/E14-static_continuity-20260927-20260906T142704054066Z
a001492,E14-static_continuity-20260928-20260906T142704211414Z,E14,static_continuity,20260928,default,primary,2026-09-06T14:27:04.168311+00:00,2026-09-06T14:27:04.302649+00:00,0.134,VALID,valid,,a9ff4a5e1dc0fea65b63e2b366814c1860f04110,a1d260b660c93e47a466deb9c00f26c880973356f7da4eda00cb8ec57cab044d,raw/E14-static_continuity-20260928-20260906T142704211414Z
a001493,E14-static_continuity-20260929-20260906T142704357251Z,E14,static_continuity,20260929,default,primary,2026-09-06T14:27:04.315010+00:00,2026-09-06T14:27:04.449990+00:00,0.135,VALID,valid,,a9ff4a5e1dc0fea65b63e2b366814c1860f04110,a1d260b660c93e47a466deb9c00f26c880973356f7da4eda00cb8ec57cab044d,raw/E14-static_continuity-20260929-20260906T142704357251Z
a001494,E14-static_continuity-20260930-20260906T142704503752Z,E14,static_continuity,20260930,default,primary,2026-09-06T14:27:04.461663+00:00,2026-09-06T14:27:04.595450+00:00,0.134,VALID,valid,,a9ff4a5e1dc0fea65b63e2b366814c1860f04110,a1d260b660c93e47a466deb9c00f26c880973356f7da4eda00cb8ec57cab044d,raw/E14-static_continuity-20260930-20260906T142704503752Z
a001495,E14-static_continuity-20260931-20260906T142704649499Z,E14,static_continuity,20260931,default,primary,2026-09-06T14:27:04.607743+00:00,2026-09-06T14:27:04.736220+00:00,0.128,VALID,valid,,a9ff4a5e1dc0fea65b63e2b366814c1860f04110,a1d260b660c93e47a466deb9c00f26c880973356f7da4eda00cb8ec57cab044d,raw/E14-static_continuity-20260931-20260906T142704649499Z
a001496,E14-static_continuity-20260932-20260906T142704789476Z,E14,static_continuity,20260932,default,primary,2026-09-06T14:27:04.747507+00:00,2026-09-06T14:27:04.873353+00:00,0.126,VALID,valid,,a9ff4a5e1dc0fea65b63e2b366814c1860f04110,a1d260b660c93e47a466deb9c00f26c880973356f7da4eda00cb8ec57cab044d,raw/E14-static_continuity-20260932-20260906T142704789476Z
a001497,E14-static_continuity-20260933-20260906T142704929092Z,E14,static_continuity,20260933,default,primary,2026-09-06T14:27:04.885677+00:00,2026-09-06T14:27:05.020774+00:00,0.135,VALID,valid,,a9ff4a5e1dc0fea65b63e2b366814c1860f04110,a1d260b660c93e47a466deb9c00f26c880973356f7da4eda00cb8ec57cab044d,raw/E14-static_continuity-20260933-20260906T142704929092Z
a001498,E14-static_continuity-20260934-20260906T142705075362Z,E14,static_continuity,20260934,default,primary,2026-09-06T14:27:05.033169+00:00,2026-09-06T14:27:05.175152+00:00,0.142,VALID,valid,,a9ff4a5e1dc0fea65b63e2b366814c1860f04110,a1d260b660c93e47a466deb9c00f26c880973356f7da4eda00cb8ec57cab044d,raw/E14-static_continuity-20260934-20260906T142705075362Z
a001499,E14-static_continuity-20260935-20260906T142705230820Z,E14,static_continuity,20260935,default,primary,2026-09-06T14:27:05.188068+00:00,2026-09-06T14:27:05.328132+00:00,0.14,VALID,valid,,a9ff4a5e1dc0fea65b63e2b366814c1860f04110,a1d260b660c93e47a466deb9c00f26c880973356f7da4eda00cb8ec57cab044d,raw/E14-static_continuity-20260935-20260906T142705230820Z
a001500,E14-static_continuity-20260936-20260906T142705381831Z,E14,static_continuity,20260936,default,primary,2026-09-06T14:27:05.339823+00:00,2026-09-06T14:27:05.477667+00:00,0.138,VALID,valid,,a9ff4a5e1dc0fea65b63e2b366814c1860f04110,a1d260b660c93e47a466deb9c00f26c880973356f7da4eda00cb8ec57cab044d,raw/E14-static_continuity-20260936-20260906T142705381831Z
a001501,E14-ca_ztcf-20260907-20260906T142705530906Z,E14,ca_ztcf,20260907,default,primary,2026-09-06T14:27:05.489247+00:00,2026-09-06T14:27:05.639609+00:00,0.15,VALID,valid,,a9ff4a5e1dc0fea65b63e2b366814c1860f04110,a1d260b660c93e47a466deb9c00f26c880973356f7da4eda00cb8ec57cab044d,raw/E14-ca_ztcf-20260907-20260906T142705530906Z
a001502,E14-ca_ztcf-20260908-20260906T142705693888Z,E14,ca_ztcf,20260908,default,primary,2026-09-06T14:27:05.651339+00:00,2026-09-06T14:27:05.801545+00:00,0.15,VALID,valid,,a9ff4a5e1dc0fea65b63e2b366814c1860f04110,a1d260b660c93e47a466deb9c00f26c880973356f7da4eda00cb8ec57cab044d,raw/E14-ca_ztcf-20260908-20260906T142705693888Z
a001503,E14-ca_ztcf-20260909-20260906T142705855901Z,E14,ca_ztcf,20260909,default,primary,2026-09-06T14:27:05.813391+00:00,2026-09-06T14:27:05.971919+00:00,0.159,VALID,valid,,a9ff4a5e1dc0fea65b63e2b366814c1860f04110,a1d260b660c93e47a466deb9c00f26c880973356f7da4eda00cb8ec57cab044d,raw/E14-ca_ztcf-20260909-20260906T142705855901Z
a001504,E14-ca_ztcf-20260910-20260906T142706026809Z,E14,ca_ztcf,20260910,default,primary,2026-09-06T14:27:05.984159+00:00,2026-09-06T14:27:06.150576+00:00,0.166,VALID,valid,,a9ff4a5e1dc0fea65b63e2b366814c1860f04110,a1d260b660c93e47a466deb9c00f26c880973356f7da4eda00cb8ec57cab044d,raw/E14-ca_ztcf-20260910-20260906T142706026809Z
a001505,E14-ca_ztcf-20260911-20260906T142706204306Z,E14,ca_ztcf,20260911,default,primary,2026-09-06T14:27:06.161972+00:00,2026-09-06T14:27:06.313748+00:00,0.152,VALID,valid,,a9ff4a5e1dc0fea65b63e2b366814c1860f04110,a1d260b660c93e47a466deb9c00f26c880973356f7da4eda00cb8ec57cab044d,raw/E14-ca_ztcf-20260911-20260906T142706204306Z
a001506,E14-ca_ztcf-20260912-20260906T142706367580Z,E14,ca_ztcf,20260912,default,primary,2026-09-06T14:27:06.325474+00:00,2026-09-06T14:27:06.482372+00:00,0.157,VALID,valid,,a9ff4a5e1dc0fea65b63e2b366814c1860f04110,a1d260b660c93e47a466deb9c00f26c880973356f7da4eda00cb8ec57cab044d,raw/E14-ca_ztcf-20260912-20260906T142706367580Z
a001507,E14-ca_ztcf-20260913-20260906T142706536319Z,E14,ca_ztcf,20260913,default,primary,2026-09-06T14:27:06.494024+00:00,2026-09-06T14:27:06.648269+00:00,0.154,VALID,valid,,a9ff4a5e1dc0fea65b63e2b366814c1860f04110,a1d260b660c93e47a466deb9c00f26c880973356f7da4eda00cb8ec57cab044d,raw/E14-ca_ztcf-20260913-20260906T142706536319Z
a001508,E14-ca_ztcf-20260914-20260906T142706702255Z,E14,ca_ztcf,20260914,default,primary,2026-09-06T14:27:06.660541+00:00,2026-09-06T14:27:06.806354+00:00,0.146,VALID,valid,,a9ff4a5e1dc0fea65b63e2b366814c1860f04110,a1d260b660c93e47a466deb9c00f26c880973356f7da4eda00cb8ec57cab044d,raw/E14-ca_ztcf-20260914-20260906T142706702255Z
a001509,E14-ca_ztcf-20260915-20260906T142706860677Z,E14,ca_ztcf,20260915,default,primary,2026-09-06T14:27:06.818682+00:00,2026-09-06T14:27:06.980350+00:00,0.162,VALID,valid,,a9ff4a5e1dc0fea65b63e2b366814c1860f04110,a1d260b660c93e47a466deb9c00f26c880973356f7da4eda00cb8ec57cab044d,raw/E14-ca_ztcf-20260915-20260906T142706860677Z
a001510,E14-ca_ztcf-20260916-20260906T142707034363Z,E14,ca_ztcf,20260916,default,primary,2026-09-06T14:27:06.992128+00:00,2026-09-06T14:27:07.151498+00:00,0.159,VALID,valid,,a9ff4a5e1dc0fea65b63e2b366814c1860f04110,a1d260b660c93e47a466deb9c00f26c880973356f7da4eda00cb8ec57cab044d,raw/E14-ca_ztcf-20260916-20260906T142707034363Z
a001511,E14-ca_ztcf-20260917-20260906T142707204747Z,E14,ca_ztcf,20260917,default,primary,2026-09-06T14:27:07.163222+00:00,2026-09-06T14:27:07.317341+00:00,0.154,VALID,valid,,a9ff4a5e1dc0fea65b63e2b366814c1860f04110,a1d260b660c93e47a466deb9c00f26c880973356f7da4eda00cb8ec57cab044d,raw/E14-ca_ztcf-20260917-20260906T142707204747Z
a001512,E14-ca_ztcf-20260918-20260906T142707370445Z,E14,ca_ztcf,20260918,default,primary,2026-09-06T14:27:07.329026+00:00,2026-09-06T14:27:07.485868+00:00,0.157,VALID,valid,,a9ff4a5e1dc0fea65b63e2b366814c1860f04110,a1d260b660c93e47a466deb9c00f26c880973356f7da4eda00cb8ec57cab044d,raw/E14-ca_ztcf-20260918-20260906T142707370445Z
a001513,E14-ca_ztcf-20260919-20260906T142707538969Z,E14,ca_ztcf,20260919,default,primary,2026-09-06T14:27:07.497489+00:00,2026-09-06T14:27:07.651056+00:00,0.154,VALID,valid,,a9ff4a5e1dc0fea65b63e2b366814c1860f04110,a1d260b660c93e47a466deb9c00f26c880973356f7da4eda00cb8ec57cab044d,raw/E14-ca_ztcf-20260919-20260906T142707538969Z
a001514,E14-ca_ztcf-20260920-20260906T142707703927Z,E14,ca_ztcf,20260920,default,primary,2026-09-06T14:27:07.662692+00:00,2026-09-06T14:27:07.807413+00:00,0.145,VALID,valid,,a9ff4a5e1dc0fea65b63e2b366814c1860f04110,a1d260b660c93e47a466deb9c00f26c880973356f7da4eda00cb8ec57cab044d,raw/E14-ca_ztcf-20260920-20260906T142707703927Z
a001515,E14-ca_ztcf-20260921-20260906T142707862040Z,E14,ca_ztcf,20260921,default,primary,2026-09-06T14:27:07.819553+00:00,2026-09-06T14:27:07.970306+00:00,0.151,VALID,valid,,a9ff4a5e1dc0fea65b63e2b366814c1860f04110,a1d260b660c93e47a466deb9c00f26c880973356f7da4eda00cb8ec57cab044d,raw/E14-ca_ztcf-20260921-20260906T142707862040Z
a001516,E14-ca_ztcf-20260922-20260906T142708024274Z,E14,ca_ztcf,20260922,default,primary,2026-09-06T14:27:07.982209+00:00,2026-09-06T14:27:08.129583+00:00,0.147,VALID,valid,,a9ff4a5e1dc0fea65b63e2b366814c1860f04110,a1d260b660c93e47a466deb9c00f26c880973356f7da4eda00cb8ec57cab044d,raw/E14-ca_ztcf-20260922-20260906T142708024274Z
a001517,E14-ca_ztcf-20260923-20260906T142708182799Z,E14,ca_ztcf,20260923,default,primary,2026-09-06T14:27:08.141210+00:00,2026-09-06T14:27:08.299118+00:00,0.158,VALID,valid,,a9ff4a5e1dc0fea65b63e2b366814c1860f04110,a1d260b660c93e47a466deb9c00f26c880973356f7da4eda00cb8ec57cab044d,raw/E14-ca_ztcf-20260923-20260906T142708182799Z
a001518,E14-ca_ztcf-20260924-20260906T142708352206Z,E14,ca_ztcf,20260924,default,primary,2026-09-06T14:27:08.310780+00:00,2026-09-06T14:27:08.369740+00:00,0.178,VALID,valid,,a9ff4a5e1dc0fea65b63e2b366814c1860f04110,a1d260b660c93e47a466deb9c00f26c880973356f7da4eda00cb8ec57cab044d,raw/E14-ca_ztcf-20260924-20260906T142708352206Z
a001519,E14-ca_ztcf-20260925-20260906T142708423274Z,E14,ca_ztcf,20260925,default,primary,2026-09-06T14:27:08.382011+00:00,2026-09-06T14:27:08.541617+00:00,0.16,VALID,valid,,a9ff4a5e1dc0fea65b63e2b366814c1860f04110,a1d260b660c93e47a466deb9c00f26c880973356f7da4eda00cb8ec57cab044d,raw/E14-ca_ztcf-20260925-20260906T142708423274Z
a001520,E14-ca_ztcf-20260926-20260906T142708594079Z,E14,ca_ztcf,20260926,default,primary,2026-09-06T14:27:08.553048+00:00,2026-09-06T14:27:08.722373+00:00,0.169,VALID,valid,,a9ff4a5e1dc0fea65b63e2b366814c1860f04110,a1d260b660c93e47a466deb9c00f26c880973356f7da4eda00cb8ec57cab044d,raw/E14-ca_ztcf-20260926-20260906T142708594079Z
a001521,E14-ca_ztcf-20260927-20260906T142708775741Z,E14,ca_ztcf,20260927,default,primary,2026-09-06T14:27:08.733994+00:00,2026-09-06T14:27:08.884339+00:00,0.15,VALID,valid,,a9ff4a5e1dc0fea65b63e2b366814c1860f04110,a1d260b660c93e47a466deb9c00f26c880973356f7da4eda00cb8ec57cab044d,raw/E14-ca_ztcf-20260927-20260906T142708775741Z
a001522,E14-ca_ztcf-20260928-20260906T142708937743Z,E14,ca_ztcf,20260928,default,primary,2026-09-06T14:27:08.896213+00:00,2026-09-06T14:27:09.052942+00:00,0.157,VALID,valid,,a9ff4a5e1dc0fea65b63e2b366814c1860f04110,a1d260b660c93e47a466deb9c00f26c880973356f7da4eda00cb8ec57cab044d,raw/E14-ca_ztcf-20260928-20260906T142708937743Z
a001523,E14-ca_ztcf-20260929-20260906T142709107344Z,E14,ca_ztcf,20260929,default,primary,2026-09-06T14:27:09.064647+00:00,2026-09-06T14:27:09.225506+00:00,0.161,VALID,valid,,a9ff4a5e1dc0fea65b63e2b366814c1860f04110,a1d260b660c93e47a466deb9c00f26c880973356f7da4eda00cb8ec57cab044d,raw/E14-ca_ztcf-20260929-20260906T142709107344Z
a001524,E14-ca_ztcf-20260930-20260906T142709280326Z,E14,ca_ztcf,20260930,default,primary,2026-09-06T14:27:09.237659+00:00,2026-09-06T14:27:09.391656+00:00,0.154,VALID,valid,,a9ff4a5e1dc0fea65b63e2b366814c1860f04110,a1d260b660c93e47a466deb9c00f26c880973356f7da4eda00cb8ec57cab044d,raw/E14-ca_ztcf-20260930-20260906T142709280326Z
a001525,E14-ca_ztcf-20260931-20260906T142709446126Z,E14,ca_ztcf,20260931,default,primary,2026-09-06T14:27:09.403637+00:00,2026-09-06T14:27:09.564597+00:00,0.161,VALID,valid,,a9ff4a5e1dc0fea65b63e2b366814c1860f04110,a1d260b660c93e47a466deb9c00f26c880973356f7da4eda00cb8ec57cab044d,raw/E14-ca_ztcf-20260931-20260906T142709446126Z
a001526,E14-ca_ztcf-20260932-20260906T142709619492Z,E14,ca_ztcf,20260932,default,primary,2026-09-06T14:27:09.576131+00:00,2026-09-06T14:27:09.738940+00:00,0.163,VALID,valid,,a9ff4a5e1dc0fea65b63e2b366814c1860f04110,a1d260b660c93e47a466deb9c00f26c880973356f7da4eda00cb8ec57cab044d,raw/E14-ca_ztcf-20260932-20260906T142709619492Z
a001527,E14-ca_ztcf-20260933-20260906T142709793667Z,E14,ca_ztcf,20260933,default,primary,2026-09-06T14:27:09.751365+00:00,2026-09-06T14:27:09.910529+00:00,0.159,VALID,valid,,a9ff4a5e1dc0fea65b63e2b366814c1860f04110,a1d260b660c93e47a466deb9c00f26c880973356f7da4eda00cb8ec57cab044d,raw/E14-ca_ztcf-20260933-20260906T142709793667Z
a001528,E14-ca_ztcf-20260934-20260906T142709964908Z,E14,ca_ztcf,20260934,default,primary,2026-09-06T14:27:09.922783+00:00,2026-09-06T14:27:10.071370+00:00,0.149,VALID,valid,,a9ff4a5e1dc0fea65b63e2b366814c1860f04110,a1d260b660c93e47a466deb9c00f26c880973356f7da4eda00cb8ec57cab044d,raw/E14-ca_ztcf-20260934-20260906T142709964908Z
a001529,E14-ca_ztcf-20260935-20260906T142710125440Z,E14,ca_ztcf,20260935,default,primary,2026-09-06T14:27:10.083555+00:00,2026-09-06T14:27:10.238201+00:00,0.155,VALID,valid,,a9ff4a5e1dc0fea65b63e2b366814c1860f04110,a1d260b660c93e47a466deb9c00f26c880973356f7da4eda00cb8ec57cab044d,raw/E14-ca_ztcf-20260935-20260906T142710125440Z
a001530,E14-ca_ztcf-20260936-20260906T142710296718Z,E14,ca_ztcf,20260936,default,primary,2026-09-06T14:27:10.250151+00:00,2026-09-06T14:27:10.405075+00:00,0.155,VALID,valid,,a9ff4a5e1dc0fea65b63e2b366814c1860f04110,a1d260b660c93e47a466deb9c00f26c880973356f7da4eda00cb8ec57cab044d,raw/E14-ca_ztcf-20260936-20260906T142710296718Z
a001531,E15-independent-20260907-20260906T142710458878Z,E15,independent,20260907,default,primary,2026-09-06T14:27:10.417064+00:00,2026-09-06T14:27:10.561941+00:00,0.145,VALID,valid,,a9ff4a5e1dc0fea65b63e2b366814c1860f04110,a1d260b660c93e47a466deb9c00f26c880973356f7da4eda00cb8ec57cab044d,raw/E15-independent-20260907-20260906T142710458878Z
a001532,E15-independent-20260908-20260906T142710616770Z,E15,independent,20260908,default,primary,2026-09-06T14:27:10.573727+00:00,2026-09-06T14:27:10.751343+00:00,0.178,VALID,valid,,a9ff4a5e1dc0fea65b63e2b366814c1860f04110,a1d260b660c93e47a466deb9c00f26c880973356f7da4eda00cb8ec57cab044d,raw/E15-independent-20260908-20260906T142710616770Z
a001533,E15-independent-20260909-20260906T142710806663Z,E15,independent,20260909,default,primary,2026-09-06T14:27:10.763816+00:00,2026-09-06T14:27:10.908907+00:00,0.145,VALID,valid,,a9ff4a5e1dc0fea65b63e2b366814c1860f04110,a1d260b660c93e47a466deb9c00f26c880973356f7da4eda00cb8ec57cab044d,raw/E15-independent-20260909-20260906T142710806663Z
a001534,E15-independent-20260910-20260906T142710963266Z,E15,independent,20260910,default,primary,2026-09-06T14:27:10.920927+00:00,2026-09-06T14:27:11.065452+00:00,0.145,VALID,valid,,a9ff4a5e1dc0fea65b63e2b366814c1860f04110,a1d260b660c93e47a466deb9c00f26c880973356f7da4eda00cb8ec57cab044d,raw/E15-independent-20260910-20260906T142710963266Z
a001535,E15-independent-20260911-20260906T142711119280Z,E15,independent,20260911,default,primary,2026-09-06T14:27:11.077320+00:00,2026-09-06T14:27:11.217315+00:00,0.14,VALID,valid,,a9ff4a5e1dc0fea65b63e2b366814c1860f04110,a1d260b660c93e47a466deb9c00f26c880973356f7da4eda00cb8ec57cab044d,raw/E15-independent-20260911-20260906T142711119280Z
a001536,E15-independent-20260912-20260906T142711271534Z,E15,independent,20260912,default,primary,2026-09-06T14:27:11.229421+00:00,2026-09-06T14:27:11.375888+00:00,0.146,VALID,valid,,a9ff4a5e1dc0fea65b63e2b366814c1860f04110,a1d260b660c93e47a466deb9c00f26c880973356f7da4eda00cb8ec57cab044d,raw/E15-independent-20260912-20260906T142711271534Z
a001537,E15-independent-20260913-20260906T142711430356Z,E15,independent,20260913,default,primary,2026-09-06T14:27:11.388347+00:00,2026-09-06T14:27:11.534801+00:00,0.146,VALID,valid,,a9ff4a5e1dc0fea65b63e2b366814c1860f04110,a1d260b660c93e47a466deb9c00f26c880973356f7da4eda00cb8ec57cab044d,raw/E15-independent-20260913-20260906T142711430356Z
a001538,E15-independent-20260914-20260906T142711589933Z,E15,independent,20260914,default,primary,2026-09-06T14:27:11.547097+00:00,2026-09-06T14:27:11.692523+00:00,0.145,VALID,valid,,a9ff4a5e1dc0fea65b63e2b366814c1860f04110,a1d260b660c93e47a466deb9c00f26c880973356f7da4eda00cb8ec57cab044d,raw/E15-independent-20260914-20260906T142711589933Z
a001539,E15-independent-20260915-20260906T142711748937Z,E15,independent,20260915,default,primary,2026-09-06T14:27:11.704697+00:00,2026-09-06T14:27:11.855290+00:00,0.151,VALID,valid,,a9ff4a5e1dc0fea65b63e2b366814c1860f04110,a1d260b660c93e47a466deb9c00f26c880973356f7da4eda00cb8ec57cab044d,raw/E15-independent-20260915-20260906T142711748937Z
a001540,E15-independent-20260916-20260906T142711909411Z,E15,independent,20260916,default,primary,2026-09-06T14:27:11.867150+00:00,2026-09-06T14:27:12.008897+00:00,0.142,VALID,valid,,a9ff4a5e1dc0fea65b63e2b366814c1860f04110,a1d260b660c93e47a466deb9c00f26c880973356f7da4eda00cb8ec57cab044d,raw/E15-independent-20260916-20260906T142711909411Z
a001541,E15-independent-20260917-20260906T142712063665Z,E15,independent,20260917,default,primary,2026-09-06T14:27:12.021439+00:00,2026-09-06T14:27:12.166510+00:00,0.145,VALID,valid,,a9ff4a5e1dc0fea65b63e2b366814c1860f04110,a1d260b660c93e47a466deb9c00f26c880973356f7da4eda00cb8ec57cab044d,raw/E15-independent-20260917-20260906T142712063665Z
a001542,E15-independent-20260918-20260906T142712220975Z,E15,independent,20260918,default,primary,2026-09-06T14:27:12.178471+00:00,2026-09-06T14:27:12.320262+00:00,0.142,VALID,valid,,a9ff4a5e1dc0fea65b63e2b366814c1860f04110,a1d260b660c93e47a466deb9c00f26c880973356f7da4eda00cb8ec57cab044d,raw/E15-independent-20260918-20260906T142712220975Z
a001543,E15-independent-20260919-20260906T142712374759Z,E15,independent,20260919,default,primary,2026-09-06T14:27:12.332635+00:00,2026-09-06T14:27:12.473974+00:00,0.141,VALID,valid,,a9ff4a5e1dc0fea65b63e2b366814c1860f04110,a1d260b660c93e47a466deb9c00f26c880973356f7da4eda00cb8ec57cab044d,raw/E15-independent-20260919-20260906T142712374759Z
a001544,E15-independent-20260920-20260906T142712528119Z,E15,independent,20260920,default,primary,2026-09-06T14:27:12.485752+00:00,2026-09-06T14:27:12.626896+00:00,0.141,VALID,valid,,a9ff4a5e1dc0fea65b63e2b366814c1860f04110,a1d260b660c93e47a466deb9c00f26c880973356f7da4eda00cb8ec57cab044d,raw/E15-independent-20260920-20260906T142712528119Z
a001545,E15-independent-20260921-20260906T142712680756Z,E15,independent,20260921,default,primary,2026-09-06T14:27:12.638586+00:00,2026-09-06T14:27:12.791117+00:00,0.153,VALID,valid,,a9ff4a5e1dc0fea65b63e2b366814c1860f04110,a1d260b660c93e47a466deb9c00f26c880973356f7da4eda00cb8ec57cab044d,raw/E15-independent-20260921-20260906T142712680756Z
a001546,E15-independent-20260922-20260906T142712846335Z,E15,independent,20260922,default,primary,2026-09-06T14:27:12.803400+00:00,2026-09-06T14:27:12.948228+00:00,0.145,VALID,valid,,a9ff4a5e1dc0fea65b63e2b366814c1860f04110,a1d260b660c93e47a466deb9c00f26c880973356f7da4eda00cb8ec57cab044d,raw/E15-independent-20260922-20260906T142712846335Z
a001547,E15-independent-20260923-20260906T142713003686Z,E15,independent,20260923,default,primary,2026-09-06T14:27:12.960963+00:00,2026-09-06T14:27:13.101396+00:00,0.14,VALID,valid,,a9ff4a5e1dc0fea65b63e2b366814c1860f04110,a1d260b660c93e47a466deb9c00f26c880973356f7da4eda00cb8ec57cab044d,raw/E15-independent-20260923-20260906T142713003686Z
a001548,E15-independent-20260924-20260906T142713155472Z,E15,independent,20260924,default,primary,2026-09-06T14:27:13.113269+00:00,2026-09-06T14:27:13.264119+00:00,0.151,VALID,valid,,a9ff4a5e1dc0fea65b63e2b366814c1860f04110,a1d260b660c93e47a466deb9c00f26c880973356f7da4eda00cb8ec57cab044d,raw/E15-independent-20260924-20260906T142713155472Z
a001549,E15-independent-20260925-20260906T142713318436Z,E15,independent,20260925,default,primary,2026-09-06T14:27:13.275913+00:00,2026-09-06T14:27:13.411726+00:00,0.136,VALID,valid,,a9ff4a5e1dc0fea65b63e2b366814c1860f04110,a1d260b660c93e47a466deb9c00f26c880973356f7da4eda00cb8ec57cab044d,raw/E15-independent-20260925-20260906T142713318436Z
a001550,E15-independent-20260926-20260906T142713465040Z,E15,independent,20260926,default,primary,2026-09-06T14:27:13.423446+00:00,2026-09-06T14:27:13.566416+00:00,0.143,VALID,valid,,a9ff4a5e1dc0fea65b63e2b366814c1860f04110,a1d260b660c93e47a466deb9c00f26c880973356f7da4eda00cb8ec57cab044d,raw/E15-independent-20260926-20260906T142713465040Z
a001551,E15-independent-20260927-20260906T142713620549Z,E15,independent,20260927,default,primary,2026-09-06T14:27:13.578457+00:00,2026-09-06T14:27:13.721044+00:00,0.143,VALID,valid,,a9ff4a5e1dc0fea65b63e2b366814c1860f04110,a1d260b660c93e47a466deb9c00f26c880973356f7da4eda00cb8ec57cab044d,raw/E15-independent-20260927-20260906T142713620549Z
a001552,E15-independent-20260928-20260906T142713776259Z,E15,independent,20260928,default,primary,2026-09-06T14:27:13.732765+00:00,2026-09-06T14:27:13.871232+00:00,0.138,VALID,valid,,a9ff4a5e1dc0fea65b63e2b366814c1860f04110,a1d260b660c93e47a466deb9c00f26c880973356f7da4eda00cb8ec57cab044d,raw/E15-independent-20260928-20260906T142713776259Z
a001553,E15-independent-20260929-20260906T142713948893Z,E15,independent,20260929,default,primary,2026-09-06T14:27:13.883892+00:00,2026-09-06T14:27:14.047984+00:00,0.164,VALID,valid,,a9ff4a5e1dc0fea65b63e2b366814c1860f04110,a1d260b660c93e47a466deb9c00f26c880973356f7da4eda00cb8ec57cab044d,raw/E15-independent-20260929-20260906T142713948893Z
a001554,E15-independent-20260930-20260906T142714101655Z,E15,independent,20260930,default,primary,2026-09-06T14:27:14.059838+00:00,2026-09-06T14:27:14.197582+00:00,0.138,VALID,valid,,a9ff4a5e1dc0fea65b63e2b366814c1860f04110,a1d260b660c93e47a466deb9c00f26c880973356f7da4eda00cb8ec57cab044d,raw/E15-independent-20260930-20260906T142714101655Z
a001555,E15-independent-20260931-20260906T142714251891Z,E15,independent,20260931,default,primary,2026-09-06T14:27:14.209522+00:00,2026-09-06T14:27:14.343097+00:00,0.134,VALID,valid,,a9ff4a5e1dc0fea65b63e2b366814c1860f04110,a1d260b660c93e47a466deb9c00f26c880973356f7da4eda00cb8ec57cab044d,raw/E15-independent-20260931-20260906T142714251891Z
a001556,E15-independent-20260932-20260906T142714396629Z,E15,independent,20260932,default,primary,2026-09-06T14:27:14.354853+00:00,2026-09-06T14:27:14.493137+00:00,0.138,VALID,valid,,a9ff4a5e1dc0fea65b63e2b366814c1860f04110,a1d260b660c93e47a466deb9c00f26c880973356f7da4eda00cb8ec57cab044d,raw/E15-independent-20260932-20260906T142714396629Z
a001557,E15-independent-20260933-20260906T142714546928Z,E15,independent,20260933,default,primary,2026-09-06T14:27:14.504927+00:00,2026-09-06T14:27:14.649266+00:00,0.144,VALID,valid,,a9ff4a5e1dc0fea65b63e2b366814c1860f04110,a1d260b660c93e47a466deb9c00f26c880973356f7da4eda00cb8ec57cab044d,raw/E15-independent-20260933-20260906T142714546928Z
a001558,E15-independent-20260934-20260906T142714704085Z,E15,independent,20260934,default,primary,2026-09-06T14:27:14.661853+00:00,2026-09-06T14:27:14.805834+00:00,0.144,VALID,valid,,a9ff4a5e1dc0fea65b63e2b366814c1860f04110,a1d260b660c93e47a466deb9c00f26c880973356f7da4eda00cb8ec57cab044d,raw/E15-independent-20260934-20260906T142714704085Z
a001559,E15-independent-20260935-20260906T142714859535Z,E15,independent,20260935,default,primary,2026-09-06T14:27:14.817694+00:00,2026-09-06T14:27:14.956172+00:00,0.138,VALID,valid,,a9ff4a5e1dc0fea65b63e2b366814c1860f04110,a1d260b660c93e47a466deb9c00f26c880973356f7da4eda00cb8ec57cab044d,raw/E15-independent-20260935-20260906T142714859535Z
a001560,E15-independent-20260936-20260906T142715010232Z,E15,independent,20260936,default,primary,2026-09-06T14:27:14.968342+00:00,2026-09-06T14:27:15.103107+00:00,0.135,VALID,valid,,a9ff4a5e1dc0fea65b63e2b366814c1860f04110,a1d260b660c93e47a466deb9c00f26c880973356f7da4eda00cb8ec57cab044d,raw/E15-independent-20260936-20260906T142715010232Z
a001561,E15-static_continuity-20260907-20260906T142715156742Z,E15,static_continuity,20260907,default,primary,2026-09-06T14:27:15.114876+00:00,2026-09-06T14:27:15.248194+00:00,0.133,VALID,valid,,a9ff4a5e1dc0fea65b63e2b366814c1860f04110,a1d260b660c93e47a466deb9c00f26c880973356f7da4eda00cb8ec57cab044d,raw/E15-static_continuity-20260907-20260906T142715156742Z
a001562,E15-static_continuity-20260908-20260906T142715302888Z,E15,static_continuity,20260908,default,primary,2026-09-06T14:27:15.260005+00:00,2026-09-06T14:27:15.400997+00:00,0.141,VALID,valid,,a9ff4a5e1dc0fea65b63e2b366814c1860f04110,a1d260b660c93e47a466deb9c00f26c880973356f7da4eda00cb8ec57cab044d,raw/E15-static_continuity-20260908-20260906T142715302888Z
a001563,E15-static_continuity-20260909-20260906T142715455376Z,E15,static_continuity,20260909,default,primary,2026-09-06T14:27:15.413509+00:00,2026-09-06T14:27:15.543656+00:00,0.13,VALID,valid,,a9ff4a5e1dc0fea65b63e2b366814c1860f04110,a1d260b660c93e47a466deb9c00f26c880973356f7da4eda00cb8ec57cab044d,raw/E15-static_continuity-20260909-20260906T142715455376Z
a001564,E15-static_continuity-20260910-20260906T142715597388Z,E15,static_continuity,20260910,default,primary,2026-09-06T14:27:15.555533+00:00,2026-09-06T14:27:15.694333+00:00,0.139,VALID,valid,,a9ff4a5e1dc0fea65b63e2b366814c1860f04110,a1d260b660c93e47a466deb9c00f26c880973356f7da4eda00cb8ec57cab044d,raw/E15-static_continuity-20260910-20260906T142715597388Z
a001565,E15-static_continuity-20260911-20260906T142715747632Z,E15,static_continuity,20260911,default,primary,2026-09-06T14:27:15.705795+00:00,2026-09-06T14:27:15.834638+00:00,0.129,VALID,valid,,a9ff4a5e1dc0fea65b63e2b366814c1860f04110,a1d260b660c93e47a466deb9c00f26c880973356f7da4eda00cb8ec57cab044d,raw/E15-static_continuity-20260911-20260906T142715747632Z
a001566,E15-static_continuity-20260912-20260906T142715887890Z,E15,static_continuity,20260912,default,primary,2026-09-06T14:27:15.846248+00:00,2026-09-06T14:27:15.983548+00:00,0.137,VALID,valid,,a9ff4a5e1dc0fea65b63e2b366814c1860f04110,a1d260b660c93e47a466deb9c00f26c880973356f7da4eda00cb8ec57cab044d,raw/E15-static_continuity-20260912-20260906T142715887890Z
a001567,E15-static_continuity-20260913-20260906T142716037219Z,E15,static_continuity,20260913,default,primary,2026-09-06T14:27:15.995202+00:00,2026-09-06T14:27:16.130638+00:00,0.135,VALID,valid,,a9ff4a5e1dc0fea65b63e2b366814c1860f04110,a1d260b660c93e47a466deb9c00f26c880973356f7da4eda00cb8ec57cab044d,raw/E15-static_continuity-20260913-20260906T142716037219Z
a001568,E15-static_continuity-20260914-20260906T142716184180Z,E15,static_continuity,20260914,default,primary,2026-09-06T14:27:16.142287+00:00,2026-09-06T14:27:16.285446+00:00,0.143,VALID,valid,,a9ff4a5e1dc0fea65b63e2b366814c1860f04110,a1d260b660c93e47a466deb9c00f26c880973356f7da4eda00cb8ec57cab044d,raw/E15-static_continuity-20260914-20260906T142716184180Z
a001569,E15-static_continuity-20260915-20260906T142716340246Z,E15,static_continuity,20260915,default,primary,2026-09-06T14:27:16.297877+00:00,2026-09-06T14:27:16.440703+00:00,0.143,VALID,valid,,a9ff4a5e1dc0fea65b63e2b366814c1860f04110,a1d260b660c93e47a466deb9c00f26c880973356f7da4eda00cb8ec57cab044d,raw/E15-static_continuity-20260915-20260906T142716340246Z
a001570,E15-static_continuity-20260916-20260906T142716495242Z,E15,static_continuity,20260916,default,primary,2026-09-06T14:27:16.453147+00:00,2026-09-06T14:27:16.581453+00:00,0.128,VALID,valid,,a9ff4a5e1dc0fea65b63e2b366814c1860f04110,a1d260b660c93e47a466deb9c00f26c880973356f7da4eda00cb8ec57cab044d,raw/E15-static_continuity-20260916-20260906T142716495242Z
a001571,E15-static_continuity-20260917-20260906T142716636175Z,E15,static_continuity,20260917,default,primary,2026-09-06T14:27:16.593448+00:00,2026-09-06T14:27:16.734756+00:00,0.141,VALID,valid,,a9ff4a5e1dc0fea65b63e2b366814c1860f04110,a1d260b660c93e47a466deb9c00f26c880973356f7da4eda00cb8ec57cab044d,raw/E15-static_continuity-20260917-20260906T142716636175Z
a001572,E15-static_continuity-20260918-20260906T142716788415Z,E15,static_continuity,20260918,default,primary,2026-09-06T14:27:16.746603+00:00,2026-09-06T14:27:16.885665+00:00,0.139,VALID,valid,,a9ff4a5e1dc0fea65b63e2b366814c1860f04110,a1d260b660c93e47a466deb9c00f26c880973356f7da4eda00cb8ec57cab044d,raw/E15-static_continuity-20260918-20260906T142716788415Z
a001573,E15-static_continuity-20260919-20260906T142716939275Z,E15,static_continuity,20260919,default,primary,2026-09-06T14:27:16.897244+00:00,2026-09-06T14:27:17.036458+00:00,0.139,VALID,valid,,a9ff4a5e1dc0fea65b63e2b366814c1860f04110,a1d260b660c93e47a466deb9c00f26c880973356f7da4eda00cb8ec57cab044d,raw/E15-static_continuity-20260919-20260906T142716939275Z
a001574,E15-static_continuity-20260920-20260906T142717089543Z,E15,static_continuity,20260920,default,primary,2026-09-06T14:27:17.047807+00:00,2026-09-06T14:27:17.178985+00:00,0.131,VALID,valid,,a9ff4a5e1dc0fea65b63e2b366814c1860f04110,a1d260b660c93e47a466deb9c00f26c880973356f7da4eda00cb8ec57cab044d,raw/E15-static_continuity-20260920-20260906T142717089543Z
a001575,E15-static_continuity-20260921-20260906T142717232535Z,E15,static_continuity,20260921,default,primary,2026-09-06T14:27:17.190828+00:00,2026-09-06T14:27:17.328975+00:00,0.138,VALID,valid,,a9ff4a5e1dc0fea65b63e2b366814c1860f04110,a1d260b660c93e47a466deb9c00f26c880973356f7da4eda00cb8ec57cab044d,raw/E15-static_continuity-20260921-20260906T142717232535Z
a001576,E15-static_continuity-20260922-20260906T142717382588Z,E15,static_continuity,20260922,default,primary,2026-09-06T14:27:17.340690+00:00,2026-09-06T14:27:17.468648+00:00,0.128,VALID,valid,,a9ff4a5e1dc0fea65b63e2b366814c1860f04110,a1d260b660c93e47a466deb9c00f26c880973356f7da4eda00cb8ec57cab044d,raw/E15-static_continuity-20260922-20260906T142717382588Z
a001577,E15-static_continuity-20260923-20260906T142717521295Z,E15,static_continuity,20260923,default,primary,2026-09-06T14:27:17.479974+00:00,2026-09-06T14:27:17.621545+00:00,0.142,VALID,valid,,a9ff4a5e1dc0fea65b63e2b366814c1860f04110,a1d260b660c93e47a466deb9c00f26c880973356f7da4eda00cb8ec57cab044d,raw/E15-static_continuity-20260923-20260906T142717521295Z
a001578,E15-static_continuity-20260924-20260906T142717675230Z,E15,static_continuity,20260924,default,primary,2026-09-06T14:27:17.633754+00:00,2026-09-06T14:27:17.770835+00:00,0.137,VALID,valid,,a9ff4a5e1dc0fea65b63e2b366814c1860f04110,a1d260b660c93e47a466deb9c00f26c880973356f7da4eda00cb8ec57cab044d,raw/E15-static_continuity-20260924-20260906T142717675230Z
a001579,E15-static_continuity-20260925-20260906T142717825329Z,E15,static_continuity,20260925,default,primary,2026-09-06T14:27:17.783359+00:00,2026-09-06T14:27:17.917711+00:00,0.134,VALID,valid,,a9ff4a5e1dc0fea65b63e2b366814c1860f04110,a1d260b660c93e47a466deb9c00f26c880973356f7da4eda00cb8ec57cab044d,raw/E15-static_continuity-20260925-20260906T142717825329Z
a001580,E15-static_continuity-20260926-20260906T142717970358Z,E15,static_continuity,20260926,default,primary,2026-09-06T14:27:17.928831+00:00,2026-09-06T14:27:18.067050+00:00,0.138,VALID,valid,,a9ff4a5e1dc0fea65b63e2b366814c1860f04110,a1d260b660c93e47a466deb9c00f26c880973356f7da4eda00cb8ec57cab044d,raw/E15-static_continuity-20260926-20260906T142717970358Z
a001581,E15-static_continuity-20260927-20260906T142718120658Z,E15,static_continuity,20260927,default,primary,2026-09-06T14:27:18.078761+00:00,2026-09-06T14:27:18.221971+00:00,0.143,VALID,valid,,a9ff4a5e1dc0fea65b63e2b366814c1860f04110,a1d260b660c93e47a466deb9c00f26c880973356f7da4eda00cb8ec57cab044d,raw/E15-static_continuity-20260927-20260906T142718120658Z
a001582,E15-static_continuity-20260928-20260906T142718275326Z,E15,static_continuity,20260928,default,primary,2026-09-06T14:27:18.233826+00:00,2026-09-06T14:27:18.367188+00:00,0.133,VALID,valid,,a9ff4a5e1dc0fea65b63e2b366814c1860f04110,a1d260b660c93e47a466deb9c00f26c880973356f7da4eda00cb8ec57cab044d,raw/E15-static_continuity-20260928-20260906T142718275326Z
a001583,E15-static_continuity-20260929-20260906T142718420322Z,E15,static_continuity,20260929,default,primary,2026-09-06T14:27:18.378741+00:00,2026-09-06T14:27:18.367100+00:00,0.131,VALID,valid,,a9ff4a5e1dc0fea65b63e2b366814c1860f04110,a1d260b660c93e47a466deb9c00f26c880973356f7da4eda00cb8ec57cab044d,raw/E15-static_continuity-20260929-20260906T142718420322Z
a001584,E15-static_continuity-20260930-20260906T142718421390Z,E15,static_continuity,20260930,default,primary,2026-09-06T14:27:18.379101+00:00,2026-09-06T14:27:18.512232+00:00,0.133,VALID,valid,,a9ff4a5e1dc0fea65b63e2b366814c1860f04110,a1d260b660c93e47a466deb9c00f26c880973356f7da4eda00cb8ec57cab044d,raw/E15-static_continuity-20260930-20260906T142718421390Z
a001585,E15-static_continuity-20260931-20260906T142718565309Z,E15,static_continuity,20260931,default,primary,2026-09-06T14:27:18.523895+00:00,2026-09-06T14:27:18.649028+00:00,0.125,VALID,valid,,a9ff4a5e1dc0fea65b63e2b366814c1860f04110,a1d260b660c93e47a466deb9c00f26c880973356f7da4eda00cb8ec57cab044d,raw/E15-static_continuity-20260931-20260906T142718565309Z
a001586,E15-static_continuity-20260932-20260906T142718703166Z,E15,static_continuity,20260932,default,primary,2026-09-06T14:27:18.660743+00:00,2026-09-06T14:27:18.793572+00:00,0.133,VALID,valid,,a9ff4a5e1dc0fea65b63e2b366814c1860f04110,a1d260b660c93e47a466deb9c00f26c880973356f7da4eda00cb8ec57cab044d,raw/E15-static_continuity-20260932-20260906T142718703166Z
a001587,E15-static_continuity-20260933-20260906T142718847087Z,E15,static_continuity,20260933,default,primary,2026-09-06T14:27:18.805554+00:00,2026-09-06T14:27:18.938046+00:00,0.132,VALID,valid,,a9ff4a5e1dc0fea65b63e2b366814c1860f04110,a1d260b660c93e47a466deb9c00f26c880973356f7da4eda00cb8ec57cab044d,raw/E15-static_continuity-20260933-20260906T142718847087Z
a001588,E15-static_continuity-20260934-20260906T142718991076Z,E15,static_continuity,20260934,default,primary,2026-09-06T14:27:18.949490+00:00,2026-09-06T14:27:19.095960+00:00,0.146,VALID,valid,,a9ff4a5e1dc0fea65b63e2b366814c1860f04110,a1d260b660c93e47a466deb9c00f26c880973356f7da4eda00cb8ec57cab044d,raw/E15-static_continuity-20260934-20260906T142718991076Z
a001589,E15-static_continuity-20260935-20260906T142719150995Z,E15,static_continuity,20260935,default,primary,2026-09-06T14:27:19.107985+00:00,2026-09-06T14:27:19.242760+00:00,0.135,VALID,valid,,a9ff4a5e1dc0fea65b63e2b366814c1860f04110,a1d260b660c93e47a466deb9c00f26c880973356f7da4eda00cb8ec57cab044d,raw/E15-static_continuity-20260935-20260906T142719150995Z
a001590,E15-static_continuity-20260936-20260906T142719296308Z,E15,static_continuity,20260936,default,primary,2026-09-06T14:27:19.254477+00:00,2026-09-06T14:27:19.393976+00:00,0.139,VALID,valid,,a9ff4a5e1dc0fea65b63e2b366814c1860f04110,a1d260b660c93e47a466deb9c00f26c880973356f7da4eda00cb8ec57cab044d,raw/E15-static_continuity-20260936-20260906T142719296308Z
a001591,E15-ca_ztcf-20260907-20260906T142719448816Z,E15,ca_ztcf,20260907,default,primary,2026-09-06T14:27:19.406030+00:00,2026-09-06T14:27:19.572332+00:00,0.166,VALID,valid,,a9ff4a5e1dc0fea65b63e2b366814c1860f04110,a1d260b660c93e47a466deb9c00f26c880973356f7da4eda00cb8ec57cab044d,raw/E15-ca_ztcf-20260907-20260906T142719448816Z
a001592,E15-ca_ztcf-20260908-20260906T142719628559Z,E15,ca_ztcf,20260908,default,primary,2026-09-06T14:27:19.584952+00:00,2026-09-06T14:27:19.748492+00:00,0.164,VALID,valid,,a9ff4a5e1dc0fea65b63e2b366814c1860f04110,a1d260b660c93e47a466deb9c00f26c880973356f7da4eda00cb8ec57cab044d,raw/E15-ca_ztcf-20260908-20260906T142719628559Z
a001593,E15-ca_ztcf-20260909-20260906T142719802949Z,E15,ca_ztcf,20260909,default,primary,2026-09-06T14:27:19.760498+00:00,2026-09-06T14:27:19.924614+00:00,0.164,VALID,valid,,a9ff4a5e1dc0fea65b63e2b366814c1860f04110,a1d260b660c93e47a466deb9c00f26c880973356f7da4eda00cb8ec57cab044d,raw/E15-ca_ztcf-20260909-20260906T142719802949Z
a001594,E15-ca_ztcf-20260910-20260906T142719978538Z,E15,ca_ztcf,20260910,default,primary,2026-09-06T14:27:19.936588+00:00,2026-09-06T14:27:20.104862+00:00,0.168,VALID,valid,,a9ff4a5e1dc0fea65b63e2b366814c1860f04110,a1d260b660c93e47a466deb9c00f26c880973356f7da4eda00cb8ec57cab044d,raw/E15-ca_ztcf-20260910-20260906T142719978538Z
a001595,E15-ca_ztcf-20260911-20260906T142720158282Z,E15,ca_ztcf,20260911,default,primary,2026-09-06T14:27:20.116546+00:00,2026-09-06T14:27:20.284173+00:00,0.168,VALID,valid,,a9ff4a5e1dc0fea65b63e2b366814c1860f04110,a1d260b660c93e47a466deb9c00f26c880973356f7da4eda00cb8ec57cab044d,raw/E15-ca_ztcf-20260911-20260906T142720158282Z
a001596,E15-ca_ztcf-20260912-20260906T142720342358Z,E15,ca_ztcf,20260912,default,primary,2026-09-06T14:27:20.299332+00:00,2026-09-06T14:27:20.455689+00:00,0.156,VALID,valid,,a9ff4a5e1dc0fea65b63e2b366814c1860f04110,a1d260b660c93e47a466deb9c00f26c880973356f7da4eda00cb8ec57cab044d,raw/E15-ca_ztcf-20260912-20260906T142720342358Z
a001597,E15-ca_ztcf-20260913-20260906T142720512499Z,E15,ca_ztcf,20260913,default,primary,2026-09-06T14:27:20.469153+00:00,2026-09-06T14:27:20.640392+00:00,0.171,VALID,valid,,a9ff4a5e1dc0fea65b63e2b366814c1860f04110,a1d260b660c93e47a466deb9c00f26c880973356f7da4eda00cb8ec57cab044d,raw/E15-ca_ztcf-20260913-20260906T142720512499Z
a001598,E15-ca_ztcf-20260914-20260906T142720694726Z,E15,ca_ztcf,20260914,default,primary,2026-09-06T14:27:20.652209+00:00,2026-09-06T14:27:20.830563+00:00,0.178,VALID,valid,,a9ff4a5e1dc0fea65b63e2b366814c1860f04110,a1d260b660c93e47a466deb9c00f26c880973356f7da4eda00cb8ec57cab044d,raw/E15-ca_ztcf-20260914-20260906T142720694726Z
a001599,E15-ca_ztcf-20260915-20260906T142720887229Z,E15,ca_ztcf,20260915,default,primary,2026-09-06T14:27:20.843382+00:00,2026-09-06T14:27:21.003949+00:00,0.161,VALID,valid,,a9ff4a5e1dc0fea65b63e2b366814c1860f04110,a1d260b660c93e47a466deb9c00f26c880973356f7da4eda00cb8ec57cab044d,raw/E15-ca_ztcf-20260915-20260906T142720887229Z
a001600,E15-ca_ztcf-20260916-20260906T142721059716Z,E15,ca_ztcf,20260916,default,primary,2026-09-06T14:27:21.017183+00:00,2026-09-06T14:27:21.168293+00:00,0.151,VALID,valid,,a9ff4a5e1dc0fea65b63e2b366814c1860f04110,a1d260b660c93e47a466deb9c00f26c880973356f7da4eda00cb8ec57cab044d,raw/E15-ca_ztcf-20260916-20260906T142721059716Z
a001601,E15-ca_ztcf-20260917-20260906T142721222365Z,E15,ca_ztcf,20260917,default,primary,2026-09-06T14:27:21.180014+00:00,2026-09-06T14:27:21.341772+00:00,0.162,VALID,valid,,a9ff4a5e1dc0fea65b63e2b366814c1860f04110,a1d260b660c93e47a466deb9c00f26c880973356f7da4eda00cb8ec57cab044d,raw/E15-ca_ztcf-20260917-20260906T142721222365Z
a001602,E15-ca_ztcf-20260918-20260906T142721397701Z,E15,ca_ztcf,20260918,default,primary,2026-09-06T14:27:21.354782+00:00,2026-09-06T14:27:21.510976+00:00,0.156,VALID,valid,,a9ff4a5e1dc0fea65b63e2b366814c1860f04110,a1d260b660c93e47a466deb9c00f26c880973356f7da4eda00cb8ec57cab044d,raw/E15-ca_ztcf-20260918-20260906T142721397701Z
a001603,E15-ca_ztcf-20260919-20260906T142721566917Z,E15,ca_ztcf,20260919,default,primary,2026-09-06T14:27:21.523386+00:00,2026-09-06T14:27:21.687698+00:00,0.164,VALID,valid,,a9ff4a5e1dc0fea65b63e2b366814c1860f04110,a1d260b660c93e47a466deb9c00f26c880973356f7da4eda00cb8ec57cab044d,raw/E15-ca_ztcf-20260919-20260906T142721566917Z
a001604,E15-ca_ztcf-20260920-20260906T142721745428Z,E15,ca_ztcf,20260920,default,primary,2026-09-06T14:27:21.699899+00:00,2026-09-06T14:27:21.873630+00:00,0.174,VALID,valid,,a9ff4a5e1dc0fea65b63e2b366814c1860f04110,a1d260b660c93e47a466deb9c00f26c880973356f7da4eda00cb8ec57cab044d,raw/E15-ca_ztcf-20260920-20260906T142721745428Z
a001605,E15-ca_ztcf-20260921-20260906T142721928096Z,E15,ca_ztcf,20260921,default,primary,2026-09-06T14:27:21.885885+00:00,2026-09-06T14:27:22.046044+00:00,0.16,VALID,valid,,a9ff4a5e1dc0fea65b63e2b366814c1860f04110,a1d260b660c93e47a466deb9c00f26c880973356f7da4eda00cb8ec57cab044d,raw/E15-ca_ztcf-20260921-20260906T142721928096Z
a001606,E15-ca_ztcf-20260922-20260906T142722100906Z,E15,ca_ztcf,20260922,default,primary,2026-09-06T14:27:22.058533+00:00,2026-09-06T14:27:22.220368+00:00,0.162,VALID,valid,,a9ff4a5e1dc0fea65b63e2b366814c1860f04110,a1d260b660c93e47a466deb9c00f26c880973356f7da4eda00cb8ec57cab044d,raw/E15-ca_ztcf-20260922-20260906T142722100906Z
a001607,E15-ca_ztcf-20260923-20260906T142722274363Z,E15,ca_ztcf,20260923,default,primary,2026-09-06T14:27:22.232350+00:00,2026-09-06T14:27:22.394360+00:00,0.162,VALID,valid,,a9ff4a5e1dc0fea65b63e2b366814c1860f04110,a1d260b660c93e47a466deb9c00f26c880973356f7da4eda00cb8ec57cab044d,raw/E15-ca_ztcf-20260923-20260906T142722274363Z
a001608,E15-ca_ztcf-20260924-20260906T142722448358Z,E15,ca_ztcf,20260924,default,primary,2026-09-06T14:27:22.405958+00:00,2026-09-06T14:27:22.573146+00:00,0.167,VALID,valid,,a9ff4a5e1dc0fea65b63e2b366814c1860f04110,a1d260b660c93e47a466deb9c00f26c880973356f7da4eda00cb8ec57cab044d,raw/E15-ca_ztcf-20260924-20260906T142722448358Z
a001609,E15-ca_ztcf-20260925-20260906T142722626974Z,E15,ca_ztcf,20260925,default,primary,2026-09-06T14:27:22.585086+00:00,2026-09-06T14:27:22.748486+00:00,0.163,VALID,valid,,a9ff4a5e1dc0fea65b63e2b366814c1860f04110,a1d260b660c93e47a466deb9c00f26c880973356f7da4eda00cb8ec57cab044d,raw/E15-ca_ztcf-20260925-20260906T142722626974Z
a001610,E15-ca_ztcf-20260926-20260906T142722803492Z,E15,ca_ztcf,20260926,default,primary,2026-09-06T14:27:22.760380+00:00,2026-09-06T14:27:22.913885+00:00,0.153,VALID,valid,,a9ff4a5e1dc0fea65b63e2b366814c1860f04110,a1d260b660c93e47a466deb9c00f26c880973356f7da4eda00cb8ec57cab044d,raw/E15-ca_ztcf-20260926-20260906T142722803492Z
a001611,E15-ca_ztcf-20260927-20260906T142722968198Z,E15,ca_ztcf,20260927,default,primary,2026-09-06T14:27:22.926306+00:00,2026-09-06T14:27:23.088817+00:00,0.163,VALID,valid,,a9ff4a5e1dc0fea65b63e2b366814c1860f04110,a1d260b660c93e47a466deb9c00f26c880973356f7da4eda00cb8ec57cab044d,raw/E15-ca_ztcf-20260927-20260906T142722968198Z
a001612,E15-ca_ztcf-20260928-20260906T142723142930Z,E15,ca_ztcf,20260928,default,primary,2026-09-06T14:27:23.101401+00:00,2026-09-06T14:27:23.262824+00:00,0.161,VALID,valid,,a9ff4a5e1dc0fea65b63e2b366814c1860f04110,a1d260b660c93e47a466deb9c00f26c880973356f7da4eda00cb8ec57cab044d,raw/E15-ca_ztcf-20260928-20260906T142723142930Z
a001613,E15-ca_ztcf-20260929-20260906T142723317273Z,E15,ca_ztcf,20260929,default,primary,2026-09-06T14:27:23.274925+00:00,2026-09-06T14:27:23.438543+00:00,0.164,VALID,valid,,a9ff4a5e1dc0fea65b63e2b366814c1860f04110,a1d260b660c93e47a466deb9c00f26c880973356f7da4eda00cb8ec57cab044d,raw/E15-ca_ztcf-20260929-20260906T142723317273Z
a001614,E15-ca_ztcf-20260930-20260906T142723492076Z,E15,ca_ztcf,20260930,default,primary,2026-09-06T14:27:23.450429+00:00,2026-09-06T14:27:23.611761+00:00,0.161,VALID,valid,,a9ff4a5e1dc0fea65b63e2b366814c1860f04110,a1d260b660c93e47a466deb9c00f26c880973356f7da4eda00cb8ec57cab044d,raw/E15-ca_ztcf-20260930-20260906T142723492076Z
a001615,E15-ca_ztcf-20260931-20260906T142723665119Z,E15,ca_ztcf,20260931,default,primary,2026-09-06T14:27:23.623427+00:00,2026-09-06T14:27:23.781701+00:00,0.158,VALID,valid,,a9ff4a5e1dc0fea65b63e2b366814c1860f04110,a1d260b660c93e47a466deb9c00f26c880973356f7da4eda00cb8ec57cab044d,raw/E15-ca_ztcf-20260931-20260906T142723665119Z
a001616,E15-ca_ztcf-20260932-20260906T142723836829Z,E15,ca_ztcf,20260932,default,primary,2026-09-06T14:27:23.793746+00:00,2026-09-06T14:27:23.987857+00:00,0.194,VALID,valid,,a9ff4a5e1dc0fea65b63e2b366814c1860f04110,a1d260b660c93e47a466deb9c00f26c880973356f7da4eda00cb8ec57cab044d,raw/E15-ca_ztcf-20260932-20260906T142723836829Z
a001617,E15-ca_ztcf-20260933-20260906T142724042907Z,E15,ca_ztcf,20260933,default,primary,2026-09-06T14:27:24.000311+00:00,2026-09-06T14:27:24.157082+00:00,0.157,VALID,valid,,a9ff4a5e1dc0fea65b63e2b366814c1860f04110,a1d260b660c93e47a466deb9c00f26c880973356f7da4eda00cb8ec57cab044d,raw/E15-ca_ztcf-20260933-20260906T142724042907Z
a001618,E15-ca_ztcf-20260934-20260906T142724212493Z,E15,ca_ztcf,20260934,default,primary,2026-09-06T14:27:24.168919+00:00,2026-09-06T14:27:24.334882+00:00,0.166,VALID,valid,,a9ff4a5e1dc0fea65b63e2b366814c1860f04110,a1d260b660c93e47a466deb9c00f26c880973356f7da4eda00cb8ec57cab044d,raw/E15-ca_ztcf-20260934-20260906T142724212493Z
a001619,E15-ca_ztcf-20260935-20260906T142724389131Z,E15,ca_ztcf,20260935,default,primary,2026-09-06T14:27:24.346648+00:00,2026-09-06T14:27:24.513250+00:00,0.167,VALID,valid,,a9ff4a5e1dc0fea65b63e2b366814c1860f04110,a1d260b660c93e47a466deb9c00f26c880973356f7da4eda00cb8ec57cab044d,raw/E15-ca_ztcf-20260935-20260906T142724389131Z
a001620,E15-ca_ztcf-20260936-20260906T142724569327Z,E15,ca_ztcf,20260936,default,primary,2026-09-06T14:27:24.525386+00:00,2026-09-06T14:27:24.693482+00:00,0.168,VALID,valid,,a9ff4a5e1dc0fea65b63e2b366814c1860f04110,a1d260b660c93e47a466deb9c00f26c880973356f7da4eda00cb8ec57cab044d,raw/E15-ca_ztcf-20260936-20260906T142724569327Z
a001621,E03-static_continuity_ttl30-20260907-20260906T142725991293Z,E03,static_continuity_ttl30,20260907,default,sensitivity,2026-09-06T14:27:25.945020+00:00,2026-09-06T14:27:26.073344+00:00,0.128,VALID,valid,,a9ff4a5e1dc0fea65b63e2b366814c1860f04110,a1d260b660c93e47a466deb9c00f26c880973356f7da4eda00cb8ec57cab044d,raw/E03-static_continuity_ttl30-20260907-20260906T142725991293Z
a001622,E03-static_continuity_ttl30-20260908-20260906T142726128697Z,E03,static_continuity_ttl30,20260908,default,sensitivity,2026-09-06T14:27:26.085729+00:00,2026-09-06T14:27:26.212732+00:00,0.127,VALID,valid,,a9ff4a5e1dc0fea65b63e2b366814c1860f04110,a1d260b660c93e47a466deb9c00f26c880973356f7da4eda00cb8ec57cab044d,raw/E03-static_continuity_ttl30-20260908-20260906T142726128697Z
a001623,E03-static_continuity_ttl30-20260909-20260906T142726269475Z,E03,static_continuity_ttl30,20260909,default,sensitivity,2026-09-06T14:27:26.225805+00:00,2026-09-06T14:27:26.337796+00:00,0.112,VALID,valid,,a9ff4a5e1dc0fea65b63e2b366814c1860f04110,a1d260b660c93e47a466deb9c00f26c880973356f7da4eda00cb8ec57cab044d,raw/E03-static_continuity_ttl30-20260909-20260906T142726269475Z
a001624,E03-static_continuity_ttl30-20260910-20260906T142726391895Z,E03,static_continuity_ttl30,20260910,default,sensitivity,2026-09-06T14:27:26.349698+00:00,2026-09-06T14:27:26.469010+00:00,0.119,VALID,valid,,a9ff4a5e1dc0fea65b63e2b366814c1860f04110,a1d260b660c93e47a466deb9c00f26c880973356f7da4eda00cb8ec57cab044d,raw/E03-static_continuity_ttl30-20260910-20260906T142726391895Z
a001625,E03-static_continuity_ttl30-20260911-20260906T142726523831Z,E03,static_continuity_ttl30,20260911,default,sensitivity,2026-09-06T14:27:26.481354+00:00,2026-09-06T14:27:26.600194+00:00,0.119,VALID,valid,,a9ff4a5e1dc0fea65b63e2b366814c1860f04110,a1d260b660c93e47a466deb9c00f26c880973356f7da4eda00cb8ec57cab044d,raw/E03-static_continuity_ttl30-20260911-20260906T142726523831Z
a001626,E03-static_continuity_ttl30-20260912-20260906T142726655380Z,E03,static_continuity_ttl30,20260912,default,sensitivity,2026-09-06T14:27:26.612317+00:00,2026-09-06T14:27:26.736602+00:00,0.124,VALID,valid,,a9ff4a5e1dc0fea65b63e2b366814c1860f04110,a1d260b660c93e47a466deb9c00f26c880973356f7da4eda00cb8ec57cab044d,raw/E03-static_continuity_ttl30-20260912-20260906T142726655380Z
a001627,E03-static_continuity_ttl30-20260913-20260906T142726790348Z,E03,static_continuity_ttl30,20260913,default,sensitivity,2026-09-06T14:27:26.748389+00:00,2026-09-06T14:27:26.863335+00:00,0.115,VALID,valid,,a9ff4a5e1dc0fea65b63e2b366814c1860f04110,a1d260b660c93e47a466deb9c00f26c880973356f7da4eda00cb8ec57cab044d,raw/E03-static_continuity_ttl30-20260913-20260906T142726790348Z
a001628,E03-static_continuity_ttl30-20260914-20260906T142726917062Z,E03,static_continuity_ttl30,20260914,default,sensitivity,2026-09-06T14:27:26.874978+00:00,2026-09-06T14:27:27.000791+00:00,0.126,VALID,valid,,a9ff4a5e1dc0fea65b63e2b366814c1860f04110,a1d260b660c93e47a466deb9c00f26c880973356f7da4eda00cb8ec57cab044d,raw/E03-static_continuity_ttl30-20260914-20260906T142726917062Z
a001629,E03-static_continuity_ttl30-20260915-20260906T142727055325Z,E03,static_continuity_ttl30,20260915,default,sensitivity,2026-09-06T14:27:27.013342+00:00,2026-09-06T14:27:27.140098+00:00,0.127,VALID,valid,,a9ff4a5e1dc0fea65b63e2b366814c1860f04110,a1d260b660c93e47a466deb9c00f26c880973356f7da4eda00cb8ec57cab044d,raw/E03-static_continuity_ttl30-20260915-20260906T142727055325Z
a001630,E03-static_continuity_ttl30-20260916-20260906T142727193608Z,E03,static_continuity_ttl30,20260916,default,sensitivity,2026-09-06T14:27:27.151744+00:00,2026-09-06T14:27:27.269531+00:00,0.118,VALID,valid,,a9ff4a5e1dc0fea65b63e2b366814c1860f04110,a1d260b660c93e47a466deb9c00f26c880973356f7da4eda00cb8ec57cab044d,raw/E03-static_continuity_ttl30-20260916-20260906T142727193608Z
a001631,E03-static_continuity_ttl30-20260917-20260906T142727325018Z,E03,static_continuity_ttl30,20260917,default,sensitivity,2026-09-06T14:27:27.281731+00:00,2026-09-06T14:27:27.405411+00:00,0.124,VALID,valid,,a9ff4a5e1dc0fea65b63e2b366814c1860f04110,a1d260b660c93e47a466deb9c00f26c880973356f7da4eda00cb8ec57cab044d,raw/E03-static_continuity_ttl30-20260917-20260906T142727325018Z
a001632,E03-static_continuity_ttl30-20260918-20260906T142727459217Z,E03,static_continuity_ttl30,20260918,default,sensitivity,2026-09-06T14:27:27.417175+00:00,2026-09-06T14:27:27.531890+00:00,0.115,VALID,valid,,a9ff4a5e1dc0fea65b63e2b366814c1860f04110,a1d260b660c93e47a466deb9c00f26c880973356f7da4eda00cb8ec57cab044d,raw/E03-static_continuity_ttl30-20260918-20260906T142727459217Z
a001633,E03-static_continuity_ttl30-20260919-20260906T142727585702Z,E03,static_continuity_ttl30,20260919,default,sensitivity,2026-09-06T14:27:27.543297+00:00,2026-09-06T14:27:27.667459+00:00,0.124,VALID,valid,,a9ff4a5e1dc0fea65b63e2b366814c1860f04110,a1d260b660c93e47a466deb9c00f26c880973356f7da4eda00cb8ec57cab044d,raw/E03-static_continuity_ttl30-20260919-20260906T142727585702Z
a001634,E03-static_continuity_ttl30-20260920-20260906T142727722630Z,E03,static_continuity_ttl30,20260920,default,sensitivity,2026-09-06T14:27:27.679987+00:00,2026-09-06T14:27:27.799766+00:00,0.12,VALID,valid,,a9ff4a5e1dc0fea65b63e2b366814c1860f04110,a1d260b660c93e47a466deb9c00f26c880973356f7da4eda00cb8ec57cab044d,raw/E03-static_continuity_ttl30-20260920-20260906T142727722630Z
a001635,E03-static_continuity_ttl30-20260921-20260906T142727853143Z,E03,static_continuity_ttl30,20260921,default,sensitivity,2026-09-06T14:27:27.811385+00:00,2026-09-06T14:27:27.930764+00:00,0.119,VALID,valid,,a9ff4a5e1dc0fea65b63e2b366814c1860f04110,a1d260b660c93e47a466deb9c00f26c880973356f7da4eda00cb8ec57cab044d,raw/E03-static_continuity_ttl30-20260921-20260906T142727853143Z
a001636,E03-static_continuity_ttl30-20260922-20260906T142727984769Z,E03,static_continuity_ttl30,20260922,default,sensitivity,2026-09-06T14:27:27.942429+00:00,2026-09-06T14:27:28.062500+00:00,0.12,VALID,valid,,a9ff4a5e1dc0fea65b63e2b366814c1860f04110,a1d260b660c93e47a466deb9c00f26c880973356f7da4eda00cb8ec57cab044d,raw/E03-static_continuity_ttl30-20260922-20260906T142727984769Z
a001637,E03-static_continuity_ttl30-20260923-20260906T142728117415Z,E03,static_continuity_ttl30,20260923,default,sensitivity,2026-09-06T14:27:28.074813+00:00,2026-09-06T14:27:28.198965+00:00,0.124,VALID,valid,,a9ff4a5e1dc0fea65b63e2b366814c1860f04110,a1d260b660c93e47a466deb9c00f26c880973356f7da4eda00cb8ec57cab044d,raw/E03-static_continuity_ttl30-20260923-20260906T142728117415Z
a001638,E03-static_continuity_ttl30-20260924-20260906T142728253268Z,E03,static_continuity_ttl30,20260924,default,sensitivity,2026-09-06T14:27:28.211219+00:00,2026-09-06T14:27:28.333063+00:00,0.122,VALID,valid,,a9ff4a5e1dc0fea65b63e2b366814c1860f04110,a1d260b660c93e47a466deb9c00f26c880973356f7da4eda00cb8ec57cab044d,raw/E03-static_continuity_ttl30-20260924-20260906T142728253268Z
a001639,E03-static_continuity_ttl30-20260925-20260906T142728386335Z,E03,static_continuity_ttl30,20260925,default,sensitivity,2026-09-06T14:27:28.344766+00:00,2026-09-06T14:27:28.345341+00:00,0.132,VALID,valid,,a9ff4a5e1dc0fea65b63e2b366814c1860f04110,a1d260b660c93e47a466deb9c00f26c880973356f7da4eda00cb8ec57cab044d,raw/E03-static_continuity_ttl30-20260925-20260906T142728386335Z
a001640,E03-static_continuity_ttl30-20260926-20260906T142728400321Z,E03,static_continuity_ttl30,20260926,default,sensitivity,2026-09-06T14:27:28.358343+00:00,2026-09-06T14:27:28.477142+00:00,0.119,VALID,valid,,a9ff4a5e1dc0fea65b63e2b366814c1860f04110,a1d260b660c93e47a466deb9c00f26c880973356f7da4eda00cb8ec57cab044d,raw/E03-static_continuity_ttl30-20260926-20260906T142728400321Z
a001641,E03-static_continuity_ttl30-20260927-20260906T142728532120Z,E03,static_continuity_ttl30,20260927,default,sensitivity,2026-09-06T14:27:28.490414+00:00,2026-09-06T14:27:28.596029+00:00,0.106,VALID,valid,,a9ff4a5e1dc0fea65b63e2b366814c1860f04110,a1d260b660c93e47a466deb9c00f26c880973356f7da4eda00cb8ec57cab044d,raw/E03-static_continuity_ttl30-20260927-20260906T142728532120Z
a001642,E03-static_continuity_ttl30-20260928-20260906T142728649810Z,E03,static_continuity_ttl30,20260928,default,sensitivity,2026-09-06T14:27:28.607827+00:00,2026-09-06T14:27:28.719732+00:00,0.112,VALID,valid,,a9ff4a5e1dc0fea65b63e2b366814c1860f04110,a1d260b660c93e47a466deb9c00f26c880973356f7da4eda00cb8ec57cab044d,raw/E03-static_continuity_ttl30-20260928-20260906T142728649810Z
a001643,E03-static_continuity_ttl30-20260929-20260906T142728773925Z,E03,static_continuity_ttl30,20260929,default,sensitivity,2026-09-06T14:27:28.732147+00:00,2026-09-06T14:27:28.853765+00:00,0.122,VALID,valid,,a9ff4a5e1dc0fea65b63e2b366814c1860f04110,a1d260b660c93e47a466deb9c00f26c880973356f7da4eda00cb8ec57cab044d,raw/E03-static_continuity_ttl30-20260929-20260906T142728773925Z
a001644,E03-static_continuity_ttl30-20260930-20260906T142728908220Z,E03,static_continuity_ttl30,20260930,default,sensitivity,2026-09-06T14:27:28.866229+00:00,2026-09-06T14:27:28.987327+00:00,0.121,VALID,valid,,a9ff4a5e1dc0fea65b63e2b366814c1860f04110,a1d260b660c93e47a466deb9c00f26c880973356f7da4eda00cb8ec57cab044d,raw/E03-static_continuity_ttl30-20260930-20260906T142728908220Z
a001645,E03-static_continuity_ttl30-20260931-20260906T142729041747Z,E03,static_continuity_ttl30,20260931,default,sensitivity,2026-09-06T14:27:28.999131+00:00,2026-09-06T14:27:29.125544+00:00,0.126,VALID,valid,,a9ff4a5e1dc0fea65b63e2b366814c1860f04110,a1d260b660c93e47a466deb9c00f26c880973356f7da4eda00cb8ec57cab044d,raw/E03-static_continuity_ttl30-20260931-20260906T142729041747Z
a001646,E03-static_continuity_ttl30-20260932-20260906T142729181324Z,E03,static_continuity_ttl30,20260932,default,sensitivity,2026-09-06T14:27:29.138299+00:00,2026-09-06T14:27:29.262479+00:00,0.124,VALID,valid,,a9ff4a5e1dc0fea65b63e2b366814c1860f04110,a1d260b660c93e47a466deb9c00f26c880973356f7da4eda00cb8ec57cab044d,raw/E03-static_continuity_ttl30-20260932-20260906T142729181324Z
a001647,E03-static_continuity_ttl30-20260933-20260906T142729318085Z,E03,static_continuity_ttl30,20260933,default,sensitivity,2026-09-06T14:27:29.275142+00:00,2026-09-06T14:27:29.397639+00:00,0.122,VALID,valid,,a9ff4a5e1dc0fea65b63e2b366814c1860f04110,a1d260b660c93e47a466deb9c00f26c880973356f7da4eda00cb8ec57cab044d,raw/E03-static_continuity_ttl30-20260933-20260906T142729318085Z
a001648,E03-static_continuity_ttl30-20260934-20260906T142729452996Z,E03,static_continuity_ttl30,20260934,default,sensitivity,2026-09-06T14:27:29.410229+00:00,2026-09-06T14:27:29.534547+00:00,0.124,VALID,valid,,a9ff4a5e1dc0fea65b63e2b366814c1860f04110,a1d260b660c93e47a466deb9c00f26c880973356f7da4eda00cb8ec57cab044d,raw/E03-static_continuity_ttl30-20260934-20260906T142729452996Z
a001649,E03-static_continuity_ttl30-20260935-20260906T142729588619Z,E03,static_continuity_ttl30,20260935,default,sensitivity,2026-09-06T14:27:29.546348+00:00,2026-09-06T14:27:29.663684+00:00,0.117,VALID,valid,,a9ff4a5e1dc0fea65b63e2b366814c1860f04110,a1d260b660c93e47a466deb9c00f26c880973356f7da4eda00cb8ec57cab044d,raw/E03-static_continuity_ttl30-20260935-20260906T142729588619Z
a001650,E03-static_continuity_ttl30-20260936-20260906T142729719247Z,E03,static_continuity_ttl30,20260936,default,sensitivity,2026-09-06T14:27:29.676717+00:00,2026-09-06T14:27:29.801943+00:00,0.125,VALID,valid,,a9ff4a5e1dc0fea65b63e2b366814c1860f04110,a1d260b660c93e47a466deb9c00f26c880973356f7da4eda00cb8ec57cab044d,raw/E03-static_continuity_ttl30-20260936-20260906T142729719247Z
a001651,E03-static_continuity_ttl1800-20260907-20260906T142729856564Z,E03,static_continuity_ttl1800,20260907,default,sensitivity,2026-09-06T14:27:29.813907+00:00,2026-09-06T14:27:29.928185+00:00,0.114,VALID,valid,,a9ff4a5e1dc0fea65b63e2b366814c1860f04110,a1d260b660c93e47a466deb9c00f26c880973356f7da4eda00cb8ec57cab044d,raw/E03-static_continuity_ttl1800-20260907-20260906T142729856564Z
a001652,E03-static_continuity_ttl1800-20260908-20260906T142729982957Z,E03,static_continuity_ttl1800,20260908,default,sensitivity,2026-09-06T14:27:29.940051+00:00,2026-09-06T14:27:30.065619+00:00,0.126,VALID,valid,,a9ff4a5e1dc0fea65b63e2b366814c1860f04110,a1d260b660c93e47a466deb9c00f26c880973356f7da4eda00cb8ec57cab044d,raw/E03-static_continuity_ttl1800-20260908-20260906T142729982957Z
a001653,E03-static_continuity_ttl1800-20260909-20260906T142730120451Z,E03,static_continuity_ttl1800,20260909,default,sensitivity,2026-09-06T14:27:30.078265+00:00,2026-09-06T14:27:30.189364+00:00,0.111,VALID,valid,,a9ff4a5e1dc0fea65b63e2b366814c1860f04110,a1d260b660c93e47a466deb9c00f26c880973356f7da4eda00cb8ec57cab044d,raw/E03-static_continuity_ttl1800-20260909-20260906T142730120451Z
a001654,E03-static_continuity_ttl1800-20260910-20260906T142730244575Z,E03,static_continuity_ttl1800,20260910,default,sensitivity,2026-09-06T14:27:30.202100+00:00,2026-09-06T14:27:30.334287+00:00,0.132,VALID,valid,,a9ff4a5e1dc0fea65b63e2b366814c1860f04110,a1d260b660c93e47a466deb9c00f26c880973356f7da4eda00cb8ec57cab044d,raw/E03-static_continuity_ttl1800-20260910-20260906T142730244575Z
a001655,E03-static_continuity_ttl1800-20260911-20260906T142730391171Z,E03,static_continuity_ttl1800,20260911,default,sensitivity,2026-09-06T14:27:30.347568+00:00,2026-09-06T14:27:30.461950+00:00,0.114,VALID,valid,,a9ff4a5e1dc0fea65b63e2b366814c1860f04110,a1d260b660c93e47a466deb9c00f26c880973356f7da4eda00cb8ec57cab044d,raw/E03-static_continuity_ttl1800-20260911-20260906T142730391171Z
a001656,E03-static_continuity_ttl1800-20260912-20260906T142730518179Z,E03,static_continuity_ttl1800,20260912,default,sensitivity,2026-09-06T14:27:30.474943+00:00,2026-09-06T14:27:30.604684+00:00,0.13,VALID,valid,,a9ff4a5e1dc0fea65b63e2b366814c1860f04110,a1d260b660c93e47a466deb9c00f26c880973356f7da4eda00cb8ec57cab044d,raw/E03-static_continuity_ttl1800-20260912-20260906T142730518179Z
a001657,E03-static_continuity_ttl1800-20260913-20260906T142730659811Z,E03,static_continuity_ttl1800,20260913,default,sensitivity,2026-09-06T14:27:30.616834+00:00,2026-09-06T14:27:30.752075+00:00,0.135,VALID,valid,,a9ff4a5e1dc0fea65b63e2b366814c1860f04110,a1d260b660c93e47a466deb9c00f26c880973356f7da4eda00cb8ec57cab044d,raw/E03-static_continuity_ttl1800-20260913-20260906T142730659811Z
a001658,E03-static_continuity_ttl1800-20260914-20260906T142730808924Z,E03,static_continuity_ttl1800,20260914,default,sensitivity,2026-09-06T14:27:30.765491+00:00,2026-09-06T14:27:30.887183+00:00,0.122,VALID,valid,,a9ff4a5e1dc0fea65b63e2b366814c1860f04110,a1d260b660c93e47a466deb9c00f26c880973356f7da4eda00cb8ec57cab044d,raw/E03-static_continuity_ttl1800-20260914-20260906T142730808924Z
a001659,E03-static_continuity_ttl1800-20260915-20260906T142730942032Z,E03,static_continuity_ttl1800,20260915,default,sensitivity,2026-09-06T14:27:30.899561+00:00,2026-09-06T14:27:31.010302+00:00,0.111,VALID,valid,,a9ff4a5e1dc0fea65b63e2b366814c1860f04110,a1d260b660c93e47a466deb9c00f26c880973356f7da4eda00cb8ec57cab044d,raw/E03-static_continuity_ttl1800-20260915-20260906T142730942032Z
a001660,E03-static_continuity_ttl1800-20260916-20260906T142731064916Z,E03,static_continuity_ttl1800,20260916,default,sensitivity,2026-09-06T14:27:31.022415+00:00,2026-09-06T14:27:31.148621+00:00,0.126,VALID,valid,,a9ff4a5e1dc0fea65b63e2b366814c1860f04110,a1d260b660c93e47a466deb9c00f26c880973356f7da4eda00cb8ec57cab044d,raw/E03-static_continuity_ttl1800-20260916-20260906T142731064916Z
a001661,E03-static_continuity_ttl1800-20260917-20260906T142731203800Z,E03,static_continuity_ttl1800,20260917,default,sensitivity,2026-09-06T14:27:31.161355+00:00,2026-09-06T14:27:31.284876+00:00,0.124,VALID,valid,,a9ff4a5e1dc0fea65b63e2b366814c1860f04110,a1d260b660c93e47a466deb9c00f26c880973356f7da4eda00cb8ec57cab044d,raw/E03-static_continuity_ttl1800-20260917-20260906T142731203800Z
a001662,E03-static_continuity_ttl1800-20260918-20260906T142731340478Z,E03,static_continuity_ttl1800,20260918,default,sensitivity,2026-09-06T14:27:31.297589+00:00,2026-09-06T14:27:31.416963+00:00,0.119,VALID,valid,,a9ff4a5e1dc0fea65b63e2b366814c1860f04110,a1d260b660c93e47a466deb9c00f26c880973356f7da4eda00cb8ec57cab044d,raw/E03-static_continuity_ttl1800-20260918-20260906T142731340478Z
a001663,E03-static_continuity_ttl1800-20260919-20260906T142731472539Z,E03,static_continuity_ttl1800,20260919,default,sensitivity,2026-09-06T14:27:31.429488+00:00,2026-09-06T14:27:31.550824+00:00,0.121,VALID,valid,,a9ff4a5e1dc0fea65b63e2b366814c1860f04110,a1d260b660c93e47a466deb9c00f26c880973356f7da4eda00cb8ec57cab044d,raw/E03-static_continuity_ttl1800-20260919-20260906T142731472539Z
a001664,E03-static_continuity_ttl1800-20260920-20260906T142731606489Z,E03,static_continuity_ttl1800,20260920,default,sensitivity,2026-09-06T14:27:31.562717+00:00,2026-09-06T14:27:31.685984+00:00,0.123,VALID,valid,,a9ff4a5e1dc0fea65b63e2b366814c1860f04110,a1d260b660c93e47a466deb9c00f26c880973356f7da4eda00cb8ec57cab044d,raw/E03-static_continuity_ttl1800-20260920-20260906T142731606489Z
a001665,E03-static_continuity_ttl1800-20260921-20260906T142731742755Z,E03,static_continuity_ttl1800,20260921,default,sensitivity,2026-09-06T14:27:31.698876+00:00,2026-09-06T14:27:31.819686+00:00,0.121,VALID,valid,,a9ff4a5e1dc0fea65b63e2b366814c1860f04110,a1d260b660c93e47a466deb9c00f26c880973356f7da4eda00cb8ec57cab044d,raw/E03-static_continuity_ttl1800-20260921-20260906T142731742755Z
a001666,E03-static_continuity_ttl1800-20260922-20260906T142731874715Z,E03,static_continuity_ttl1800,20260922,default,sensitivity,2026-09-06T14:27:31.832272+00:00,2026-09-06T14:27:31.956493+00:00,0.124,VALID,valid,,a9ff4a5e1dc0fea65b63e2b366814c1860f04110,a1d260b660c93e47a466deb9c00f26c880973356f7da4eda00cb8ec57cab044d,raw/E03-static_continuity_ttl1800-20260922-20260906T142731874715Z
a001667,E03-static_continuity_ttl1800-20260923-20260906T142732010879Z,E03,static_continuity_ttl1800,20260923,default,sensitivity,2026-09-06T14:27:31.968444+00:00,2026-09-06T14:27:32.074522+00:00,0.106,VALID,valid,,a9ff4a5e1dc0fea65b63e2b366814c1860f04110,a1d260b660c93e47a466deb9c00f26c880973356f7da4eda00cb8ec57cab044d,raw/E03-static_continuity_ttl1800-20260923-20260906T142732010879Z
a001668,E03-static_continuity_ttl1800-20260924-20260906T142732129957Z,E03,static_continuity_ttl1800,20260924,default,sensitivity,2026-09-06T14:27:32.087357+00:00,2026-09-06T14:27:32.212822+00:00,0.125,VALID,valid,,a9ff4a5e1dc0fea65b63e2b366814c1860f04110,a1d260b660c93e47a466deb9c00f26c880973356f7da4eda00cb8ec57cab044d,raw/E03-static_continuity_ttl1800-20260924-20260906T142732129957Z
a001669,E03-static_continuity_ttl1800-20260925-20260906T142732268768Z,E03,static_continuity_ttl1800,20260925,default,sensitivity,2026-09-06T14:27:32.225734+00:00,2026-09-06T14:27:32.349089+00:00,0.123,VALID,valid,,a9ff4a5e1dc0fea65b63e2b366814c1860f04110,a1d260b660c93e47a466deb9c00f26c880973356f7da4eda00cb8ec57cab044d,raw/E03-static_continuity_ttl1800-20260925-20260906T142732268768Z
a001670,E03-static_continuity_ttl1800-20260926-20260906T142732403085Z,E03,static_continuity_ttl1800,20260926,default,sensitivity,2026-09-06T14:27:32.361335+00:00,2026-09-06T14:27:32.484702+00:00,0.123,VALID,valid,,a9ff4a5e1dc0fea65b63e2b366814c1860f04110,a1d260b660c93e47a466deb9c00f26c880973356f7da4eda00cb8ec57cab044d,raw/E03-static_continuity_ttl1800-20260926-20260906T142732403085Z
a001671,E03-static_continuity_ttl1800-20260927-20260906T142732539625Z,E03,static_continuity_ttl1800,20260927,default,sensitivity,2026-09-06T14:27:32.497508+00:00,2026-09-06T14:27:32.617669+00:00,0.12,VALID,valid,,a9ff4a5e1dc0fea65b63e2b366814c1860f04110,a1d260b660c93e47a466deb9c00f26c880973356f7da4eda00cb8ec57cab044d,raw/E03-static_continuity_ttl1800-20260927-20260906T142732539625Z
a001672,E03-static_continuity_ttl1800-20260928-20260906T142732672132Z,E03,static_continuity_ttl1800,20260928,default,sensitivity,2026-09-06T14:27:32.629471+00:00,2026-09-06T14:27:32.751557+00:00,0.122,VALID,valid,,a9ff4a5e1dc0fea65b63e2b366814c1860f04110,a1d260b660c93e47a466deb9c00f26c880973356f7da4eda00cb8ec57cab044d,raw/E03-static_continuity_ttl1800-20260928-20260906T142732672132Z
a001673,E03-static_continuity_ttl1800-20260929-20260906T142732807408Z,E03,static_continuity_ttl1800,20260929,default,sensitivity,2026-09-06T14:27:32.764135+00:00,2026-09-06T14:27:32.877655+00:00,0.114,VALID,valid,,a9ff4a5e1dc0fea65b63e2b366814c1860f04110,a1d260b660c93e47a466deb9c00f26c880973356f7da4eda00cb8ec57cab044d,raw/E03-static_continuity_ttl1800-20260929-20260906T142732807408Z
a001674,E03-static_continuity_ttl1800-20260930-20260906T142732932573Z,E03,static_continuity_ttl1800,20260930,default,sensitivity,2026-09-06T14:27:32.890044+00:00,2026-09-06T14:27:33.012737+00:00,0.123,VALID,valid,,a9ff4a5e1dc0fea65b63e2b366814c1860f04110,a1d260b660c93e47a466deb9c00f26c880973356f7da4eda00cb8ec57cab044d,raw/E03-static_continuity_ttl1800-20260930-20260906T142732932573Z
a001675,E03-static_continuity_ttl1800-20260931-20260906T142733067765Z,E03,static_continuity_ttl1800,20260931,default,sensitivity,2026-09-06T14:27:33.025819+00:00,2026-09-06T14:27:33.143836+00:00,0.118,VALID,valid,,a9ff4a5e1dc0fea65b63e2b366814c1860f04110,a1d260b660c93e47a466deb9c00f26c880973356f7da4eda00cb8ec57cab044d,raw/E03-static_continuity_ttl1800-20260931-20260906T142733067765Z
a001676,E03-static_continuity_ttl1800-20260932-20260906T142733197971Z,E03,static_continuity_ttl1800,20260932,default,sensitivity,2026-09-06T14:27:33.155451+00:00,2026-09-06T14:27:33.284943+00:00,0.129,VALID,valid,,a9ff4a5e1dc0fea65b63e2b366814c1860f04110,a1d260b660c93e47a466deb9c00f26c880973356f7da4eda00cb8ec57cab044d,raw/E03-static_continuity_ttl1800-20260932-20260906T142733197971Z
a001677,E03-static_continuity_ttl1800-20260933-20260906T142733341564Z,E03,static_continuity_ttl1800,20260933,default,sensitivity,2026-09-06T14:27:33.298124+00:00,2026-09-06T14:27:33.420392+00:00,0.122,VALID,valid,,a9ff4a5e1dc0fea65b63e2b366814c1860f04110,a1d260b660c93e47a466deb9c00f26c880973356f7da4eda00cb8ec57cab044d,raw/E03-static_continuity_ttl1800-20260933-20260906T142733341564Z
a001678,E03-static_continuity_ttl1800-20260934-20260906T142733475543Z,E03,static_continuity_ttl1800,20260934,default,sensitivity,2026-09-06T14:27:33.433093+00:00,2026-09-06T14:27:33.557487+00:00,0.124,VALID,valid,,a9ff4a5e1dc0fea65b63e2b366814c1860f04110,a1d260b660c93e47a466deb9c00f26c880973356f7da4eda00cb8ec57cab044d,raw/E03-static_continuity_ttl1800-20260934-20260906T142733475543Z
a001679,E03-static_continuity_ttl1800-20260935-20260906T142733612300Z,E03,static_continuity_ttl1800,20260935,default,sensitivity,2026-09-06T14:27:33.570317+00:00,2026-09-06T14:27:33.686140+00:00,0.116,VALID,valid,,a9ff4a5e1dc0fea65b63e2b366814c1860f04110,a1d260b660c93e47a466deb9c00f26c880973356f7da4eda00cb8ec57cab044d,raw/E03-static_continuity_ttl1800-20260935-20260906T142733612300Z
a001680,E03-static_continuity_ttl1800-20260936-20260906T142733739618Z,E03,static_continuity_ttl1800,20260936,default,sensitivity,2026-09-06T14:27:33.697848+00:00,2026-09-06T14:27:33.808286+00:00,0.11,VALID,valid,,a9ff4a5e1dc0fea65b63e2b366814c1860f04110,a1d260b660c93e47a466deb9c00f26c880973356f7da4eda00cb8ec57cab044d,raw/E03-static_continuity_ttl1800-20260936-20260906T142733739618Z
a001681,E04-static_continuity_ttl30-20260907-20260906T142733862457Z,E04,static_continuity_ttl30,20260907,default,sensitivity,2026-09-06T14:27:33.820697+00:00,2026-09-06T14:27:33.969428+00:00,0.149,VALID,valid,,a9ff4a5e1dc0fea65b63e2b366814c1860f04110,a1d260b660c93e47a466deb9c00f26c880973356f7da4eda00cb8ec57cab044d,raw/E04-static_continuity_ttl30-20260907-20260906T142733862457Z
a001682,E04-static_continuity_ttl30-20260908-20260906T142734026917Z,E04,static_continuity_ttl30,20260908,default,sensitivity,2026-09-06T14:27:33.982895+00:00,2026-09-06T14:27:34.106666+00:00,0.124,VALID,valid,,a9ff4a5e1dc0fea65b63e2b366814c1860f04110,a1d260b660c93e47a466deb9c00f26c880973356f7da4eda00cb8ec57cab044d,raw/E04-static_continuity_ttl30-20260908-20260906T142734026917Z
a001683,E04-static_continuity_ttl30-20260909-20260906T142734164512Z,E04,static_continuity_ttl30,20260909,default,sensitivity,2026-09-06T14:27:34.119460+00:00,2026-09-06T14:27:34.250717+00:00,0.131,VALID,valid,,a9ff4a5e1dc0fea65b63e2b366814c1860f04110,a1d260b660c93e47a466deb9c00f26c880973356f7da4eda00cb8ec57cab044d,raw/E04-static_continuity_ttl30-20260909-20260906T142734164512Z
a001684,E04-static_continuity_ttl30-20260910-20260906T142734304752Z,E04,static_continuity_ttl30,20260910,default,sensitivity,2026-09-06T14:27:34.262474+00:00,2026-09-06T14:27:34.382135+00:00,0.12,VALID,valid,,a9ff4a5e1dc0fea65b63e2b366814c1860f04110,a1d260b660c93e47a466deb9c00f26c880973356f7da4eda00cb8ec57cab044d,raw/E04-static_continuity_ttl30-20260910-20260906T142734304752Z
a001685,E04-static_continuity_ttl30-20260911-20260906T142734436897Z,E04,static_continuity_ttl30,20260911,default,sensitivity,2026-09-06T14:27:34.394732+00:00,2026-09-06T14:27:34.513287+00:00,0.119,VALID,valid,,a9ff4a5e1dc0fea65b63e2b366814c1860f04110,a1d260b660c93e47a466deb9c00f26c880973356f7da4eda00cb8ec57cab044d,raw/E04-static_continuity_ttl30-20260911-20260906T142734436897Z
a001686,E04-static_continuity_ttl30-20260912-20260906T142734568623Z,E04,static_continuity_ttl30,20260912,default,sensitivity,2026-09-06T14:27:34.525951+00:00,2026-09-06T14:27:34.646074+00:00,0.12,VALID,valid,,a9ff4a5e1dc0fea65b63e2b366814c1860f04110,a1d260b660c93e47a466deb9c00f26c880973356f7da4eda00cb8ec57cab044d,raw/E04-static_continuity_ttl30-20260912-20260906T142734568623Z
a001687,E04-static_continuity_ttl30-20260913-20260906T142734699806Z,E04,static_continuity_ttl30,20260913,default,sensitivity,2026-09-06T14:27:34.657817+00:00,2026-09-06T14:27:34.773075+00:00,0.115,VALID,valid,,a9ff4a5e1dc0fea65b63e2b366814c1860f04110,a1d260b660c93e47a466deb9c00f26c880973356f7da4eda00cb8ec57cab044d,raw/E04-static_continuity_ttl30-20260913-20260906T142734699806Z
a001688,E04-static_continuity_ttl30-20260914-20260906T142734826686Z,E04,static_continuity_ttl30,20260914,default,sensitivity,2026-09-06T14:27:34.784399+00:00,2026-09-06T14:27:34.907856+00:00,0.123,VALID,valid,,a9ff4a5e1dc0fea65b63e2b366814c1860f04110,a1d260b660c93e47a466deb9c00f26c880973356f7da4eda00cb8ec57cab044d,raw/E04-static_continuity_ttl30-20260914-20260906T142734826686Z
a001689,E04-static_continuity_ttl30-20260915-20260906T142734961579Z,E04,static_continuity_ttl30,20260915,default,sensitivity,2026-09-06T14:27:34.919845+00:00,2026-09-06T14:27:35.042145+00:00,0.122,VALID,valid,,a9ff4a5e1dc0fea65b63e2b366814c1860f04110,a1d260b660c93e47a466deb9c00f26c880973356f7da4eda00cb8ec57cab044d,raw/E04-static_continuity_ttl30-20260915-20260906T142734961579Z
a001690,E04-static_continuity_ttl30-20260916-20260906T142735095469Z,E04,static_continuity_ttl30,20260916,default,sensitivity,2026-09-06T14:27:35.053634+00:00,2026-09-06T14:27:35.164287+00:00,0.111,VALID,valid,,a9ff4a5e1dc0fea65b63e2b366814c1860f04110,a1d260b660c93e47a466deb9c00f26c880973356f7da4eda00cb8ec57cab044d,raw/E04-static_continuity_ttl30-20260916-20260906T142735095469Z
a001691,E04-static_continuity_ttl30-20260917-20260906T142735217462Z,E04,static_continuity_ttl30,20260917,default,sensitivity,2026-09-06T14:27:35.175914+00:00,2026-09-06T14:27:35.300004+00:00,0.124,VALID,valid,,a9ff4a5e1dc0fea65b63e2b366814c1860f04110,a1d260b660c93e47a466deb9c00f26c880973356f7da4eda00cb8ec57cab044d,raw/E04-static_continuity_ttl30-20260917-20260906T142735217462Z
a001692,E04-static_continuity_ttl30-20260918-20260906T142735353672Z,E04,static_continuity_ttl30,20260918,default,sensitivity,2026-09-06T14:27:35.311749+00:00,2026-09-06T14:27:35.441199+00:00,0.129,VALID,valid,,a9ff4a5e1dc0fea65b63e2b366814c1860f04110,a1d260b660c93e47a466deb9c00f26c880973356f7da4eda00cb8ec57cab044d,raw/E04-static_continuity_ttl30-20260918-20260906T142735353672Z
a001693,E04-static_continuity_ttl30-20260919-20260906T142735508670Z,E04,static_continuity_ttl30,20260919,default,sensitivity,2026-09-06T14:27:35.464289+00:00,2026-09-06T14:27:35.576403+00:00,0.112,VALID,valid,,a9ff4a5e1dc0fea65b63e2b366814c1860f04110,a1d260b660c93e47a466deb9c00f26c880973356f7da4eda00cb8ec57cab044d,raw/E04-static_continuity_ttl30-20260919-20260906T142735508670Z
a001694,E04-static_continuity_ttl30-20260920-20260906T142735632166Z,E04,static_continuity_ttl30,20260920,default,sensitivity,2026-09-06T14:27:35.588706+00:00,2026-09-06T14:27:35.707803+00:00,0.119,VALID,valid,,a9ff4a5e1dc0fea65b63e2b366814c1860f04110,a1d260b660c93e47a466deb9c00f26c880973356f7da4eda00cb8ec57cab044d,raw/E04-static_continuity_ttl30-20260920-20260906T142735632166Z
a001695,E04-static_continuity_ttl30-20260921-20260906T142735763828Z,E04,static_continuity_ttl30,20260921,default,sensitivity,2026-09-06T14:27:35.721073+00:00,2026-09-06T14:27:35.842489+00:00,0.121,VALID,valid,,a9ff4a5e1dc0fea65b63e2b366814c1860f04110,a1d260b660c93e47a466deb9c00f26c880973356f7da4eda00cb8ec57cab044d,raw/E04-static_continuity_ttl30-20260921-20260906T142735763828Z
a001696,E04-static_continuity_ttl30-20260922-20260906T142735897108Z,E04,static_continuity_ttl30,20260922,default,sensitivity,2026-09-06T14:27:35.855204+00:00,2026-09-06T14:27:35.981287+00:00,0.126,VALID,valid,,a9ff4a5e1dc0fea65b63e2b366814c1860f04110,a1d260b660c93e47a466deb9c00f26c880973356f7da4eda00cb8ec57cab044d,raw/E04-static_continuity_ttl30-20260922-20260906T142735897108Z
a001697,E04-static_continuity_ttl30-20260923-20260906T142736039714Z,E04,static_continuity_ttl30,20260923,default,sensitivity,2026-09-06T14:27:35.994855+00:00,2026-09-06T14:27:36.120996+00:00,0.126,VALID,valid,,a9ff4a5e1dc0fea65b63e2b366814c1860f04110,a1d260b660c93e47a466deb9c00f26c880973356f7da4eda00cb8ec57cab044d,raw/E04-static_continuity_ttl30-20260923-20260906T142736039714Z
a001698,E04-static_continuity_ttl30-20260924-20260906T142736175520Z,E04,static_continuity_ttl30,20260924,default,sensitivity,2026-09-06T14:27:36.133164+00:00,2026-09-06T14:27:36.258894+00:00,0.126,VALID,valid,,a9ff4a5e1dc0fea65b63e2b366814c1860f04110,a1d260b660c93e47a466deb9c00f26c880973356f7da4eda00cb8ec57cab044d,raw/E04-static_continuity_ttl30-20260924-20260906T142736175520Z
a001699,E04-static_continuity_ttl30-20260925-20260906T142736315411Z,E04,static_continuity_ttl30,20260925,default,sensitivity,2026-09-06T14:27:36.271992+00:00,2026-09-06T14:27:36.396964+00:00,0.125,VALID,valid,,a9ff4a5e1dc0fea65b63e2b366814c1860f04110,a1d260b660c93e47a466deb9c00f26c880973356f7da4eda00cb8ec57cab044d,raw/E04-static_continuity_ttl30-20260925-20260906T142736315411Z
a001700,E04-static_continuity_ttl30-20260926-20260906T142736450497Z,E04,static_continuity_ttl30,20260926,default,sensitivity,2026-09-06T14:27:36.408548+00:00,2026-09-06T14:27:36.531279+00:00,0.123,VALID,valid,,a9ff4a5e1dc0fea65b63e2b366814c1860f04110,a1d260b660c93e47a466deb9c00f26c880973356f7da4eda00cb8ec57cab044d,raw/E04-static_continuity_ttl30-20260926-20260906T142736450497Z
a001701,E04-static_continuity_ttl30-20260927-20260906T142736585356Z,E04,static_continuity_ttl30,20260927,default,sensitivity,2026-09-06T14:27:36.542845+00:00,2026-09-06T14:27:36.661446+00:00,0.119,VALID,valid,,a9ff4a5e1dc0fea65b63e2b366814c1860f04110,a1d260b660c93e47a466deb9c00f26c880973356f7da4eda00cb8ec57cab044d,raw/E04-static_continuity_ttl30-20260927-20260906T142736585356Z
a001702,E04-static_continuity_ttl30-20260928-20260906T142736714639Z,E04,static_continuity_ttl30,20260928,default,sensitivity,2026-09-06T14:27:36.672839+00:00,2026-09-06T14:27:36.795786+00:00,0.123,VALID,valid,,a9ff4a5e1dc0fea65b63e2b366814c1860f04110,a1d260b660c93e47a466deb9c00f26c880973356f7da4eda00cb8ec57cab044d,raw/E04-static_continuity_ttl30-20260928-20260906T142736714639Z
a001703,E04-static_continuity_ttl30-20260929-20260906T142736849861Z,E04,static_continuity_ttl30,20260929,default,sensitivity,2026-09-06T14:27:36.807506+00:00,2026-09-06T14:27:36.926450+00:00,0.119,VALID,valid,,a9ff4a5e1dc0fea65b63e2b366814c1860f04110,a1d260b660c93e47a466deb9c00f26c880973356f7da4eda00cb8ec57cab044d,raw/E04-static_continuity_ttl30-20260929-20260906T142736849861Z
a001704,E04-static_continuity_ttl30-20260930-20260906T142736979760Z,E04,static_continuity_ttl30,20260930,default,sensitivity,2026-09-06T14:27:36.937856+00:00,2026-09-06T14:27:37.060279+00:00,0.122,VALID,valid,,a9ff4a5e1dc0fea65b63e2b366814c1860f04110,a1d260b660c93e47a466deb9c00f26c880973356f7da4eda00cb8ec57cab044d,raw/E04-static_continuity_ttl30-20260930-20260906T142736979760Z
a001705,E04-static_continuity_ttl30-20260931-20260906T142737115504Z,E04,static_continuity_ttl30,20260931,default,sensitivity,2026-09-06T14:27:37.072537+00:00,2026-09-06T14:27:37.197408+00:00,0.125,VALID,valid,,a9ff4a5e1dc0fea65b63e2b366814c1860f04110,a1d260b660c93e47a466deb9c00f26c880973356f7da4eda00cb8ec57cab044d,raw/E04-static_continuity_ttl30-20260931-20260906T142737115504Z
a001706,E04-static_continuity_ttl30-20260932-20260906T142737251647Z,E04,static_continuity_ttl30,20260932,default,sensitivity,2026-09-06T14:27:37.209898+00:00,2026-09-06T14:27:37.325548+00:00,0.116,VALID,valid,,a9ff4a5e1dc0fea65b63e2b366814c1860f04110,a1d260b660c93e47a466deb9c00f26c880973356f7da4eda00cb8ec57cab044d,raw/E04-static_continuity_ttl30-20260932-20260906T142737251647Z
a001707,E04-static_continuity_ttl30-20260933-20260906T142737379046Z,E04,static_continuity_ttl30,20260933,default,sensitivity,2026-09-06T14:27:37.337277+00:00,2026-09-06T14:27:37.468272+00:00,0.131,VALID,valid,,a9ff4a5e1dc0fea65b63e2b366814c1860f04110,a1d260b660c93e47a466deb9c00f26c880973356f7da4eda00cb8ec57cab044d,raw/E04-static_continuity_ttl30-20260933-20260906T142737379046Z
a001708,E04-static_continuity_ttl30-20260934-20260906T142737522189Z,E04,static_continuity_ttl30,20260934,default,sensitivity,2026-09-06T14:27:37.480086+00:00,2026-09-06T14:27:37.604710+00:00,0.125,VALID,valid,,a9ff4a5e1dc0fea65b63e2b366814c1860f04110,a1d260b660c93e47a466deb9c00f26c880973356f7da4eda00cb8ec57cab044d,raw/E04-static_continuity_ttl30-20260934-20260906T142737522189Z
a001709,E04-static_continuity_ttl30-20260935-20260906T142737659557Z,E04,static_continuity_ttl30,20260935,default,sensitivity,2026-09-06T14:27:37.617440+00:00,2026-09-06T14:27:37.734981+00:00,0.118,VALID,valid,,a9ff4a5e1dc0fea65b63e2b366814c1860f04110,a1d260b660c93e47a466deb9c00f26c880973356f7da4eda00cb8ec57cab044d,raw/E04-static_continuity_ttl30-20260935-20260906T142737659557Z
a001710,E04-static_continuity_ttl30-20260936-20260906T142737789670Z,E04,static_continuity_ttl30,20260936,default,sensitivity,2026-09-06T14:27:37.747526+00:00,2026-09-06T14:27:37.856058+00:00,0.109,VALID,valid,,a9ff4a5e1dc0fea65b63e2b366814c1860f04110,a1d260b660c93e47a466deb9c00f26c880973356f7da4eda00cb8ec57cab044d,raw/E04-static_continuity_ttl30-20260936-20260906T142737789670Z
a001711,E04-static_continuity_ttl1800-20260907-20260906T142737909572Z,E04,static_continuity_ttl1800,20260907,default,sensitivity,2026-09-06T14:27:37.867649+00:00,2026-09-06T14:27:37.985337+00:00,0.118,VALID,valid,,a9ff4a5e1dc0fea65b63e2b366814c1860f04110,a1d260b660c93e47a466deb9c00f26c880973356f7da4eda00cb8ec57cab044d,raw/E04-static_continuity_ttl1800-20260907-20260906T142737909572Z
a001712,E04-static_continuity_ttl1800-20260908-20260906T142738038653Z,E04,static_continuity_ttl1800,20260908,default,sensitivity,2026-09-06T14:27:37.996952+00:00,2026-09-06T14:27:38.111242+00:00,0.114,VALID,valid,,a9ff4a5e1dc0fea65b63e2b366814c1860f04110,a1d260b660c93e47a466deb9c00f26c880973356f7da4eda00cb8ec57cab044d,raw/E04-static_continuity_ttl1800-20260908-20260906T142738038653Z
a001713,E04-static_continuity_ttl1800-20260909-20260906T142738164465Z,E04,static_continuity_ttl1800,20260909,default,sensitivity,2026-09-06T14:27:38.122539+00:00,2026-09-06T14:27:38.228567+00:00,0.106,VALID,valid,,a9ff4a5e1dc0fea65b63e2b366814c1860f04110,a1d260b660c93e47a466deb9c00f26c880973356f7da4eda00cb8ec57cab044d,raw/E04-static_continuity_ttl1800-20260909-20260906T142738164465Z
a001714,E04-static_continuity_ttl1800-20260910-20260906T142738282967Z,E04,static_continuity_ttl1800,20260910,default,sensitivity,2026-09-06T14:27:38.241328+00:00,2026-09-06T14:27:38.362380+00:00,0.121,VALID,valid,,a9ff4a5e1dc0fea65b63e2b366814c1860f04110,a1d260b660c93e47a466deb9c00f26c880973356f7da4eda00cb8ec57cab044d,raw/E04-static_continuity_ttl1800-20260910-20260906T142738282967Z
a001715,E04-static_continuity_ttl1800-20260911-20260906T142738416641Z,E04,static_continuity_ttl1800,20260911,default,sensitivity,2026-09-06T14:27:38.374509+00:00,2026-09-06T14:27:38.379097+00:00,0.129,VALID,valid,,a9ff4a5e1dc0fea65b63e2b366814c1860f04110,a1d260b660c93e47a466deb9c00f26c880973356f7da4eda00cb8ec57cab044d,raw/E04-static_continuity_ttl1800-20260911-20260906T142738416641Z
a001716,E04-static_continuity_ttl1800-20260912-20260906T142738433928Z,E04,static_continuity_ttl1800,20260912,default,sensitivity,2026-09-06T14:27:38.391479+00:00,2026-09-06T14:27:38.500745+00:00,0.109,VALID,valid,,a9ff4a5e1dc0fea65b63e2b366814c1860f04110,a1d260b660c93e47a466deb9c00f26c880973356f7da4eda00cb8ec57cab044d,raw/E04-static_continuity_ttl1800-20260912-20260906T142738433928Z
a001717,E04-static_continuity_ttl1800-20260913-20260906T142738555240Z,E04,static_continuity_ttl1800,20260913,default,sensitivity,2026-09-06T14:27:38.513381+00:00,2026-09-06T14:27:38.629983+00:00,0.117,VALID,valid,,a9ff4a5e1dc0fea65b63e2b366814c1860f04110,a1d260b660c93e47a466deb9c00f26c880973356f7da4eda00cb8ec57cab044d,raw/E04-static_continuity_ttl1800-20260913-20260906T142738555240Z
a001718,E04-static_continuity_ttl1800-20260914-20260906T142738684337Z,E04,static_continuity_ttl1800,20260914,default,sensitivity,2026-09-06T14:27:38.642120+00:00,2026-09-06T14:27:38.767015+00:00,0.125,VALID,valid,,a9ff4a5e1dc0fea65b63e2b366814c1860f04110,a1d260b660c93e47a466deb9c00f26c880973356f7da4eda00cb8ec57cab044d,raw/E04-static_continuity_ttl1800-20260914-20260906T142738684337Z
a001719,E04-static_continuity_ttl1800-20260915-20260906T142738821140Z,E04,static_continuity_ttl1800,20260915,default,sensitivity,2026-09-06T14:27:38.779345+00:00,2026-09-06T14:27:38.899233+00:00,0.12,VALID,valid,,a9ff4a5e1dc0fea65b63e2b366814c1860f04110,a1d260b660c93e47a466deb9c00f26c880973356f7da4eda00cb8ec57cab044d,raw/E04-static_continuity_ttl1800-20260915-20260906T142738821140Z
a001720,E04-static_continuity_ttl1800-20260916-20260906T142738953139Z,E04,static_continuity_ttl1800,20260916,default,sensitivity,2026-09-06T14:27:38.911824+00:00,2026-09-06T14:27:39.021632+00:00,0.11,VALID,valid,,a9ff4a5e1dc0fea65b63e2b366814c1860f04110,a1d260b660c93e47a466deb9c00f26c880973356f7da4eda00cb8ec57cab044d,raw/E04-static_continuity_ttl1800-20260916-20260906T142738953139Z
a001721,E04-static_continuity_ttl1800-20260917-20260906T142739076377Z,E04,static_continuity_ttl1800,20260917,default,sensitivity,2026-09-06T14:27:39.033676+00:00,2026-09-06T14:27:39.159643+00:00,0.126,VALID,valid,,a9ff4a5e1dc0fea65b63e2b366814c1860f04110,a1d260b660c93e47a466deb9c00f26c880973356f7da4eda00cb8ec57cab044d,raw/E04-static_continuity_ttl1800-20260917-20260906T142739076377Z
a001722,E04-static_continuity_ttl1800-20260918-20260906T142739214380Z,E04,static_continuity_ttl1800,20260918,default,sensitivity,2026-09-06T14:27:39.171330+00:00,2026-09-06T14:27:39.296936+00:00,0.126,VALID,valid,,a9ff4a5e1dc0fea65b63e2b366814c1860f04110,a1d260b660c93e47a466deb9c00f26c880973356f7da4eda00cb8ec57cab044d,raw/E04-static_continuity_ttl1800-20260918-20260906T142739214380Z
a001723,E04-static_continuity_ttl1800-20260919-20260906T142739351569Z,E04,static_continuity_ttl1800,20260919,default,sensitivity,2026-09-06T14:27:39.308624+00:00,2026-09-06T14:27:39.435835+00:00,0.127,VALID,valid,,a9ff4a5e1dc0fea65b63e2b366814c1860f04110,a1d260b660c93e47a466deb9c00f26c880973356f7da4eda00cb8ec57cab044d,raw/E04-static_continuity_ttl1800-20260919-20260906T142739351569Z
a001724,E04-static_continuity_ttl1800-20260920-20260906T142739491327Z,E04,static_continuity_ttl1800,20260920,default,sensitivity,2026-09-06T14:27:39.448649+00:00,2026-09-06T14:27:39.561764+00:00,0.113,VALID,valid,,a9ff4a5e1dc0fea65b63e2b366814c1860f04110,a1d260b660c93e47a466deb9c00f26c880973356f7da4eda00cb8ec57cab044d,raw/E04-static_continuity_ttl1800-20260920-20260906T142739491327Z
a001725,E04-static_continuity_ttl1800-20260921-20260906T142739619462Z,E04,static_continuity_ttl1800,20260921,default,sensitivity,2026-09-06T14:27:39.574862+00:00,2026-09-06T14:27:39.688734+00:00,0.114,VALID,valid,,a9ff4a5e1dc0fea65b63e2b366814c1860f04110,a1d260b660c93e47a466deb9c00f26c880973356f7da4eda00cb8ec57cab044d,raw/E04-static_continuity_ttl1800-20260921-20260906T142739619462Z
a001726,E04-static_continuity_ttl1800-20260922-20260906T142739744729Z,E04,static_continuity_ttl1800,20260922,default,sensitivity,2026-09-06T14:27:39.701718+00:00,2026-09-06T14:27:39.824509+00:00,0.123,VALID,valid,,a9ff4a5e1dc0fea65b63e2b366814c1860f04110,a1d260b660c93e47a466deb9c00f26c880973356f7da4eda00cb8ec57cab044d,raw/E04-static_continuity_ttl1800-20260922-20260906T142739744729Z
a001727,E04-static_continuity_ttl1800-20260923-20260906T142739878962Z,E04,static_continuity_ttl1800,20260923,default,sensitivity,2026-09-06T14:27:39.836287+00:00,2026-09-06T14:27:39.956193+00:00,0.12,VALID,valid,,a9ff4a5e1dc0fea65b63e2b366814c1860f04110,a1d260b660c93e47a466deb9c00f26c880973356f7da4eda00cb8ec57cab044d,raw/E04-static_continuity_ttl1800-20260923-20260906T142739878962Z
a001728,E04-static_continuity_ttl1800-20260924-20260906T142740010675Z,E04,static_continuity_ttl1800,20260924,default,sensitivity,2026-09-06T14:27:39.967999+00:00,2026-09-06T14:27:40.089852+00:00,0.122,VALID,valid,,a9ff4a5e1dc0fea65b63e2b366814c1860f04110,a1d260b660c93e47a466deb9c00f26c880973356f7da4eda00cb8ec57cab044d,raw/E04-static_continuity_ttl1800-20260924-20260906T142740010675Z
a001729,E04-static_continuity_ttl1800-20260925-20260906T142740145356Z,E04,static_continuity_ttl1800,20260925,default,sensitivity,2026-09-06T14:27:40.102599+00:00,2026-09-06T14:27:40.225530+00:00,0.123,VALID,valid,,a9ff4a5e1dc0fea65b63e2b366814c1860f04110,a1d260b660c93e47a466deb9c00f26c880973356f7da4eda00cb8ec57cab044d,raw/E04-static_continuity_ttl1800-20260925-20260906T142740145356Z
a001730,E04-static_continuity_ttl1800-20260926-20260906T142740279685Z,E04,static_continuity_ttl1800,20260926,default,sensitivity,2026-09-06T14:27:40.237250+00:00,2026-09-06T14:27:40.368256+00:00,0.131,VALID,valid,,a9ff4a5e1dc0fea65b63e2b366814c1860f04110,a1d260b660c93e47a466deb9c00f26c880973356f7da4eda00cb8ec57cab044d,raw/E04-static_continuity_ttl1800-20260926-20260906T142740279685Z
a001731,E04-static_continuity_ttl1800-20260927-20260906T142740425441Z,E04,static_continuity_ttl1800,20260927,default,sensitivity,2026-09-06T14:27:40.381191+00:00,2026-09-06T14:27:40.517088+00:00,0.136,VALID,valid,,a9ff4a5e1dc0fea65b63e2b366814c1860f04110,a1d260b660c93e47a466deb9c00f26c880973356f7da4eda00cb8ec57cab044d,raw/E04-static_continuity_ttl1800-20260927-20260906T142740425441Z
a001732,E04-static_continuity_ttl1800-20260928-20260906T142740574630Z,E04,static_continuity_ttl1800,20260928,default,sensitivity,2026-09-06T14:27:40.530268+00:00,2026-09-06T14:27:40.656111+00:00,0.126,VALID,valid,,a9ff4a5e1dc0fea65b63e2b366814c1860f04110,a1d260b660c93e47a466deb9c00f26c880973356f7da4eda00cb8ec57cab044d,raw/E04-static_continuity_ttl1800-20260928-20260906T142740574630Z
a001733,E04-static_continuity_ttl1800-20260929-20260906T142740712360Z,E04,static_continuity_ttl1800,20260929,default,sensitivity,2026-09-06T14:27:40.668880+00:00,2026-09-06T14:27:40.801658+00:00,0.133,VALID,valid,,a9ff4a5e1dc0fea65b63e2b366814c1860f04110,a1d260b660c93e47a466deb9c00f26c880973356f7da4eda00cb8ec57cab044d,raw/E04-static_continuity_ttl1800-20260929-20260906T142740712360Z
a001734,E04-static_continuity_ttl1800-20260930-20260906T142740857158Z,E04,static_continuity_ttl1800,20260930,default,sensitivity,2026-09-06T14:27:40.814151+00:00,2026-09-06T14:27:40.927056+00:00,0.113,VALID,valid,,a9ff4a5e1dc0fea65b63e2b366814c1860f04110,a1d260b660c93e47a466deb9c00f26c880973356f7da4eda00cb8ec57cab044d,raw/E04-static_continuity_ttl1800-20260930-20260906T142740857158Z
a001735,E04-static_continuity_ttl1800-20260931-20260906T142740981083Z,E04,static_continuity_ttl1800,20260931,default,sensitivity,2026-09-06T14:27:40.938567+00:00,2026-09-06T14:27:41.062078+00:00,0.124,VALID,valid,,a9ff4a5e1dc0fea65b63e2b366814c1860f04110,a1d260b660c93e47a466deb9c00f26c880973356f7da4eda00cb8ec57cab044d,raw/E04-static_continuity_ttl1800-20260931-20260906T142740981083Z
a001736,E04-static_continuity_ttl1800-20260932-20260906T142741117300Z,E04,static_continuity_ttl1800,20260932,default,sensitivity,2026-09-06T14:27:41.074983+00:00,2026-09-06T14:27:41.184896+00:00,0.11,VALID,valid,,a9ff4a5e1dc0fea65b63e2b366814c1860f04110,a1d260b660c93e47a466deb9c00f26c880973356f7da4eda00cb8ec57cab044d,raw/E04-static_continuity_ttl1800-20260932-20260906T142741117300Z
a001737,E04-static_continuity_ttl1800-20260933-20260906T142741239305Z,E04,static_continuity_ttl1800,20260933,default,sensitivity,2026-09-06T14:27:41.196824+00:00,2026-09-06T14:27:41.323212+00:00,0.126,VALID,valid,,a9ff4a5e1dc0fea65b63e2b366814c1860f04110,a1d260b660c93e47a466deb9c00f26c880973356f7da4eda00cb8ec57cab044d,raw/E04-static_continuity_ttl1800-20260933-20260906T142741239305Z
a001738,E04-static_continuity_ttl1800-20260934-20260906T142741378883Z,E04,static_continuity_ttl1800,20260934,default,sensitivity,2026-09-06T14:27:41.335992+00:00,2026-09-06T14:27:41.453553+00:00,0.118,VALID,valid,,a9ff4a5e1dc0fea65b63e2b366814c1860f04110,a1d260b660c93e47a466deb9c00f26c880973356f7da4eda00cb8ec57cab044d,raw/E04-static_continuity_ttl1800-20260934-20260906T142741378883Z
a001739,E04-static_continuity_ttl1800-20260935-20260906T142741508122Z,E04,static_continuity_ttl1800,20260935,default,sensitivity,2026-09-06T14:27:41.465303+00:00,2026-09-06T14:27:41.596991+00:00,0.132,VALID,valid,,a9ff4a5e1dc0fea65b63e2b366814c1860f04110,a1d260b660c93e47a466deb9c00f26c880973356f7da4eda00cb8ec57cab044d,raw/E04-static_continuity_ttl1800-20260935-20260906T142741508122Z
a001740,E04-static_continuity_ttl1800-20260936-20260906T142741652890Z,E04,static_continuity_ttl1800,20260936,default,sensitivity,2026-09-06T14:27:41.609224+00:00,2026-09-06T14:27:41.737426+00:00,0.128,VALID,valid,,a9ff4a5e1dc0fea65b63e2b366814c1860f04110,a1d260b660c93e47a466deb9c00f26c880973356f7da4eda00cb8ec57cab044d,raw/E04-static_continuity_ttl1800-20260936-20260906T142741652890Z
a001741,E05-static_continuity_ttl30-20260907-20260906T142741794346Z,E05,static_continuity_ttl30,20260907,default,sensitivity,2026-09-06T14:27:41.750302+00:00,2026-09-06T14:27:41.871227+00:00,0.121,VALID,valid,,a9ff4a5e1dc0fea65b63e2b366814c1860f04110,a1d260b660c93e47a466deb9c00f26c880973356f7da4eda00cb8ec57cab044d,raw/E05-static_continuity_ttl30-20260907-20260906T142741794346Z
a001742,E05-static_continuity_ttl30-20260908-20260906T142741925225Z,E05,static_continuity_ttl30,20260908,default,sensitivity,2026-09-06T14:27:41.883052+00:00,2026-09-06T14:27:41.999767+00:00,0.117,VALID,valid,,a9ff4a5e1dc0fea65b63e2b366814c1860f04110,a1d260b660c93e47a466deb9c00f26c880973356f7da4eda00cb8ec57cab044d,raw/E05-static_continuity_ttl30-20260908-20260906T142741925225Z
a001743,E05-static_continuity_ttl30-20260909-20260906T142742058150Z,E05,static_continuity_ttl30,20260909,default,sensitivity,2026-09-06T14:27:42.012550+00:00,2026-09-06T14:27:42.142139+00:00,0.13,VALID,valid,,a9ff4a5e1dc0fea65b63e2b366814c1860f04110,a1d260b660c93e47a466deb9c00f26c880973356f7da4eda00cb8ec57cab044d,raw/E05-static_continuity_ttl30-20260909-20260906T142742058150Z
a001744,E05-static_continuity_ttl30-20260910-20260906T142742196221Z,E05,static_continuity_ttl30,20260910,default,sensitivity,2026-09-06T14:27:42.153936+00:00,2026-09-06T14:27:42.281984+00:00,0.128,VALID,valid,,a9ff4a5e1dc0fea65b63e2b366814c1860f04110,a1d260b660c93e47a466deb9c00f26c880973356f7da4eda00cb8ec57cab044d,raw/E05-static_continuity_ttl30-20260910-20260906T142742196221Z
a001745,E05-static_continuity_ttl30-20260911-20260906T142742336174Z,E05,static_continuity_ttl30,20260911,default,sensitivity,2026-09-06T14:27:42.293845+00:00,2026-09-06T14:27:42.413634+00:00,0.12,VALID,valid,,a9ff4a5e1dc0fea65b63e2b366814c1860f04110,a1d260b660c93e47a466deb9c00f26c880973356f7da4eda00cb8ec57cab044d,raw/E05-static_continuity_ttl30-20260911-20260906T142742336174Z
a001746,E05-static_continuity_ttl30-20260912-20260906T142742468671Z,E05,static_continuity_ttl30,20260912,default,sensitivity,2026-09-06T14:27:42.425528+00:00,2026-09-06T14:27:42.548236+00:00,0.123,VALID,valid,,a9ff4a5e1dc0fea65b63e2b366814c1860f04110,a1d260b660c93e47a466deb9c00f26c880973356f7da4eda00cb8ec57cab044d,raw/E05-static_continuity_ttl30-20260912-20260906T142742468671Z
a001747,E05-static_continuity_ttl30-20260913-20260906T142742602351Z,E05,static_continuity_ttl30,20260913,default,sensitivity,2026-09-06T14:27:42.560289+00:00,2026-09-06T14:27:42.668558+00:00,0.108,VALID,valid,,a9ff4a5e1dc0fea65b63e2b366814c1860f04110,a1d260b660c93e47a466deb9c00f26c880973356f7da4eda00cb8ec57cab044d,raw/E05-static_continuity_ttl30-20260913-20260906T142742602351Z
a001748,E05-static_continuity_ttl30-20260914-20260906T142742724259Z,E05,static_continuity_ttl30,20260914,default,sensitivity,2026-09-06T14:27:42.681449+00:00,2026-09-06T14:27:42.802923+00:00,0.121,VALID,valid,,a9ff4a5e1dc0fea65b63e2b366814c1860f04110,a1d260b660c93e47a466deb9c00f26c880973356f7da4eda00cb8ec57cab044d,raw/E05-static_continuity_ttl30-20260914-20260906T142742724259Z
a001749,E05-static_continuity_ttl30-20260915-20260906T142742858357Z,E05,static_continuity_ttl30,20260915,default,sensitivity,2026-09-06T14:27:42.815753+00:00,2026-09-06T14:27:42.935884+00:00,0.12,VALID,valid,,a9ff4a5e1dc0fea65b63e2b366814c1860f04110,a1d260b660c93e47a466deb9c00f26c880973356f7da4eda00cb8ec57cab044d,raw/E05-static_continuity_ttl30-20260915-20260906T142742858357Z
a001750,E05-static_continuity_ttl30-20260916-20260906T142742989086Z,E05,static_continuity_ttl30,20260916,default,sensitivity,2026-09-06T14:27:42.947321+00:00,2026-09-06T14:27:43.067239+00:00,0.12,VALID,valid,,a9ff4a5e1dc0fea65b63e2b366814c1860f04110,a1d260b660c93e47a466deb9c00f26c880973356f7da4eda00cb8ec57cab044d,raw/E05-static_continuity_ttl30-20260916-20260906T142742989086Z
a001751,E05-static_continuity_ttl30-20260917-20260906T142743121211Z,E05,static_continuity_ttl30,20260917,default,sensitivity,2026-09-06T14:27:43.079052+00:00,2026-09-06T14:27:43.200475+00:00,0.121,VALID,valid,,a9ff4a5e1dc0fea65b63e2b366814c1860f04110,a1d260b660c93e47a466deb9c00f26c880973356f7da4eda00cb8ec57cab044d,raw/E05-static_continuity_ttl30-20260917-20260906T142743121211Z
a001752,E05-static_continuity_ttl30-20260918-20260906T142743254089Z,E05,static_continuity_ttl30,20260918,default,sensitivity,2026-09-06T14:27:43.212076+00:00,2026-09-06T14:27:43.335196+00:00,0.123,VALID,valid,,a9ff4a5e1dc0fea65b63e2b366814c1860f04110,a1d260b660c93e47a466deb9c00f26c880973356f7da4eda00cb8ec57cab044d,raw/E05-static_continuity_ttl30-20260918-20260906T142743254089Z
a001753,E05-static_continuity_ttl30-20260919-20260906T142743391095Z,E05,static_continuity_ttl30,20260919,default,sensitivity,2026-09-06T14:27:43.347942+00:00,2026-09-06T14:27:43.463369+00:00,0.115,VALID,valid,,a9ff4a5e1dc0fea65b63e2b366814c1860f04110,a1d260b660c93e47a466deb9c00f26c880973356f7da4eda00cb8ec57cab044d,raw/E05-static_continuity_ttl30-20260919-20260906T142743391095Z
a001754,E05-static_continuity_ttl30-20260920-20260906T142743518586Z,E05,static_continuity_ttl30,20260920,default,sensitivity,2026-09-06T14:27:43.475586+00:00,2026-09-06T14:27:43.590713+00:00,0.115,VALID,valid,,a9ff4a5e1dc0fea65b63e2b366814c1860f04110,a1d260b660c93e47a466deb9c00f26c880973356f7da4eda00cb8ec57cab044d,raw/E05-static_continuity_ttl30-20260920-20260906T142743518586Z
a001755,E05-static_continuity_ttl30-20260921-20260906T142743647679Z,E05,static_continuity_ttl30,20260921,default,sensitivity,2026-09-06T14:27:43.603005+00:00,2026-09-06T14:27:43.724947+00:00,0.122,VALID,valid,,a9ff4a5e1dc0fea65b63e2b366814c1860f04110,a1d260b660c93e47a466deb9c00f26c880973356f7da4eda00cb8ec57cab044d,raw/E05-static_continuity_ttl30-20260921-20260906T142743647679Z
a001756,E05-static_continuity_ttl30-20260922-20260906T142743781730Z,E05,static_continuity_ttl30,20260922,default,sensitivity,2026-09-06T14:27:43.738320+00:00,2026-09-06T14:27:43.862784+00:00,0.124,VALID,valid,,a9ff4a5e1dc0fea65b63e2b366814c1860f04110,a1d260b660c93e47a466deb9c00f26c880973356f7da4eda00cb8ec57cab044d,raw/E05-static_continuity_ttl30-20260922-20260906T142743781730Z
a001757,E05-static_continuity_ttl30-20260923-20260906T142743939339Z,E05,static_continuity_ttl30,20260923,default,sensitivity,2026-09-06T14:27:43.875976+00:00,2026-09-06T14:27:44.023041+00:00,0.147,VALID,valid,,a9ff4a5e1dc0fea65b63e2b366814c1860f04110,a1d260b660c93e47a466deb9c00f26c880973356f7da4eda00cb8ec57cab044d,raw/E05-static_continuity_ttl30-20260923-20260906T142743939339Z
a001758,E05-static_continuity_ttl30-20260924-20260906T142744078953Z,E05,static_continuity_ttl30,20260924,default,sensitivity,2026-09-06T14:27:44.035727+00:00,2026-09-06T14:27:44.155912+00:00,0.12,VALID,valid,,a9ff4a5e1dc0fea65b63e2b366814c1860f04110,a1d260b660c93e47a466deb9c00f26c880973356f7da4eda00cb8ec57cab044d,raw/E05-static_continuity_ttl30-20260924-20260906T142744078953Z
a001759,E05-static_continuity_ttl30-20260925-20260906T142744210203Z,E05,static_continuity_ttl30,20260925,default,sensitivity,2026-09-06T14:27:44.168248+00:00,2026-09-06T14:27:44.294793+00:00,0.127,VALID,valid,,a9ff4a5e1dc0fea65b63e2b366814c1860f04110,a1d260b660c93e47a466deb9c00f26c880973356f7da4eda00cb8ec57cab044d,raw/E05-static_continuity_ttl30-20260925-20260906T142744210203Z
a001760,E05-static_continuity_ttl30-20260926-20260906T142744350141Z,E05,static_continuity_ttl30,20260926,default,sensitivity,2026-09-06T14:27:44.307007+00:00,2026-09-06T14:27:44.428694+00:00,0.122,VALID,valid,,a9ff4a5e1dc0fea65b63e2b366814c1860f04110,a1d260b660c93e47a466deb9c00f26c880973356f7da4eda00cb8ec57cab044d,raw/E05-static_continuity_ttl30-20260926-20260906T142744350141Z
a001761,E05-static_continuity_ttl30-20260927-20260906T142744481968Z,E05,static_continuity_ttl30,20260927,default,sensitivity,2026-09-06T14:27:44.440012+00:00,2026-09-06T14:27:44.551683+00:00,0.112,VALID,valid,,a9ff4a5e1dc0fea65b63e2b366814c1860f04110,a1d260b660c93e47a466deb9c00f26c880973356f7da4eda00cb8ec57cab044d,raw/E05-static_continuity_ttl30-20260927-20260906T142744481968Z
a001762,E05-static_continuity_ttl30-20260928-20260906T142744606061Z,E05,static_continuity_ttl30,20260928,default,sensitivity,2026-09-06T14:27:44.563208+00:00,2026-09-06T14:27:44.686614+00:00,0.123,VALID,valid,,a9ff4a5e1dc0fea65b63e2b366814c1860f04110,a1d260b660c93e47a466deb9c00f26c880973356f7da4eda00cb8ec57cab044d,raw/E05-static_continuity_ttl30-20260928-20260906T142744606061Z
a001763,E05-static_continuity_ttl30-20260929-20260906T142744741124Z,E05,static_continuity_ttl30,20260929,default,sensitivity,2026-09-06T14:27:44.698313+00:00,2026-09-06T14:27:44.816176+00:00,0.118,VALID,valid,,a9ff4a5e1dc0fea65b63e2b366814c1860f04110,a1d260b660c93e47a466deb9c00f26c880973356f7da4eda00cb8ec57cab044d,raw/E05-static_continuity_ttl30-20260929-20260906T142744741124Z
a001764,E05-static_continuity_ttl30-20260930-20260906T142744869874Z,E05,static_continuity_ttl30,20260930,default,sensitivity,2026-09-06T14:27:44.827923+00:00,2026-09-06T14:27:44.946078+00:00,0.118,VALID,valid,,a9ff4a5e1dc0fea65b63e2b366814c1860f04110,a1d260b660c93e47a466deb9c00f26c880973356f7da4eda00cb8ec57cab044d,raw/E05-static_continuity_ttl30-20260930-20260906T142744869874Z
a001765,E05-static_continuity_ttl30-20260931-20260906T142745000042Z,E05,static_continuity_ttl30,20260931,default,sensitivity,2026-09-06T14:27:44.958550+00:00,2026-09-06T14:27:45.085380+00:00,0.127,VALID,valid,,a9ff4a5e1dc0fea65b63e2b366814c1860f04110,a1d260b660c93e47a466deb9c00f26c880973356f7da4eda00cb8ec57cab044d,raw/E05-static_continuity_ttl30-20260931-20260906T142745000042Z
a001766,E05-static_continuity_ttl30-20260932-20260906T142745142590Z,E05,static_continuity_ttl30,20260932,default,sensitivity,2026-09-06T14:27:45.098332+00:00,2026-09-06T14:27:45.208275+00:00,0.11,VALID,valid,,a9ff4a5e1dc0fea65b63e2b366814c1860f04110,a1d260b660c93e47a466deb9c00f26c880973356f7da4eda00cb8ec57cab044d,raw/E05-static_continuity_ttl30-20260932-20260906T142745142590Z
a001767,E05-static_continuity_ttl30-20260933-20260906T142745262212Z,E05,static_continuity_ttl30,20260933,default,sensitivity,2026-09-06T14:27:45.220631+00:00,2026-09-06T14:27:45.340012+00:00,0.119,VALID,valid,,a9ff4a5e1dc0fea65b63e2b366814c1860f04110,a1d260b660c93e47a466deb9c00f26c880973356f7da4eda00cb8ec57cab044d,raw/E05-static_continuity_ttl30-20260933-20260906T142745262212Z
a001768,E05-static_continuity_ttl30-20260934-20260906T142745394454Z,E05,static_continuity_ttl30,20260934,default,sensitivity,2026-09-06T14:27:45.352460+00:00,2026-09-06T14:27:45.463825+00:00,0.111,VALID,valid,,a9ff4a5e1dc0fea65b63e2b366814c1860f04110,a1d260b660c93e47a466deb9c00f26c880973356f7da4eda00cb8ec57cab044d,raw/E05-static_continuity_ttl30-20260934-20260906T142745394454Z
a001769,E05-static_continuity_ttl30-20260935-20260906T142745518178Z,E05,static_continuity_ttl30,20260935,default,sensitivity,2026-09-06T14:27:45.476239+00:00,2026-09-06T14:27:45.587432+00:00,0.111,VALID,valid,,a9ff4a5e1dc0fea65b63e2b366814c1860f04110,a1d260b660c93e47a466deb9c00f26c880973356f7da4eda00cb8ec57cab044d,raw/E05-static_continuity_ttl30-20260935-20260906T142745518178Z
a001770,E05-static_continuity_ttl30-20260936-20260906T142745641185Z,E05,static_continuity_ttl30,20260936,default,sensitivity,2026-09-06T14:27:45.599309+00:00,2026-09-06T14:27:45.723115+00:00,0.124,VALID,valid,,a9ff4a5e1dc0fea65b63e2b366814c1860f04110,a1d260b660c93e47a466deb9c00f26c880973356f7da4eda00cb8ec57cab044d,raw/E05-static_continuity_ttl30-20260936-20260906T142745641185Z
a001771,E05-static_continuity_ttl1800-20260907-20260906T142745776634Z,E05,static_continuity_ttl1800,20260907,default,sensitivity,2026-09-06T14:27:45.734721+00:00,2026-09-06T14:27:45.858944+00:00,0.124,VALID,valid,,a9ff4a5e1dc0fea65b63e2b366814c1860f04110,a1d260b660c93e47a466deb9c00f26c880973356f7da4eda00cb8ec57cab044d,raw/E05-static_continuity_ttl1800-20260907-20260906T142745776634Z
a001772,E05-static_continuity_ttl1800-20260908-20260906T142745914084Z,E05,static_continuity_ttl1800,20260908,default,sensitivity,2026-09-06T14:27:45.871737+00:00,2026-09-06T14:27:45.988651+00:00,0.117,VALID,valid,,a9ff4a5e1dc0fea65b63e2b366814c1860f04110,a1d260b660c93e47a466deb9c00f26c880973356f7da4eda00cb8ec57cab044d,raw/E05-static_continuity_ttl1800-20260908-20260906T142745914084Z
a001773,E05-static_continuity_ttl1800-20260909-20260906T142746043097Z,E05,static_continuity_ttl1800,20260909,default,sensitivity,2026-09-06T14:27:46.000802+00:00,2026-09-06T14:27:46.117428+00:00,0.117,VALID,valid,,a9ff4a5e1dc0fea65b63e2b366814c1860f04110,a1d260b660c93e47a466deb9c00f26c880973356f7da4eda00cb8ec57cab044d,raw/E05-static_continuity_ttl1800-20260909-20260906T142746043097Z
a001774,E05-static_continuity_ttl1800-20260910-20260906T142746171929Z,E05,static_continuity_ttl1800,20260910,default,sensitivity,2026-09-06T14:27:46.129965+00:00,2026-09-06T14:27:46.251181+00:00,0.121,VALID,valid,,a9ff4a5e1dc0fea65b63e2b366814c1860f04110,a1d260b660c93e47a466deb9c00f26c880973356f7da4eda00cb8ec57cab044d,raw/E05-static_continuity_ttl1800-20260910-20260906T142746171929Z
a001775,E05-static_continuity_ttl1800-20260911-20260906T142746306833Z,E05,static_continuity_ttl1800,20260911,default,sensitivity,2026-09-06T14:27:46.264159+00:00,2026-09-06T14:27:46.388327+00:00,0.124,VALID,valid,,a9ff4a5e1dc0fea65b63e2b366814c1860f04110,a1d260b660c93e47a466deb9c00f26c880973356f7da4eda00cb8ec57cab044d,raw/E05-static_continuity_ttl1800-20260911-20260906T142746306833Z
a001776,E05-static_continuity_ttl1800-20260912-20260906T142746442658Z,E05,static_continuity_ttl1800,20260912,default,sensitivity,2026-09-06T14:27:46.400751+00:00,2026-09-06T14:27:46.520532+00:00,0.12,VALID,valid,,a9ff4a5e1dc0fea65b63e2b366814c1860f04110,a1d260b660c93e47a466deb9c00f26c880973356f7da4eda00cb8ec57cab044d,raw/E05-static_continuity_ttl1800-20260912-20260906T142746442658Z
a001777,E05-static_continuity_ttl1800-20260913-20260906T142746574659Z,E05,static_continuity_ttl1800,20260913,default,sensitivity,2026-09-06T14:27:46.532749+00:00,2026-09-06T14:27:46.651648+00:00,0.119,VALID,valid,,a9ff4a5e1dc0fea65b63e2b366814c1860f04110,a1d260b660c93e47a466deb9c00f26c880973356f7da4eda00cb8ec57cab044d,raw/E05-static_continuity_ttl1800-20260913-20260906T142746574659Z
a001778,E05-static_continuity_ttl1800-20260914-20260906T142746707424Z,E05,static_continuity_ttl1800,20260914,default,sensitivity,2026-09-06T14:27:46.664256+00:00,2026-09-06T14:27:46.788791+00:00,0.125,VALID,valid,,a9ff4a5e1dc0fea65b63e2b366814c1860f04110,a1d260b660c93e47a466deb9c00f26c880973356f7da4eda00cb8ec57cab044d,raw/E05-static_continuity_ttl1800-20260914-20260906T142746707424Z
a001779,E05-static_continuity_ttl1800-20260915-20260906T142746842667Z,E05,static_continuity_ttl1800,20260915,default,sensitivity,2026-09-06T14:27:46.800614+00:00,2026-09-06T14:27:46.910086+00:00,0.109,VALID,valid,,a9ff4a5e1dc0fea65b63e2b366814c1860f04110,a1d260b660c93e47a466deb9c00f26c880973356f7da4eda00cb8ec57cab044d,raw/E05-static_continuity_ttl1800-20260915-20260906T142746842667Z
a001780,E05-static_continuity_ttl1800-20260916-20260906T142746964836Z,E05,static_continuity_ttl1800,20260916,default,sensitivity,2026-09-06T14:27:46.922318+00:00,2026-09-06T14:27:47.041072+00:00,0.119,VALID,valid,,a9ff4a5e1dc0fea65b63e2b366814c1860f04110,a1d260b660c93e47a466deb9c00f26c880973356f7da4eda00cb8ec57cab044d,raw/E05-static_continuity_ttl1800-20260916-20260906T142746964836Z
a001781,E05-static_continuity_ttl1800-20260917-20260906T142747095785Z,E05,static_continuity_ttl1800,20260917,default,sensitivity,2026-09-06T14:27:47.052589+00:00,2026-09-06T14:27:47.175726+00:00,0.123,VALID,valid,,a9ff4a5e1dc0fea65b63e2b366814c1860f04110,a1d260b660c93e47a466deb9c00f26c880973356f7da4eda00cb8ec57cab044d,raw/E05-static_continuity_ttl1800-20260917-20260906T142747095785Z
a001782,E05-static_continuity_ttl1800-20260918-20260906T142747229176Z,E05,static_continuity_ttl1800,20260918,default,sensitivity,2026-09-06T14:27:47.187394+00:00,2026-09-06T14:27:47.309880+00:00,0.122,VALID,valid,,a9ff4a5e1dc0fea65b63e2b366814c1860f04110,a1d260b660c93e47a466deb9c00f26c880973356f7da4eda00cb8ec57cab044d,raw/E05-static_continuity_ttl1800-20260918-20260906T142747229176Z
a001783,E05-static_continuity_ttl1800-20260919-20260906T142747364402Z,E05,static_continuity_ttl1800,20260919,default,sensitivity,2026-09-06T14:27:47.321914+00:00,2026-09-06T14:27:47.436397+00:00,0.114,VALID,valid,,a9ff4a5e1dc0fea65b63e2b366814c1860f04110,a1d260b660c93e47a466deb9c00f26c880973356f7da4eda00cb8ec57cab044d,raw/E05-static_continuity_ttl1800-20260919-20260906T142747364402Z
a001784,E05-static_continuity_ttl1800-20260920-20260906T142747491709Z,E05,static_continuity_ttl1800,20260920,default,sensitivity,2026-09-06T14:27:47.449355+00:00,2026-09-06T14:27:47.558366+00:00,0.109,VALID,valid,,a9ff4a5e1dc0fea65b63e2b366814c1860f04110,a1d260b660c93e47a466deb9c00f26c880973356f7da4eda00cb8ec57cab044d,raw/E05-static_continuity_ttl1800-20260920-20260906T142747491709Z
a001785,E05-static_continuity_ttl1800-20260921-20260906T142747612416Z,E05,static_continuity_ttl1800,20260921,default,sensitivity,2026-09-06T14:27:47.570135+00:00,2026-09-06T14:27:47.679101+00:00,0.109,VALID,valid,,a9ff4a5e1dc0fea65b63e2b366814c1860f04110,a1d260b660c93e47a466deb9c00f26c880973356f7da4eda00cb8ec57cab044d,raw/E05-static_continuity_ttl1800-20260921-20260906T142747612416Z
a001786,E05-static_continuity_ttl1800-20260922-20260906T142747733658Z,E05,static_continuity_ttl1800,20260922,default,sensitivity,2026-09-06T14:27:47.691625+00:00,2026-09-06T14:27:47.816537+00:00,0.125,VALID,valid,,a9ff4a5e1dc0fea65b63e2b366814c1860f04110,a1d260b660c93e47a466deb9c00f26c880973356f7da4eda00cb8ec57cab044d,raw/E05-static_continuity_ttl1800-20260922-20260906T142747733658Z
a001787,E05-static_continuity_ttl1800-20260923-20260906T142747871235Z,E05,static_continuity_ttl1800,20260923,default,sensitivity,2026-09-06T14:27:47.828885+00:00,2026-09-06T14:27:47.935136+00:00,0.106,VALID,valid,,a9ff4a5e1dc0fea65b63e2b366814c1860f04110,a1d260b660c93e47a466deb9c00f26c880973356f7da4eda00cb8ec57cab044d,raw/E05-static_continuity_ttl1800-20260923-20260906T142747871235Z
a001788,E05-static_continuity_ttl1800-20260924-20260906T142747989219Z,E05,static_continuity_ttl1800,20260924,default,sensitivity,2026-09-06T14:27:47.947627+00:00,2026-09-06T14:27:48.071046+00:00,0.123,VALID,valid,,a9ff4a5e1dc0fea65b63e2b366814c1860f04110,a1d260b660c93e47a466deb9c00f26c880973356f7da4eda00cb8ec57cab044d,raw/E05-static_continuity_ttl1800-20260924-20260906T142747989219Z
a001789,E05-static_continuity_ttl1800-20260925-20260906T142748124496Z,E05,static_continuity_ttl1800,20260925,default,sensitivity,2026-09-06T14:27:48.082705+00:00,2026-09-06T14:27:48.193603+00:00,0.111,VALID,valid,,a9ff4a5e1dc0fea65b63e2b366814c1860f04110,a1d260b660c93e47a466deb9c00f26c880973356f7da4eda00cb8ec57cab044d,raw/E05-static_continuity_ttl1800-20260925-20260906T142748124496Z
a001790,E05-static_continuity_ttl1800-20260926-20260906T142748247362Z,E05,static_continuity_ttl1800,20260926,default,sensitivity,2026-09-06T14:27:48.205492+00:00,2026-09-06T14:27:48.312505+00:00,0.107,VALID,valid,,a9ff4a5e1dc0fea65b63e2b366814c1860f04110,a1d260b660c93e47a466deb9c00f26c880973356f7da4eda00cb8ec57cab044d,raw/E05-static_continuity_ttl1800-20260926-20260906T142748247362Z
a001791,E05-static_continuity_ttl1800-20260927-20260906T142748365994Z,E05,static_continuity_ttl1800,20260927,default,sensitivity,2026-09-06T14:27:48.324002+00:00,2026-09-06T14:27:48.444745+00:00,0.121,VALID,valid,,a9ff4a5e1dc0fea65b63e2b366814c1860f04110,a1d260b660c93e47a466deb9c00f26c880973356f7da4eda00cb8ec57cab044d,raw/E05-static_continuity_ttl1800-20260927-20260906T142748365994Z
a001792,E05-static_continuity_ttl1800-20260928-20260906T142748370859Z,E05,static_continuity_ttl1800,20260928,default,sensitivity,2026-09-06T14:27:48.457448+00:00,2026-09-06T14:27:48.455169+00:00,0.129,VALID,valid,,a9ff4a5e1dc0fea65b63e2b366814c1860f04110,a1d260b660c93e47a466deb9c00f26c880973356f7da4eda00cb8ec57cab044d,raw/E05-static_continuity_ttl1800-20260928-20260906T142748370859Z
a001793,E05-static_continuity_ttl1800-20260929-20260906T142748512555Z,E05,static_continuity_ttl1800,20260929,default,sensitivity,2026-09-06T14:27:48.468368+00:00,2026-09-06T14:27:48.596605+00:00,0.128,VALID,valid,,a9ff4a5e1dc0fea65b63e2b366814c1860f04110,a1d260b660c93e47a466deb9c00f26c880973356f7da4eda00cb8ec57cab044d,raw/E05-static_continuity_ttl1800-20260929-20260906T142748512555Z
a001794,E05-static_continuity_ttl1800-20260930-20260906T142748651489Z,E05,static_continuity_ttl1800,20260930,default,sensitivity,2026-09-06T14:27:48.609300+00:00,2026-09-06T14:27:48.722144+00:00,0.113,VALID,valid,,a9ff4a5e1dc0fea65b63e2b366814c1860f04110,a1d260b660c93e47a466deb9c00f26c880973356f7da4eda00cb8ec57cab044d,raw/E05-static_continuity_ttl1800-20260930-20260906T142748651489Z
a001795,E05-static_continuity_ttl1800-20260931-20260906T142748775999Z,E05,static_continuity_ttl1800,20260931,default,sensitivity,2026-09-06T14:27:48.734184+00:00,2026-09-06T14:27:48.858345+00:00,0.124,VALID,valid,,a9ff4a5e1dc0fea65b63e2b366814c1860f04110,a1d260b660c93e47a466deb9c00f26c880973356f7da4eda00cb8ec57cab044d,raw/E05-static_continuity_ttl1800-20260931-20260906T142748775999Z
a001796,E05-static_continuity_ttl1800-20260932-20260906T142748912152Z,E05,static_continuity_ttl1800,20260932,default,sensitivity,2026-09-06T14:27:48.869960+00:00,2026-09-06T14:27:48.974467+00:00,0.104,VALID,valid,,a9ff4a5e1dc0fea65b63e2b366814c1860f04110,a1d260b660c93e47a466deb9c00f26c880973356f7da4eda00cb8ec57cab044d,raw/E05-static_continuity_ttl1800-20260932-20260906T142748912152Z
a001797,E05-static_continuity_ttl1800-20260933-20260906T142749029085Z,E05,static_continuity_ttl1800,20260933,default,sensitivity,2026-09-06T14:27:48.986520+00:00,2026-09-06T14:27:49.102907+00:00,0.116,VALID,valid,,a9ff4a5e1dc0fea65b63e2b366814c1860f04110,a1d260b660c93e47a466deb9c00f26c880973356f7da4eda00cb8ec57cab044d,raw/E05-static_continuity_ttl1800-20260933-20260906T142749029085Z
a001798,E05-static_continuity_ttl1800-20260934-20260906T142749158290Z,E05,static_continuity_ttl1800,20260934,default,sensitivity,2026-09-06T14:27:49.115303+00:00,2026-09-06T14:27:49.232125+00:00,0.117,VALID,valid,,a9ff4a5e1dc0fea65b63e2b366814c1860f04110,a1d260b660c93e47a466deb9c00f26c880973356f7da4eda00cb8ec57cab044d,raw/E05-static_continuity_ttl1800-20260934-20260906T142749158290Z
a001799,E05-static_continuity_ttl1800-20260935-20260906T142749287129Z,E05,static_continuity_ttl1800,20260935,default,sensitivity,2026-09-06T14:27:49.244346+00:00,2026-09-06T14:27:49.368280+00:00,0.124,VALID,valid,,a9ff4a5e1dc0fea65b63e2b366814c1860f04110,a1d260b660c93e47a466deb9c00f26c880973356f7da4eda00cb8ec57cab044d,raw/E05-static_continuity_ttl1800-20260935-20260906T142749287129Z
a001800,E05-static_continuity_ttl1800-20260936-20260906T142749423382Z,E05,static_continuity_ttl1800,20260936,default,sensitivity,2026-09-06T14:27:49.380887+00:00,2026-09-06T14:27:49.506194+00:00,0.125,VALID,valid,,a9ff4a5e1dc0fea65b63e2b366814c1860f04110,a1d260b660c93e47a466deb9c00f26c880973356f7da4eda00cb8ec57cab044d,raw/E05-static_continuity_ttl1800-20260936-20260906T142749423382Z
a001801,E06-static_continuity_ttl30-20260907-20260906T142749562358Z,E06,static_continuity_ttl30,20260907,default,sensitivity,2026-09-06T14:27:49.519481+00:00,2026-09-06T14:27:49.645525+00:00,0.126,VALID,valid,,a9ff4a5e1dc0fea65b63e2b366814c1860f04110,a1d260b660c93e47a466deb9c00f26c880973356f7da4eda00cb8ec57cab044d,raw/E06-static_continuity_ttl30-20260907-20260906T142749562358Z
a001802,E06-static_continuity_ttl30-20260908-20260906T142749699832Z,E06,static_continuity_ttl30,20260908,default,sensitivity,2026-09-06T14:27:49.657457+00:00,2026-09-06T14:27:49.775951+00:00,0.118,VALID,valid,,a9ff4a5e1dc0fea65b63e2b366814c1860f04110,a1d260b660c93e47a466deb9c00f26c880973356f7da4eda00cb8ec57cab044d,raw/E06-static_continuity_ttl30-20260908-20260906T142749699832Z
a001803,E06-static_continuity_ttl30-20260909-20260906T142749830176Z,E06,static_continuity_ttl30,20260909,default,sensitivity,2026-09-06T14:27:49.787669+00:00,2026-09-06T14:27:49.914106+00:00,0.126,VALID,valid,,a9ff4a5e1dc0fea65b63e2b366814c1860f04110,a1d260b660c93e47a466deb9c00f26c880973356f7da4eda00cb8ec57cab044d,raw/E06-static_continuity_ttl30-20260909-20260906T142749830176Z
a001804,E06-static_continuity_ttl30-20260910-20260906T142749969046Z,E06,static_continuity_ttl30,20260910,default,sensitivity,2026-09-06T14:27:49.925967+00:00,2026-09-06T14:27:50.048196+00:00,0.122,VALID,valid,,a9ff4a5e1dc0fea65b63e2b366814c1860f04110,a1d260b660c93e47a466deb9c00f26c880973356f7da4eda00cb8ec57cab044d,raw/E06-static_continuity_ttl30-20260910-20260906T142749969046Z
a001805,E06-static_continuity_ttl30-20260911-20260906T142750103175Z,E06,static_continuity_ttl30,20260911,default,sensitivity,2026-09-06T14:27:50.060679+00:00,2026-09-06T14:27:50.184903+00:00,0.124,VALID,valid,,a9ff4a5e1dc0fea65b63e2b366814c1860f04110,a1d260b660c93e47a466deb9c00f26c880973356f7da4eda00cb8ec57cab044d,raw/E06-static_continuity_ttl30-20260911-20260906T142750103175Z
a001806,E06-static_continuity_ttl30-20260912-20260906T142750239644Z,E06,static_continuity_ttl30,20260912,default,sensitivity,2026-09-06T14:27:50.196888+00:00,2026-09-06T14:27:50.330352+00:00,0.133,VALID,valid,,a9ff4a5e1dc0fea65b63e2b366814c1860f04110,a1d260b660c93e47a466deb9c00f26c880973356f7da4eda00cb8ec57cab044d,raw/E06-static_continuity_ttl30-20260912-20260906T142750239644Z
a001807,E06-static_continuity_ttl30-20260913-20260906T142750388739Z,E06,static_continuity_ttl30,20260913,default,sensitivity,2026-09-06T14:27:50.344530+00:00,2026-09-06T14:27:50.469613+00:00,0.125,VALID,valid,,a9ff4a5e1dc0fea65b63e2b366814c1860f04110,a1d260b660c93e47a466deb9c00f26c880973356f7da4eda00cb8ec57cab044d,raw/E06-static_continuity_ttl30-20260913-20260906T142750388739Z
a001808,E06-static_continuity_ttl30-20260914-20260906T142750526275Z,E06,static_continuity_ttl30,20260914,default,sensitivity,2026-09-06T14:27:50.481767+00:00,2026-09-06T14:27:50.606248+00:00,0.124,VALID,valid,,a9ff4a5e1dc0fea65b63e2b366814c1860f04110,a1d260b660c93e47a466deb9c00f26c880973356f7da4eda00cb8ec57cab044d,raw/E06-static_continuity_ttl30-20260914-20260906T142750526275Z
a001809,E06-static_continuity_ttl30-20260915-20260906T142750660535Z,E06,static_continuity_ttl30,20260915,default,sensitivity,2026-09-06T14:27:50.618078+00:00,2026-09-06T14:27:50.750072+00:00,0.132,VALID,valid,,a9ff4a5e1dc0fea65b63e2b366814c1860f04110,a1d260b660c93e47a466deb9c00f26c880973356f7da4eda00cb8ec57cab044d,raw/E06-static_continuity_ttl30-20260915-20260906T142750660535Z
a001810,E06-static_continuity_ttl30-20260916-20260906T142750805713Z,E06,static_continuity_ttl30,20260916,default,sensitivity,2026-09-06T14:27:50.762335+00:00,2026-09-06T14:27:50.884778+00:00,0.122,VALID,valid,,a9ff4a5e1dc0fea65b63e2b366814c1860f04110,a1d260b660c93e47a466deb9c00f26c880973356f7da4eda00cb8ec57cab044d,raw/E06-static_continuity_ttl30-20260916-20260906T142750805713Z
a001811,E06-static_continuity_ttl30-20260917-20260906T142750940292Z,E06,static_continuity_ttl30,20260917,default,sensitivity,2026-09-06T14:27:50.897883+00:00,2026-09-06T14:27:51.023835+00:00,0.126,VALID,valid,,a9ff4a5e1dc0fea65b63e2b366814c1860f04110,a1d260b660c93e47a466deb9c00f26c880973356f7da4eda00cb8ec57cab044d,raw/E06-static_continuity_ttl30-20260917-20260906T142750940292Z
a001812,E06-static_continuity_ttl30-20260918-20260906T142751079469Z,E06,static_continuity_ttl30,20260918,default,sensitivity,2026-09-06T14:27:51.036884+00:00,2026-09-06T14:27:51.159466+00:00,0.123,VALID,valid,,a9ff4a5e1dc0fea65b63e2b366814c1860f04110,a1d260b660c93e47a466deb9c00f26c880973356f7da4eda00cb8ec57cab044d,raw/E06-static_continuity_ttl30-20260918-20260906T142751079469Z
a001813,E06-static_continuity_ttl30-20260919-20260906T142751214669Z,E06,static_continuity_ttl30,20260919,default,sensitivity,2026-09-06T14:27:51.171995+00:00,2026-09-06T14:27:51.300616+00:00,0.129,VALID,valid,,a9ff4a5e1dc0fea65b63e2b366814c1860f04110,a1d260b660c93e47a466deb9c00f26c880973356f7da4eda00cb8ec57cab044d,raw/E06-static_continuity_ttl30-20260919-20260906T142751214669Z
a001814,E06-static_continuity_ttl30-20260920-20260906T142751357190Z,E06,static_continuity_ttl30,20260920,default,sensitivity,2026-09-06T14:27:51.313907+00:00,2026-09-06T14:27:51.439241+00:00,0.125,VALID,valid,,a9ff4a5e1dc0fea65b63e2b366814c1860f04110,a1d260b660c93e47a466deb9c00f26c880973356f7da4eda00cb8ec57cab044d,raw/E06-static_continuity_ttl30-20260920-20260906T142751357190Z
a001815,E06-static_continuity_ttl30-20260921-20260906T142751493994Z,E06,static_continuity_ttl30,20260921,default,sensitivity,2026-09-06T14:27:51.451868+00:00,2026-09-06T14:27:51.566087+00:00,0.114,VALID,valid,,a9ff4a5e1dc0fea65b63e2b366814c1860f04110,a1d260b660c93e47a466deb9c00f26c880973356f7da4eda00cb8ec57cab044d,raw/E06-static_continuity_ttl30-20260921-20260906T142751493994Z
a001816,E06-static_continuity_ttl30-20260922-20260906T142751620211Z,E06,static_continuity_ttl30,20260922,default,sensitivity,2026-09-06T14:27:51.577867+00:00,2026-09-06T14:27:51.701772+00:00,0.124,VALID,valid,,a9ff4a5e1dc0fea65b63e2b366814c1860f04110,a1d260b660c93e47a466deb9c00f26c880973356f7da4eda00cb8ec57cab044d,raw/E06-static_continuity_ttl30-20260922-20260906T142751620211Z
a001817,E06-static_continuity_ttl30-20260923-20260906T142751761045Z,E06,static_continuity_ttl30,20260923,default,sensitivity,2026-09-06T14:27:51.715809+00:00,2026-09-06T14:27:51.848762+00:00,0.133,VALID,valid,,a9ff4a5e1dc0fea65b63e2b366814c1860f04110,a1d260b660c93e47a466deb9c00f26c880973356f7da4eda00cb8ec57cab044d,raw/E06-static_continuity_ttl30-20260923-20260906T142751761045Z
a001818,E06-static_continuity_ttl30-20260924-20260906T142751903439Z,E06,static_continuity_ttl30,20260924,default,sensitivity,2026-09-06T14:27:51.860799+00:00,2026-09-06T14:27:51.975502+00:00,0.115,VALID,valid,,a9ff4a5e1dc0fea65b63e2b366814c1860f04110,a1d260b660c93e47a466deb9c00f26c880973356f7da4eda00cb8ec57cab044d,raw/E06-static_continuity_ttl30-20260924-20260906T142751903439Z
a001819,E06-static_continuity_ttl30-20260925-20260906T142752031125Z,E06,static_continuity_ttl30,20260925,default,sensitivity,2026-09-06T14:27:51.988419+00:00,2026-09-06T14:27:52.098131+00:00,0.11,VALID,valid,,a9ff4a5e1dc0fea65b63e2b366814c1860f04110,a1d260b660c93e47a466deb9c00f26c880973356f7da4eda00cb8ec57cab044d,raw/E06-static_continuity_ttl30-20260925-20260906T142752031125Z
a001820,E06-static_continuity_ttl30-20260926-20260906T142752153531Z,E06,static_continuity_ttl30,20260926,default,sensitivity,2026-09-06T14:27:52.111068+00:00,2026-09-06T14:27:52.223101+00:00,0.112,VALID,valid,,a9ff4a5e1dc0fea65b63e2b366814c1860f04110,a1d260b660c93e47a466deb9c00f26c880973356f7da4eda00cb8ec57cab044d,raw/E06-static_continuity_ttl30-20260926-20260906T142752153531Z
a001821,E06-static_continuity_ttl30-20260927-20260906T142752278227Z,E06,static_continuity_ttl30,20260927,default,sensitivity,2026-09-06T14:27:52.235720+00:00,2026-09-06T14:27:52.360005+00:00,0.124,VALID,valid,,a9ff4a5e1dc0fea65b63e2b366814c1860f04110,a1d260b660c93e47a466deb9c00f26c880973356f7da4eda00cb8ec57cab044d,raw/E06-static_continuity_ttl30-20260927-20260906T142752278227Z
a001822,E06-static_continuity_ttl30-20260928-20260906T142752414123Z,E06,static_continuity_ttl30,20260928,default,sensitivity,2026-09-06T14:27:52.371947+00:00,2026-09-06T14:27:52.488555+00:00,0.117,VALID,valid,,a9ff4a5e1dc0fea65b63e2b366814c1860f04110,a1d260b660c93e47a466deb9c00f26c880973356f7da4eda00cb8ec57cab044d,raw/E06-static_continuity_ttl30-20260928-20260906T142752414123Z
a001823,E06-static_continuity_ttl30-20260929-20260906T142752544069Z,E06,static_continuity_ttl30,20260929,default,sensitivity,2026-09-06T14:27:52.501527+00:00,2026-09-06T14:27:52.614410+00:00,0.113,VALID,valid,,a9ff4a5e1dc0fea65b63e2b366814c1860f04110,a1d260b660c93e47a466deb9c00f26c880973356f7da4eda00cb8ec57cab044d,raw/E06-static_continuity_ttl30-20260929-20260906T142752544069Z
a001824,E06-static_continuity_ttl30-20260930-20260906T142752669774Z,E06,static_continuity_ttl30,20260930,default,sensitivity,2026-09-06T14:27:52.626358+00:00,2026-09-06T14:27:52.756104+00:00,0.13,VALID,valid,,a9ff4a5e1dc0fea65b63e2b366814c1860f04110,a1d260b660c93e47a466deb9c00f26c880973356f7da4eda00cb8ec57cab044d,raw/E06-static_continuity_ttl30-20260930-20260906T142752669774Z
a001825,E06-static_continuity_ttl30-20260931-20260906T142752814152Z,E06,static_continuity_ttl30,20260931,default,sensitivity,2026-09-06T14:27:52.768866+00:00,2026-09-06T14:27:52.901047+00:00,0.132,VALID,valid,,a9ff4a5e1dc0fea65b63e2b366814c1860f04110,a1d260b660c93e47a466deb9c00f26c880973356f7da4eda00cb8ec57cab044d,raw/E06-static_continuity_ttl30-20260931-20260906T142752814152Z
a001826,E06-static_continuity_ttl30-20260932-20260906T142752955807Z,E06,static_continuity_ttl30,20260932,default,sensitivity,2026-09-06T14:27:52.913181+00:00,2026-09-06T14:27:53.035100+00:00,0.122,VALID,valid,,a9ff4a5e1dc0fea65b63e2b366814c1860f04110,a1d260b660c93e47a466deb9c00f26c880973356f7da4eda00cb8ec57cab044d,raw/E06-static_continuity_ttl30-20260932-20260906T142752955807Z
a001827,E06-static_continuity_ttl30-20260933-20260906T142753090180Z,E06,static_continuity_ttl30,20260933,default,sensitivity,2026-09-06T14:27:53.048051+00:00,2026-09-06T14:27:53.169991+00:00,0.122,VALID,valid,,a9ff4a5e1dc0fea65b63e2b366814c1860f04110,a1d260b660c93e47a466deb9c00f26c880973356f7da4eda00cb8ec57cab044d,raw/E06-static_continuity_ttl30-20260933-20260906T142753090180Z
a001828,E06-static_continuity_ttl30-20260934-20260906T142753225333Z,E06,static_continuity_ttl30,20260934,default,sensitivity,2026-09-06T14:27:53.182757+00:00,2026-09-06T14:27:53.306671+00:00,0.124,VALID,valid,,a9ff4a5e1dc0fea65b63e2b366814c1860f04110,a1d260b660c93e47a466deb9c00f26c880973356f7da4eda00cb8ec57cab044d,raw/E06-static_continuity_ttl30-20260934-20260906T142753225333Z
a001829,E06-static_continuity_ttl30-20260935-20260906T142753362464Z,E06,static_continuity_ttl30,20260935,default,sensitivity,2026-09-06T14:27:53.319204+00:00,2026-09-06T14:27:53.432006+00:00,0.113,VALID,valid,,a9ff4a5e1dc0fea65b63e2b366814c1860f04110,a1d260b660c93e47a466deb9c00f26c880973356f7da4eda00cb8ec57cab044d,raw/E06-static_continuity_ttl30-20260935-20260906T142753362464Z
a001830,E06-static_continuity_ttl30-20260936-20260906T142753487813Z,E06,static_continuity_ttl30,20260936,default,sensitivity,2026-09-06T14:27:53.444128+00:00,2026-09-06T14:27:53.567629+00:00,0.123,VALID,valid,,a9ff4a5e1dc0fea65b63e2b366814c1860f04110,a1d260b660c93e47a466deb9c00f26c880973356f7da4eda00cb8ec57cab044d,raw/E06-static_continuity_ttl30-20260936-20260906T142753487813Z
a001831,E06-static_continuity_ttl1800-20260907-20260906T142753622867Z,E06,static_continuity_ttl1800,20260907,default,sensitivity,2026-09-06T14:27:53.579893+00:00,2026-09-06T14:27:53.696827+00:00,0.117,VALID,valid,,a9ff4a5e1dc0fea65b63e2b366814c1860f04110,a1d260b660c93e47a466deb9c00f26c880973356f7da4eda00cb8ec57cab044d,raw/E06-static_continuity_ttl1800-20260907-20260906T142753622867Z
a001832,E06-static_continuity_ttl1800-20260908-20260906T142753751999Z,E06,static_continuity_ttl1800,20260908,default,sensitivity,2026-09-06T14:27:53.709305+00:00,2026-09-06T14:27:53.820282+00:00,0.111,VALID,valid,,a9ff4a5e1dc0fea65b63e2b366814c1860f04110,a1d260b660c93e47a466deb9c00f26c880973356f7da4eda00cb8ec57cab044d,raw/E06-static_continuity_ttl1800-20260908-20260906T142753751999Z
a001833,E06-static_continuity_ttl1800-20260909-20260906T142753874295Z,E06,static_continuity_ttl1800,20260909,default,sensitivity,2026-09-06T14:27:53.832283+00:00,2026-09-06T14:27:53.991990+00:00,0.16,VALID,valid,,a9ff4a5e1dc0fea65b63e2b366814c1860f04110,a1d260b660c93e47a466deb9c00f26c880973356f7da4eda00cb8ec57cab044d,raw/E06-static_continuity_ttl1800-20260909-20260906T142753874295Z
a001834,E06-static_continuity_ttl1800-20260910-20260906T142754051199Z,E06,static_continuity_ttl1800,20260910,default,sensitivity,2026-09-06T14:27:54.004838+00:00,2026-09-06T14:27:54.127602+00:00,0.123,VALID,valid,,a9ff4a5e1dc0fea65b63e2b366814c1860f04110,a1d260b660c93e47a466deb9c00f26c880973356f7da4eda00cb8ec57cab044d,raw/E06-static_continuity_ttl1800-20260910-20260906T142754051199Z
a001835,E06-static_continuity_ttl1800-20260911-20260906T142754182802Z,E06,static_continuity_ttl1800,20260911,default,sensitivity,2026-09-06T14:27:54.139821+00:00,2026-09-06T14:27:54.262845+00:00,0.123,VALID,valid,,a9ff4a5e1dc0fea65b63e2b366814c1860f04110,a1d260b660c93e47a466deb9c00f26c880973356f7da4eda00cb8ec57cab044d,raw/E06-static_continuity_ttl1800-20260911-20260906T142754182802Z
a001836,E06-static_continuity_ttl1800-20260912-20260906T142754318614Z,E06,static_continuity_ttl1800,20260912,default,sensitivity,2026-09-06T14:27:54.275078+00:00,2026-09-06T14:27:54.394857+00:00,0.12,VALID,valid,,a9ff4a5e1dc0fea65b63e2b366814c1860f04110,a1d260b660c93e47a466deb9c00f26c880973356f7da4eda00cb8ec57cab044d,raw/E06-static_continuity_ttl1800-20260912-20260906T142754318614Z
a001837,E06-static_continuity_ttl1800-20260913-20260906T142754450349Z,E06,static_continuity_ttl1800,20260913,default,sensitivity,2026-09-06T14:27:54.407240+00:00,2026-09-06T14:27:54.531644+00:00,0.124,VALID,valid,,a9ff4a5e1dc0fea65b63e2b366814c1860f04110,a1d260b660c93e47a466deb9c00f26c880973356f7da4eda00cb8ec57cab044d,raw/E06-static_continuity_ttl1800-20260913-20260906T142754450349Z
a001838,E06-static_continuity_ttl1800-20260914-20260906T142754589559Z,E06,static_continuity_ttl1800,20260914,default,sensitivity,2026-09-06T14:27:54.543935+00:00,2026-09-06T14:27:54.670602+00:00,0.127,VALID,valid,,a9ff4a5e1dc0fea65b63e2b366814c1860f04110,a1d260b660c93e47a466deb9c00f26c880973356f7da4eda00cb8ec57cab044d,raw/E06-static_continuity_ttl1800-20260914-20260906T142754589559Z
a001839,E06-static_continuity_ttl1800-20260915-20260906T142754726273Z,E06,static_continuity_ttl1800,20260915,default,sensitivity,2026-09-06T14:27:54.682830+00:00,2026-09-06T14:27:54.809394+00:00,0.127,VALID,valid,,a9ff4a5e1dc0fea65b63e2b366814c1860f04110,a1d260b660c93e47a466deb9c00f26c880973356f7da4eda00cb8ec57cab044d,raw/E06-static_continuity_ttl1800-20260915-20260906T142754726273Z
a001840,E06-static_continuity_ttl1800-20260916-20260906T142754864737Z,E06,static_continuity_ttl1800,20260916,default,sensitivity,2026-09-06T14:27:54.822473+00:00,2026-09-06T14:27:54.943056+00:00,0.121,VALID,valid,,a9ff4a5e1dc0fea65b63e2b366814c1860f04110,a1d260b660c93e47a466deb9c00f26c880973356f7da4eda00cb8ec57cab044d,raw/E06-static_continuity_ttl1800-20260916-20260906T142754864737Z
a001841,E06-static_continuity_ttl1800-20260917-20260906T142754996781Z,E06,static_continuity_ttl1800,20260917,default,sensitivity,2026-09-06T14:27:54.954865+00:00,2026-09-06T14:27:55.077639+00:00,0.123,VALID,valid,,a9ff4a5e1dc0fea65b63e2b366814c1860f04110,a1d260b660c93e47a466deb9c00f26c880973356f7da4eda00cb8ec57cab044d,raw/E06-static_continuity_ttl1800-20260917-20260906T142754996781Z
a001842,E06-static_continuity_ttl1800-20260918-20260906T142755131242Z,E06,static_continuity_ttl1800,20260918,default,sensitivity,2026-09-06T14:27:55.089454+00:00,2026-09-06T14:27:55.200382+00:00,0.111,VALID,valid,,a9ff4a5e1dc0fea65b63e2b366814c1860f04110,a1d260b660c93e47a466deb9c00f26c880973356f7da4eda00cb8ec57cab044d,raw/E06-static_continuity_ttl1800-20260918-20260906T142755131242Z
a001843,E06-static_continuity_ttl1800-20260919-20260906T142755253793Z,E06,static_continuity_ttl1800,20260919,default,sensitivity,2026-09-06T14:27:55.212122+00:00,2026-09-06T14:27:55.333892+00:00,0.122,VALID,valid,,a9ff4a5e1dc0fea65b63e2b366814c1860f04110,a1d260b660c93e47a466deb9c00f26c880973356f7da4eda00cb8ec57cab044d,raw/E06-static_continuity_ttl1800-20260919-20260906T142755253793Z
a001844,E06-static_continuity_ttl1800-20260920-20260906T142755387994Z,E06,static_continuity_ttl1800,20260920,default,sensitivity,2026-09-06T14:27:55.345995+00:00,2026-09-06T14:27:55.461620+00:00,0.116,VALID,valid,,a9ff4a5e1dc0fea65b63e2b366814c1860f04110,a1d260b660c93e47a466deb9c00f26c880973356f7da4eda00cb8ec57cab044d,raw/E06-static_continuity_ttl1800-20260920-20260906T142755387994Z
a001845,E06-static_continuity_ttl1800-20260921-20260906T142755516365Z,E06,static_continuity_ttl1800,20260921,default,sensitivity,2026-09-06T14:27:55.474428+00:00,2026-09-06T14:27:55.585178+00:00,0.111,VALID,valid,,a9ff4a5e1dc0fea65b63e2b366814c1860f04110,a1d260b660c93e47a466deb9c00f26c880973356f7da4eda00cb8ec57cab044d,raw/E06-static_continuity_ttl1800-20260921-20260906T142755516365Z
a001846,E06-static_continuity_ttl1800-20260922-20260906T142755639259Z,E06,static_continuity_ttl1800,20260922,default,sensitivity,2026-09-06T14:27:55.597101+00:00,2026-09-06T14:27:55.714796+00:00,0.118,VALID,valid,,a9ff4a5e1dc0fea65b63e2b366814c1860f04110,a1d260b660c93e47a466deb9c00f26c880973356f7da4eda00cb8ec57cab044d,raw/E06-static_continuity_ttl1800-20260922-20260906T142755639259Z
a001847,E06-static_continuity_ttl1800-20260923-20260906T142755769052Z,E06,static_continuity_ttl1800,20260923,default,sensitivity,2026-09-06T14:27:55.726941+00:00,2026-09-06T14:27:55.849493+00:00,0.123,VALID,valid,,a9ff4a5e1dc0fea65b63e2b366814c1860f04110,a1d260b660c93e47a466deb9c00f26c880973356f7da4eda00cb8ec57cab044d,raw/E06-static_continuity_ttl1800-20260923-20260906T142755769052Z
a001848,E06-static_continuity_ttl1800-20260924-20260906T142755905172Z,E06,static_continuity_ttl1800,20260924,default,sensitivity,2026-09-06T14:27:55.862235+00:00,2026-09-06T14:27:55.982764+00:00,0.121,VALID,valid,,a9ff4a5e1dc0fea65b63e2b366814c1860f04110,a1d260b660c93e47a466deb9c00f26c880973356f7da4eda00cb8ec57cab044d,raw/E06-static_continuity_ttl1800-20260924-20260906T142755905172Z
a001849,E06-static_continuity_ttl1800-20260925-20260906T142756038840Z,E06,static_continuity_ttl1800,20260925,default,sensitivity,2026-09-06T14:27:55.996386+00:00,2026-09-06T14:27:56.103589+00:00,0.107,VALID,valid,,a9ff4a5e1dc0fea65b63e2b366814c1860f04110,a1d260b660c93e47a466deb9c00f26c880973356f7da4eda00cb8ec57cab044d,raw/E06-static_continuity_ttl1800-20260925-20260906T142756038840Z
a001850,E06-static_continuity_ttl1800-20260926-20260906T142756159166Z,E06,static_continuity_ttl1800,20260926,default,sensitivity,2026-09-06T14:27:56.115969+00:00,2026-09-06T14:27:56.236176+00:00,0.12,VALID,valid,,a9ff4a5e1dc0fea65b63e2b366814c1860f04110,a1d260b660c93e47a466deb9c00f26c880973356f7da4eda00cb8ec57cab044d,raw/E06-static_continuity_ttl1800-20260926-20260906T142756159166Z
a001851,E06-static_continuity_ttl1800-20260927-20260906T142756291532Z,E06,static_continuity_ttl1800,20260927,default,sensitivity,2026-09-06T14:27:56.248364+00:00,2026-09-06T14:27:56.364763+00:00,0.116,VALID,valid,,a9ff4a5e1dc0fea65b63e2b366814c1860f04110,a1d260b660c93e47a466deb9c00f26c880973356f7da4eda00cb8ec57cab044d,raw/E06-static_continuity_ttl1800-20260927-20260906T142756291532Z
a001852,E06-static_continuity_ttl1800-20260928-20260906T142756419135Z,E06,static_continuity_ttl1800,20260928,default,sensitivity,2026-09-06T14:27:56.376540+00:00,2026-09-06T14:27:56.495882+00:00,0.119,VALID,valid,,a9ff4a5e1dc0fea65b63e2b366814c1860f04110,a1d260b660c93e47a466deb9c00f26c880973356f7da4eda00cb8ec57cab044d,raw/E06-static_continuity_ttl1800-20260928-20260906T142756419135Z
a001853,E06-static_continuity_ttl1800-20260929-20260906T142756549564Z,E06,static_continuity_ttl1800,20260929,default,sensitivity,2026-09-06T14:27:56.507601+00:00,2026-09-06T14:27:56.632582+00:00,0.125,VALID,valid,,a9ff4a5e1dc0fea65b63e2b366814c1860f04110,a1d260b660c93e47a466deb9c00f26c880973356f7da4eda00cb8ec57cab044d,raw/E06-static_continuity_ttl1800-20260929-20260906T142756549564Z
a001854,E06-static_continuity_ttl1800-20260930-20260906T142756688859Z,E06,static_continuity_ttl1800,20260930,default,sensitivity,2026-09-06T14:27:56.645583+00:00,2026-09-06T14:27:56.762650+00:00,0.117,VALID,valid,,a9ff4a5e1dc0fea65b63e2b366814c1860f04110,a1d260b660c93e47a466deb9c00f26c880973356f7da4eda00cb8ec57cab044d,raw/E06-static_continuity_ttl1800-20260930-20260906T142756688859Z
a001855,E06-static_continuity_ttl1800-20260931-20260906T142756817872Z,E06,static_continuity_ttl1800,20260931,default,sensitivity,2026-09-06T14:27:56.775679+00:00,2026-09-06T14:27:56.897311+00:00,0.122,VALID,valid,,a9ff4a5e1dc0fea65b63e2b366814c1860f04110,a1d260b660c93e47a466deb9c00f26c880973356f7da4eda00cb8ec57cab044d,raw/E06-static_continuity_ttl1800-20260931-20260906T142756817872Z
a001856,E06-static_continuity_ttl1800-20260932-20260906T142756952421Z,E06,static_continuity_ttl1800,20260932,default,sensitivity,2026-09-06T14:27:56.909892+00:00,2026-09-06T14:27:57.038014+00:00,0.128,VALID,valid,,a9ff4a5e1dc0fea65b63e2b366814c1860f04110,a1d260b660c93e47a466deb9c00f26c880973356f7da4eda00cb8ec57cab044d,raw/E06-static_continuity_ttl1800-20260932-20260906T142756952421Z
a001857,E06-static_continuity_ttl1800-20260933-20260906T142757093008Z,E06,static_continuity_ttl1800,20260933,default,sensitivity,2026-09-06T14:27:57.049939+00:00,2026-09-06T14:27:57.159715+00:00,0.11,VALID,valid,,a9ff4a5e1dc0fea65b63e2b366814c1860f04110,a1d260b660c93e47a466deb9c00f26c880973356f7da4eda00cb8ec57cab044d,raw/E06-static_continuity_ttl1800-20260933-20260906T142757093008Z
a001858,E06-static_continuity_ttl1800-20260934-20260906T142757214172Z,E06,static_continuity_ttl1800,20260934,default,sensitivity,2026-09-06T14:27:57.172366+00:00,2026-09-06T14:27:57.282505+00:00,0.11,VALID,valid,,a9ff4a5e1dc0fea65b63e2b366814c1860f04110,a1d260b660c93e47a466deb9c00f26c880973356f7da4eda00cb8ec57cab044d,raw/E06-static_continuity_ttl1800-20260934-20260906T142757214172Z
a001859,E06-static_continuity_ttl1800-20260935-20260906T142757337235Z,E06,static_continuity_ttl1800,20260935,default,sensitivity,2026-09-06T14:27:57.294761+00:00,2026-09-06T14:27:57.417199+00:00,0.122,VALID,valid,,a9ff4a5e1dc0fea65b63e2b366814c1860f04110,a1d260b660c93e47a466deb9c00f26c880973356f7da4eda00cb8ec57cab044d,raw/E06-static_continuity_ttl1800-20260935-20260906T142757337235Z
a001860,E06-static_continuity_ttl1800-20260936-20260906T142757471576Z,E06,static_continuity_ttl1800,20260936,default,sensitivity,2026-09-06T14:27:57.429665+00:00,2026-09-06T14:27:57.546859+00:00,0.117,VALID,valid,,a9ff4a5e1dc0fea65b63e2b366814c1860f04110,a1d260b660c93e47a466deb9c00f26c880973356f7da4eda00cb8ec57cab044d,raw/E06-static_continuity_ttl1800-20260936-20260906T142757471576Z
a001861,E07-static_continuity_ttl30-20260907-20260906T142757601233Z,E07,static_continuity_ttl30,20260907,default,sensitivity,2026-09-06T14:27:57.558935+00:00,2026-09-06T14:27:57.684490+00:00,0.126,VALID,valid,,a9ff4a5e1dc0fea65b63e2b366814c1860f04110,a1d260b660c93e47a466deb9c00f26c880973356f7da4eda00cb8ec57cab044d,raw/E07-static_continuity_ttl30-20260907-20260906T142757601233Z
a001862,E07-static_continuity_ttl30-20260908-20260906T142757738667Z,E07,static_continuity_ttl30,20260908,default,sensitivity,2026-09-06T14:27:57.696968+00:00,2026-09-06T14:27:57.820301+00:00,0.123,VALID,valid,,a9ff4a5e1dc0fea65b63e2b366814c1860f04110,a1d260b660c93e47a466deb9c00f26c880973356f7da4eda00cb8ec57cab044d,raw/E07-static_continuity_ttl30-20260908-20260906T142757738667Z
a001863,E07-static_continuity_ttl30-20260909-20260906T142757874992Z,E07,static_continuity_ttl30,20260909,default,sensitivity,2026-09-06T14:27:57.832787+00:00,2026-09-06T14:27:57.959613+00:00,0.127,VALID,valid,,a9ff4a5e1dc0fea65b63e2b366814c1860f04110,a1d260b660c93e47a466deb9c00f26c880973356f7da4eda00cb8ec57cab044d,raw/E07-static_continuity_ttl30-20260909-20260906T142757874992Z
a001864,E07-static_continuity_ttl30-20260910-20260906T142758013242Z,E07,static_continuity_ttl30,20260910,default,sensitivity,2026-09-06T14:27:57.971200+00:00,2026-09-06T14:27:58.102418+00:00,0.131,VALID,valid,,a9ff4a5e1dc0fea65b63e2b366814c1860f04110,a1d260b660c93e47a466deb9c00f26c880973356f7da4eda00cb8ec57cab044d,raw/E07-static_continuity_ttl30-20260910-20260906T142758013242Z
a001865,E07-static_continuity_ttl30-20260911-20260906T142758156110Z,E07,static_continuity_ttl30,20260911,default,sensitivity,2026-09-06T14:27:58.114152+00:00,2026-09-06T14:27:58.232560+00:00,0.118,VALID,valid,,a9ff4a5e1dc0fea65b63e2b366814c1860f04110,a1d260b660c93e47a466deb9c00f26c880973356f7da4eda00cb8ec57cab044d,raw/E07-static_continuity_ttl30-20260911-20260906T142758156110Z
a001866,E07-static_continuity_ttl30-20260912-20260906T142758286425Z,E07,static_continuity_ttl30,20260912,default,sensitivity,2026-09-06T14:27:58.244627+00:00,2026-09-06T14:27:58.359418+00:00,0.115,VALID,valid,,a9ff4a5e1dc0fea65b63e2b366814c1860f04110,a1d260b660c93e47a466deb9c00f26c880973356f7da4eda00cb8ec57cab044d,raw/E07-static_continuity_ttl30-20260912-20260906T142758286425Z
a001867,E07-static_continuity_ttl30-20260913-20260906T142758412832Z,E07,static_continuity_ttl30,20260913,default,sensitivity,2026-09-06T14:27:58.370942+00:00,2026-09-06T14:27:58.376449+00:00,0.138,VALID,valid,,a9ff4a5e1dc0fea65b63e2b366814c1860f04110,a1d260b660c93e47a466deb9c00f26c880973356f7da4eda00cb8ec57cab044d,raw/E07-static_continuity_ttl30-20260913-20260906T142758412832Z
a001868,E07-static_continuity_ttl30-20260914-20260906T142758431402Z,E07,static_continuity_ttl30,20260914,default,sensitivity,2026-09-06T14:27:58.388498+00:00,2026-09-06T14:27:58.510103+00:00,0.122,VALID,valid,,a9ff4a5e1dc0fea65b63e2b366814c1860f04110,a1d260b660c93e47a466deb9c00f26c880973356f7da4eda00cb8ec57cab044d,raw/E07-static_continuity_ttl30-20260914-20260906T142758431402Z
a001869,E07-static_continuity_ttl30-20260915-20260906T142758564679Z,E07,static_continuity_ttl30,20260915,default,sensitivity,2026-09-06T14:27:58.522181+00:00,2026-09-06T14:27:58.646581+00:00,0.124,VALID,valid,,a9ff4a5e1dc0fea65b63e2b366814c1860f04110,a1d260b660c93e47a466deb9c00f26c880973356f7da4eda00cb8ec57cab044d,raw/E07-static_continuity_ttl30-20260915-20260906T142758564679Z
a001870,E07-static_continuity_ttl30-20260916-20260906T142758701161Z,E07,static_continuity_ttl30,20260916,default,sensitivity,2026-09-06T14:27:58.659116+00:00,2026-09-06T14:27:58.775746+00:00,0.117,VALID,valid,,a9ff4a5e1dc0fea65b63e2b366814c1860f04110,a1d260b660c93e47a466deb9c00f26c880973356f7da4eda00cb8ec57cab044d,raw/E07-static_continuity_ttl30-20260916-20260906T142758701161Z
a001871,E07-static_continuity_ttl30-20260917-20260906T142758830542Z,E07,static_continuity_ttl30,20260917,default,sensitivity,2026-09-06T14:27:58.788436+00:00,2026-09-06T14:27:58.904395+00:00,0.116,VALID,valid,,a9ff4a5e1dc0fea65b63e2b366814c1860f04110,a1d260b660c93e47a466deb9c00f26c880973356f7da4eda00cb8ec57cab044d,raw/E07-static_continuity_ttl30-20260917-20260906T142758830542Z
a001872,E07-static_continuity_ttl30-20260918-20260906T142758957828Z,E07,static_continuity_ttl30,20260918,default,sensitivity,2026-09-06T14:27:58.915755+00:00,2026-09-06T14:27:59.043410+00:00,0.128,VALID,valid,,a9ff4a5e1dc0fea65b63e2b366814c1860f04110,a1d260b660c93e47a466deb9c00f26c880973356f7da4eda00cb8ec57cab044d,raw/E07-static_continuity_ttl30-20260918-20260906T142758957828Z
a001873,E07-static_continuity_ttl30-20260919-20260906T142759098228Z,E07,static_continuity_ttl30,20260919,default,sensitivity,2026-09-06T14:27:59.056221+00:00,2026-09-06T14:27:59.179004+00:00,0.123,VALID,valid,,a9ff4a5e1dc0fea65b63e2b366814c1860f04110,a1d260b660c93e47a466deb9c00f26c880973356f7da4eda00cb8ec57cab044d,raw/E07-static_continuity_ttl30-20260919-20260906T142759098228Z
a001874,E07-static_continuity_ttl30-20260920-20260906T142759233310Z,E07,static_continuity_ttl30,20260920,default,sensitivity,2026-09-06T14:27:59.190862+00:00,2026-09-06T14:27:59.301389+00:00,0.111,VALID,valid,,a9ff4a5e1dc0fea65b63e2b366814c1860f04110,a1d260b660c93e47a466deb9c00f26c880973356f7da4eda00cb8ec57cab044d,raw/E07-static_continuity_ttl30-20260920-20260906T142759233310Z
a001875,E07-static_continuity_ttl30-20260921-20260906T142759354612Z,E07,static_continuity_ttl30,20260921,default,sensitivity,2026-09-06T14:27:59.312813+00:00,2026-09-06T14:27:59.427812+00:00,0.115,VALID,valid,,a9ff4a5e1dc0fea65b63e2b366814c1860f04110,a1d260b660c93e47a466deb9c00f26c880973356f7da4eda00cb8ec57cab044d,raw/E07-static_continuity_ttl30-20260921-20260906T142759354612Z
a001876,E07-static_continuity_ttl30-20260922-20260906T142759481756Z,E07,static_continuity_ttl30,20260922,default,sensitivity,2026-09-06T14:27:59.439206+00:00,2026-09-06T14:27:59.566282+00:00,0.127,VALID,valid,,a9ff4a5e1dc0fea65b63e2b366814c1860f04110,a1d260b660c93e47a466deb9c00f26c880973356f7da4eda00cb8ec57cab044d,raw/E07-static_continuity_ttl30-20260922-20260906T142759481756Z
a001877,E07-static_continuity_ttl30-20260923-20260906T142759623617Z,E07,static_continuity_ttl30,20260923,default,sensitivity,2026-09-06T14:27:59.579896+00:00,2026-09-06T14:27:59.702701+00:00,0.123,VALID,valid,,a9ff4a5e1dc0fea65b63e2b366814c1860f04110,a1d260b660c93e47a466deb9c00f26c880973356f7da4eda00cb8ec57cab044d,raw/E07-static_continuity_ttl30-20260923-20260906T142759623617Z
a001878,E07-static_continuity_ttl30-20260924-20260906T142759762390Z,E07,static_continuity_ttl30,20260924,default,sensitivity,2026-09-06T14:27:59.716059+00:00,2026-09-06T14:27:59.838828+00:00,0.123,VALID,valid,,a9ff4a5e1dc0fea65b63e2b366814c1860f04110,a1d260b660c93e47a466deb9c00f26c880973356f7da4eda00cb8ec57cab044d,raw/E07-static_continuity_ttl30-20260924-20260906T142759762390Z
a001879,E07-static_continuity_ttl30-20260925-20260906T142759894577Z,E07,static_continuity_ttl30,20260925,default,sensitivity,2026-09-06T14:27:59.851791+00:00,2026-09-06T14:27:59.978595+00:00,0.127,VALID,valid,,a9ff4a5e1dc0fea65b63e2b366814c1860f04110,a1d260b660c93e47a466deb9c00f26c880973356f7da4eda00cb8ec57cab044d,raw/E07-static_continuity_ttl30-20260925-20260906T142759894577Z
a001880,E07-static_continuity_ttl30-20260926-20260906T142800033403Z,E07,static_continuity_ttl30,20260926,default,sensitivity,2026-09-06T14:27:59.990840+00:00,2026-09-06T14:28:00.112864+00:00,0.122,VALID,valid,,a9ff4a5e1dc0fea65b63e2b366814c1860f04110,a1d260b660c93e47a466deb9c00f26c880973356f7da4eda00cb8ec57cab044d,raw/E07-static_continuity_ttl30-20260926-20260906T142800033403Z
a001881,E07-static_continuity_ttl30-20260927-20260906T142800166628Z,E07,static_continuity_ttl30,20260927,default,sensitivity,2026-09-06T14:28:00.124545+00:00,2026-09-06T14:28:00.241149+00:00,0.117,VALID,valid,,a9ff4a5e1dc0fea65b63e2b366814c1860f04110,a1d260b660c93e47a466deb9c00f26c880973356f7da4eda00cb8ec57cab044d,raw/E07-static_continuity_ttl30-20260927-20260906T142800166628Z
a001882,E07-static_continuity_ttl30-20260928-20260906T142800297549Z,E07,static_continuity_ttl30,20260928,default,sensitivity,2026-09-06T14:28:00.253856+00:00,2026-09-06T14:28:00.375078+00:00,0.121,VALID,valid,,a9ff4a5e1dc0fea65b63e2b366814c1860f04110,a1d260b660c93e47a466deb9c00f26c880973356f7da4eda00cb8ec57cab044d,raw/E07-static_continuity_ttl30-20260928-20260906T142800297549Z
a001883,E07-static_continuity_ttl30-20260929-20260906T142800430990Z,E07,static_continuity_ttl30,20260929,default,sensitivity,2026-09-06T14:28:00.387800+00:00,2026-09-06T14:28:00.513343+00:00,0.126,VALID,valid,,a9ff4a5e1dc0fea65b63e2b366814c1860f04110,a1d260b660c93e47a466deb9c00f26c880973356f7da4eda00cb8ec57cab044d,raw/E07-static_continuity_ttl30-20260929-20260906T142800430990Z
a001884,E07-static_continuity_ttl30-20260930-20260906T142800569214Z,E07,static_continuity_ttl30,20260930,default,sensitivity,2026-09-06T14:28:00.526251+00:00,2026-09-06T14:28:00.649433+00:00,0.123,VALID,valid,,a9ff4a5e1dc0fea65b63e2b366814c1860f04110,a1d260b660c93e47a466deb9c00f26c880973356f7da4eda00cb8ec57cab044d,raw/E07-static_continuity_ttl30-20260930-20260906T142800569214Z
a001885,E07-static_continuity_ttl30-20260931-20260906T142800712279Z,E07,static_continuity_ttl30,20260931,default,sensitivity,2026-09-06T14:28:00.660939+00:00,2026-09-06T14:28:00.788105+00:00,0.127,VALID,valid,,a9ff4a5e1dc0fea65b63e2b366814c1860f04110,a1d260b660c93e47a466deb9c00f26c880973356f7da4eda00cb8ec57cab044d,raw/E07-static_continuity_ttl30-20260931-20260906T142800712279Z
a001886,E07-static_continuity_ttl30-20260932-20260906T142800843005Z,E07,static_continuity_ttl30,20260932,default,sensitivity,2026-09-06T14:28:00.800626+00:00,2026-09-06T14:28:00.926744+00:00,0.126,VALID,valid,,a9ff4a5e1dc0fea65b63e2b366814c1860f04110,a1d260b660c93e47a466deb9c00f26c880973356f7da4eda00cb8ec57cab044d,raw/E07-static_continuity_ttl30-20260932-20260906T142800843005Z
a001887,E07-static_continuity_ttl30-20260933-20260906T142800980111Z,E07,static_continuity_ttl30,20260933,default,sensitivity,2026-09-06T14:28:00.938323+00:00,2026-09-06T14:28:01.047300+00:00,0.109,VALID,valid,,a9ff4a5e1dc0fea65b63e2b366814c1860f04110,a1d260b660c93e47a466deb9c00f26c880973356f7da4eda00cb8ec57cab044d,raw/E07-static_continuity_ttl30-20260933-20260906T142800980111Z
a001888,E07-static_continuity_ttl30-20260934-20260906T142801101222Z,E07,static_continuity_ttl30,20260934,default,sensitivity,2026-09-06T14:28:01.059418+00:00,2026-09-06T14:28:01.181249+00:00,0.122,VALID,valid,,a9ff4a5e1dc0fea65b63e2b366814c1860f04110,a1d260b660c93e47a466deb9c00f26c880973356f7da4eda00cb8ec57cab044d,raw/E07-static_continuity_ttl30-20260934-20260906T142801101222Z
a001889,E07-static_continuity_ttl30-20260935-20260906T142801236304Z,E07,static_continuity_ttl30,20260935,default,sensitivity,2026-09-06T14:28:01.194115+00:00,2026-09-06T14:28:01.308764+00:00,0.115,VALID,valid,,a9ff4a5e1dc0fea65b63e2b366814c1860f04110,a1d260b660c93e47a466deb9c00f26c880973356f7da4eda00cb8ec57cab044d,raw/E07-static_continuity_ttl30-20260935-20260906T142801236304Z
a001890,E07-static_continuity_ttl30-20260936-20260906T142801362344Z,E07,static_continuity_ttl30,20260936,default,sensitivity,2026-09-06T14:28:01.320651+00:00,2026-09-06T14:28:01.442223+00:00,0.122,VALID,valid,,a9ff4a5e1dc0fea65b63e2b366814c1860f04110,a1d260b660c93e47a466deb9c00f26c880973356f7da4eda00cb8ec57cab044d,raw/E07-static_continuity_ttl30-20260936-20260906T142801362344Z
a001891,E07-static_continuity_ttl1800-20260907-20260906T142801495793Z,E07,static_continuity_ttl1800,20260907,default,sensitivity,2026-09-06T14:28:01.453788+00:00,2026-09-06T14:28:01.578736+00:00,0.125,VALID,valid,,a9ff4a5e1dc0fea65b63e2b366814c1860f04110,a1d260b660c93e47a466deb9c00f26c880973356f7da4eda00cb8ec57cab044d,raw/E07-static_continuity_ttl1800-20260907-20260906T142801495793Z
a001892,E07-static_continuity_ttl1800-20260908-20260906T142801633642Z,E07,static_continuity_ttl1800,20260908,default,sensitivity,2026-09-06T14:28:01.591098+00:00,2026-09-06T14:28:01.717847+00:00,0.127,VALID,valid,,a9ff4a5e1dc0fea65b63e2b366814c1860f04110,a1d260b660c93e47a466deb9c00f26c880973356f7da4eda00cb8ec57cab044d,raw/E07-static_continuity_ttl1800-20260908-20260906T142801633642Z
a001893,E07-static_continuity_ttl1800-20260909-20260906T142801772726Z,E07,static_continuity_ttl1800,20260909,default,sensitivity,2026-09-06T14:28:01.730294+00:00,2026-09-06T14:28:01.854324+00:00,0.124,VALID,valid,,a9ff4a5e1dc0fea65b63e2b366814c1860f04110,a1d260b660c93e47a466deb9c00f26c880973356f7da4eda00cb8ec57cab044d,raw/E07-static_continuity_ttl1800-20260909-20260906T142801772726Z
a001894,E07-static_continuity_ttl1800-20260910-20260906T142801907537Z,E07,static_continuity_ttl1800,20260910,default,sensitivity,2026-09-06T14:28:01.866064+00:00,2026-09-06T14:28:01.976003+00:00,0.11,VALID,valid,,a9ff4a5e1dc0fea65b63e2b366814c1860f04110,a1d260b660c93e47a466deb9c00f26c880973356f7da4eda00cb8ec57cab044d,raw/E07-static_continuity_ttl1800-20260910-20260906T142801907537Z
a001895,E07-static_continuity_ttl1800-20260911-20260906T142802031971Z,E07,static_continuity_ttl1800,20260911,default,sensitivity,2026-09-06T14:28:01.988603+00:00,2026-09-06T14:28:02.110391+00:00,0.122,VALID,valid,,a9ff4a5e1dc0fea65b63e2b366814c1860f04110,a1d260b660c93e47a466deb9c00f26c880973356f7da4eda00cb8ec57cab044d,raw/E07-static_continuity_ttl1800-20260911-20260906T142802031971Z
a001896,E07-static_continuity_ttl1800-20260912-20260906T142802163650Z,E07,static_continuity_ttl1800,20260912,default,sensitivity,2026-09-06T14:28:02.122218+00:00,2026-09-06T14:28:02.251512+00:00,0.129,VALID,valid,,a9ff4a5e1dc0fea65b63e2b366814c1860f04110,a1d260b660c93e47a466deb9c00f26c880973356f7da4eda00cb8ec57cab044d,raw/E07-static_continuity_ttl1800-20260912-20260906T142802163650Z
a001897,E07-static_continuity_ttl1800-20260913-20260906T142802304869Z,E07,static_continuity_ttl1800,20260913,default,sensitivity,2026-09-06T14:28:02.263389+00:00,2026-09-06T14:28:02.386396+00:00,0.123,VALID,valid,,a9ff4a5e1dc0fea65b63e2b366814c1860f04110,a1d260b660c93e47a466deb9c00f26c880973356f7da4eda00cb8ec57cab044d,raw/E07-static_continuity_ttl1800-20260913-20260906T142802304869Z
a001898,E07-static_continuity_ttl1800-20260914-20260906T142802440262Z,E07,static_continuity_ttl1800,20260914,default,sensitivity,2026-09-06T14:28:02.398324+00:00,2026-09-06T14:28:02.518043+00:00,0.12,VALID,valid,,a9ff4a5e1dc0fea65b63e2b366814c1860f04110,a1d260b660c93e47a466deb9c00f26c880973356f7da4eda00cb8ec57cab044d,raw/E07-static_continuity_ttl1800-20260914-20260906T142802440262Z
a001899,E07-static_continuity_ttl1800-20260915-20260906T142802571312Z,E07,static_continuity_ttl1800,20260915,default,sensitivity,2026-09-06T14:28:02.529936+00:00,2026-09-06T14:28:02.644172+00:00,0.114,VALID,valid,,a9ff4a5e1dc0fea65b63e2b366814c1860f04110,a1d260b660c93e47a466deb9c00f26c880973356f7da4eda00cb8ec57cab044d,raw/E07-static_continuity_ttl1800-20260915-20260906T142802571312Z
a001900,E07-static_continuity_ttl1800-20260916-20260906T142802698858Z,E07,static_continuity_ttl1800,20260916,default,sensitivity,2026-09-06T14:28:02.657105+00:00,2026-09-06T14:28:02.781361+00:00,0.124,VALID,valid,,a9ff4a5e1dc0fea65b63e2b366814c1860f04110,a1d260b660c93e47a466deb9c00f26c880973356f7da4eda00cb8ec57cab044d,raw/E07-static_continuity_ttl1800-20260916-20260906T142802698858Z
a001901,E07-static_continuity_ttl1800-20260917-20260906T142802835551Z,E07,static_continuity_ttl1800,20260917,default,sensitivity,2026-09-06T14:28:02.794063+00:00,2026-09-06T14:28:02.918045+00:00,0.124,VALID,valid,,a9ff4a5e1dc0fea65b63e2b366814c1860f04110,a1d260b660c93e47a466deb9c00f26c880973356f7da4eda00cb8ec57cab044d,raw/E07-static_continuity_ttl1800-20260917-20260906T142802835551Z
a001902,E07-static_continuity_ttl1800-20260918-20260906T142802972396Z,E07,static_continuity_ttl1800,20260918,default,sensitivity,2026-09-06T14:28:02.930475+00:00,2026-09-06T14:28:03.046302+00:00,0.116,VALID,valid,,a9ff4a5e1dc0fea65b63e2b366814c1860f04110,a1d260b660c93e47a466deb9c00f26c880973356f7da4eda00cb8ec57cab044d,raw/E07-static_continuity_ttl1800-20260918-20260906T142802972396Z
a001903,E07-static_continuity_ttl1800-20260919-20260906T142803099415Z,E07,static_continuity_ttl1800,20260919,default,sensitivity,2026-09-06T14:28:03.057976+00:00,2026-09-06T14:28:03.175836+00:00,0.118,VALID,valid,,a9ff4a5e1dc0fea65b63e2b366814c1860f04110,a1d260b660c93e47a466deb9c00f26c880973356f7da4eda00cb8ec57cab044d,raw/E07-static_continuity_ttl1800-20260919-20260906T142803099415Z
a001904,E07-static_continuity_ttl1800-20260920-20260906T142803230060Z,E07,static_continuity_ttl1800,20260920,default,sensitivity,2026-09-06T14:28:03.187832+00:00,2026-09-06T14:28:03.301360+00:00,0.114,VALID,valid,,a9ff4a5e1dc0fea65b63e2b366814c1860f04110,a1d260b660c93e47a466deb9c00f26c880973356f7da4eda00cb8ec57cab044d,raw/E07-static_continuity_ttl1800-20260920-20260906T142803230060Z
a001905,E07-static_continuity_ttl1800-20260921-20260906T142803358318Z,E07,static_continuity_ttl1800,20260921,default,sensitivity,2026-09-06T14:28:03.313730+00:00,2026-09-06T14:28:03.439220+00:00,0.125,VALID,valid,,a9ff4a5e1dc0fea65b63e2b366814c1860f04110,a1d260b660c93e47a466deb9c00f26c880973356f7da4eda00cb8ec57cab044d,raw/E07-static_continuity_ttl1800-20260921-20260906T142803358318Z
a001906,E07-static_continuity_ttl1800-20260922-20260906T142803495368Z,E07,static_continuity_ttl1800,20260922,default,sensitivity,2026-09-06T14:28:03.452127+00:00,2026-09-06T14:28:03.573634+00:00,0.121,VALID,valid,,a9ff4a5e1dc0fea65b63e2b366814c1860f04110,a1d260b660c93e47a466deb9c00f26c880973356f7da4eda00cb8ec57cab044d,raw/E07-static_continuity_ttl1800-20260922-20260906T142803495368Z
a001907,E07-static_continuity_ttl1800-20260923-20260906T142803627519Z,E07,static_continuity_ttl1800,20260923,default,sensitivity,2026-09-06T14:28:03.585428+00:00,2026-09-06T14:28:03.703980+00:00,0.119,VALID,valid,,a9ff4a5e1dc0fea65b63e2b366814c1860f04110,a1d260b660c93e47a466deb9c00f26c880973356f7da4eda00cb8ec57cab044d,raw/E07-static_continuity_ttl1800-20260923-20260906T142803627519Z
a001908,E07-static_continuity_ttl1800-20260924-20260906T142803759510Z,E07,static_continuity_ttl1800,20260924,default,sensitivity,2026-09-06T14:28:03.716412+00:00,2026-09-06T14:28:03.852869+00:00,0.136,VALID,valid,,a9ff4a5e1dc0fea65b63e2b366814c1860f04110,a1d260b660c93e47a466deb9c00f26c880973356f7da4eda00cb8ec57cab044d,raw/E07-static_continuity_ttl1800-20260924-20260906T142803759510Z
a001909,E07-static_continuity_ttl1800-20260925-20260906T142803909445Z,E07,static_continuity_ttl1800,20260925,default,sensitivity,2026-09-06T14:28:03.865655+00:00,2026-09-06T14:28:03.980592+00:00,0.115,VALID,valid,,a9ff4a5e1dc0fea65b63e2b366814c1860f04110,a1d260b660c93e47a466deb9c00f26c880973356f7da4eda00cb8ec57cab044d,raw/E07-static_continuity_ttl1800-20260925-20260906T142803909445Z
a001910,E07-static_continuity_ttl1800-20260926-20260906T142804036872Z,E07,static_continuity_ttl1800,20260926,default,sensitivity,2026-09-06T14:28:03.992617+00:00,2026-09-06T14:28:04.121397+00:00,0.129,VALID,valid,,a9ff4a5e1dc0fea65b63e2b366814c1860f04110,a1d260b660c93e47a466deb9c00f26c880973356f7da4eda00cb8ec57cab044d,raw/E07-static_continuity_ttl1800-20260926-20260906T142804036872Z
a001911,E07-static_continuity_ttl1800-20260927-20260906T142804177412Z,E07,static_continuity_ttl1800,20260927,default,sensitivity,2026-09-06T14:28:04.134397+00:00,2026-09-06T14:28:04.251511+00:00,0.117,VALID,valid,,a9ff4a5e1dc0fea65b63e2b366814c1860f04110,a1d260b660c93e47a466deb9c00f26c880973356f7da4eda00cb8ec57cab044d,raw/E07-static_continuity_ttl1800-20260927-20260906T142804177412Z
a001912,E07-static_continuity_ttl1800-20260928-20260906T142804306542Z,E07,static_continuity_ttl1800,20260928,default,sensitivity,2026-09-06T14:28:04.264397+00:00,2026-09-06T14:28:04.387042+00:00,0.123,VALID,valid,,a9ff4a5e1dc0fea65b63e2b366814c1860f04110,a1d260b660c93e47a466deb9c00f26c880973356f7da4eda00cb8ec57cab044d,raw/E07-static_continuity_ttl1800-20260928-20260906T142804306542Z
a001913,E07-static_continuity_ttl1800-20260929-20260906T142804442725Z,E07,static_continuity_ttl1800,20260929,default,sensitivity,2026-09-06T14:28:04.399737+00:00,2026-09-06T14:28:04.516017+00:00,0.116,VALID,valid,,a9ff4a5e1dc0fea65b63e2b366814c1860f04110,a1d260b660c93e47a466deb9c00f26c880973356f7da4eda00cb8ec57cab044d,raw/E07-static_continuity_ttl1800-20260929-20260906T142804442725Z
a001914,E07-static_continuity_ttl1800-20260930-20260906T142804570372Z,E07,static_continuity_ttl1800,20260930,default,sensitivity,2026-09-06T14:28:04.528508+00:00,2026-09-06T14:28:04.641443+00:00,0.113,VALID,valid,,a9ff4a5e1dc0fea65b63e2b366814c1860f04110,a1d260b660c93e47a466deb9c00f26c880973356f7da4eda00cb8ec57cab044d,raw/E07-static_continuity_ttl1800-20260930-20260906T142804570372Z
a001915,E07-static_continuity_ttl1800-20260931-20260906T142804695758Z,E07,static_continuity_ttl1800,20260931,default,sensitivity,2026-09-06T14:28:04.653489+00:00,2026-09-06T14:28:04.773771+00:00,0.12,VALID,valid,,a9ff4a5e1dc0fea65b63e2b366814c1860f04110,a1d260b660c93e47a466deb9c00f26c880973356f7da4eda00cb8ec57cab044d,raw/E07-static_continuity_ttl1800-20260931-20260906T142804695758Z
a001916,E07-static_continuity_ttl1800-20260932-20260906T142804827015Z,E07,static_continuity_ttl1800,20260932,default,sensitivity,2026-09-06T14:28:04.785404+00:00,2026-09-06T14:28:04.899175+00:00,0.114,VALID,valid,,a9ff4a5e1dc0fea65b63e2b366814c1860f04110,a1d260b660c93e47a466deb9c00f26c880973356f7da4eda00cb8ec57cab044d,raw/E07-static_continuity_ttl1800-20260932-20260906T142804827015Z
a001917,E07-static_continuity_ttl1800-20260933-20260906T142804952217Z,E07,static_continuity_ttl1800,20260933,default,sensitivity,2026-09-06T14:28:04.910883+00:00,2026-09-06T14:28:05.031724+00:00,0.121,VALID,valid,,a9ff4a5e1dc0fea65b63e2b366814c1860f04110,a1d260b660c93e47a466deb9c00f26c880973356f7da4eda00cb8ec57cab044d,raw/E07-static_continuity_ttl1800-20260933-20260906T142804952217Z
a001918,E07-static_continuity_ttl1800-20260934-20260906T142805087245Z,E07,static_continuity_ttl1800,20260934,default,sensitivity,2026-09-06T14:28:05.043912+00:00,2026-09-06T14:28:05.169501+00:00,0.126,VALID,valid,,a9ff4a5e1dc0fea65b63e2b366814c1860f04110,a1d260b660c93e47a466deb9c00f26c880973356f7da4eda00cb8ec57cab044d,raw/E07-static_continuity_ttl1800-20260934-20260906T142805087245Z
a001919,E07-static_continuity_ttl1800-20260935-20260906T142805223756Z,E07,static_continuity_ttl1800,20260935,default,sensitivity,2026-09-06T14:28:05.181847+00:00,2026-09-06T14:28:05.302990+00:00,0.121,VALID,valid,,a9ff4a5e1dc0fea65b63e2b366814c1860f04110,a1d260b660c93e47a466deb9c00f26c880973356f7da4eda00cb8ec57cab044d,raw/E07-static_continuity_ttl1800-20260935-20260906T142805223756Z
a001920,E07-static_continuity_ttl1800-20260936-20260906T142805357213Z,E07,static_continuity_ttl1800,20260936,default,sensitivity,2026-09-06T14:28:05.315639+00:00,2026-09-06T14:28:05.434382+00:00,0.119,VALID,valid,,a9ff4a5e1dc0fea65b63e2b366814c1860f04110,a1d260b660c93e47a466deb9c00f26c880973356f7da4eda00cb8ec57cab044d,raw/E07-static_continuity_ttl1800-20260936-20260906T142805357213Z
a001921,E08-static_continuity_ttl30-20260907-20260906T142805488692Z,E08,static_continuity_ttl30,20260907,default,sensitivity,2026-09-06T14:28:05.446925+00:00,2026-09-06T14:28:05.567346+00:00,0.12,VALID,valid,,a9ff4a5e1dc0fea65b63e2b366814c1860f04110,a1d260b660c93e47a466deb9c00f26c880973356f7da4eda00cb8ec57cab044d,raw/E08-static_continuity_ttl30-20260907-20260906T142805488692Z
a001922,E08-static_continuity_ttl30-20260908-20260906T142805621596Z,E08,static_continuity_ttl30,20260908,default,sensitivity,2026-09-06T14:28:05.579660+00:00,2026-09-06T14:28:05.699411+00:00,0.12,VALID,valid,,a9ff4a5e1dc0fea65b63e2b366814c1860f04110,a1d260b660c93e47a466deb9c00f26c880973356f7da4eda00cb8ec57cab044d,raw/E08-static_continuity_ttl30-20260908-20260906T142805621596Z
a001923,E08-static_continuity_ttl30-20260909-20260906T142805752752Z,E08,static_continuity_ttl30,20260909,default,sensitivity,2026-09-06T14:28:05.711157+00:00,2026-09-06T14:28:05.818613+00:00,0.107,VALID,valid,,a9ff4a5e1dc0fea65b63e2b366814c1860f04110,a1d260b660c93e47a466deb9c00f26c880973356f7da4eda00cb8ec57cab044d,raw/E08-static_continuity_ttl30-20260909-20260906T142805752752Z
a001924,E08-static_continuity_ttl30-20260910-20260906T142805872808Z,E08,static_continuity_ttl30,20260910,default,sensitivity,2026-09-06T14:28:05.830366+00:00,2026-09-06T14:28:05.950980+00:00,0.121,VALID,valid,,a9ff4a5e1dc0fea65b63e2b366814c1860f04110,a1d260b660c93e47a466deb9c00f26c880973356f7da4eda00cb8ec57cab044d,raw/E08-static_continuity_ttl30-20260910-20260906T142805872808Z
a001925,E08-static_continuity_ttl30-20260911-20260906T142806006714Z,E08,static_continuity_ttl30,20260911,default,sensitivity,2026-09-06T14:28:05.964305+00:00,2026-09-06T14:28:06.083065+00:00,0.119,VALID,valid,,a9ff4a5e1dc0fea65b63e2b366814c1860f04110,a1d260b660c93e47a466deb9c00f26c880973356f7da4eda00cb8ec57cab044d,raw/E08-static_continuity_ttl30-20260911-20260906T142806006714Z
a001926,E08-static_continuity_ttl30-20260912-20260906T142806137461Z,E08,static_continuity_ttl30,20260912,default,sensitivity,2026-09-06T14:28:06.095218+00:00,2026-09-06T14:28:06.220911+00:00,0.126,VALID,valid,,a9ff4a5e1dc0fea65b63e2b366814c1860f04110,a1d260b660c93e47a466deb9c00f26c880973356f7da4eda00cb8ec57cab044d,raw/E08-static_continuity_ttl30-20260912-20260906T142806137461Z
a001927,E08-static_continuity_ttl30-20260913-20260906T142806275684Z,E08,static_continuity_ttl30,20260913,default,sensitivity,2026-09-06T14:28:06.233714+00:00,2026-09-06T14:28:06.356313+00:00,0.123,VALID,valid,,a9ff4a5e1dc0fea65b63e2b366814c1860f04110,a1d260b660c93e47a466deb9c00f26c880973356f7da4eda00cb8ec57cab044d,raw/E08-static_continuity_ttl30-20260913-20260906T142806275684Z
a001928,E08-static_continuity_ttl30-20260914-20260906T142806410664Z,E08,static_continuity_ttl30,20260914,default,sensitivity,2026-09-06T14:28:06.368419+00:00,2026-09-06T14:28:06.489297+00:00,0.121,VALID,valid,,a9ff4a5e1dc0fea65b63e2b366814c1860f04110,a1d260b660c93e47a466deb9c00f26c880973356f7da4eda00cb8ec57cab044d,raw/E08-static_continuity_ttl30-20260914-20260906T142806410664Z
a001929,E08-static_continuity_ttl30-20260915-20260906T142806542722Z,E08,static_continuity_ttl30,20260915,default,sensitivity,2026-09-06T14:28:06.501026+00:00,2026-09-06T14:28:06.618335+00:00,0.117,VALID,valid,,a9ff4a5e1dc0fea65b63e2b366814c1860f04110,a1d260b660c93e47a466deb9c00f26c880973356f7da4eda00cb8ec57cab044d,raw/E08-static_continuity_ttl30-20260915-20260906T142806542722Z
a001930,E08-static_continuity_ttl30-20260916-20260906T142806675893Z,E08,static_continuity_ttl30,20260916,default,sensitivity,2026-09-06T14:28:06.629980+00:00,2026-09-06T14:28:06.757122+00:00,0.127,VALID,valid,,a9ff4a5e1dc0fea65b63e2b366814c1860f04110,a1d260b660c93e47a466deb9c00f26c880973356f7da4eda00cb8ec57cab044d,raw/E08-static_continuity_ttl30-20260916-20260906T142806675893Z
a001931,E08-static_continuity_ttl30-20260917-20260906T142806810708Z,E08,static_continuity_ttl30,20260917,default,sensitivity,2026-09-06T14:28:06.768582+00:00,2026-09-06T14:28:06.892683+00:00,0.124,VALID,valid,,a9ff4a5e1dc0fea65b63e2b366814c1860f04110,a1d260b660c93e47a466deb9c00f26c880973356f7da4eda00cb8ec57cab044d,raw/E08-static_continuity_ttl30-20260917-20260906T142806810708Z
a001932,E08-static_continuity_ttl30-20260918-20260906T142806946564Z,E08,static_continuity_ttl30,20260918,default,sensitivity,2026-09-06T14:28:06.904418+00:00,2026-09-06T14:28:07.017087+00:00,0.113,VALID,valid,,a9ff4a5e1dc0fea65b63e2b366814c1860f04110,a1d260b660c93e47a466deb9c00f26c880973356f7da4eda00cb8ec57cab044d,raw/E08-static_continuity_ttl30-20260918-20260906T142806946564Z
a001933,E08-static_continuity_ttl30-20260919-20260906T142807071450Z,E08,static_continuity_ttl30,20260919,default,sensitivity,2026-09-06T14:28:07.029397+00:00,2026-09-06T14:28:07.149399+00:00,0.12,VALID,valid,,a9ff4a5e1dc0fea65b63e2b366814c1860f04110,a1d260b660c93e47a466deb9c00f26c880973356f7da4eda00cb8ec57cab044d,raw/E08-static_continuity_ttl30-20260919-20260906T142807071450Z
a001934,E08-static_continuity_ttl30-20260920-20260906T142807205077Z,E08,static_continuity_ttl30,20260920,default,sensitivity,2026-09-06T14:28:07.162112+00:00,2026-09-06T14:28:07.283928+00:00,0.122,VALID,valid,,a9ff4a5e1dc0fea65b63e2b366814c1860f04110,a1d260b660c93e47a466deb9c00f26c880973356f7da4eda00cb8ec57cab044d,raw/E08-static_continuity_ttl30-20260920-20260906T142807205077Z
a001935,E08-static_continuity_ttl30-20260921-20260906T142807337423Z,E08,static_continuity_ttl30,20260921,default,sensitivity,2026-09-06T14:28:07.295619+00:00,2026-09-06T14:28:07.410253+00:00,0.115,VALID,valid,,a9ff4a5e1dc0fea65b63e2b366814c1860f04110,a1d260b660c93e47a466deb9c00f26c880973356f7da4eda00cb8ec57cab044d,raw/E08-static_continuity_ttl30-20260921-20260906T142807337423Z
a001936,E08-static_continuity_ttl30-20260922-20260906T142807463605Z,E08,static_continuity_ttl30,20260922,default,sensitivity,2026-09-06T14:28:07.421709+00:00,2026-09-06T14:28:07.547598+00:00,0.126,VALID,valid,,a9ff4a5e1dc0fea65b63e2b366814c1860f04110,a1d260b660c93e47a466deb9c00f26c880973356f7da4eda00cb8ec57cab044d,raw/E08-static_continuity_ttl30-20260922-20260906T142807463605Z
a001937,E08-static_continuity_ttl30-20260923-20260906T142807600335Z,E08,static_continuity_ttl30,20260923,default,sensitivity,2026-09-06T14:28:07.559247+00:00,2026-09-06T14:28:07.678397+00:00,0.119,VALID,valid,,a9ff4a5e1dc0fea65b63e2b366814c1860f04110,a1d260b660c93e47a466deb9c00f26c880973356f7da4eda00cb8ec57cab044d,raw/E08-static_continuity_ttl30-20260923-20260906T142807600335Z
a001938,E08-static_continuity_ttl30-20260924-20260906T142807731218Z,E08,static_continuity_ttl30,20260924,default,sensitivity,2026-09-06T14:28:07.690072+00:00,2026-09-06T14:28:07.798462+00:00,0.108,VALID,valid,,a9ff4a5e1dc0fea65b63e2b366814c1860f04110,a1d260b660c93e47a466deb9c00f26c880973356f7da4eda00cb8ec57cab044d,raw/E08-static_continuity_ttl30-20260924-20260906T142807731218Z
a001939,E08-static_continuity_ttl30-20260925-20260906T142807852495Z,E08,static_continuity_ttl30,20260925,default,sensitivity,2026-09-06T14:28:07.810106+00:00,2026-09-06T14:28:07.930493+00:00,0.12,VALID,valid,,a9ff4a5e1dc0fea65b63e2b366814c1860f04110,a1d260b660c93e47a466deb9c00f26c880973356f7da4eda00cb8ec57cab044d,raw/E08-static_continuity_ttl30-20260925-20260906T142807852495Z
a001940,E08-static_continuity_ttl30-20260926-20260906T142807984558Z,E08,static_continuity_ttl30,20260926,default,sensitivity,2026-09-06T14:28:07.942883+00:00,2026-09-06T14:28:08.061150+00:00,0.118,VALID,valid,,a9ff4a5e1dc0fea65b63e2b366814c1860f04110,a1d260b660c93e47a466deb9c00f26c880973356f7da4eda00cb8ec57cab044d,raw/E08-static_continuity_ttl30-20260926-20260906T142807984558Z
a001941,E08-static_continuity_ttl30-20260927-20260906T142808115467Z,E08,static_continuity_ttl30,20260927,default,sensitivity,2026-09-06T14:28:08.073730+00:00,2026-09-06T14:28:08.192128+00:00,0.118,VALID,valid,,a9ff4a5e1dc0fea65b63e2b366814c1860f04110,a1d260b660c93e47a466deb9c00f26c880973356f7da4eda00cb8ec57cab044d,raw/E08-static_continuity_ttl30-20260927-20260906T142808115467Z
a001942,E08-static_continuity_ttl30-20260928-20260906T142808245521Z,E08,static_continuity_ttl30,20260928,default,sensitivity,2026-09-06T14:28:08.203712+00:00,2026-09-06T14:28:08.314482+00:00,0.111,VALID,valid,,a9ff4a5e1dc0fea65b63e2b366814c1860f04110,a1d260b660c93e47a466deb9c00f26c880973356f7da4eda00cb8ec57cab044d,raw/E08-static_continuity_ttl30-20260928-20260906T142808245521Z
a001943,E08-static_continuity_ttl30-20260929-20260906T142808370876Z,E08,static_continuity_ttl30,20260929,default,sensitivity,2026-09-06T14:28:08.326900+00:00,2026-09-06T14:28:08.433031+00:00,0.106,VALID,valid,,a9ff4a5e1dc0fea65b63e2b366814c1860f04110,a1d260b660c93e47a466deb9c00f26c880973356f7da4eda00cb8ec57cab044d,raw/E08-static_continuity_ttl30-20260929-20260906T142808370876Z
a001944,E08-static_continuity_ttl30-20260930-20260906T142808488136Z,E08,static_continuity_ttl30,20260930,default,sensitivity,2026-09-06T14:28:08.444971+00:00,2026-09-06T14:28:08.563428+00:00,0.118,VALID,valid,,a9ff4a5e1dc0fea65b63e2b366814c1860f04110,a1d260b660c93e47a466deb9c00f26c880973356f7da4eda00cb8ec57cab044d,raw/E08-static_continuity_ttl30-20260930-20260906T142808488136Z
a001945,E08-static_continuity_ttl30-20260931-20260906T142808618645Z,E08,static_continuity_ttl30,20260931,default,sensitivity,2026-09-06T14:28:08.575733+00:00,2026-09-06T14:28:08.696548+00:00,0.121,VALID,valid,,a9ff4a5e1dc0fea65b63e2b366814c1860f04110,a1d260b660c93e47a466deb9c00f26c880973356f7da4eda00cb8ec57cab044d,raw/E08-static_continuity_ttl30-20260931-20260906T142808618645Z
a001946,E08-static_continuity_ttl30-20260932-20260906T142808750081Z,E08,static_continuity_ttl30,20260932,default,sensitivity,2026-09-06T14:28:08.708311+00:00,2026-09-06T14:28:08.828825+00:00,0.121,VALID,valid,,a9ff4a5e1dc0fea65b63e2b366814c1860f04110,a1d260b660c93e47a466deb9c00f26c880973356f7da4eda00cb8ec57cab044d,raw/E08-static_continuity_ttl30-20260932-20260906T142808750081Z
a001947,E08-static_continuity_ttl30-20260933-20260906T142808882669Z,E08,static_continuity_ttl30,20260933,default,sensitivity,2026-09-06T14:28:08.840677+00:00,2026-09-06T14:28:08.949276+00:00,0.109,VALID,valid,,a9ff4a5e1dc0fea65b63e2b366814c1860f04110,a1d260b660c93e47a466deb9c00f26c880973356f7da4eda00cb8ec57cab044d,raw/E08-static_continuity_ttl30-20260933-20260906T142808882669Z
a001948,E08-static_continuity_ttl30-20260934-20260906T142809003287Z,E08,static_continuity_ttl30,20260934,default,sensitivity,2026-09-06T14:28:08.961116+00:00,2026-09-06T14:28:09.083424+00:00,0.122,VALID,valid,,a9ff4a5e1dc0fea65b63e2b366814c1860f04110,a1d260b660c93e47a466deb9c00f26c880973356f7da4eda00cb8ec57cab044d,raw/E08-static_continuity_ttl30-20260934-20260906T142809003287Z
a001949,E08-static_continuity_ttl30-20260935-20260906T142809136976Z,E08,static_continuity_ttl30,20260935,default,sensitivity,2026-09-06T14:28:09.095256+00:00,2026-09-06T14:28:09.206318+00:00,0.111,VALID,valid,,a9ff4a5e1dc0fea65b63e2b366814c1860f04110,a1d260b660c93e47a466deb9c00f26c880973356f7da4eda00cb8ec57cab044d,raw/E08-static_continuity_ttl30-20260935-20260906T142809136976Z
a001950,E08-static_continuity_ttl30-20260936-20260906T142809260175Z,E08,static_continuity_ttl30,20260936,default,sensitivity,2026-09-06T14:28:09.218076+00:00,2026-09-06T14:28:09.339087+00:00,0.121,VALID,valid,,a9ff4a5e1dc0fea65b63e2b366814c1860f04110,a1d260b660c93e47a466deb9c00f26c880973356f7da4eda00cb8ec57cab044d,raw/E08-static_continuity_ttl30-20260936-20260906T142809260175Z
a001951,E08-static_continuity_ttl1800-20260907-20260906T142809392215Z,E08,static_continuity_ttl1800,20260907,default,sensitivity,2026-09-06T14:28:09.350722+00:00,2026-09-06T14:28:09.459935+00:00,0.109,VALID,valid,,a9ff4a5e1dc0fea65b63e2b366814c1860f04110,a1d260b660c93e47a466deb9c00f26c880973356f7da4eda00cb8ec57cab044d,raw/E08-static_continuity_ttl1800-20260907-20260906T142809392215Z
a001952,E08-static_continuity_ttl1800-20260908-20260906T142809515007Z,E08,static_continuity_ttl1800,20260908,default,sensitivity,2026-09-06T14:28:09.472388+00:00,2026-09-06T14:28:09.593221+00:00,0.121,VALID,valid,,a9ff4a5e1dc0fea65b63e2b366814c1860f04110,a1d260b660c93e47a466deb9c00f26c880973356f7da4eda00cb8ec57cab044d,raw/E08-static_continuity_ttl1800-20260908-20260906T142809515007Z
a001953,E08-static_continuity_ttl1800-20260909-20260906T142809646891Z,E08,static_continuity_ttl1800,20260909,default,sensitivity,2026-09-06T14:28:09.604855+00:00,2026-09-06T14:28:09.724592+00:00,0.12,VALID,valid,,a9ff4a5e1dc0fea65b63e2b366814c1860f04110,a1d260b660c93e47a466deb9c00f26c880973356f7da4eda00cb8ec57cab044d,raw/E08-static_continuity_ttl1800-20260909-20260906T142809646891Z
a001954,E08-static_continuity_ttl1800-20260910-20260906T142809777811Z,E08,static_continuity_ttl1800,20260910,default,sensitivity,2026-09-06T14:28:09.736311+00:00,2026-09-06T14:28:09.854722+00:00,0.118,VALID,valid,,a9ff4a5e1dc0fea65b63e2b366814c1860f04110,a1d260b660c93e47a466deb9c00f26c880973356f7da4eda00cb8ec57cab044d,raw/E08-static_continuity_ttl1800-20260910-20260906T142809777811Z
a001955,E08-static_continuity_ttl1800-20260911-20260906T142809909260Z,E08,static_continuity_ttl1800,20260911,default,sensitivity,2026-09-06T14:28:09.866454+00:00,2026-09-06T14:28:15.875180+00:00,0.122,VALID,valid,,a9ff4a5e1dc0fea65b63e2b366814c1860f04110,a1d260b660c93e47a466deb9c00f26c880973356f7da4eda00cb8ec57cab044d,raw/E08-static_continuity_ttl1800-20260911-20260906T142809909260Z
a001956,E08-static_continuity_ttl1800-20260912-20260906T142815929113Z,E08,static_continuity_ttl1800,20260912,default,sensitivity,2026-09-06T14:28:15.886885+00:00,2026-09-06T14:28:16.002914+00:00,0.116,VALID,valid,,a9ff4a5e1dc0fea65b63e2b366814c1860f04110,a1d260b660c93e47a466deb9c00f26c880973356f7da4eda00cb8ec57cab044d,raw/E08-static_continuity_ttl1800-20260912-20260906T142815929113Z
a001957,E08-static_continuity_ttl1800-20260913-20260906T142816056388Z,E08,static_continuity_ttl1800,20260913,default,sensitivity,2026-09-06T14:28:16.014584+00:00,2026-09-06T14:28:16.121915+00:00,0.107,VALID,valid,,a9ff4a5e1dc0fea65b63e2b366814c1860f04110,a1d260b660c93e47a466deb9c00f26c880973356f7da4eda00cb8ec57cab044d,raw/E08-static_continuity_ttl1800-20260913-20260906T142816056388Z
a001958,E08-static_continuity_ttl1800-20260914-20260906T142816176522Z,E08,static_continuity_ttl1800,20260914,default,sensitivity,2026-09-06T14:28:16.133651+00:00,2026-09-06T14:28:16.263230+00:00,0.13,VALID,valid,,a9ff4a5e1dc0fea65b63e2b366814c1860f04110,a1d260b660c93e47a466deb9c00f26c880973356f7da4eda00cb8ec57cab044d,raw/E08-static_continuity_ttl1800-20260914-20260906T142816176522Z
a001959,E08-static_continuity_ttl1800-20260915-20260906T142816318304Z,E08,static_continuity_ttl1800,20260915,default,sensitivity,2026-09-06T14:28:16.275572+00:00,2026-09-06T14:28:16.384956+00:00,0.109,VALID,valid,,a9ff4a5e1dc0fea65b63e2b366814c1860f04110,a1d260b660c93e47a466deb9c00f26c880973356f7da4eda00cb8ec57cab044d,raw/E08-static_continuity_ttl1800-20260915-20260906T142816318304Z
a001960,E08-static_continuity_ttl1800-20260916-20260906T142816440464Z,E08,static_continuity_ttl1800,20260916,default,sensitivity,2026-09-06T14:28:16.397499+00:00,2026-09-06T14:28:16.521052+00:00,0.124,VALID,valid,,a9ff4a5e1dc0fea65b63e2b366814c1860f04110,a1d260b660c93e47a466deb9c00f26c880973356f7da4eda00cb8ec57cab044d,raw/E08-static_continuity_ttl1800-20260916-20260906T142816440464Z
a001961,E08-static_continuity_ttl1800-20260917-20260906T142816576883Z,E08,static_continuity_ttl1800,20260917,default,sensitivity,2026-09-06T14:28:16.533422+00:00,2026-09-06T14:28:16.655616+00:00,0.122,VALID,valid,,a9ff4a5e1dc0fea65b63e2b366814c1860f04110,a1d260b660c93e47a466deb9c00f26c880973356f7da4eda00cb8ec57cab044d,raw/E08-static_continuity_ttl1800-20260917-20260906T142816576883Z
a001962,E08-static_continuity_ttl1800-20260918-20260906T142816711149Z,E08,static_continuity_ttl1800,20260918,default,sensitivity,2026-09-06T14:28:16.667625+00:00,2026-09-06T14:28:16.780820+00:00,0.113,VALID,valid,,a9ff4a5e1dc0fea65b63e2b366814c1860f04110,a1d260b660c93e47a466deb9c00f26c880973356f7da4eda00cb8ec57cab044d,raw/E08-static_continuity_ttl1800-20260918-20260906T142816711149Z
a001963,E08-static_continuity_ttl1800-20260919-20260906T142816835134Z,E08,static_continuity_ttl1800,20260919,default,sensitivity,2026-09-06T14:28:16.792728+00:00,2026-09-06T14:28:16.918698+00:00,0.126,VALID,valid,,a9ff4a5e1dc0fea65b63e2b366814c1860f04110,a1d260b660c93e47a466deb9c00f26c880973356f7da4eda00cb8ec57cab044d,raw/E08-static_continuity_ttl1800-20260919-20260906T142816835134Z
a001964,E08-static_continuity_ttl1800-20260920-20260906T142816979936Z,E08,static_continuity_ttl1800,20260920,default,sensitivity,2026-09-06T14:28:16.932178+00:00,2026-09-06T14:28:17.048175+00:00,0.116,VALID,valid,,a9ff4a5e1dc0fea65b63e2b366814c1860f04110,a1d260b660c93e47a466deb9c00f26c880973356f7da4eda00cb8ec57cab044d,raw/E08-static_continuity_ttl1800-20260920-20260906T142816979936Z
a001965,E08-static_continuity_ttl1800-20260921-20260906T142817102085Z,E08,static_continuity_ttl1800,20260921,default,sensitivity,2026-09-06T14:28:17.059999+00:00,2026-09-06T14:28:17.175628+00:00,0.116,VALID,valid,,a9ff4a5e1dc0fea65b63e2b366814c1860f04110,a1d260b660c93e47a466deb9c00f26c880973356f7da4eda00cb8ec57cab044d,raw/E08-static_continuity_ttl1800-20260921-20260906T142817102085Z
a001966,E08-static_continuity_ttl1800-20260922-20260906T142817229588Z,E08,static_continuity_ttl1800,20260922,default,sensitivity,2026-09-06T14:28:17.187567+00:00,2026-09-06T14:28:17.310505+00:00,0.123,VALID,valid,,a9ff4a5e1dc0fea65b63e2b366814c1860f04110,a1d260b660c93e47a466deb9c00f26c880973356f7da4eda00cb8ec57cab044d,raw/E08-static_continuity_ttl1800-20260922-20260906T142817229588Z
a001967,E08-static_continuity_ttl1800-20260923-20260906T142817363599Z,E08,static_continuity_ttl1800,20260923,default,sensitivity,2026-09-06T14:28:17.322033+00:00,2026-09-06T14:28:17.447840+00:00,0.126,VALID,valid,,a9ff4a5e1dc0fea65b63e2b366814c1860f04110,a1d260b660c93e47a466deb9c00f26c880973356f7da4eda00cb8ec57cab044d,raw/E08-static_continuity_ttl1800-20260923-20260906T142817363599Z
a001968,E08-static_continuity_ttl1800-20260924-20260906T142817502768Z,E08,static_continuity_ttl1800,20260924,default,sensitivity,2026-09-06T14:28:17.459762+00:00,2026-09-06T14:28:17.586635+00:00,0.127,VALID,valid,,a9ff4a5e1dc0fea65b63e2b366814c1860f04110,a1d260b660c93e47a466deb9c00f26c880973356f7da4eda00cb8ec57cab044d,raw/E08-static_continuity_ttl1800-20260924-20260906T142817502768Z
a001969,E08-static_continuity_ttl1800-20260925-20260906T142817642373Z,E08,static_continuity_ttl1800,20260925,default,sensitivity,2026-09-06T14:28:17.599703+00:00,2026-09-06T14:28:17.722492+00:00,0.123,VALID,valid,,a9ff4a5e1dc0fea65b63e2b366814c1860f04110,a1d260b660c93e47a466deb9c00f26c880973356f7da4eda00cb8ec57cab044d,raw/E08-static_continuity_ttl1800-20260925-20260906T142817642373Z
a001970,E08-static_continuity_ttl1800-20260926-20260906T142817775739Z,E08,static_continuity_ttl1800,20260926,default,sensitivity,2026-09-06T14:28:17.733945+00:00,2026-09-06T14:28:17.853552+00:00,0.12,VALID,valid,,a9ff4a5e1dc0fea65b63e2b366814c1860f04110,a1d260b660c93e47a466deb9c00f26c880973356f7da4eda00cb8ec57cab044d,raw/E08-static_continuity_ttl1800-20260926-20260906T142817775739Z
a001971,E08-static_continuity_ttl1800-20260927-20260906T142817907176Z,E08,static_continuity_ttl1800,20260927,default,sensitivity,2026-09-06T14:28:17.865253+00:00,2026-09-06T14:28:17.974413+00:00,0.109,VALID,valid,,a9ff4a5e1dc0fea65b63e2b366814c1860f04110,a1d260b660c93e47a466deb9c00f26c880973356f7da4eda00cb8ec57cab044d,raw/E08-static_continuity_ttl1800-20260927-20260906T142817907176Z
a001972,E08-static_continuity_ttl1800-20260928-20260906T142818029543Z,E08,static_continuity_ttl1800,20260928,default,sensitivity,2026-09-06T14:28:17.986761+00:00,2026-09-06T14:28:18.108603+00:00,0.122,VALID,valid,,a9ff4a5e1dc0fea65b63e2b366814c1860f04110,a1d260b660c93e47a466deb9c00f26c880973356f7da4eda00cb8ec57cab044d,raw/E08-static_continuity_ttl1800-20260928-20260906T142818029543Z
a001973,E08-static_continuity_ttl1800-20260929-20260906T142818162179Z,E08,static_continuity_ttl1800,20260929,default,sensitivity,2026-09-06T14:28:18.119930+00:00,2026-09-06T14:28:18.243429+00:00,0.123,VALID,valid,,a9ff4a5e1dc0fea65b63e2b366814c1860f04110,a1d260b660c93e47a466deb9c00f26c880973356f7da4eda00cb8ec57cab044d,raw/E08-static_continuity_ttl1800-20260929-20260906T142818162179Z
a001974,E08-static_continuity_ttl1800-20260930-20260906T142818296566Z,E08,static_continuity_ttl1800,20260930,default,sensitivity,2026-09-06T14:28:18.255001+00:00,2026-09-06T14:28:18.376594+00:00,0.122,VALID,valid,,a9ff4a5e1dc0fea65b63e2b366814c1860f04110,a1d260b660c93e47a466deb9c00f26c880973356f7da4eda00cb8ec57cab044d,raw/E08-static_continuity_ttl1800-20260930-20260906T142818296566Z
a001975,E08-static_continuity_ttl1800-20260931-20260906T142818431609Z,E08,static_continuity_ttl1800,20260931,default,sensitivity,2026-09-06T14:28:18.389086+00:00,2026-09-06T14:28:18.513086+00:00,0.124,VALID,valid,,a9ff4a5e1dc0fea65b63e2b366814c1860f04110,a1d260b660c93e47a466deb9c00f26c880973356f7da4eda00cb8ec57cab044d,raw/E08-static_continuity_ttl1800-20260931-20260906T142818431609Z
a001976,E08-static_continuity_ttl1800-20260932-20260906T142818569251Z,E08,static_continuity_ttl1800,20260932,default,sensitivity,2026-09-06T14:28:18.525260+00:00,2026-09-06T14:28:18.655374+00:00,0.13,VALID,valid,,a9ff4a5e1dc0fea65b63e2b366814c1860f04110,a1d260b660c93e47a466deb9c00f26c880973356f7da4eda00cb8ec57cab044d,raw/E08-static_continuity_ttl1800-20260932-20260906T142818569251Z
a001977,E08-static_continuity_ttl1800-20260933-20260906T142818710130Z,E08,static_continuity_ttl1800,20260933,default,sensitivity,2026-09-06T14:28:18.667296+00:00,2026-09-06T14:28:18.789484+00:00,0.122,VALID,valid,,a9ff4a5e1dc0fea65b63e2b366814c1860f04110,a1d260b660c93e47a466deb9c00f26c880973356f7da4eda00cb8ec57cab044d,raw/E08-static_continuity_ttl1800-20260933-20260906T142818710130Z
a001978,E08-static_continuity_ttl1800-20260934-20260906T142818842493Z,E08,static_continuity_ttl1800,20260934,default,sensitivity,2026-09-06T14:28:18.801053+00:00,2026-09-06T14:28:18.918978+00:00,0.118,VALID,valid,,a9ff4a5e1dc0fea65b63e2b366814c1860f04110,a1d260b660c93e47a466deb9c00f26c880973356f7da4eda00cb8ec57cab044d,raw/E08-static_continuity_ttl1800-20260934-20260906T142818842493Z
a001979,E08-static_continuity_ttl1800-20260935-20260906T142818973628Z,E08,static_continuity_ttl1800,20260935,default,sensitivity,2026-09-06T14:28:18.931767+00:00,2026-09-06T14:28:19.055619+00:00,0.124,VALID,valid,,a9ff4a5e1dc0fea65b63e2b366814c1860f04110,a1d260b660c93e47a466deb9c00f26c880973356f7da4eda00cb8ec57cab044d,raw/E08-static_continuity_ttl1800-20260935-20260906T142818973628Z
a001980,E08-static_continuity_ttl1800-20260936-20260906T142819110626Z,E08,static_continuity_ttl1800,20260936,default,sensitivity,2026-09-06T14:28:19.068231+00:00,2026-09-06T14:28:19.182891+00:00,0.115,VALID,valid,,a9ff4a5e1dc0fea65b63e2b366814c1860f04110,a1d260b660c93e47a466deb9c00f26c880973356f7da4eda00cb8ec57cab044d,raw/E08-static_continuity_ttl1800-20260936-20260906T142819110626Z
a001981,E09-static_continuity_ttl30-20260907-20260906T142819236776Z,E09,static_continuity_ttl30,20260907,default,sensitivity,2026-09-06T14:28:19.194638+00:00,2026-09-06T14:28:19.307957+00:00,0.113,VALID,valid,,a9ff4a5e1dc0fea65b63e2b366814c1860f04110,a1d260b660c93e47a466deb9c00f26c880973356f7da4eda00cb8ec57cab044d,raw/E09-static_continuity_ttl30-20260907-20260906T142819236776Z
a001982,E09-static_continuity_ttl30-20260908-20260906T142819362715Z,E09,static_continuity_ttl30,20260908,default,sensitivity,2026-09-06T14:28:19.319905+00:00,2026-09-06T14:28:19.446278+00:00,0.126,VALID,valid,,a9ff4a5e1dc0fea65b63e2b366814c1860f04110,a1d260b660c93e47a466deb9c00f26c880973356f7da4eda00cb8ec57cab044d,raw/E09-static_continuity_ttl30-20260908-20260906T142819362715Z
a001983,E09-static_continuity_ttl30-20260909-20260906T142819500879Z,E09,static_continuity_ttl30,20260909,default,sensitivity,2026-09-06T14:28:19.458741+00:00,2026-09-06T14:28:19.581425+00:00,0.123,VALID,valid,,a9ff4a5e1dc0fea65b63e2b366814c1860f04110,a1d260b660c93e47a466deb9c00f26c880973356f7da4eda00cb8ec57cab044d,raw/E09-static_continuity_ttl30-20260909-20260906T142819500879Z
a001984,E09-static_continuity_ttl30-20260910-20260906T142819635362Z,E09,static_continuity_ttl30,20260910,default,sensitivity,2026-09-06T14:28:19.593461+00:00,2026-09-06T14:28:19.735988+00:00,0.143,VALID,valid,,a9ff4a5e1dc0fea65b63e2b366814c1860f04110,a1d260b660c93e47a466deb9c00f26c880973356f7da4eda00cb8ec57cab044d,raw/E09-static_continuity_ttl30-20260910-20260906T142819635362Z
a001985,E09-static_continuity_ttl30-20260911-20260906T142819791451Z,E09,static_continuity_ttl30,20260911,default,sensitivity,2026-09-06T14:28:19.748379+00:00,2026-09-06T14:28:19.873234+00:00,0.125,VALID,valid,,a9ff4a5e1dc0fea65b63e2b366814c1860f04110,a1d260b660c93e47a466deb9c00f26c880973356f7da4eda00cb8ec57cab044d,raw/E09-static_continuity_ttl30-20260911-20260906T142819791451Z
a001986,E09-static_continuity_ttl30-20260912-20260906T142819928195Z,E09,static_continuity_ttl30,20260912,default,sensitivity,2026-09-06T14:28:19.885726+00:00,2026-09-06T14:28:20.006075+00:00,0.12,VALID,valid,,a9ff4a5e1dc0fea65b63e2b366814c1860f04110,a1d260b660c93e47a466deb9c00f26c880973356f7da4eda00cb8ec57cab044d,raw/E09-static_continuity_ttl30-20260912-20260906T142819928195Z
a001987,E09-static_continuity_ttl30-20260913-20260906T142820060721Z,E09,static_continuity_ttl30,20260913,default,sensitivity,2026-09-06T14:28:20.019101+00:00,2026-09-06T14:28:20.131881+00:00,0.113,VALID,valid,,a9ff4a5e1dc0fea65b63e2b366814c1860f04110,a1d260b660c93e47a466deb9c00f26c880973356f7da4eda00cb8ec57cab044d,raw/E09-static_continuity_ttl30-20260913-20260906T142820060721Z
a001988,E09-static_continuity_ttl30-20260914-20260906T142820186069Z,E09,static_continuity_ttl30,20260914,default,sensitivity,2026-09-06T14:28:20.143516+00:00,2026-09-06T14:28:20.266350+00:00,0.123,VALID,valid,,a9ff4a5e1dc0fea65b63e2b366814c1860f04110,a1d260b660c93e47a466deb9c00f26c880973356f7da4eda00cb8ec57cab044d,raw/E09-static_continuity_ttl30-20260914-20260906T142820186069Z
a001989,E09-static_continuity_ttl30-20260915-20260906T142820319553Z,E09,static_continuity_ttl30,20260915,default,sensitivity,2026-09-06T14:28:20.277777+00:00,2026-09-06T14:28:20.400103+00:00,0.122,VALID,valid,,a9ff4a5e1dc0fea65b63e2b366814c1860f04110,a1d260b660c93e47a466deb9c00f26c880973356f7da4eda00cb8ec57cab044d,raw/E09-static_continuity_ttl30-20260915-20260906T142820319553Z
a001990,E09-static_continuity_ttl30-20260916-20260906T142820455827Z,E09,static_continuity_ttl30,20260916,default,sensitivity,2026-09-06T14:28:20.413219+00:00,2026-09-06T14:28:20.533894+00:00,0.121,VALID,valid,,a9ff4a5e1dc0fea65b63e2b366814c1860f04110,a1d260b660c93e47a466deb9c00f26c880973356f7da4eda00cb8ec57cab044d,raw/E09-static_continuity_ttl30-20260916-20260906T142820455827Z
a001991,E09-static_continuity_ttl30-20260917-20260906T142820588439Z,E09,static_continuity_ttl30,20260917,default,sensitivity,2026-09-06T14:28:20.546407+00:00,2026-09-06T14:28:20.660185+00:00,0.114,VALID,valid,,a9ff4a5e1dc0fea65b63e2b366814c1860f04110,a1d260b660c93e47a466deb9c00f26c880973356f7da4eda00cb8ec57cab044d,raw/E09-static_continuity_ttl30-20260917-20260906T142820588439Z
a001992,E09-static_continuity_ttl30-20260918-20260906T142820714138Z,E09,static_continuity_ttl30,20260918,default,sensitivity,2026-09-06T14:28:20.672444+00:00,2026-09-06T14:28:20.791365+00:00,0.119,VALID,valid,,a9ff4a5e1dc0fea65b63e2b366814c1860f04110,a1d260b660c93e47a466deb9c00f26c880973356f7da4eda00cb8ec57cab044d,raw/E09-static_continuity_ttl30-20260918-20260906T142820714138Z
a001993,E09-static_continuity_ttl30-20260919-20260906T142820845021Z,E09,static_continuity_ttl30,20260919,default,sensitivity,2026-09-06T14:28:20.803418+00:00,2026-09-06T14:28:20.922564+00:00,0.119,VALID,valid,,a9ff4a5e1dc0fea65b63e2b366814c1860f04110,a1d260b660c93e47a466deb9c00f26c880973356f7da4eda00cb8ec57cab044d,raw/E09-static_continuity_ttl30-20260919-20260906T142820845021Z
a001994,E09-static_continuity_ttl30-20260920-20260906T142820976800Z,E09,static_continuity_ttl30,20260920,default,sensitivity,2026-09-06T14:28:20.934529+00:00,2026-09-06T14:28:21.054308+00:00,0.12,VALID,valid,,a9ff4a5e1dc0fea65b63e2b366814c1860f04110,a1d260b660c93e47a466deb9c00f26c880973356f7da4eda00cb8ec57cab044d,raw/E09-static_continuity_ttl30-20260920-20260906T142820976800Z
a001995,E09-static_continuity_ttl30-20260921-20260906T142821107949Z,E09,static_continuity_ttl30,20260921,default,sensitivity,2026-09-06T14:28:21.066535+00:00,2026-09-06T14:28:21.194208+00:00,0.128,VALID,valid,,a9ff4a5e1dc0fea65b63e2b366814c1860f04110,a1d260b660c93e47a466deb9c00f26c880973356f7da4eda00cb8ec57cab044d,raw/E09-static_continuity_ttl30-20260921-20260906T142821107949Z
a001996,E09-static_continuity_ttl30-20260922-20260906T142821248981Z,E09,static_continuity_ttl30,20260922,default,sensitivity,2026-09-06T14:28:21.206924+00:00,2026-09-06T14:28:21.323625+00:00,0.117,VALID,valid,,a9ff4a5e1dc0fea65b63e2b366814c1860f04110,a1d260b660c93e47a466deb9c00f26c880973356f7da4eda00cb8ec57cab044d,raw/E09-static_continuity_ttl30-20260922-20260906T142821248981Z
a001997,E09-static_continuity_ttl30-20260923-20260906T142821377455Z,E09,static_continuity_ttl30,20260923,default,sensitivity,2026-09-06T14:28:21.335421+00:00,2026-09-06T14:28:21.459979+00:00,0.125,VALID,valid,,a9ff4a5e1dc0fea65b63e2b366814c1860f04110,a1d260b660c93e47a466deb9c00f26c880973356f7da4eda00cb8ec57cab044d,raw/E09-static_continuity_ttl30-20260923-20260906T142821377455Z
a001998,E09-static_continuity_ttl30-20260924-20260906T142821512987Z,E09,static_continuity_ttl30,20260924,default,sensitivity,2026-09-06T14:28:21.471629+00:00,2026-09-06T14:28:21.587972+00:00,0.116,VALID,valid,,a9ff4a5e1dc0fea65b63e2b366814c1860f04110,a1d260b660c93e47a466deb9c00f26c880973356f7da4eda00cb8ec57cab044d,raw/E09-static_continuity_ttl30-20260924-20260906T142821512987Z
a001999,E09-static_continuity_ttl30-20260925-20260906T142821642218Z,E09,static_continuity_ttl30,20260925,default,sensitivity,2026-09-06T14:28:21.600846+00:00,2026-09-06T14:28:21.713376+00:00,0.113,VALID,valid,,a9ff4a5e1dc0fea65b63e2b366814c1860f04110,a1d260b660c93e47a466deb9c00f26c880973356f7da4eda00cb8ec57cab044d,raw/E09-static_continuity_ttl30-20260925-20260906T142821642218Z
a002000,E09-static_continuity_ttl30-20260926-20260906T142821769023Z,E09,static_continuity_ttl30,20260926,default,sensitivity,2026-09-06T14:28:21.725056+00:00,2026-09-06T14:28:21.850271+00:00,0.125,VALID,valid,,a9ff4a5e1dc0fea65b63e2b366814c1860f04110,a1d260b660c93e47a466deb9c00f26c880973356f7da4eda00cb8ec57cab044d,raw/E09-static_continuity_ttl30-20260926-20260906T142821769023Z
a002001,E09-static_continuity_ttl30-20260927-20260906T142821903289Z,E09,static_continuity_ttl30,20260927,default,sensitivity,2026-09-06T14:28:21.861579+00:00,2026-09-06T14:28:21.980237+00:00,0.119,VALID,valid,,a9ff4a5e1dc0fea65b63e2b366814c1860f04110,a1d260b660c93e47a466deb9c00f26c880973356f7da4eda00cb8ec57cab044d,raw/E09-static_continuity_ttl30-20260927-20260906T142821903289Z
a002002,E09-static_continuity_ttl30-20260928-20260906T142822036240Z,E09,static_continuity_ttl30,20260928,default,sensitivity,2026-09-06T14:28:21.992570+00:00,2026-09-06T14:28:22.102107+00:00,0.11,VALID,valid,,a9ff4a5e1dc0fea65b63e2b366814c1860f04110,a1d260b660c93e47a466deb9c00f26c880973356f7da4eda00cb8ec57cab044d,raw/E09-static_continuity_ttl30-20260928-20260906T142822036240Z
a002003,E09-static_continuity_ttl30-20260929-20260906T142822157280Z,E09,static_continuity_ttl30,20260929,default,sensitivity,2026-09-06T14:28:22.114772+00:00,2026-09-06T14:28:22.231489+00:00,0.117,VALID,valid,,a9ff4a5e1dc0fea65b63e2b366814c1860f04110,a1d260b660c93e47a466deb9c00f26c880973356f7da4eda00cb8ec57cab044d,raw/E09-static_continuity_ttl30-20260929-20260906T142822157280Z
a002004,E09-static_continuity_ttl30-20260930-20260906T142822285608Z,E09,static_continuity_ttl30,20260930,default,sensitivity,2026-09-06T14:28:22.243982+00:00,2026-09-06T14:28:22.363953+00:00,0.12,VALID,valid,,a9ff4a5e1dc0fea65b63e2b366814c1860f04110,a1d260b660c93e47a466deb9c00f26c880973356f7da4eda00cb8ec57cab044d,raw/E09-static_continuity_ttl30-20260930-20260906T142822285608Z
a002005,E09-static_continuity_ttl30-20260931-20260906T142822419043Z,E09,static_continuity_ttl30,20260931,default,sensitivity,2026-09-06T14:28:22.376661+00:00,2026-09-06T14:28:22.485041+00:00,0.108,VALID,valid,,a9ff4a5e1dc0fea65b63e2b366814c1860f04110,a1d260b660c93e47a466deb9c00f26c880973356f7da4eda00cb8ec57cab044d,raw/E09-static_continuity_ttl30-20260931-20260906T142822419043Z
a002006,E09-static_continuity_ttl30-20260932-20260906T142822539323Z,E09,static_continuity_ttl30,20260932,default,sensitivity,2026-09-06T14:28:22.497554+00:00,2026-09-06T14:28:22.603322+00:00,0.106,VALID,valid,,a9ff4a5e1dc0fea65b63e2b366814c1860f04110,a1d260b660c93e47a466deb9c00f26c880973356f7da4eda00cb8ec57cab044d,raw/E09-static_continuity_ttl30-20260932-20260906T142822539323Z
a002007,E09-static_continuity_ttl30-20260933-20260906T142822657144Z,E09,static_continuity_ttl30,20260933,default,sensitivity,2026-09-06T14:28:22.614921+00:00,2026-09-06T14:28:22.731904+00:00,0.117,VALID,valid,,a9ff4a5e1dc0fea65b63e2b366814c1860f04110,a1d260b660c93e47a466deb9c00f26c880973356f7da4eda00cb8ec57cab044d,raw/E09-static_continuity_ttl30-20260933-20260906T142822657144Z
a002008,E09-static_continuity_ttl30-20260934-20260906T142822785450Z,E09,static_continuity_ttl30,20260934,default,sensitivity,2026-09-06T14:28:22.743476+00:00,2026-09-06T14:28:22.872477+00:00,0.129,VALID,valid,,a9ff4a5e1dc0fea65b63e2b366814c1860f04110,a1d260b660c93e47a466deb9c00f26c880973356f7da4eda00cb8ec57cab044d,raw/E09-static_continuity_ttl30-20260934-20260906T142822785450Z
a002009,E09-static_continuity_ttl30-20260935-20260906T142822927695Z,E09,static_continuity_ttl30,20260935,default,sensitivity,2026-09-06T14:28:22.885288+00:00,2026-09-06T14:28:22.997327+00:00,0.112,VALID,valid,,a9ff4a5e1dc0fea65b63e2b366814c1860f04110,a1d260b660c93e47a466deb9c00f26c880973356f7da4eda00cb8ec57cab044d,raw/E09-static_continuity_ttl30-20260935-20260906T142822927695Z
a002010,E09-static_continuity_ttl30-20260936-20260906T142823051659Z,E09,static_continuity_ttl30,20260936,default,sensitivity,2026-09-06T14:28:23.009711+00:00,2026-09-06T14:28:23.116460+00:00,0.107,VALID,valid,,a9ff4a5e1dc0fea65b63e2b366814c1860f04110,a1d260b660c93e47a466deb9c00f26c880973356f7da4eda00cb8ec57cab044d,raw/E09-static_continuity_ttl30-20260936-20260906T142823051659Z
a002011,E09-static_continuity_ttl1800-20260907-20260906T142823170519Z,E09,static_continuity_ttl1800,20260907,default,sensitivity,2026-09-06T14:28:23.128654+00:00,2026-09-06T14:28:23.245195+00:00,0.117,VALID,valid,,a9ff4a5e1dc0fea65b63e2b366814c1860f04110,a1d260b660c93e47a466deb9c00f26c880973356f7da4eda00cb8ec57cab044d,raw/E09-static_continuity_ttl1800-20260907-20260906T142823170519Z
a002012,E09-static_continuity_ttl1800-20260908-20260906T142823299339Z,E09,static_continuity_ttl1800,20260908,default,sensitivity,2026-09-06T14:28:23.257473+00:00,2026-09-06T14:28:23.376065+00:00,0.119,VALID,valid,,a9ff4a5e1dc0fea65b63e2b366814c1860f04110,a1d260b660c93e47a466deb9c00f26c880973356f7da4eda00cb8ec57cab044d,raw/E09-static_continuity_ttl1800-20260908-20260906T142823299339Z
a002013,E09-static_continuity_ttl1800-20260909-20260906T142823431454Z,E09,static_continuity_ttl1800,20260909,default,sensitivity,2026-09-06T14:28:23.388971+00:00,2026-09-06T14:28:23.511444+00:00,0.122,VALID,valid,,a9ff4a5e1dc0fea65b63e2b366814c1860f04110,a1d260b660c93e47a466deb9c00f26c880973356f7da4eda00cb8ec57cab044d,raw/E09-static_continuity_ttl1800-20260909-20260906T142823431454Z
a002014,E09-static_continuity_ttl1800-20260910-20260906T142823564869Z,E09,static_continuity_ttl1800,20260910,default,sensitivity,2026-09-06T14:28:23.523171+00:00,2026-09-06T14:28:23.627551+00:00,0.104,VALID,valid,,a9ff4a5e1dc0fea65b63e2b366814c1860f04110,a1d260b660c93e47a466deb9c00f26c880973356f7da4eda00cb8ec57cab044d,raw/E09-static_continuity_ttl1800-20260910-20260906T142823564869Z
a002015,E09-static_continuity_ttl1800-20260911-20260906T142823682120Z,E09,static_continuity_ttl1800,20260911,default,sensitivity,2026-09-06T14:28:23.640163+00:00,2026-09-06T14:28:23.760511+00:00,0.12,VALID,valid,,a9ff4a5e1dc0fea65b63e2b366814c1860f04110,a1d260b660c93e47a466deb9c00f26c880973356f7da4eda00cb8ec57cab044d,raw/E09-static_continuity_ttl1800-20260911-20260906T142823682120Z
a002016,E09-static_continuity_ttl1800-20260912-20260906T142823814590Z,E09,static_continuity_ttl1800,20260912,default,sensitivity,2026-09-06T14:28:23.773151+00:00,2026-09-06T14:28:23.893370+00:00,0.12,VALID,valid,,a9ff4a5e1dc0fea65b63e2b366814c1860f04110,a1d260b660c93e47a466deb9c00f26c880973356f7da4eda00cb8ec57cab044d,raw/E09-static_continuity_ttl1800-20260912-20260906T142823814590Z
a002017,E09-static_continuity_ttl1800-20260913-20260906T142823947424Z,E09,static_continuity_ttl1800,20260913,default,sensitivity,2026-09-06T14:28:23.905592+00:00,2026-09-06T14:28:24.023906+00:00,0.118,VALID,valid,,a9ff4a5e1dc0fea65b63e2b366814c1860f04110,a1d260b660c93e47a466deb9c00f26c880973356f7da4eda00cb8ec57cab044d,raw/E09-static_continuity_ttl1800-20260913-20260906T142823947424Z
a002018,E09-static_continuity_ttl1800-20260914-20260906T142824078129Z,E09,static_continuity_ttl1800,20260914,default,sensitivity,2026-09-06T14:28:24.036486+00:00,2026-09-06T14:28:24.155384+00:00,0.119,VALID,valid,,a9ff4a5e1dc0fea65b63e2b366814c1860f04110,a1d260b660c93e47a466deb9c00f26c880973356f7da4eda00cb8ec57cab044d,raw/E09-static_continuity_ttl1800-20260914-20260906T142824078129Z
a002019,E09-static_continuity_ttl1800-20260915-20260906T142824209986Z,E09,static_continuity_ttl1800,20260915,default,sensitivity,2026-09-06T14:28:24.168167+00:00,2026-09-06T14:28:18.390244+00:00,0.119,VALID,valid,,a9ff4a5e1dc0fea65b63e2b366814c1860f04110,a1d260b660c93e47a466deb9c00f26c880973356f7da4eda00cb8ec57cab044d,raw/E09-static_continuity_ttl1800-20260915-20260906T142824209986Z
a002020,E09-static_continuity_ttl1800-20260916-20260906T142818444620Z,E09,static_continuity_ttl1800,20260916,default,sensitivity,2026-09-06T14:28:18.402545+00:00,2026-09-06T14:28:18.529934+00:00,0.127,VALID,valid,,a9ff4a5e1dc0fea65b63e2b366814c1860f04110,a1d260b660c93e47a466deb9c00f26c880973356f7da4eda00cb8ec57cab044d,raw/E09-static_continuity_ttl1800-20260916-20260906T142818444620Z
a002021,E09-static_continuity_ttl1800-20260917-20260906T142818584472Z,E09,static_continuity_ttl1800,20260917,default,sensitivity,2026-09-06T14:28:18.542557+00:00,2026-09-06T14:28:18.660985+00:00,0.118,VALID,valid,,a9ff4a5e1dc0fea65b63e2b366814c1860f04110,a1d260b660c93e47a466deb9c00f26c880973356f7da4eda00cb8ec57cab044d,raw/E09-static_continuity_ttl1800-20260917-20260906T142818584472Z
a002022,E09-static_continuity_ttl1800-20260918-20260906T142818714320Z,E09,static_continuity_ttl1800,20260918,default,sensitivity,2026-09-06T14:28:18.672671+00:00,2026-09-06T14:28:18.795554+00:00,0.123,VALID,valid,,a9ff4a5e1dc0fea65b63e2b366814c1860f04110,a1d260b660c93e47a466deb9c00f26c880973356f7da4eda00cb8ec57cab044d,raw/E09-static_continuity_ttl1800-20260918-20260906T142818714320Z
a002023,E09-static_continuity_ttl1800-20260919-20260906T142818849699Z,E09,static_continuity_ttl1800,20260919,default,sensitivity,2026-09-06T14:28:18.808018+00:00,2026-09-06T14:28:18.926629+00:00,0.119,VALID,valid,,a9ff4a5e1dc0fea65b63e2b366814c1860f04110,a1d260b660c93e47a466deb9c00f26c880973356f7da4eda00cb8ec57cab044d,raw/E09-static_continuity_ttl1800-20260919-20260906T142818849699Z
a002024,E09-static_continuity_ttl1800-20260920-20260906T142818979954Z,E09,static_continuity_ttl1800,20260920,default,sensitivity,2026-09-06T14:28:18.938341+00:00,2026-09-06T14:28:19.061640+00:00,0.123,VALID,valid,,a9ff4a5e1dc0fea65b63e2b366814c1860f04110,a1d260b660c93e47a466deb9c00f26c880973356f7da4eda00cb8ec57cab044d,raw/E09-static_continuity_ttl1800-20260920-20260906T142818979954Z
a002025,E09-static_continuity_ttl1800-20260921-20260906T142819116184Z,E09,static_continuity_ttl1800,20260921,default,sensitivity,2026-09-06T14:28:19.073496+00:00,2026-09-06T14:28:19.188319+00:00,0.115,VALID,valid,,a9ff4a5e1dc0fea65b63e2b366814c1860f04110,a1d260b660c93e47a466deb9c00f26c880973356f7da4eda00cb8ec57cab044d,raw/E09-static_continuity_ttl1800-20260921-20260906T142819116184Z
a002026,E09-static_continuity_ttl1800-20260922-20260906T142819243492Z,E09,static_continuity_ttl1800,20260922,default,sensitivity,2026-09-06T14:28:19.200416+00:00,2026-09-06T14:28:19.312457+00:00,0.112,VALID,valid,,a9ff4a5e1dc0fea65b63e2b366814c1860f04110,a1d260b660c93e47a466deb9c00f26c880973356f7da4eda00cb8ec57cab044d,raw/E09-static_continuity_ttl1800-20260922-20260906T142819243492Z
a002027,E09-static_continuity_ttl1800-20260923-20260906T142819367557Z,E09,static_continuity_ttl1800,20260923,default,sensitivity,2026-09-06T14:28:19.324063+00:00,2026-09-06T14:28:19.448089+00:00,0.124,VALID,valid,,a9ff4a5e1dc0fea65b63e2b366814c1860f04110,a1d260b660c93e47a466deb9c00f26c880973356f7da4eda00cb8ec57cab044d,raw/E09-static_continuity_ttl1800-20260923-20260906T142819367557Z
a002028,E09-static_continuity_ttl1800-20260924-20260906T142819504395Z,E09,static_continuity_ttl1800,20260924,default,sensitivity,2026-09-06T14:28:19.460860+00:00,2026-09-06T14:28:19.589830+00:00,0.129,VALID,valid,,a9ff4a5e1dc0fea65b63e2b366814c1860f04110,a1d260b660c93e47a466deb9c00f26c880973356f7da4eda00cb8ec57cab044d,raw/E09-static_continuity_ttl1800-20260924-20260906T142819504395Z
a002029,E09-static_continuity_ttl1800-20260925-20260906T142819646036Z,E09,static_continuity_ttl1800,20260925,default,sensitivity,2026-09-06T14:28:19.602052+00:00,2026-09-06T14:28:19.723363+00:00,0.121,VALID,valid,,a9ff4a5e1dc0fea65b63e2b366814c1860f04110,a1d260b660c93e47a466deb9c00f26c880973356f7da4eda00cb8ec57cab044d,raw/E09-static_continuity_ttl1800-20260925-20260906T142819646036Z
a002030,E09-static_continuity_ttl1800-20260926-20260906T142819778121Z,E09,static_continuity_ttl1800,20260926,default,sensitivity,2026-09-06T14:28:19.735400+00:00,2026-09-06T14:28:19.863861+00:00,0.128,VALID,valid,,a9ff4a5e1dc0fea65b63e2b366814c1860f04110,a1d260b660c93e47a466deb9c00f26c880973356f7da4eda00cb8ec57cab044d,raw/E09-static_continuity_ttl1800-20260926-20260906T142819778121Z
a002031,E09-static_continuity_ttl1800-20260927-20260906T142819918522Z,E09,static_continuity_ttl1800,20260927,default,sensitivity,2026-09-06T14:28:19.875960+00:00,2026-09-06T14:28:20.022566+00:00,0.147,VALID,valid,,a9ff4a5e1dc0fea65b63e2b366814c1860f04110,a1d260b660c93e47a466deb9c00f26c880973356f7da4eda00cb8ec57cab044d,raw/E09-static_continuity_ttl1800-20260927-20260906T142819918522Z
a002032,E09-static_continuity_ttl1800-20260928-20260906T142820078405Z,E09,static_continuity_ttl1800,20260928,default,sensitivity,2026-09-06T14:28:20.035568+00:00,2026-09-06T14:28:20.154699+00:00,0.119,VALID,valid,,a9ff4a5e1dc0fea65b63e2b366814c1860f04110,a1d260b660c93e47a466deb9c00f26c880973356f7da4eda00cb8ec57cab044d,raw/E09-static_continuity_ttl1800-20260928-20260906T142820078405Z
a002033,E09-static_continuity_ttl1800-20260929-20260906T142820209070Z,E09,static_continuity_ttl1800,20260929,default,sensitivity,2026-09-06T14:28:20.166672+00:00,2026-09-06T14:28:20.289114+00:00,0.122,VALID,valid,,a9ff4a5e1dc0fea65b63e2b366814c1860f04110,a1d260b660c93e47a466deb9c00f26c880973356f7da4eda00cb8ec57cab044d,raw/E09-static_continuity_ttl1800-20260929-20260906T142820209070Z
a002034,E09-static_continuity_ttl1800-20260930-20260906T142820346629Z,E09,static_continuity_ttl1800,20260930,default,sensitivity,2026-09-06T14:28:20.302499+00:00,2026-09-06T14:28:20.432382+00:00,0.13,VALID,valid,,a9ff4a5e1dc0fea65b63e2b366814c1860f04110,a1d260b660c93e47a466deb9c00f26c880973356f7da4eda00cb8ec57cab044d,raw/E09-static_continuity_ttl1800-20260930-20260906T142820346629Z
a002035,E09-static_continuity_ttl1800-20260931-20260906T142820488358Z,E09,static_continuity_ttl1800,20260931,default,sensitivity,2026-09-06T14:28:20.444985+00:00,2026-09-06T14:28:20.571751+00:00,0.127,VALID,valid,,a9ff4a5e1dc0fea65b63e2b366814c1860f04110,a1d260b660c93e47a466deb9c00f26c880973356f7da4eda00cb8ec57cab044d,raw/E09-static_continuity_ttl1800-20260931-20260906T142820488358Z
a002036,E09-static_continuity_ttl1800-20260932-20260906T142820628561Z,E09,static_continuity_ttl1800,20260932,default,sensitivity,2026-09-06T14:28:20.584990+00:00,2026-09-06T14:28:20.708107+00:00,0.123,VALID,valid,,a9ff4a5e1dc0fea65b63e2b366814c1860f04110,a1d260b660c93e47a466deb9c00f26c880973356f7da4eda00cb8ec57cab044d,raw/E09-static_continuity_ttl1800-20260932-20260906T142820628561Z
a002037,E09-static_continuity_ttl1800-20260933-20260906T142820774742Z,E09,static_continuity_ttl1800,20260933,default,sensitivity,2026-09-06T14:28:20.729955+00:00,2026-09-06T14:28:20.857004+00:00,0.127,VALID,valid,,a9ff4a5e1dc0fea65b63e2b366814c1860f04110,a1d260b660c93e47a466deb9c00f26c880973356f7da4eda00cb8ec57cab044d,raw/E09-static_continuity_ttl1800-20260933-20260906T142820774742Z
a002038,E09-static_continuity_ttl1800-20260934-20260906T142820912044Z,E09,static_continuity_ttl1800,20260934,default,sensitivity,2026-09-06T14:28:20.869269+00:00,2026-09-06T14:28:20.990124+00:00,0.121,VALID,valid,,a9ff4a5e1dc0fea65b63e2b366814c1860f04110,a1d260b660c93e47a466deb9c00f26c880973356f7da4eda00cb8ec57cab044d,raw/E09-static_continuity_ttl1800-20260934-20260906T142820912044Z
a002039,E09-static_continuity_ttl1800-20260935-20260906T142821045787Z,E09,static_continuity_ttl1800,20260935,default,sensitivity,2026-09-06T14:28:21.003196+00:00,2026-09-06T14:28:21.131180+00:00,0.128,VALID,valid,,a9ff4a5e1dc0fea65b63e2b366814c1860f04110,a1d260b660c93e47a466deb9c00f26c880973356f7da4eda00cb8ec57cab044d,raw/E09-static_continuity_ttl1800-20260935-20260906T142821045787Z
a002040,E09-static_continuity_ttl1800-20260936-20260906T142821185704Z,E09,static_continuity_ttl1800,20260936,default,sensitivity,2026-09-06T14:28:21.143174+00:00,2026-09-06T14:28:21.269846+00:00,0.127,VALID,valid,,a9ff4a5e1dc0fea65b63e2b366814c1860f04110,a1d260b660c93e47a466deb9c00f26c880973356f7da4eda00cb8ec57cab044d,raw/E09-static_continuity_ttl1800-20260936-20260906T142821185704Z
a002041,E10-static_continuity_ttl30-20260907-20260906T142821323950Z,E10,static_continuity_ttl30,20260907,default,sensitivity,2026-09-06T14:28:21.281791+00:00,2026-09-06T14:28:21.406286+00:00,0.124,VALID,valid,,a9ff4a5e1dc0fea65b63e2b366814c1860f04110,a1d260b660c93e47a466deb9c00f26c880973356f7da4eda00cb8ec57cab044d,raw/E10-static_continuity_ttl30-20260907-20260906T142821323950Z
a002042,E10-static_continuity_ttl30-20260908-20260906T142821461531Z,E10,static_continuity_ttl30,20260908,default,sensitivity,2026-09-06T14:28:21.419282+00:00,2026-09-06T14:28:21.541960+00:00,0.123,VALID,valid,,a9ff4a5e1dc0fea65b63e2b366814c1860f04110,a1d260b660c93e47a466deb9c00f26c880973356f7da4eda00cb8ec57cab044d,raw/E10-static_continuity_ttl30-20260908-20260906T142821461531Z
a002043,E10-static_continuity_ttl30-20260909-20260906T142821596502Z,E10,static_continuity_ttl30,20260909,default,sensitivity,2026-09-06T14:28:21.553989+00:00,2026-09-06T14:28:21.673842+00:00,0.12,VALID,valid,,a9ff4a5e1dc0fea65b63e2b366814c1860f04110,a1d260b660c93e47a466deb9c00f26c880973356f7da4eda00cb8ec57cab044d,raw/E10-static_continuity_ttl30-20260909-20260906T142821596502Z
a002044,E10-static_continuity_ttl30-20260910-20260906T142821730205Z,E10,static_continuity_ttl30,20260910,default,sensitivity,2026-09-06T14:28:21.686596+00:00,2026-09-06T14:28:21.806458+00:00,0.12,VALID,valid,,a9ff4a5e1dc0fea65b63e2b366814c1860f04110,a1d260b660c93e47a466deb9c00f26c880973356f7da4eda00cb8ec57cab044d,raw/E10-static_continuity_ttl30-20260910-20260906T142821730205Z
a002045,E10-static_continuity_ttl30-20260911-20260906T142821863813Z,E10,static_continuity_ttl30,20260911,default,sensitivity,2026-09-06T14:28:21.819785+00:00,2026-09-06T14:28:21.934389+00:00,0.115,VALID,valid,,a9ff4a5e1dc0fea65b63e2b366814c1860f04110,a1d260b660c93e47a466deb9c00f26c880973356f7da4eda00cb8ec57cab044d,raw/E10-static_continuity_ttl30-20260911-20260906T142821863813Z
a002046,E10-static_continuity_ttl30-20260912-20260906T142821990125Z,E10,static_continuity_ttl30,20260912,default,sensitivity,2026-09-06T14:28:21.946497+00:00,2026-09-06T14:28:22.072287+00:00,0.126,VALID,valid,,a9ff4a5e1dc0fea65b63e2b366814c1860f04110,a1d260b660c93e47a466deb9c00f26c880973356f7da4eda00cb8ec57cab044d,raw/E10-static_continuity_ttl30-20260912-20260906T142821990125Z
a002047,E10-static_continuity_ttl30-20260913-20260906T142822126722Z,E10,static_continuity_ttl30,20260913,default,sensitivity,2026-09-06T14:28:22.084399+00:00,2026-09-06T14:28:22.205626+00:00,0.121,VALID,valid,,a9ff4a5e1dc0fea65b63e2b366814c1860f04110,a1d260b660c93e47a466deb9c00f26c880973356f7da4eda00cb8ec57cab044d,raw/E10-static_continuity_ttl30-20260913-20260906T142822126722Z
a002048,E10-static_continuity_ttl30-20260914-20260906T142822260639Z,E10,static_continuity_ttl30,20260914,default,sensitivity,2026-09-06T14:28:22.218489+00:00,2026-09-06T14:28:22.338435+00:00,0.12,VALID,valid,,a9ff4a5e1dc0fea65b63e2b366814c1860f04110,a1d260b660c93e47a466deb9c00f26c880973356f7da4eda00cb8ec57cab044d,raw/E10-static_continuity_ttl30-20260914-20260906T142822260639Z
a002049,E10-static_continuity_ttl30-20260915-20260906T142822394147Z,E10,static_continuity_ttl30,20260915,default,sensitivity,2026-09-06T14:28:22.351452+00:00,2026-09-06T14:28:22.476067+00:00,0.125,VALID,valid,,a9ff4a5e1dc0fea65b63e2b366814c1860f04110,a1d260b660c93e47a466deb9c00f26c880973356f7da4eda00cb8ec57cab044d,raw/E10-static_continuity_ttl30-20260915-20260906T142822394147Z
a002050,E10-static_continuity_ttl30-20260916-20260906T142822531300Z,E10,static_continuity_ttl30,20260916,default,sensitivity,2026-09-06T14:28:22.488587+00:00,2026-09-06T14:28:22.615037+00:00,0.126,VALID,valid,,a9ff4a5e1dc0fea65b63e2b366814c1860f04110,a1d260b660c93e47a466deb9c00f26c880973356f7da4eda00cb8ec57cab044d,raw/E10-static_continuity_ttl30-20260916-20260906T142822531300Z
a002051,E10-static_continuity_ttl30-20260917-20260906T142822670085Z,E10,static_continuity_ttl30,20260917,default,sensitivity,2026-09-06T14:28:22.627653+00:00,2026-09-06T14:28:22.750857+00:00,0.123,VALID,valid,,a9ff4a5e1dc0fea65b63e2b366814c1860f04110,a1d260b660c93e47a466deb9c00f26c880973356f7da4eda00cb8ec57cab044d,raw/E10-static_continuity_ttl30-20260917-20260906T142822670085Z
a002052,E10-static_continuity_ttl30-20260918-20260906T142822805884Z,E10,static_continuity_ttl30,20260918,default,sensitivity,2026-09-06T14:28:22.762723+00:00,2026-09-06T14:28:22.880863+00:00,0.118,VALID,valid,,a9ff4a5e1dc0fea65b63e2b366814c1860f04110,a1d260b660c93e47a466deb9c00f26c880973356f7da4eda00cb8ec57cab044d,raw/E10-static_continuity_ttl30-20260918-20260906T142822805884Z
a002053,E10-static_continuity_ttl30-20260919-20260906T142822935972Z,E10,static_continuity_ttl30,20260919,default,sensitivity,2026-09-06T14:28:22.893214+00:00,2026-09-06T14:28:23.018453+00:00,0.125,VALID,valid,,a9ff4a5e1dc0fea65b63e2b366814c1860f04110,a1d260b660c93e47a466deb9c00f26c880973356f7da4eda00cb8ec57cab044d,raw/E10-static_continuity_ttl30-20260919-20260906T142822935972Z
a002054,E10-static_continuity_ttl30-20260920-20260906T142823074248Z,E10,static_continuity_ttl30,20260920,default,sensitivity,2026-09-06T14:28:23.031022+00:00,2026-09-06T14:28:23.159744+00:00,0.129,VALID,valid,,a9ff4a5e1dc0fea65b63e2b366814c1860f04110,a1d260b660c93e47a466deb9c00f26c880973356f7da4eda00cb8ec57cab044d,raw/E10-static_continuity_ttl30-20260920-20260906T142823074248Z
a002055,E10-static_continuity_ttl30-20260921-20260906T142823215546Z,E10,static_continuity_ttl30,20260921,default,sensitivity,2026-09-06T14:28:23.172672+00:00,2026-09-06T14:28:23.294445+00:00,0.122,VALID,valid,,a9ff4a5e1dc0fea65b63e2b366814c1860f04110,a1d260b660c93e47a466deb9c00f26c880973356f7da4eda00cb8ec57cab044d,raw/E10-static_continuity_ttl30-20260921-20260906T142823215546Z
a002056,E10-static_continuity_ttl30-20260922-20260906T142823348791Z,E10,static_continuity_ttl30,20260922,default,sensitivity,2026-09-06T14:28:23.306314+00:00,2026-09-06T14:28:23.431664+00:00,0.125,VALID,valid,,a9ff4a5e1dc0fea65b63e2b366814c1860f04110,a1d260b660c93e47a466deb9c00f26c880973356f7da4eda00cb8ec57cab044d,raw/E10-static_continuity_ttl30-20260922-20260906T142823348791Z
a002057,E10-static_continuity_ttl30-20260923-20260906T142823490970Z,E10,static_continuity_ttl30,20260923,default,sensitivity,2026-09-06T14:28:23.444107+00:00,2026-09-06T14:28:23.572166+00:00,0.128,VALID,valid,,a9ff4a5e1dc0fea65b63e2b366814c1860f04110,a1d260b660c93e47a466deb9c00f26c880973356f7da4eda00cb8ec57cab044d,raw/E10-static_continuity_ttl30-20260923-20260906T142823490970Z
a002058,E10-static_continuity_ttl30-20260924-20260906T142823628962Z,E10,static_continuity_ttl30,20260924,default,sensitivity,2026-09-06T14:28:23.585124+00:00,2026-09-06T14:28:23.710773+00:00,0.126,VALID,valid,,a9ff4a5e1dc0fea65b63e2b366814c1860f04110,a1d260b660c93e47a466deb9c00f26c880973356f7da4eda00cb8ec57cab044d,raw/E10-static_continuity_ttl30-20260924-20260906T142823628962Z
a002059,E10-static_continuity_ttl30-20260925-20260906T142823767066Z,E10,static_continuity_ttl30,20260925,default,sensitivity,2026-09-06T14:28:23.723909+00:00,2026-09-06T14:28:23.832741+00:00,0.109,VALID,valid,,a9ff4a5e1dc0fea65b63e2b366814c1860f04110,a1d260b660c93e47a466deb9c00f26c880973356f7da4eda00cb8ec57cab044d,raw/E10-static_continuity_ttl30-20260925-20260906T142823767066Z
a002060,E10-static_continuity_ttl30-20260926-20260906T142823896413Z,E10,static_continuity_ttl30,20260926,default,sensitivity,2026-09-06T14:28:23.845820+00:00,2026-09-06T14:28:23.997522+00:00,0.152,VALID,valid,,a9ff4a5e1dc0fea65b63e2b366814c1860f04110,a1d260b660c93e47a466deb9c00f26c880973356f7da4eda00cb8ec57cab044d,raw/E10-static_continuity_ttl30-20260926-20260906T142823896413Z
a002061,E10-static_continuity_ttl30-20260927-20260906T142824054537Z,E10,static_continuity_ttl30,20260927,default,sensitivity,2026-09-06T14:28:24.010586+00:00,2026-09-06T14:28:24.139217+00:00,0.129,VALID,valid,,a9ff4a5e1dc0fea65b63e2b366814c1860f04110,a1d260b660c93e47a466deb9c00f26c880973356f7da4eda00cb8ec57cab044d,raw/E10-static_continuity_ttl30-20260927-20260906T142824054537Z
a002062,E10-static_continuity_ttl30-20260928-20260906T142824198109Z,E10,static_continuity_ttl30,20260928,default,sensitivity,2026-09-06T14:28:24.153192+00:00,2026-09-06T14:28:24.278828+00:00,0.126,VALID,valid,,a9ff4a5e1dc0fea65b63e2b366814c1860f04110,a1d260b660c93e47a466deb9c00f26c880973356f7da4eda00cb8ec57cab044d,raw/E10-static_continuity_ttl30-20260928-20260906T142824198109Z
a002063,E10-static_continuity_ttl30-20260929-20260906T142824333797Z,E10,static_continuity_ttl30,20260929,default,sensitivity,2026-09-06T14:28:24.290684+00:00,2026-09-06T14:28:24.398817+00:00,0.108,VALID,valid,,a9ff4a5e1dc0fea65b63e2b366814c1860f04110,a1d260b660c93e47a466deb9c00f26c880973356f7da4eda00cb8ec57cab044d,raw/E10-static_continuity_ttl30-20260929-20260906T142824333797Z
a002064,E10-static_continuity_ttl30-20260930-20260906T142824454330Z,E10,static_continuity_ttl30,20260930,default,sensitivity,2026-09-06T14:28:24.411131+00:00,2026-09-06T14:28:24.533350+00:00,0.122,VALID,valid,,a9ff4a5e1dc0fea65b63e2b366814c1860f04110,a1d260b660c93e47a466deb9c00f26c880973356f7da4eda00cb8ec57cab044d,raw/E10-static_continuity_ttl30-20260930-20260906T142824454330Z
a002065,E10-static_continuity_ttl30-20260931-20260906T142824590935Z,E10,static_continuity_ttl30,20260931,default,sensitivity,2026-09-06T14:28:24.545679+00:00,2026-09-06T14:28:24.676495+00:00,0.131,VALID,valid,,a9ff4a5e1dc0fea65b63e2b366814c1860f04110,a1d260b660c93e47a466deb9c00f26c880973356f7da4eda00cb8ec57cab044d,raw/E10-static_continuity_ttl30-20260931-20260906T142824590935Z
a002066,E10-static_continuity_ttl30-20260932-20260906T142824732891Z,E10,static_continuity_ttl30,20260932,default,sensitivity,2026-09-06T14:28:24.689352+00:00,2026-09-06T14:28:24.802138+00:00,0.113,VALID,valid,,a9ff4a5e1dc0fea65b63e2b366814c1860f04110,a1d260b660c93e47a466deb9c00f26c880973356f7da4eda00cb8ec57cab044d,raw/E10-static_continuity_ttl30-20260932-20260906T142824732891Z
a002067,E10-static_continuity_ttl30-20260933-20260906T142824857952Z,E10,static_continuity_ttl30,20260933,default,sensitivity,2026-09-06T14:28:24.814324+00:00,2026-09-06T14:28:24.943983+00:00,0.13,VALID,valid,,a9ff4a5e1dc0fea65b63e2b366814c1860f04110,a1d260b660c93e47a466deb9c00f26c880973356f7da4eda00cb8ec57cab044d,raw/E10-static_continuity_ttl30-20260933-20260906T142824857952Z
a002068,E10-static_continuity_ttl30-20260934-20260906T142824999653Z,E10,static_continuity_ttl30,20260934,default,sensitivity,2026-09-06T14:28:24.956814+00:00,2026-09-06T14:28:25.079316+00:00,0.122,VALID,valid,,a9ff4a5e1dc0fea65b63e2b366814c1860f04110,a1d260b660c93e47a466deb9c00f26c880973356f7da4eda00cb8ec57cab044d,raw/E10-static_continuity_ttl30-20260934-20260906T142824999653Z
a002069,E10-static_continuity_ttl30-20260935-20260906T142825135866Z,E10,static_continuity_ttl30,20260935,default,sensitivity,2026-09-06T14:28:25.092150+00:00,2026-09-06T14:28:25.222320+00:00,0.13,VALID,valid,,a9ff4a5e1dc0fea65b63e2b366814c1860f04110,a1d260b660c93e47a466deb9c00f26c880973356f7da4eda00cb8ec57cab044d,raw/E10-static_continuity_ttl30-20260935-20260906T142825135866Z
a002070,E10-static_continuity_ttl30-20260936-20260906T142825276977Z,E10,static_continuity_ttl30,20260936,default,sensitivity,2026-09-06T14:28:25.234752+00:00,2026-09-06T14:28:25.362447+00:00,0.128,VALID,valid,,a9ff4a5e1dc0fea65b63e2b366814c1860f04110,a1d260b660c93e47a466deb9c00f26c880973356f7da4eda00cb8ec57cab044d,raw/E10-static_continuity_ttl30-20260936-20260906T142825276977Z
a002071,E10-static_continuity_ttl1800-20260907-20260906T142825417307Z,E10,static_continuity_ttl1800,20260907,default,sensitivity,2026-09-06T14:28:25.374936+00:00,2026-09-06T14:28:25.496304+00:00,0.121,VALID,valid,,a9ff4a5e1dc0fea65b63e2b366814c1860f04110,a1d260b660c93e47a466deb9c00f26c880973356f7da4eda00cb8ec57cab044d,raw/E10-static_continuity_ttl1800-20260907-20260906T142825417307Z
a002072,E10-static_continuity_ttl1800-20260908-20260906T142825550063Z,E10,static_continuity_ttl1800,20260908,default,sensitivity,2026-09-06T14:28:25.508190+00:00,2026-09-06T14:28:25.620052+00:00,0.112,VALID,valid,,a9ff4a5e1dc0fea65b63e2b366814c1860f04110,a1d260b660c93e47a466deb9c00f26c880973356f7da4eda00cb8ec57cab044d,raw/E10-static_continuity_ttl1800-20260908-20260906T142825550063Z
a002073,E10-static_continuity_ttl1800-20260909-20260906T142825675062Z,E10,static_continuity_ttl1800,20260909,default,sensitivity,2026-09-06T14:28:25.632072+00:00,2026-09-06T14:28:25.747747+00:00,0.116,VALID,valid,,a9ff4a5e1dc0fea65b63e2b366814c1860f04110,a1d260b660c93e47a466deb9c00f26c880973356f7da4eda00cb8ec57cab044d,raw/E10-static_continuity_ttl1800-20260909-20260906T142825675062Z
a002074,E10-static_continuity_ttl1800-20260910-20260906T142825803564Z,E10,static_continuity_ttl1800,20260910,default,sensitivity,2026-09-06T14:28:25.760105+00:00,2026-09-06T14:28:25.887429+00:00,0.127,VALID,valid,,a9ff4a5e1dc0fea65b63e2b366814c1860f04110,a1d260b660c93e47a466deb9c00f26c880973356f7da4eda00cb8ec57cab044d,raw/E10-static_continuity_ttl1800-20260910-20260906T142825803564Z
a002075,E10-static_continuity_ttl1800-20260911-20260906T142825941830Z,E10,static_continuity_ttl1800,20260911,default,sensitivity,2026-09-06T14:28:25.899385+00:00,2026-09-06T14:28:26.021823+00:00,0.122,VALID,valid,,a9ff4a5e1dc0fea65b63e2b366814c1860f04110,a1d260b660c93e47a466deb9c00f26c880973356f7da4eda00cb8ec57cab044d,raw/E10-static_continuity_ttl1800-20260911-20260906T142825941830Z
a002076,E10-static_continuity_ttl1800-20260912-20260906T142826077719Z,E10,static_continuity_ttl1800,20260912,default,sensitivity,2026-09-06T14:28:26.034839+00:00,2026-09-06T14:28:26.160345+00:00,0.125,VALID,valid,,a9ff4a5e1dc0fea65b63e2b366814c1860f04110,a1d260b660c93e47a466deb9c00f26c880973356f7da4eda00cb8ec57cab044d,raw/E10-static_continuity_ttl1800-20260912-20260906T142826077719Z
a002077,E10-static_continuity_ttl1800-20260913-20260906T142826217030Z,E10,static_continuity_ttl1800,20260913,default,sensitivity,2026-09-06T14:28:26.173532+00:00,2026-09-06T14:28:26.281885+00:00,0.108,VALID,valid,,a9ff4a5e1dc0fea65b63e2b366814c1860f04110,a1d260b660c93e47a466deb9c00f26c880973356f7da4eda00cb8ec57cab044d,raw/E10-static_continuity_ttl1800-20260913-20260906T142826217030Z
a002078,E10-static_continuity_ttl1800-20260914-20260906T142826336998Z,E10,static_continuity_ttl1800,20260914,default,sensitivity,2026-09-06T14:28:26.294606+00:00,2026-09-06T14:28:26.421007+00:00,0.126,VALID,valid,,a9ff4a5e1dc0fea65b63e2b366814c1860f04110,a1d260b660c93e47a466deb9c00f26c880973356f7da4eda00cb8ec57cab044d,raw/E10-static_continuity_ttl1800-20260914-20260906T142826336998Z
a002079,E10-static_continuity_ttl1800-20260915-20260906T142826476197Z,E10,static_continuity_ttl1800,20260915,default,sensitivity,2026-09-06T14:28:26.433689+00:00,2026-09-06T14:28:26.554556+00:00,0.121,VALID,valid,,a9ff4a5e1dc0fea65b63e2b366814c1860f04110,a1d260b660c93e47a466deb9c00f26c880973356f7da4eda00cb8ec57cab044d,raw/E10-static_continuity_ttl1800-20260915-20260906T142826476197Z
a002080,E10-static_continuity_ttl1800-20260916-20260906T142826610717Z,E10,static_continuity_ttl1800,20260916,default,sensitivity,2026-09-06T14:28:26.566432+00:00,2026-09-06T14:28:26.675789+00:00,0.109,VALID,valid,,a9ff4a5e1dc0fea65b63e2b366814c1860f04110,a1d260b660c93e47a466deb9c00f26c880973356f7da4eda00cb8ec57cab044d,raw/E10-static_continuity_ttl1800-20260916-20260906T142826610717Z
a002081,E10-static_continuity_ttl1800-20260917-20260906T142826730681Z,E10,static_continuity_ttl1800,20260917,default,sensitivity,2026-09-06T14:28:26.687731+00:00,2026-09-06T14:28:26.807027+00:00,0.119,VALID,valid,,a9ff4a5e1dc0fea65b63e2b366814c1860f04110,a1d260b660c93e47a466deb9c00f26c880973356f7da4eda00cb8ec57cab044d,raw/E10-static_continuity_ttl1800-20260917-20260906T142826730681Z
a002082,E10-static_continuity_ttl1800-20260918-20260906T142826861408Z,E10,static_continuity_ttl1800,20260918,default,sensitivity,2026-09-06T14:28:26.818742+00:00,2026-09-06T14:28:26.939575+00:00,0.121,VALID,valid,,a9ff4a5e1dc0fea65b63e2b366814c1860f04110,a1d260b660c93e47a466deb9c00f26c880973356f7da4eda00cb8ec57cab044d,raw/E10-static_continuity_ttl1800-20260918-20260906T142826861408Z
a002083,E10-static_continuity_ttl1800-20260919-20260906T142826993110Z,E10,static_continuity_ttl1800,20260919,default,sensitivity,2026-09-06T14:28:26.951347+00:00,2026-09-06T14:28:27.070453+00:00,0.119,VALID,valid,,a9ff4a5e1dc0fea65b63e2b366814c1860f04110,a1d260b660c93e47a466deb9c00f26c880973356f7da4eda00cb8ec57cab044d,raw/E10-static_continuity_ttl1800-20260919-20260906T142826993110Z
a002084,E10-static_continuity_ttl1800-20260920-20260906T142827127618Z,E10,static_continuity_ttl1800,20260920,default,sensitivity,2026-09-06T14:28:27.083993+00:00,2026-09-06T14:28:27.209338+00:00,0.125,VALID,valid,,a9ff4a5e1dc0fea65b63e2b366814c1860f04110,a1d260b660c93e47a466deb9c00f26c880973356f7da4eda00cb8ec57cab044d,raw/E10-static_continuity_ttl1800-20260920-20260906T142827127618Z
a002085,E10-static_continuity_ttl1800-20260921-20260906T142827264281Z,E10,static_continuity_ttl1800,20260921,default,sensitivity,2026-09-06T14:28:27.222251+00:00,2026-09-06T14:28:27.336901+00:00,0.115,VALID,valid,,a9ff4a5e1dc0fea65b63e2b366814c1860f04110,a1d260b660c93e47a466deb9c00f26c880973356f7da4eda00cb8ec57cab044d,raw/E10-static_continuity_ttl1800-20260921-20260906T142827264281Z
a002086,E10-static_continuity_ttl1800-20260922-20260906T142827390635Z,E10,static_continuity_ttl1800,20260922,default,sensitivity,2026-09-06T14:28:27.348675+00:00,2026-09-06T14:28:27.472843+00:00,0.124,VALID,valid,,a9ff4a5e1dc0fea65b63e2b366814c1860f04110,a1d260b660c93e47a466deb9c00f26c880973356f7da4eda00cb8ec57cab044d,raw/E10-static_continuity_ttl1800-20260922-20260906T142827390635Z
a002087,E10-static_continuity_ttl1800-20260923-20260906T142827527703Z,E10,static_continuity_ttl1800,20260923,default,sensitivity,2026-09-06T14:28:27.485448+00:00,2026-09-06T14:28:27.612083+00:00,0.127,VALID,valid,,a9ff4a5e1dc0fea65b63e2b366814c1860f04110,a1d260b660c93e47a466deb9c00f26c880973356f7da4eda00cb8ec57cab044d,raw/E10-static_continuity_ttl1800-20260923-20260906T142827527703Z
a002088,E10-static_continuity_ttl1800-20260924-20260906T142827667943Z,E10,static_continuity_ttl1800,20260924,default,sensitivity,2026-09-06T14:28:27.625382+00:00,2026-09-06T14:28:27.745574+00:00,0.12,VALID,valid,,a9ff4a5e1dc0fea65b63e2b366814c1860f04110,a1d260b660c93e47a466deb9c00f26c880973356f7da4eda00cb8ec57cab044d,raw/E10-static_continuity_ttl1800-20260924-20260906T142827667943Z
a002089,E10-static_continuity_ttl1800-20260925-20260906T142827800410Z,E10,static_continuity_ttl1800,20260925,default,sensitivity,2026-09-06T14:28:27.758130+00:00,2026-09-06T14:28:27.879786+00:00,0.122,VALID,valid,,a9ff4a5e1dc0fea65b63e2b366814c1860f04110,a1d260b660c93e47a466deb9c00f26c880973356f7da4eda00cb8ec57cab044d,raw/E10-static_continuity_ttl1800-20260925-20260906T142827800410Z
a002090,E10-static_continuity_ttl1800-20260926-20260906T142827934122Z,E10,static_continuity_ttl1800,20260926,default,sensitivity,2026-09-06T14:28:27.891371+00:00,2026-09-06T14:28:28.011039+00:00,0.12,VALID,valid,,a9ff4a5e1dc0fea65b63e2b366814c1860f04110,a1d260b660c93e47a466deb9c00f26c880973356f7da4eda00cb8ec57cab044d,raw/E10-static_continuity_ttl1800-20260926-20260906T142827934122Z
a002091,E10-static_continuity_ttl1800-20260927-20260906T142828065475Z,E10,static_continuity_ttl1800,20260927,default,sensitivity,2026-09-06T14:28:28.023321+00:00,2026-09-06T14:28:28.132865+00:00,0.11,VALID,valid,,a9ff4a5e1dc0fea65b63e2b366814c1860f04110,a1d260b660c93e47a466deb9c00f26c880973356f7da4eda00cb8ec57cab044d,raw/E10-static_continuity_ttl1800-20260927-20260906T142828065475Z
a002092,E10-static_continuity_ttl1800-20260928-20260906T142828187554Z,E10,static_continuity_ttl1800,20260928,default,sensitivity,2026-09-06T14:28:28.145315+00:00,2026-09-06T14:28:28.267344+00:00,0.122,VALID,valid,,a9ff4a5e1dc0fea65b63e2b366814c1860f04110,a1d260b660c93e47a466deb9c00f26c880973356f7da4eda00cb8ec57cab044d,raw/E10-static_continuity_ttl1800-20260928-20260906T142828187554Z
a002093,E10-static_continuity_ttl1800-20260929-20260906T142828320962Z,E10,static_continuity_ttl1800,20260929,default,sensitivity,2026-09-06T14:28:28.279107+00:00,2026-09-06T14:28:28.404811+00:00,0.126,VALID,valid,,a9ff4a5e1dc0fea65b63e2b366814c1860f04110,a1d260b660c93e47a466deb9c00f26c880973356f7da4eda00cb8ec57cab044d,raw/E10-static_continuity_ttl1800-20260929-20260906T142828320962Z
a002094,E10-static_continuity_ttl1800-20260930-20260906T142828458833Z,E10,static_continuity_ttl1800,20260930,default,sensitivity,2026-09-06T14:28:28.416560+00:00,2026-09-06T14:28:28.404129+00:00,0.119,VALID,valid,,a9ff4a5e1dc0fea65b63e2b366814c1860f04110,a1d260b660c93e47a466deb9c00f26c880973356f7da4eda00cb8ec57cab044d,raw/E10-static_continuity_ttl1800-20260930-20260906T142828458833Z
a002095,E10-static_continuity_ttl1800-20260931-20260906T142828459545Z,E10,static_continuity_ttl1800,20260931,default,sensitivity,2026-09-06T14:28:28.416916+00:00,2026-09-06T14:28:28.535991+00:00,0.119,VALID,valid,,a9ff4a5e1dc0fea65b63e2b366814c1860f04110,a1d260b660c93e47a466deb9c00f26c880973356f7da4eda00cb8ec57cab044d,raw/E10-static_continuity_ttl1800-20260931-20260906T142828459545Z
a002096,E10-static_continuity_ttl1800-20260932-20260906T142828590616Z,E10,static_continuity_ttl1800,20260932,default,sensitivity,2026-09-06T14:28:28.548641+00:00,2026-09-06T14:28:28.668299+00:00,0.12,VALID,valid,,a9ff4a5e1dc0fea65b63e2b366814c1860f04110,a1d260b660c93e47a466deb9c00f26c880973356f7da4eda00cb8ec57cab044d,raw/E10-static_continuity_ttl1800-20260932-20260906T142828590616Z
a002097,E10-static_continuity_ttl1800-20260933-20260906T142828722540Z,E10,static_continuity_ttl1800,20260933,default,sensitivity,2026-09-06T14:28:28.680830+00:00,2026-09-06T14:28:28.789395+00:00,0.109,VALID,valid,,a9ff4a5e1dc0fea65b63e2b366814c1860f04110,a1d260b660c93e47a466deb9c00f26c880973356f7da4eda00cb8ec57cab044d,raw/E10-static_continuity_ttl1800-20260933-20260906T142828722540Z
a002098,E10-static_continuity_ttl1800-20260934-20260906T142828842787Z,E10,static_continuity_ttl1800,20260934,default,sensitivity,2026-09-06T14:28:28.800948+00:00,2026-09-06T14:28:28.922228+00:00,0.121,VALID,valid,,a9ff4a5e1dc0fea65b63e2b366814c1860f04110,a1d260b660c93e47a466deb9c00f26c880973356f7da4eda00cb8ec57cab044d,raw/E10-static_continuity_ttl1800-20260934-20260906T142828842787Z
a002099,E10-static_continuity_ttl1800-20260935-20260906T142828976684Z,E10,static_continuity_ttl1800,20260935,default,sensitivity,2026-09-06T14:28:28.934393+00:00,2026-09-06T14:28:29.052452+00:00,0.118,VALID,valid,,a9ff4a5e1dc0fea65b63e2b366814c1860f04110,a1d260b660c93e47a466deb9c00f26c880973356f7da4eda00cb8ec57cab044d,raw/E10-static_continuity_ttl1800-20260935-20260906T142828976684Z
a002100,E10-static_continuity_ttl1800-20260936-20260906T142829105757Z,E10,static_continuity_ttl1800,20260936,default,sensitivity,2026-09-06T14:28:29.064057+00:00,2026-09-06T14:28:29.188142+00:00,0.124,VALID,valid,,a9ff4a5e1dc0fea65b63e2b366814c1860f04110,a1d260b660c93e47a466deb9c00f26c880973356f7da4eda00cb8ec57cab044d,raw/E10-static_continuity_ttl1800-20260936-20260906T142829105757Z
a002101,E15-static_continuity_ttl30-20260907-20260906T142829241667Z,E15,static_continuity_ttl30,20260907,default,sensitivity,2026-09-06T14:28:29.199553+00:00,2026-09-06T14:28:29.342905+00:00,0.143,VALID,valid,,a9ff4a5e1dc0fea65b63e2b366814c1860f04110,a1d260b660c93e47a466deb9c00f26c880973356f7da4eda00cb8ec57cab044d,raw/E15-static_continuity_ttl30-20260907-20260906T142829241667Z
a002102,E15-static_continuity_ttl30-20260908-20260906T142829397784Z,E15,static_continuity_ttl30,20260908,default,sensitivity,2026-09-06T14:28:29.354913+00:00,2026-09-06T14:28:29.498160+00:00,0.143,VALID,valid,,a9ff4a5e1dc0fea65b63e2b366814c1860f04110,a1d260b660c93e47a466deb9c00f26c880973356f7da4eda00cb8ec57cab044d,raw/E15-static_continuity_ttl30-20260908-20260906T142829397784Z
a002103,E15-static_continuity_ttl30-20260909-20260906T142829553354Z,E15,static_continuity_ttl30,20260909,default,sensitivity,2026-09-06T14:28:29.510251+00:00,2026-09-06T14:28:29.641418+00:00,0.131,VALID,valid,,a9ff4a5e1dc0fea65b63e2b366814c1860f04110,a1d260b660c93e47a466deb9c00f26c880973356f7da4eda00cb8ec57cab044d,raw/E15-static_continuity_ttl30-20260909-20260906T142829553354Z
a002104,E15-static_continuity_ttl30-20260910-20260906T142829696222Z,E15,static_continuity_ttl30,20260910,default,sensitivity,2026-09-06T14:28:29.653583+00:00,2026-09-06T14:28:29.791981+00:00,0.138,VALID,valid,,a9ff4a5e1dc0fea65b63e2b366814c1860f04110,a1d260b660c93e47a466deb9c00f26c880973356f7da4eda00cb8ec57cab044d,raw/E15-static_continuity_ttl30-20260910-20260906T142829696222Z
a002105,E15-static_continuity_ttl30-20260911-20260906T142829845539Z,E15,static_continuity_ttl30,20260911,default,sensitivity,2026-09-06T14:28:29.803603+00:00,2026-09-06T14:28:29.946279+00:00,0.143,VALID,valid,,a9ff4a5e1dc0fea65b63e2b366814c1860f04110,a1d260b660c93e47a466deb9c00f26c880973356f7da4eda00cb8ec57cab044d,raw/E15-static_continuity_ttl30-20260911-20260906T142829845539Z
a002106,E15-static_continuity_ttl30-20260912-20260906T142829999790Z,E15,static_continuity_ttl30,20260912,default,sensitivity,2026-09-06T14:28:29.957978+00:00,2026-09-06T14:28:30.099069+00:00,0.141,VALID,valid,,a9ff4a5e1dc0fea65b63e2b366814c1860f04110,a1d260b660c93e47a466deb9c00f26c880973356f7da4eda00cb8ec57cab044d,raw/E15-static_continuity_ttl30-20260912-20260906T142829999790Z
a002107,E15-static_continuity_ttl30-20260913-20260906T142830152238Z,E15,static_continuity_ttl30,20260913,default,sensitivity,2026-09-06T14:28:30.110908+00:00,2026-09-06T14:28:30.251926+00:00,0.141,VALID,valid,,a9ff4a5e1dc0fea65b63e2b366814c1860f04110,a1d260b660c93e47a466deb9c00f26c880973356f7da4eda00cb8ec57cab044d,raw/E15-static_continuity_ttl30-20260913-20260906T142830152238Z
a002108,E15-static_continuity_ttl30-20260914-20260906T142830307479Z,E15,static_continuity_ttl30,20260914,default,sensitivity,2026-09-06T14:28:30.264459+00:00,2026-09-06T14:28:30.414082+00:00,0.15,VALID,valid,,a9ff4a5e1dc0fea65b63e2b366814c1860f04110,a1d260b660c93e47a466deb9c00f26c880973356f7da4eda00cb8ec57cab044d,raw/E15-static_continuity_ttl30-20260914-20260906T142830307479Z
a002109,E15-static_continuity_ttl30-20260915-20260906T142830470722Z,E15,static_continuity_ttl30,20260915,default,sensitivity,2026-09-06T14:28:30.426391+00:00,2026-09-06T14:28:30.560301+00:00,0.134,VALID,valid,,a9ff4a5e1dc0fea65b63e2b366814c1860f04110,a1d260b660c93e47a466deb9c00f26c880973356f7da4eda00cb8ec57cab044d,raw/E15-static_continuity_ttl30-20260915-20260906T142830470722Z
a002110,E15-static_continuity_ttl30-20260916-20260906T142830614817Z,E15,static_continuity_ttl30,20260916,default,sensitivity,2026-09-06T14:28:30.572885+00:00,2026-09-06T14:28:30.710679+00:00,0.138,VALID,valid,,a9ff4a5e1dc0fea65b63e2b366814c1860f04110,a1d260b660c93e47a466deb9c00f26c880973356f7da4eda00cb8ec57cab044d,raw/E15-static_continuity_ttl30-20260916-20260906T142830614817Z
a002111,E15-static_continuity_ttl30-20260917-20260906T142830767769Z,E15,static_continuity_ttl30,20260917,default,sensitivity,2026-09-06T14:28:30.723080+00:00,2026-09-06T14:28:30.853469+00:00,0.13,VALID,valid,,a9ff4a5e1dc0fea65b63e2b366814c1860f04110,a1d260b660c93e47a466deb9c00f26c880973356f7da4eda00cb8ec57cab044d,raw/E15-static_continuity_ttl30-20260917-20260906T142830767769Z
a002112,E15-static_continuity_ttl30-20260918-20260906T142830909463Z,E15,static_continuity_ttl30,20260918,default,sensitivity,2026-09-06T14:28:30.865956+00:00,2026-09-06T14:28:31.010850+00:00,0.145,VALID,valid,,a9ff4a5e1dc0fea65b63e2b366814c1860f04110,a1d260b660c93e47a466deb9c00f26c880973356f7da4eda00cb8ec57cab044d,raw/E15-static_continuity_ttl30-20260918-20260906T142830909463Z
a002113,E15-static_continuity_ttl30-20260919-20260906T142831066817Z,E15,static_continuity_ttl30,20260919,default,sensitivity,2026-09-06T14:28:31.022569+00:00,2026-09-06T14:28:31.159070+00:00,0.136,VALID,valid,,a9ff4a5e1dc0fea65b63e2b366814c1860f04110,a1d260b660c93e47a466deb9c00f26c880973356f7da4eda00cb8ec57cab044d,raw/E15-static_continuity_ttl30-20260919-20260906T142831066817Z
a002114,E15-static_continuity_ttl30-20260920-20260906T142831212444Z,E15,static_continuity_ttl30,20260920,default,sensitivity,2026-09-06T14:28:31.170731+00:00,2026-09-06T14:28:31.312082+00:00,0.141,VALID,valid,,a9ff4a5e1dc0fea65b63e2b366814c1860f04110,a1d260b660c93e47a466deb9c00f26c880973356f7da4eda00cb8ec57cab044d,raw/E15-static_continuity_ttl30-20260920-20260906T142831212444Z
a002115,E15-static_continuity_ttl30-20260921-20260906T142831365686Z,E15,static_continuity_ttl30,20260921,default,sensitivity,2026-09-06T14:28:31.323754+00:00,2026-09-06T14:28:31.461738+00:00,0.138,VALID,valid,,a9ff4a5e1dc0fea65b63e2b366814c1860f04110,a1d260b660c93e47a466deb9c00f26c880973356f7da4eda00cb8ec57cab044d,raw/E15-static_continuity_ttl30-20260921-20260906T142831365686Z
a002116,E15-static_continuity_ttl30-20260922-20260906T142831517033Z,E15,static_continuity_ttl30,20260922,default,sensitivity,2026-09-06T14:28:31.474275+00:00,2026-09-06T14:28:31.613262+00:00,0.139,VALID,valid,,a9ff4a5e1dc0fea65b63e2b366814c1860f04110,a1d260b660c93e47a466deb9c00f26c880973356f7da4eda00cb8ec57cab044d,raw/E15-static_continuity_ttl30-20260922-20260906T142831517033Z
a002117,E15-static_continuity_ttl30-20260923-20260906T142831667341Z,E15,static_continuity_ttl30,20260923,default,sensitivity,2026-09-06T14:28:31.624940+00:00,2026-09-06T14:28:31.768827+00:00,0.144,VALID,valid,,a9ff4a5e1dc0fea65b63e2b366814c1860f04110,a1d260b660c93e47a466deb9c00f26c880973356f7da4eda00cb8ec57cab044d,raw/E15-static_continuity_ttl30-20260923-20260906T142831667341Z
a002118,E15-static_continuity_ttl30-20260924-20260906T142831822854Z,E15,static_continuity_ttl30,20260924,default,sensitivity,2026-09-06T14:28:31.780624+00:00,2026-09-06T14:28:31.924144+00:00,0.144,VALID,valid,,a9ff4a5e1dc0fea65b63e2b366814c1860f04110,a1d260b660c93e47a466deb9c00f26c880973356f7da4eda00cb8ec57cab044d,raw/E15-static_continuity_ttl30-20260924-20260906T142831822854Z
a002119,E15-static_continuity_ttl30-20260925-20260906T142831978287Z,E15,static_continuity_ttl30,20260925,default,sensitivity,2026-09-06T14:28:31.935833+00:00,2026-09-06T14:28:32.067933+00:00,0.132,VALID,valid,,a9ff4a5e1dc0fea65b63e2b366814c1860f04110,a1d260b660c93e47a466deb9c00f26c880973356f7da4eda00cb8ec57cab044d,raw/E15-static_continuity_ttl30-20260925-20260906T142831978287Z
a002120,E15-static_continuity_ttl30-20260926-20260906T142832121348Z,E15,static_continuity_ttl30,20260926,default,sensitivity,2026-09-06T14:28:32.079491+00:00,2026-09-06T14:28:32.204337+00:00,0.125,VALID,valid,,a9ff4a5e1dc0fea65b63e2b366814c1860f04110,a1d260b660c93e47a466deb9c00f26c880973356f7da4eda00cb8ec57cab044d,raw/E15-static_continuity_ttl30-20260926-20260906T142832121348Z
a002121,E15-static_continuity_ttl30-20260927-20260906T142832259031Z,E15,static_continuity_ttl30,20260927,default,sensitivity,2026-09-06T14:28:32.216655+00:00,2026-09-06T14:28:32.347515+00:00,0.131,VALID,valid,,a9ff4a5e1dc0fea65b63e2b366814c1860f04110,a1d260b660c93e47a466deb9c00f26c880973356f7da4eda00cb8ec57cab044d,raw/E15-static_continuity_ttl30-20260927-20260906T142832259031Z
a002122,E15-static_continuity_ttl30-20260928-20260906T142832402038Z,E15,static_continuity_ttl30,20260928,default,sensitivity,2026-09-06T14:28:32.360008+00:00,2026-09-06T14:28:32.492333+00:00,0.132,VALID,valid,,a9ff4a5e1dc0fea65b63e2b366814c1860f04110,a1d260b660c93e47a466deb9c00f26c880973356f7da4eda00cb8ec57cab044d,raw/E15-static_continuity_ttl30-20260928-20260906T142832402038Z
a002123,E15-static_continuity_ttl30-20260929-20260906T142832545743Z,E15,static_continuity_ttl30,20260929,default,sensitivity,2026-09-06T14:28:32.503952+00:00,2026-09-06T14:28:32.643662+00:00,0.14,VALID,valid,,a9ff4a5e1dc0fea65b63e2b366814c1860f04110,a1d260b660c93e47a466deb9c00f26c880973356f7da4eda00cb8ec57cab044d,raw/E15-static_continuity_ttl30-20260929-20260906T142832545743Z
a002124,E15-static_continuity_ttl30-20260930-20260906T142832697127Z,E15,static_continuity_ttl30,20260930,default,sensitivity,2026-09-06T14:28:32.655633+00:00,2026-09-06T14:28:32.794627+00:00,0.139,VALID,valid,,a9ff4a5e1dc0fea65b63e2b366814c1860f04110,a1d260b660c93e47a466deb9c00f26c880973356f7da4eda00cb8ec57cab044d,raw/E15-static_continuity_ttl30-20260930-20260906T142832697127Z
a002125,E15-static_continuity_ttl30-20260931-20260906T142832848699Z,E15,static_continuity_ttl30,20260931,default,sensitivity,2026-09-06T14:28:32.806558+00:00,2026-09-06T14:28:32.942758+00:00,0.136,VALID,valid,,a9ff4a5e1dc0fea65b63e2b366814c1860f04110,a1d260b660c93e47a466deb9c00f26c880973356f7da4eda00cb8ec57cab044d,raw/E15-static_continuity_ttl30-20260931-20260906T142832848699Z
a002126,E15-static_continuity_ttl30-20260932-20260906T142832995955Z,E15,static_continuity_ttl30,20260932,default,sensitivity,2026-09-06T14:28:32.954686+00:00,2026-09-06T14:28:33.092227+00:00,0.138,VALID,valid,,a9ff4a5e1dc0fea65b63e2b366814c1860f04110,a1d260b660c93e47a466deb9c00f26c880973356f7da4eda00cb8ec57cab044d,raw/E15-static_continuity_ttl30-20260932-20260906T142832995955Z
a002127,E15-static_continuity_ttl30-20260933-20260906T142833146247Z,E15,static_continuity_ttl30,20260933,default,sensitivity,2026-09-06T14:28:33.104132+00:00,2026-09-06T14:28:33.241024+00:00,0.137,VALID,valid,,a9ff4a5e1dc0fea65b63e2b366814c1860f04110,a1d260b660c93e47a466deb9c00f26c880973356f7da4eda00cb8ec57cab044d,raw/E15-static_continuity_ttl30-20260933-20260906T142833146247Z
a002128,E15-static_continuity_ttl30-20260934-20260906T142833294455Z,E15,static_continuity_ttl30,20260934,default,sensitivity,2026-09-06T14:28:33.252819+00:00,2026-09-06T14:28:33.389608+00:00,0.137,VALID,valid,,a9ff4a5e1dc0fea65b63e2b366814c1860f04110,a1d260b660c93e47a466deb9c00f26c880973356f7da4eda00cb8ec57cab044d,raw/E15-static_continuity_ttl30-20260934-20260906T142833294455Z
a002129,E15-static_continuity_ttl30-20260935-20260906T142833445447Z,E15,static_continuity_ttl30,20260935,default,sensitivity,2026-09-06T14:28:33.401310+00:00,2026-09-06T14:28:33.548567+00:00,0.147,VALID,valid,,a9ff4a5e1dc0fea65b63e2b366814c1860f04110,a1d260b660c93e47a466deb9c00f26c880973356f7da4eda00cb8ec57cab044d,raw/E15-static_continuity_ttl30-20260935-20260906T142833445447Z
a002130,E15-static_continuity_ttl30-20260936-20260906T142833604204Z,E15,static_continuity_ttl30,20260936,default,sensitivity,2026-09-06T14:28:33.560955+00:00,2026-09-06T14:28:33.703826+00:00,0.143,VALID,valid,,a9ff4a5e1dc0fea65b63e2b366814c1860f04110,a1d260b660c93e47a466deb9c00f26c880973356f7da4eda00cb8ec57cab044d,raw/E15-static_continuity_ttl30-20260936-20260906T142833604204Z
a002131,E15-static_continuity_ttl1800-20260907-20260906T142833757626Z,E15,static_continuity_ttl1800,20260907,default,sensitivity,2026-09-06T14:28:33.715768+00:00,2026-09-06T14:28:33.882273+00:00,0.166,VALID,valid,,a9ff4a5e1dc0fea65b63e2b366814c1860f04110,a1d260b660c93e47a466deb9c00f26c880973356f7da4eda00cb8ec57cab044d,raw/E15-static_continuity_ttl1800-20260907-20260906T142833757626Z
a002132,E15-static_continuity_ttl1800-20260908-20260906T142833939471Z,E15,static_continuity_ttl1800,20260908,default,sensitivity,2026-09-06T14:28:33.895525+00:00,2026-09-06T14:28:34.044597+00:00,0.149,VALID,valid,,a9ff4a5e1dc0fea65b63e2b366814c1860f04110,a1d260b660c93e47a466deb9c00f26c880973356f7da4eda00cb8ec57cab044d,raw/E15-static_continuity_ttl1800-20260908-20260906T142833939471Z
a002133,E15-static_continuity_ttl1800-20260909-20260906T142834101978Z,E15,static_continuity_ttl1800,20260909,default,sensitivity,2026-09-06T14:28:34.057608+00:00,2026-09-06T14:28:34.204513+00:00,0.147,VALID,valid,,a9ff4a5e1dc0fea65b63e2b366814c1860f04110,a1d260b660c93e47a466deb9c00f26c880973356f7da4eda00cb8ec57cab044d,raw/E15-static_continuity_ttl1800-20260909-20260906T142834101978Z
a002134,E15-static_continuity_ttl1800-20260910-20260906T142834261157Z,E15,static_continuity_ttl1800,20260910,default,sensitivity,2026-09-06T14:28:34.216488+00:00,2026-09-06T14:28:34.359264+00:00,0.143,VALID,valid,,a9ff4a5e1dc0fea65b63e2b366814c1860f04110,a1d260b660c93e47a466deb9c00f26c880973356f7da4eda00cb8ec57cab044d,raw/E15-static_continuity_ttl1800-20260910-20260906T142834261157Z
a002135,E15-static_continuity_ttl1800-20260911-20260906T142834413296Z,E15,static_continuity_ttl1800,20260911,default,sensitivity,2026-09-06T14:28:34.371059+00:00,2026-09-06T14:28:34.501546+00:00,0.13,VALID,valid,,a9ff4a5e1dc0fea65b63e2b366814c1860f04110,a1d260b660c93e47a466deb9c00f26c880973356f7da4eda00cb8ec57cab044d,raw/E15-static_continuity_ttl1800-20260911-20260906T142834413296Z
a002136,E15-static_continuity_ttl1800-20260912-20260906T142834556125Z,E15,static_continuity_ttl1800,20260912,default,sensitivity,2026-09-06T14:28:34.513964+00:00,2026-09-06T14:28:34.649387+00:00,0.135,VALID,valid,,a9ff4a5e1dc0fea65b63e2b366814c1860f04110,a1d260b660c93e47a466deb9c00f26c880973356f7da4eda00cb8ec57cab044d,raw/E15-static_continuity_ttl1800-20260912-20260906T142834556125Z
a002137,E15-static_continuity_ttl1800-20260913-20260906T142834703468Z,E15,static_continuity_ttl1800,20260913,default,sensitivity,2026-09-06T14:28:34.661916+00:00,2026-09-06T14:28:34.800516+00:00,0.139,VALID,valid,,a9ff4a5e1dc0fea65b63e2b366814c1860f04110,a1d260b660c93e47a466deb9c00f26c880973356f7da4eda00cb8ec57cab044d,raw/E15-static_continuity_ttl1800-20260913-20260906T142834703468Z
a002138,E15-static_continuity_ttl1800-20260914-20260906T142834854429Z,E15,static_continuity_ttl1800,20260914,default,sensitivity,2026-09-06T14:28:34.812759+00:00,2026-09-06T14:28:34.953937+00:00,0.141,VALID,valid,,a9ff4a5e1dc0fea65b63e2b366814c1860f04110,a1d260b660c93e47a466deb9c00f26c880973356f7da4eda00cb8ec57cab044d,raw/E15-static_continuity_ttl1800-20260914-20260906T142834854429Z
a002139,E15-static_continuity_ttl1800-20260915-20260906T142835008038Z,E15,static_continuity_ttl1800,20260915,default,sensitivity,2026-09-06T14:28:34.965735+00:00,2026-09-06T14:28:35.104675+00:00,0.139,VALID,valid,,a9ff4a5e1dc0fea65b63e2b366814c1860f04110,a1d260b660c93e47a466deb9c00f26c880973356f7da4eda00cb8ec57cab044d,raw/E15-static_continuity_ttl1800-20260915-20260906T142835008038Z
a002140,E15-static_continuity_ttl1800-20260916-20260906T142835158490Z,E15,static_continuity_ttl1800,20260916,default,sensitivity,2026-09-06T14:28:35.116877+00:00,2026-09-06T14:28:35.255278+00:00,0.138,VALID,valid,,a9ff4a5e1dc0fea65b63e2b366814c1860f04110,a1d260b660c93e47a466deb9c00f26c880973356f7da4eda00cb8ec57cab044d,raw/E15-static_continuity_ttl1800-20260916-20260906T142835158490Z
a002141,E15-static_continuity_ttl1800-20260917-20260906T142835308474Z,E15,static_continuity_ttl1800,20260917,default,sensitivity,2026-09-06T14:28:35.267011+00:00,2026-09-06T14:28:35.393422+00:00,0.126,VALID,valid,,a9ff4a5e1dc0fea65b63e2b366814c1860f04110,a1d260b660c93e47a466deb9c00f26c880973356f7da4eda00cb8ec57cab044d,raw/E15-static_continuity_ttl1800-20260917-20260906T142835308474Z
a002142,E15-static_continuity_ttl1800-20260918-20260906T142835447361Z,E15,static_continuity_ttl1800,20260918,default,sensitivity,2026-09-06T14:28:35.405368+00:00,2026-09-06T14:28:35.544011+00:00,0.139,VALID,valid,,a9ff4a5e1dc0fea65b63e2b366814c1860f04110,a1d260b660c93e47a466deb9c00f26c880973356f7da4eda00cb8ec57cab044d,raw/E15-static_continuity_ttl1800-20260918-20260906T142835447361Z
a002143,E15-static_continuity_ttl1800-20260919-20260906T142835598625Z,E15,static_continuity_ttl1800,20260919,default,sensitivity,2026-09-06T14:28:35.556456+00:00,2026-09-06T14:28:35.684226+00:00,0.128,VALID,valid,,a9ff4a5e1dc0fea65b63e2b366814c1860f04110,a1d260b660c93e47a466deb9c00f26c880973356f7da4eda00cb8ec57cab044d,raw/E15-static_continuity_ttl1800-20260919-20260906T142835598625Z
a002144,E15-static_continuity_ttl1800-20260920-20260906T142835738639Z,E15,static_continuity_ttl1800,20260920,default,sensitivity,2026-09-06T14:28:35.696458+00:00,2026-09-06T14:28:35.838127+00:00,0.142,VALID,valid,,a9ff4a5e1dc0fea65b63e2b366814c1860f04110,a1d260b660c93e47a466deb9c00f26c880973356f7da4eda00cb8ec57cab044d,raw/E15-static_continuity_ttl1800-20260920-20260906T142835738639Z
a002145,E15-static_continuity_ttl1800-20260921-20260906T142835894439Z,E15,static_continuity_ttl1800,20260921,default,sensitivity,2026-09-06T14:28:35.850610+00:00,2026-09-06T14:28:35.991769+00:00,0.141,VALID,valid,,a9ff4a5e1dc0fea65b63e2b366814c1860f04110,a1d260b660c93e47a466deb9c00f26c880973356f7da4eda00cb8ec57cab044d,raw/E15-static_continuity_ttl1800-20260921-20260906T142835894439Z
a002146,E15-static_continuity_ttl1800-20260922-20260906T142836046098Z,E15,static_continuity_ttl1800,20260922,default,sensitivity,2026-09-06T14:28:36.004191+00:00,2026-09-06T14:28:36.140223+00:00,0.136,VALID,valid,,a9ff4a5e1dc0fea65b63e2b366814c1860f04110,a1d260b660c93e47a466deb9c00f26c880973356f7da4eda00cb8ec57cab044d,raw/E15-static_continuity_ttl1800-20260922-20260906T142836046098Z
a002147,E15-static_continuity_ttl1800-20260923-20260906T142836195440Z,E15,static_continuity_ttl1800,20260923,default,sensitivity,2026-09-06T14:28:36.152144+00:00,2026-09-06T14:28:36.285505+00:00,0.133,VALID,valid,,a9ff4a5e1dc0fea65b63e2b366814c1860f04110,a1d260b660c93e47a466deb9c00f26c880973356f7da4eda00cb8ec57cab044d,raw/E15-static_continuity_ttl1800-20260923-20260906T142836195440Z
a002148,E15-static_continuity_ttl1800-20260924-20260906T142836338878Z,E15,static_continuity_ttl1800,20260924,default,sensitivity,2026-09-06T14:28:36.297400+00:00,2026-09-06T14:28:36.423951+00:00,0.127,VALID,valid,,a9ff4a5e1dc0fea65b63e2b366814c1860f04110,a1d260b660c93e47a466deb9c00f26c880973356f7da4eda00cb8ec57cab044d,raw/E15-static_continuity_ttl1800-20260924-20260906T142836338878Z
a002149,E15-static_continuity_ttl1800-20260925-20260906T142836477116Z,E15,static_continuity_ttl1800,20260925,default,sensitivity,2026-09-06T14:28:36.435632+00:00,2026-09-06T14:28:36.561827+00:00,0.126,VALID,valid,,a9ff4a5e1dc0fea65b63e2b366814c1860f04110,a1d260b660c93e47a466deb9c00f26c880973356f7da4eda00cb8ec57cab044d,raw/E15-static_continuity_ttl1800-20260925-20260906T142836477116Z
a002150,E15-static_continuity_ttl1800-20260926-20260906T142836615055Z,E15,static_continuity_ttl1800,20260926,default,sensitivity,2026-09-06T14:28:36.573448+00:00,2026-09-06T14:28:36.713529+00:00,0.14,VALID,valid,,a9ff4a5e1dc0fea65b63e2b366814c1860f04110,a1d260b660c93e47a466deb9c00f26c880973356f7da4eda00cb8ec57cab044d,raw/E15-static_continuity_ttl1800-20260926-20260906T142836615055Z
a002151,E15-static_continuity_ttl1800-20260927-20260906T142836767549Z,E15,static_continuity_ttl1800,20260927,default,sensitivity,2026-09-06T14:28:36.725361+00:00,2026-09-06T14:28:36.866558+00:00,0.141,VALID,valid,,a9ff4a5e1dc0fea65b63e2b366814c1860f04110,a1d260b660c93e47a466deb9c00f26c880973356f7da4eda00cb8ec57cab044d,raw/E15-static_continuity_ttl1800-20260927-20260906T142836767549Z
a002152,E15-static_continuity_ttl1800-20260928-20260906T142836920577Z,E15,static_continuity_ttl1800,20260928,default,sensitivity,2026-09-06T14:28:36.878153+00:00,2026-09-06T14:28:37.023027+00:00,0.145,VALID,valid,,a9ff4a5e1dc0fea65b63e2b366814c1860f04110,a1d260b660c93e47a466deb9c00f26c880973356f7da4eda00cb8ec57cab044d,raw/E15-static_continuity_ttl1800-20260928-20260906T142836920577Z
a002153,E15-static_continuity_ttl1800-20260929-20260906T142837076169Z,E15,static_continuity_ttl1800,20260929,default,sensitivity,2026-09-06T14:28:37.034778+00:00,2026-09-06T14:28:37.162609+00:00,0.128,VALID,valid,,a9ff4a5e1dc0fea65b63e2b366814c1860f04110,a1d260b660c93e47a466deb9c00f26c880973356f7da4eda00cb8ec57cab044d,raw/E15-static_continuity_ttl1800-20260929-20260906T142837076169Z
a002154,E15-static_continuity_ttl1800-20260930-20260906T142837216414Z,E15,static_continuity_ttl1800,20260930,default,sensitivity,2026-09-06T14:28:37.174223+00:00,2026-09-06T14:28:37.310439+00:00,0.136,VALID,valid,,a9ff4a5e1dc0fea65b63e2b366814c1860f04110,a1d260b660c93e47a466deb9c00f26c880973356f7da4eda00cb8ec57cab044d,raw/E15-static_continuity_ttl1800-20260930-20260906T142837216414Z
a002155,E15-static_continuity_ttl1800-20260931-20260906T142837363521Z,E15,static_continuity_ttl1800,20260931,default,sensitivity,2026-09-06T14:28:37.322113+00:00,2026-09-06T14:28:37.460309+00:00,0.138,VALID,valid,,a9ff4a5e1dc0fea65b63e2b366814c1860f04110,a1d260b660c93e47a466deb9c00f26c880973356f7da4eda00cb8ec57cab044d,raw/E15-static_continuity_ttl1800-20260931-20260906T142837363521Z
a002156,E15-static_continuity_ttl1800-20260932-20260906T142837515087Z,E15,static_continuity_ttl1800,20260932,default,sensitivity,2026-09-06T14:28:37.471677+00:00,2026-09-06T14:28:37.607786+00:00,0.136,VALID,valid,,a9ff4a5e1dc0fea65b63e2b366814c1860f04110,a1d260b660c93e47a466deb9c00f26c880973356f7da4eda00cb8ec57cab044d,raw/E15-static_continuity_ttl1800-20260932-20260906T142837515087Z
a002157,E15-static_continuity_ttl1800-20260933-20260906T142837662418Z,E15,static_continuity_ttl1800,20260933,default,sensitivity,2026-09-06T14:28:37.619925+00:00,2026-09-06T14:28:37.756898+00:00,0.137,VALID,valid,,a9ff4a5e1dc0fea65b63e2b366814c1860f04110,a1d260b660c93e47a466deb9c00f26c880973356f7da4eda00cb8ec57cab044d,raw/E15-static_continuity_ttl1800-20260933-20260906T142837662418Z
a002158,E15-static_continuity_ttl1800-20260934-20260906T142837810422Z,E15,static_continuity_ttl1800,20260934,default,sensitivity,2026-09-06T14:28:37.768494+00:00,2026-09-06T14:28:37.913844+00:00,0.145,VALID,valid,,a9ff4a5e1dc0fea65b63e2b366814c1860f04110,a1d260b660c93e47a466deb9c00f26c880973356f7da4eda00cb8ec57cab044d,raw/E15-static_continuity_ttl1800-20260934-20260906T142837810422Z
a002159,E15-static_continuity_ttl1800-20260935-20260906T142837968498Z,E15,static_continuity_ttl1800,20260935,default,sensitivity,2026-09-06T14:28:37.926075+00:00,2026-09-06T14:28:38.065673+00:00,0.14,VALID,valid,,a9ff4a5e1dc0fea65b63e2b366814c1860f04110,a1d260b660c93e47a466deb9c00f26c880973356f7da4eda00cb8ec57cab044d,raw/E15-static_continuity_ttl1800-20260935-20260906T142837968498Z
a002160,E15-static_continuity_ttl1800-20260936-20260906T142838118826Z,E15,static_continuity_ttl1800,20260936,default,sensitivity,2026-09-06T14:28:38.077484+00:00,2026-09-06T14:28:38.196836+00:00,0.119,VALID,valid,,a9ff4a5e1dc0fea65b63e2b366814c1860f04110,a1d260b660c93e47a466deb9c00f26c880973356f7da4eda00cb8ec57cab044d,raw/E15-static_continuity_ttl1800-20260936-20260906T142838118826Z
