attempt_id,run_id,scenario,strategy,seed,condition,campaign,start,end,duration_s,status,validity,reason,git_sha,config_hash,result_path
a000001,E01-independent-20260907-20260906T135622612194Z,E01,independent,20260907,default,primary,2026-09-06T13:56:22.574199+00:00,2026-09-06T13:56:22.713936+00:00,0.14,VALID,valid,,1b2dd830befbb58e3949b03deca6592ca395cd7b,a1d260b660c93e47a466deb9c00f26c880973356f7da4eda00cb8ec57cab044d,raw/E01-independent-20260907-20260906T135622612194Z
a000002,E01-independent-20260908-20260906T135622763319Z,E01,independent,20260908,default,primary,2026-09-06T13:56:22.726472+00:00,2026-09-06T13:56:22.846686+00:00,0.12,VALID,valid,,1b2dd830befbb58e3949b03deca6592ca395cd7b,a1d260b660c93e47a466deb9c00f26c880973356f7da4eda00cb8ec57cab044d,raw/E01-independent-20260908-20260906T135622763319Z
a000003,E01-independent-20260909-20260906T135622896236Z,E01,independent,20260909,default,primary,2026-09-06T13:56:22.858818+00:00,2026-09-06T13:56:22.981562+00:00,0.123,VALID,valid,,1b2dd830befbb58e3949b03deca6592ca395cd7b,a1d260b660c93e47a466deb9c00f26c880973356f7da4eda00cb8ec57cab044d,raw/E01-independent-20260909-20260906T135622896236Z
a000004,E01-independent-20260910-20260906T135623031216Z,E01,independent,20260910,default,primary,2026-09-06T13:56:22.994464+00:00,2026-09-06T13:56:23.107940+00:00,0.113,VALID,valid,,1b2dd830befbb58e3949b03deca6592ca395cd7b,a1d260b660c93e47a466deb9c00f26c880973356f7da4eda00cb8ec57cab044d,raw/E01-independent-20260910-20260906T135623031216Z
a000005,E01-independent-20260911-20260906T135623158563Z,E01,independent,20260911,default,primary,2026-09-06T13:56:23.120644+00:00,2026-09-06T13:56:23.244218+00:00,0.124,VALID,valid,,1b2dd830befbb58e3949b03deca6592ca395cd7b,a1d260b660c93e47a466deb9c00f26c880973356f7da4eda00cb8ec57cab044d,raw/E01-independent-20260911-20260906T135623158563Z
a000006,E01-independent-20260912-20260906T135623292980Z,E01,independent,20260912,default,primary,2026-09-06T13:56:23.257123+00:00,2026-09-06T13:56:23.386150+00:00,0.129,VALID,valid,,1b2dd830befbb58e3949b03deca6592ca395cd7b,a1d260b660c93e47a466deb9c00f26c880973356f7da4eda00cb8ec57cab044d,raw/E01-independent-20260912-20260906T135623292980Z
a000007,E01-independent-20260913-20260906T135623435107Z,E01,independent,20260913,default,primary,2026-09-06T13:56:23.399396+00:00,2026-09-06T13:56:23.511327+00:00,0.112,VALID,valid,,1b2dd830befbb58e3949b03deca6592ca395cd7b,a1d260b660c93e47a466deb9c00f26c880973356f7da4eda00cb8ec57cab044d,raw/E01-independent-20260913-20260906T135623435107Z
a000008,E01-independent-20260914-20260906T135623564113Z,E01,independent,20260914,default,primary,2026-09-06T13:56:23.525335+00:00,2026-09-06T13:56:23.643208+00:00,0.118,VALID,valid,,1b2dd830befbb58e3949b03deca6592ca395cd7b,a1d260b660c93e47a466deb9c00f26c880973356f7da4eda00cb8ec57cab044d,raw/E01-independent-20260914-20260906T135623564113Z
a000009,E01-independent-20260915-20260906T135623734170Z,E01,independent,20260915,default,primary,2026-09-06T13:56:23.655970+00:00,2026-09-06T13:56:23.827470+00:00,0.171,VALID,valid,,1b2dd830befbb58e3949b03deca6592ca395cd7b,a1d260b660c93e47a466deb9c00f26c880973356f7da4eda00cb8ec57cab044d,raw/E01-independent-20260915-20260906T135623734170Z
a000010,E01-independent-20260916-20260906T135623879667Z,E01,independent,20260916,default,primary,2026-09-06T13:56:23.840463+00:00,2026-09-06T13:56:23.964550+00:00,0.124,VALID,valid,,1b2dd830befbb58e3949b03deca6592ca395cd7b,a1d260b660c93e47a466deb9c00f26c880973356f7da4eda00cb8ec57cab044d,raw/E01-independent-20260916-20260906T135623879667Z
a000011,E01-independent-20260917-20260906T135624012817Z,E01,independent,20260917,default,primary,2026-09-06T13:56:23.976765+00:00,2026-09-06T13:56:24.094124+00:00,0.117,VALID,valid,,1b2dd830befbb58e3949b03deca6592ca395cd7b,a1d260b660c93e47a466deb9c00f26c880973356f7da4eda00cb8ec57cab044d,raw/E01-independent-20260917-20260906T135624012817Z
a000012,E01-independent-20260918-20260906T135624143008Z,E01,independent,20260918,default,primary,2026-09-06T13:56:24.107731+00:00,2026-09-06T13:56:24.227269+00:00,0.12,VALID,valid,,1b2dd830befbb58e3949b03deca6592ca395cd7b,a1d260b660c93e47a466deb9c00f26c880973356f7da4eda00cb8ec57cab044d,raw/E01-independent-20260918-20260906T135624143008Z
a000013,E01-independent-20260919-20260906T135624273600Z,E01,independent,20260919,default,primary,2026-09-06T13:56:24.239479+00:00,2026-09-06T13:56:24.363649+00:00,0.124,VALID,valid,,1b2dd830befbb58e3949b03deca6592ca395cd7b,a1d260b660c93e47a466deb9c00f26c880973356f7da4eda00cb8ec57cab044d,raw/E01-independent-20260919-20260906T135624273600Z
a000014,E01-independent-20260920-20260906T135624411071Z,E01,independent,20260920,default,primary,2026-09-06T13:56:24.376451+00:00,2026-09-06T13:56:24.499411+00:00,0.123,VALID,valid,,1b2dd830befbb58e3949b03deca6592ca395cd7b,a1d260b660c93e47a466deb9c00f26c880973356f7da4eda00cb8ec57cab044d,raw/E01-independent-20260920-20260906T135624411071Z
a000015,E01-independent-20260921-20260906T135624549869Z,E01,independent,20260921,default,primary,2026-09-06T13:56:24.513320+00:00,2026-09-06T13:56:24.638749+00:00,0.125,VALID,valid,,1b2dd830befbb58e3949b03deca6592ca395cd7b,a1d260b660c93e47a466deb9c00f26c880973356f7da4eda00cb8ec57cab044d,raw/E01-independent-20260921-20260906T135624549869Z
a000016,E01-independent-20260922-20260906T135624686649Z,E01,independent,20260922,default,primary,2026-09-06T13:56:24.651473+00:00,2026-09-06T13:56:24.770262+00:00,0.119,VALID,valid,,1b2dd830befbb58e3949b03deca6592ca395cd7b,a1d260b660c93e47a466deb9c00f26c880973356f7da4eda00cb8ec57cab044d,raw/E01-independent-20260922-20260906T135624686649Z
a000017,E01-independent-20260923-20260906T135624818139Z,E01,independent,20260923,default,primary,2026-09-06T13:56:24.782710+00:00,2026-09-06T13:56:24.888137+00:00,0.105,VALID,valid,,1b2dd830befbb58e3949b03deca6592ca395cd7b,a1d260b660c93e47a466deb9c00f26c880973356f7da4eda00cb8ec57cab044d,raw/E01-independent-20260923-20260906T135624818139Z
a000018,E01-independent-20260924-20260906T135624936229Z,E01,independent,20260924,default,primary,2026-09-06T13:56:24.901501+00:00,2026-09-06T13:56:25.021363+00:00,0.12,VALID,valid,,1b2dd830befbb58e3949b03deca6592ca395cd7b,a1d260b660c93e47a466deb9c00f26c880973356f7da4eda00cb8ec57cab044d,raw/E01-independent-20260924-20260906T135624936229Z
a000019,E01-independent-20260925-20260906T135625068039Z,E01,independent,20260925,default,primary,2026-09-06T13:56:25.033849+00:00,2026-09-06T13:56:25.154277+00:00,0.12,VALID,valid,,1b2dd830befbb58e3949b03deca6592ca395cd7b,a1d260b660c93e47a466deb9c00f26c880973356f7da4eda00cb8ec57cab044d,raw/E01-independent-20260925-20260906T135625068039Z
a000020,E01-independent-20260926-20260906T135625203257Z,E01,independent,20260926,default,primary,2026-09-06T13:56:25.166958+00:00,2026-09-06T13:56:25.290792+00:00,0.124,VALID,valid,,1b2dd830befbb58e3949b03deca6592ca395cd7b,a1d260b660c93e47a466deb9c00f26c880973356f7da4eda00cb8ec57cab044d,raw/E01-independent-20260926-20260906T135625203257Z
a000021,E01-independent-20260927-20260906T135625339114Z,E01,independent,20260927,default,primary,2026-09-06T13:56:25.304481+00:00,2026-09-06T13:56:25.424896+00:00,0.12,VALID,valid,,1b2dd830befbb58e3949b03deca6592ca395cd7b,a1d260b660c93e47a466deb9c00f26c880973356f7da4eda00cb8ec57cab044d,raw/E01-independent-20260927-20260906T135625339114Z
a000022,E01-independent-20260928-20260906T135625473100Z,E01,independent,20260928,default,primary,2026-09-06T13:56:25.437984+00:00,2026-09-06T13:56:25.559230+00:00,0.121,VALID,valid,,1b2dd830befbb58e3949b03deca6592ca395cd7b,a1d260b660c93e47a466deb9c00f26c880973356f7da4eda00cb8ec57cab044d,raw/E01-independent-20260928-20260906T135625473100Z
a000023,E01-independent-20260929-20260906T135625612638Z,E01,independent,20260929,default,primary,2026-09-06T13:56:25.574060+00:00,2026-09-06T13:56:25.691763+00:00,0.118,VALID,valid,,1b2dd830befbb58e3949b03deca6592ca395cd7b,a1d260b660c93e47a466deb9c00f26c880973356f7da4eda00cb8ec57cab044d,raw/E01-independent-20260929-20260906T135625612638Z
a000024,E01-independent-20260930-20260906T135625753126Z,E01,independent,20260930,default,primary,2026-09-06T13:56:25.714005+00:00,2026-09-06T13:56:25.847574+00:00,0.134,VALID,valid,,1b2dd830befbb58e3949b03deca6592ca395cd7b,a1d260b660c93e47a466deb9c00f26c880973356f7da4eda00cb8ec57cab044d,raw/E01-independent-20260930-20260906T135625753126Z
a000025,E01-independent-20260931-20260906T135625896766Z,E01,independent,20260931,default,primary,2026-09-06T13:56:25.860879+00:00,2026-09-06T13:56:25.985515+00:00,0.125,VALID,valid,,1b2dd830befbb58e3949b03deca6592ca395cd7b,a1d260b660c93e47a466deb9c00f26c880973356f7da4eda00cb8ec57cab044d,raw/E01-independent-20260931-20260906T135625896766Z
a000026,E01-independent-20260932-20260906T135626034549Z,E01,independent,20260932,default,primary,2026-09-06T13:56:25.999123+00:00,2026-09-06T13:56:26.116829+00:00,0.118,VALID,valid,,1b2dd830befbb58e3949b03deca6592ca395cd7b,a1d260b660c93e47a466deb9c00f26c880973356f7da4eda00cb8ec57cab044d,raw/E01-independent-20260932-20260906T135626034549Z
a000027,E01-independent-20260933-20260906T135626164129Z,E01,independent,20260933,default,primary,2026-09-06T13:56:26.129592+00:00,2026-09-06T13:56:26.244414+00:00,0.115,VALID,valid,,1b2dd830befbb58e3949b03deca6592ca395cd7b,a1d260b660c93e47a466deb9c00f26c880973356f7da4eda00cb8ec57cab044d,raw/E01-independent-20260933-20260906T135626164129Z
a000028,E01-independent-20260934-20260906T135626294406Z,E01,independent,20260934,default,primary,2026-09-06T13:56:26.257096+00:00,2026-09-06T13:56:26.389562+00:00,0.132,VALID,valid,,1b2dd830befbb58e3949b03deca6592ca395cd7b,a1d260b660c93e47a466deb9c00f26c880973356f7da4eda00cb8ec57cab044d,raw/E01-independent-20260934-20260906T135626294406Z
a000029,E01-independent-20260935-20260906T135626440915Z,E01,independent,20260935,default,primary,2026-09-06T13:56:26.403668+00:00,2026-09-06T13:56:26.512252+00:00,0.109,VALID,valid,,1b2dd830befbb58e3949b03deca6592ca395cd7b,a1d260b660c93e47a466deb9c00f26c880973356f7da4eda00cb8ec57cab044d,raw/E01-independent-20260935-20260906T135626440915Z
a000030,E01-independent-20260936-20260906T135626562776Z,E01,independent,20260936,default,primary,2026-09-06T13:56:26.526179+00:00,2026-09-06T13:56:26.656877+00:00,0.131,VALID,valid,,1b2dd830befbb58e3949b03deca6592ca395cd7b,a1d260b660c93e47a466deb9c00f26c880973356f7da4eda00cb8ec57cab044d,raw/E01-independent-20260936-20260906T135626562776Z
a000031,E01-static_continuity-20260907-20260906T135626707341Z,E01,static_continuity,20260907,default,primary,2026-09-06T13:56:26.670918+00:00,2026-09-06T13:56:26.784231+00:00,0.113,VALID,valid,,1b2dd830befbb58e3949b03deca6592ca395cd7b,a1d260b660c93e47a466deb9c00f26c880973356f7da4eda00cb8ec57cab044d,raw/E01-static_continuity-20260907-20260906T135626707341Z
a000032,E01-static_continuity-20260908-20260906T135626836523Z,E01,static_continuity,20260908,default,primary,2026-09-06T13:56:26.798166+00:00,2026-09-06T13:56:26.930861+00:00,0.133,VALID,valid,,1b2dd830befbb58e3949b03deca6592ca395cd7b,a1d260b660c93e47a466deb9c00f26c880973356f7da4eda00cb8ec57cab044d,raw/E01-static_continuity-20260908-20260906T135626836523Z
a000033,E01-static_continuity-20260909-20260906T135626982652Z,E01,static_continuity,20260909,default,primary,2026-09-06T13:56:26.943604+00:00,2026-09-06T13:56:27.070762+00:00,0.127,VALID,valid,,1b2dd830befbb58e3949b03deca6592ca395cd7b,a1d260b660c93e47a466deb9c00f26c880973356f7da4eda00cb8ec57cab044d,raw/E01-static_continuity-20260909-20260906T135626982652Z
a000034,E01-static_continuity-20260910-20260906T135627122459Z,E01,static_continuity,20260910,default,primary,2026-09-06T13:56:27.084620+00:00,2026-09-06T13:56:27.208307+00:00,0.124,VALID,valid,,1b2dd830befbb58e3949b03deca6592ca395cd7b,a1d260b660c93e47a466deb9c00f26c880973356f7da4eda00cb8ec57cab044d,raw/E01-static_continuity-20260910-20260906T135627122459Z
a000035,E01-static_continuity-20260911-20260906T135627266598Z,E01,static_continuity,20260911,default,primary,2026-09-06T13:56:27.221632+00:00,2026-09-06T13:56:27.373080+00:00,0.151,VALID,valid,,1b2dd830befbb58e3949b03deca6592ca395cd7b,a1d260b660c93e47a466deb9c00f26c880973356f7da4eda00cb8ec57cab044d,raw/E01-static_continuity-20260911-20260906T135627266598Z
a000036,E01-static_continuity-20260912-20260906T135627424001Z,E01,static_continuity,20260912,default,primary,2026-09-06T13:56:27.385615+00:00,2026-09-06T13:56:27.515509+00:00,0.13,VALID,valid,,1b2dd830befbb58e3949b03deca6592ca395cd7b,a1d260b660c93e47a466deb9c00f26c880973356f7da4eda00cb8ec57cab044d,raw/E01-static_continuity-20260912-20260906T135627424001Z
a000037,E01-static_continuity-20260913-20260906T135627567019Z,E01,static_continuity,20260913,default,primary,2026-09-06T13:56:27.530089+00:00,2026-09-06T13:56:27.656875+00:00,0.127,VALID,valid,,1b2dd830befbb58e3949b03deca6592ca395cd7b,a1d260b660c93e47a466deb9c00f26c880973356f7da4eda00cb8ec57cab044d,raw/E01-static_continuity-20260913-20260906T135627567019Z
a000038,E01-static_continuity-20260914-20260906T135627707485Z,E01,static_continuity,20260914,default,primary,2026-09-06T13:56:27.670162+00:00,2026-09-06T13:56:27.794754+00:00,0.125,VALID,valid,,1b2dd830befbb58e3949b03deca6592ca395cd7b,a1d260b660c93e47a466deb9c00f26c880973356f7da4eda00cb8ec57cab044d,raw/E01-static_continuity-20260914-20260906T135627707485Z
a000039,E01-static_continuity-20260915-20260906T135627852815Z,E01,static_continuity,20260915,default,primary,2026-09-06T13:56:27.808915+00:00,2026-09-06T13:56:27.961641+00:00,0.153,VALID,valid,,1b2dd830befbb58e3949b03deca6592ca395cd7b,a1d260b660c93e47a466deb9c00f26c880973356f7da4eda00cb8ec57cab044d,raw/E01-static_continuity-20260915-20260906T135627852815Z
a000040,E01-static_continuity-20260916-20260906T135628011980Z,E01,static_continuity,20260916,default,primary,2026-09-06T13:56:27.974787+00:00,2026-09-06T13:56:28.099973+00:00,0.125,VALID,valid,,1b2dd830befbb58e3949b03deca6592ca395cd7b,a1d260b660c93e47a466deb9c00f26c880973356f7da4eda00cb8ec57cab044d,raw/E01-static_continuity-20260916-20260906T135628011980Z
a000041,E01-static_continuity-20260917-20260906T135628148900Z,E01,static_continuity,20260917,default,primary,2026-09-06T13:56:28.113856+00:00,2026-09-06T13:56:28.232369+00:00,0.119,VALID,valid,,1b2dd830befbb58e3949b03deca6592ca395cd7b,a1d260b660c93e47a466deb9c00f26c880973356f7da4eda00cb8ec57cab044d,raw/E01-static_continuity-20260917-20260906T135628148900Z
a000042,E01-static_continuity-20260918-20260906T135628281314Z,E01,static_continuity,20260918,default,primary,2026-09-06T13:56:28.245095+00:00,2026-09-06T13:56:28.354651+00:00,0.11,VALID,valid,,1b2dd830befbb58e3949b03deca6592ca395cd7b,a1d260b660c93e47a466deb9c00f26c880973356f7da4eda00cb8ec57cab044d,raw/E01-static_continuity-20260918-20260906T135628281314Z
a000043,E01-static_continuity-20260919-20260906T135628402318Z,E01,static_continuity,20260919,default,primary,2026-09-06T13:56:28.366919+00:00,2026-09-06T13:56:28.400998+00:00,0.174,VALID,valid,,1b2dd830befbb58e3949b03deca6592ca395cd7b,a1d260b660c93e47a466deb9c00f26c880973356f7da4eda00cb8ec57cab044d,raw/E01-static_continuity-20260919-20260906T135628402318Z
a000044,E01-static_continuity-20260920-20260906T135628449339Z,E01,static_continuity,20260920,default,primary,2026-09-06T13:56:28.414431+00:00,2026-09-06T13:56:28.537483+00:00,0.123,VALID,valid,,1b2dd830befbb58e3949b03deca6592ca395cd7b,a1d260b660c93e47a466deb9c00f26c880973356f7da4eda00cb8ec57cab044d,raw/E01-static_continuity-20260920-20260906T135628449339Z
a000045,E01-static_continuity-20260921-20260906T135628585927Z,E01,static_continuity,20260921,default,primary,2026-09-06T13:56:28.549816+00:00,2026-09-06T13:56:28.667727+00:00,0.118,VALID,valid,,1b2dd830befbb58e3949b03deca6592ca395cd7b,a1d260b660c93e47a466deb9c00f26c880973356f7da4eda00cb8ec57cab044d,raw/E01-static_continuity-20260921-20260906T135628585927Z
a000046,E01-static_continuity-20260922-20260906T135628715889Z,E01,static_continuity,20260922,default,primary,2026-09-06T13:56:28.680598+00:00,2026-09-06T13:56:28.799938+00:00,0.119,VALID,valid,,1b2dd830befbb58e3949b03deca6592ca395cd7b,a1d260b660c93e47a466deb9c00f26c880973356f7da4eda00cb8ec57cab044d,raw/E01-static_continuity-20260922-20260906T135628715889Z
a000047,E01-static_continuity-20260923-20260906T135628847916Z,E01,static_continuity,20260923,default,primary,2026-09-06T13:56:28.813096+00:00,2026-09-06T13:56:28.931507+00:00,0.118,VALID,valid,,1b2dd830befbb58e3949b03deca6592ca395cd7b,a1d260b660c93e47a466deb9c00f26c880973356f7da4eda00cb8ec57cab044d,raw/E01-static_continuity-20260923-20260906T135628847916Z
a000048,E01-static_continuity-20260924-20260906T135628978736Z,E01,static_continuity,20260924,default,primary,2026-09-06T13:56:28.943759+00:00,2026-09-06T13:56:29.061857+00:00,0.118,VALID,valid,,1b2dd830befbb58e3949b03deca6592ca395cd7b,a1d260b660c93e47a466deb9c00f26c880973356f7da4eda00cb8ec57cab044d,raw/E01-static_continuity-20260924-20260906T135628978736Z
a000049,E01-static_continuity-20260925-20260906T135629110916Z,E01,static_continuity,20260925,default,primary,2026-09-06T13:56:29.075383+00:00,2026-09-06T13:56:29.199910+00:00,0.125,VALID,valid,,1b2dd830befbb58e3949b03deca6592ca395cd7b,a1d260b660c93e47a466deb9c00f26c880973356f7da4eda00cb8ec57cab044d,raw/E01-static_continuity-20260925-20260906T135629110916Z
a000050,E01-static_continuity-20260926-20260906T135629252627Z,E01,static_continuity,20260926,default,primary,2026-09-06T13:56:29.212994+00:00,2026-09-06T13:56:29.342701+00:00,0.13,VALID,valid,,1b2dd830befbb58e3949b03deca6592ca395cd7b,a1d260b660c93e47a466deb9c00f26c880973356f7da4eda00cb8ec57cab044d,raw/E01-static_continuity-20260926-20260906T135629252627Z
a000051,E01-static_continuity-20260927-20260906T135629391775Z,E01,static_continuity,20260927,default,primary,2026-09-06T13:56:29.355058+00:00,2026-09-06T13:56:29.481061+00:00,0.126,VALID,valid,,1b2dd830befbb58e3949b03deca6592ca395cd7b,a1d260b660c93e47a466deb9c00f26c880973356f7da4eda00cb8ec57cab044d,raw/E01-static_continuity-20260927-20260906T135629391775Z
a000052,E01-static_continuity-20260928-20260906T135629531296Z,E01,static_continuity,20260928,default,primary,2026-09-06T13:56:29.495164+00:00,2026-09-06T13:56:29.616210+00:00,0.121,VALID,valid,,1b2dd830befbb58e3949b03deca6592ca395cd7b,a1d260b660c93e47a466deb9c00f26c880973356f7da4eda00cb8ec57cab044d,raw/E01-static_continuity-20260928-20260906T135629531296Z
a000053,E01-static_continuity-20260929-20260906T135629666947Z,E01,static_continuity,20260929,default,primary,2026-09-06T13:56:29.629429+00:00,2026-09-06T13:56:29.745271+00:00,0.116,VALID,valid,,1b2dd830befbb58e3949b03deca6592ca395cd7b,a1d260b660c93e47a466deb9c00f26c880973356f7da4eda00cb8ec57cab044d,raw/E01-static_continuity-20260929-20260906T135629666947Z
a000054,E01-static_continuity-20260930-20260906T135629793251Z,E01,static_continuity,20260930,default,primary,2026-09-06T13:56:29.758731+00:00,2026-09-06T13:56:29.879689+00:00,0.121,VALID,valid,,1b2dd830befbb58e3949b03deca6592ca395cd7b,a1d260b660c93e47a466deb9c00f26c880973356f7da4eda00cb8ec57cab044d,raw/E01-static_continuity-20260930-20260906T135629793251Z
a000055,E01-static_continuity-20260931-20260906T135629926641Z,E01,static_continuity,20260931,default,primary,2026-09-06T13:56:29.892007+00:00,2026-09-06T13:56:30.013424+00:00,0.121,VALID,valid,,1b2dd830befbb58e3949b03deca6592ca395cd7b,a1d260b660c93e47a466deb9c00f26c880973356f7da4eda00cb8ec57cab044d,raw/E01-static_continuity-20260931-20260906T135629926641Z
a000056,E01-static_continuity-20260932-20260906T135630061057Z,E01,static_continuity,20260932,default,primary,2026-09-06T13:56:30.026374+00:00,2026-09-06T13:56:30.139166+00:00,0.113,VALID,valid,,1b2dd830befbb58e3949b03deca6592ca395cd7b,a1d260b660c93e47a466deb9c00f26c880973356f7da4eda00cb8ec57cab044d,raw/E01-static_continuity-20260932-20260906T135630061057Z
a000057,E01-static_continuity-20260933-20260906T135630190821Z,E01,static_continuity,20260933,default,primary,2026-09-06T13:56:30.154728+00:00,2026-09-06T13:56:30.277638+00:00,0.123,VALID,valid,,1b2dd830befbb58e3949b03deca6592ca395cd7b,a1d260b660c93e47a466deb9c00f26c880973356f7da4eda00cb8ec57cab044d,raw/E01-static_continuity-20260933-20260906T135630190821Z
a000058,E01-static_continuity-20260934-20260906T135630327446Z,E01,static_continuity,20260934,default,primary,2026-09-06T13:56:30.291356+00:00,2026-09-06T13:56:30.415176+00:00,0.124,VALID,valid,,1b2dd830befbb58e3949b03deca6592ca395cd7b,a1d260b660c93e47a466deb9c00f26c880973356f7da4eda00cb8ec57cab044d,raw/E01-static_continuity-20260934-20260906T135630327446Z
a000059,E01-static_continuity-20260935-20260906T135630463563Z,E01,static_continuity,20260935,default,primary,2026-09-06T13:56:30.428518+00:00,2026-09-06T13:56:30.572921+00:00,0.144,VALID,valid,,1b2dd830befbb58e3949b03deca6592ca395cd7b,a1d260b660c93e47a466deb9c00f26c880973356f7da4eda00cb8ec57cab044d,raw/E01-static_continuity-20260935-20260906T135630463563Z
a000060,E01-static_continuity-20260936-20260906T135630622098Z,E01,static_continuity,20260936,default,primary,2026-09-06T13:56:30.586589+00:00,2026-09-06T13:56:30.704124+00:00,0.118,VALID,valid,,1b2dd830befbb58e3949b03deca6592ca395cd7b,a1d260b660c93e47a466deb9c00f26c880973356f7da4eda00cb8ec57cab044d,raw/E01-static_continuity-20260936-20260906T135630622098Z
a000061,E01-ca_ztcf-20260907-20260906T135630751739Z,E01,ca_ztcf,20260907,default,primary,2026-09-06T13:56:30.716558+00:00,2026-09-06T13:56:30.837763+00:00,0.121,VALID,valid,,1b2dd830befbb58e3949b03deca6592ca395cd7b,a1d260b660c93e47a466deb9c00f26c880973356f7da4eda00cb8ec57cab044d,raw/E01-ca_ztcf-20260907-20260906T135630751739Z
a000062,E01-ca_ztcf-20260908-20260906T135630884713Z,E01,ca_ztcf,20260908,default,primary,2026-09-06T13:56:30.850041+00:00,2026-09-06T13:56:30.968969+00:00,0.119,VALID,valid,,1b2dd830befbb58e3949b03deca6592ca395cd7b,a1d260b660c93e47a466deb9c00f26c880973356f7da4eda00cb8ec57cab044d,raw/E01-ca_ztcf-20260908-20260906T135630884713Z
a000063,E01-ca_ztcf-20260909-20260906T135631016580Z,E01,ca_ztcf,20260909,default,primary,2026-09-06T13:56:30.981994+00:00,2026-09-06T13:56:31.102465+00:00,0.12,VALID,valid,,1b2dd830befbb58e3949b03deca6592ca395cd7b,a1d260b660c93e47a466deb9c00f26c880973356f7da4eda00cb8ec57cab044d,raw/E01-ca_ztcf-20260909-20260906T135631016580Z
a000064,E01-ca_ztcf-20260910-20260906T135631150021Z,E01,ca_ztcf,20260910,default,primary,2026-09-06T13:56:31.115545+00:00,2026-09-06T13:56:31.234396+00:00,0.119,VALID,valid,,1b2dd830befbb58e3949b03deca6592ca395cd7b,a1d260b660c93e47a466deb9c00f26c880973356f7da4eda00cb8ec57cab044d,raw/E01-ca_ztcf-20260910-20260906T135631150021Z
a000065,E01-ca_ztcf-20260911-20260906T135631283385Z,E01,ca_ztcf,20260911,default,primary,2026-09-06T13:56:31.246599+00:00,2026-09-06T13:56:31.371697+00:00,0.125,VALID,valid,,1b2dd830befbb58e3949b03deca6592ca395cd7b,a1d260b660c93e47a466deb9c00f26c880973356f7da4eda00cb8ec57cab044d,raw/E01-ca_ztcf-20260911-20260906T135631283385Z
a000066,E01-ca_ztcf-20260912-20260906T135631421370Z,E01,ca_ztcf,20260912,default,primary,2026-09-06T13:56:31.385257+00:00,2026-09-06T13:56:31.510301+00:00,0.125,VALID,valid,,1b2dd830befbb58e3949b03deca6592ca395cd7b,a1d260b660c93e47a466deb9c00f26c880973356f7da4eda00cb8ec57cab044d,raw/E01-ca_ztcf-20260912-20260906T135631421370Z
a000067,E01-ca_ztcf-20260913-20260906T135631558142Z,E01,ca_ztcf,20260913,default,primary,2026-09-06T13:56:31.523456+00:00,2026-09-06T13:56:31.645566+00:00,0.122,VALID,valid,,1b2dd830befbb58e3949b03deca6592ca395cd7b,a1d260b660c93e47a466deb9c00f26c880973356f7da4eda00cb8ec57cab044d,raw/E01-ca_ztcf-20260913-20260906T135631558142Z
a000068,E01-ca_ztcf-20260914-20260906T135631694320Z,E01,ca_ztcf,20260914,default,primary,2026-09-06T13:56:31.658440+00:00,2026-09-06T13:56:31.779923+00:00,0.121,VALID,valid,,1b2dd830befbb58e3949b03deca6592ca395cd7b,a1d260b660c93e47a466deb9c00f26c880973356f7da4eda00cb8ec57cab044d,raw/E01-ca_ztcf-20260914-20260906T135631694320Z
a000069,E01-ca_ztcf-20260915-20260906T135631828174Z,E01,ca_ztcf,20260915,default,primary,2026-09-06T13:56:31.792234+00:00,2026-09-06T13:56:31.918635+00:00,0.126,VALID,valid,,1b2dd830befbb58e3949b03deca6592ca395cd7b,a1d260b660c93e47a466deb9c00f26c880973356f7da4eda00cb8ec57cab044d,raw/E01-ca_ztcf-20260915-20260906T135631828174Z
a000070,E01-ca_ztcf-20260916-20260906T135631968359Z,E01,ca_ztcf,20260916,default,primary,2026-09-06T13:56:31.931943+00:00,2026-09-06T13:56:32.054994+00:00,0.123,VALID,valid,,1b2dd830befbb58e3949b03deca6592ca395cd7b,a1d260b660c93e47a466deb9c00f26c880973356f7da4eda00cb8ec57cab044d,raw/E01-ca_ztcf-20260916-20260906T135631968359Z
a000071,E01-ca_ztcf-20260917-20260906T135632102911Z,E01,ca_ztcf,20260917,default,primary,2026-09-06T13:56:32.067769+00:00,2026-09-06T13:56:32.188833+00:00,0.121,VALID,valid,,1b2dd830befbb58e3949b03deca6592ca395cd7b,a1d260b660c93e47a466deb9c00f26c880973356f7da4eda00cb8ec57cab044d,raw/E01-ca_ztcf-20260917-20260906T135632102911Z
a000072,E01-ca_ztcf-20260918-20260906T135632237945Z,E01,ca_ztcf,20260918,default,primary,2026-09-06T13:56:32.202231+00:00,2026-09-06T13:56:32.324234+00:00,0.122,VALID,valid,,1b2dd830befbb58e3949b03deca6592ca395cd7b,a1d260b660c93e47a466deb9c00f26c880973356f7da4eda00cb8ec57cab044d,raw/E01-ca_ztcf-20260918-20260906T135632237945Z
a000073,E01-ca_ztcf-20260919-20260906T135632371353Z,E01,ca_ztcf,20260919,default,primary,2026-09-06T13:56:32.337330+00:00,2026-09-06T13:56:32.440506+00:00,0.103,VALID,valid,,1b2dd830befbb58e3949b03deca6592ca395cd7b,a1d260b660c93e47a466deb9c00f26c880973356f7da4eda00cb8ec57cab044d,raw/E01-ca_ztcf-20260919-20260906T135632371353Z
a000074,E01-ca_ztcf-20260920-20260906T135632486824Z,E01,ca_ztcf,20260920,default,primary,2026-09-06T13:56:32.452705+00:00,2026-09-06T13:56:32.572252+00:00,0.12,VALID,valid,,1b2dd830befbb58e3949b03deca6592ca395cd7b,a1d260b660c93e47a466deb9c00f26c880973356f7da4eda00cb8ec57cab044d,raw/E01-ca_ztcf-20260920-20260906T135632486824Z
a000075,E01-ca_ztcf-20260921-20260906T135632622478Z,E01,ca_ztcf,20260921,default,primary,2026-09-06T13:56:32.586614+00:00,2026-09-06T13:56:32.695856+00:00,0.109,VALID,valid,,1b2dd830befbb58e3949b03deca6592ca395cd7b,a1d260b660c93e47a466deb9c00f26c880973356f7da4eda00cb8ec57cab044d,raw/E01-ca_ztcf-20260921-20260906T135632622478Z
a000076,E01-ca_ztcf-20260922-20260906T135632743926Z,E01,ca_ztcf,20260922,default,primary,2026-09-06T13:56:32.709180+00:00,2026-09-06T13:56:32.826374+00:00,0.117,VALID,valid,,1b2dd830befbb58e3949b03deca6592ca395cd7b,a1d260b660c93e47a466deb9c00f26c880973356f7da4eda00cb8ec57cab044d,raw/E01-ca_ztcf-20260922-20260906T135632743926Z
a000077,E01-ca_ztcf-20260923-20260906T135632874772Z,E01,ca_ztcf,20260923,default,primary,2026-09-06T13:56:32.839717+00:00,2026-09-06T13:56:32.958620+00:00,0.119,VALID,valid,,1b2dd830befbb58e3949b03deca6592ca395cd7b,a1d260b660c93e47a466deb9c00f26c880973356f7da4eda00cb8ec57cab044d,raw/E01-ca_ztcf-20260923-20260906T135632874772Z
a000078,E01-ca_ztcf-20260924-20260906T135633005919Z,E01,ca_ztcf,20260924,default,primary,2026-09-06T13:56:32.971487+00:00,2026-09-06T13:56:33.080580+00:00,0.109,VALID,valid,,1b2dd830befbb58e3949b03deca6592ca395cd7b,a1d260b660c93e47a466deb9c00f26c880973356f7da4eda00cb8ec57cab044d,raw/E01-ca_ztcf-20260924-20260906T135633005919Z
a000079,E01-ca_ztcf-20260925-20260906T135633128401Z,E01,ca_ztcf,20260925,default,primary,2026-09-06T13:56:33.093629+00:00,2026-09-06T13:56:33.213367+00:00,0.12,VALID,valid,,1b2dd830befbb58e3949b03deca6592ca395cd7b,a1d260b660c93e47a466deb9c00f26c880973356f7da4eda00cb8ec57cab044d,raw/E01-ca_ztcf-20260925-20260906T135633128401Z
a000080,E01-ca_ztcf-20260926-20260906T135633260816Z,E01,ca_ztcf,20260926,default,primary,2026-09-06T13:56:33.226501+00:00,2026-09-06T13:56:33.345510+00:00,0.119,VALID,valid,,1b2dd830befbb58e3949b03deca6592ca395cd7b,a1d260b660c93e47a466deb9c00f26c880973356f7da4eda00cb8ec57cab044d,raw/E01-ca_ztcf-20260926-20260906T135633260816Z
a000081,E01-ca_ztcf-20260927-20260906T135633392285Z,E01,ca_ztcf,20260927,default,primary,2026-09-06T13:56:33.357834+00:00,2026-09-06T13:56:33.478482+00:00,0.121,VALID,valid,,1b2dd830befbb58e3949b03deca6592ca395cd7b,a1d260b660c93e47a466deb9c00f26c880973356f7da4eda00cb8ec57cab044d,raw/E01-ca_ztcf-20260927-20260906T135633392285Z
a000082,E01-ca_ztcf-20260928-20260906T135633527025Z,E01,ca_ztcf,20260928,default,primary,2026-09-06T13:56:33.491956+00:00,2026-09-06T13:56:33.619535+00:00,0.128,VALID,valid,,1b2dd830befbb58e3949b03deca6592ca395cd7b,a1d260b660c93e47a466deb9c00f26c880973356f7da4eda00cb8ec57cab044d,raw/E01-ca_ztcf-20260928-20260906T135633527025Z
a000083,E01-ca_ztcf-20260929-20260906T135633667442Z,E01,ca_ztcf,20260929,default,primary,2026-09-06T13:56:33.632064+00:00,2026-09-06T13:56:33.775647+00:00,0.144,VALID,valid,,1b2dd830befbb58e3949b03deca6592ca395cd7b,a1d260b660c93e47a466deb9c00f26c880973356f7da4eda00cb8ec57cab044d,raw/E01-ca_ztcf-20260929-20260906T135633667442Z
a000084,E01-ca_ztcf-20260930-20260906T135633825520Z,E01,ca_ztcf,20260930,default,primary,2026-09-06T13:56:33.789494+00:00,2026-09-06T13:56:33.913595+00:00,0.124,VALID,valid,,1b2dd830befbb58e3949b03deca6592ca395cd7b,a1d260b660c93e47a466deb9c00f26c880973356f7da4eda00cb8ec57cab044d,raw/E01-ca_ztcf-20260930-20260906T135633825520Z
a000085,E01-ca_ztcf-20260931-20260906T135633961032Z,E01,ca_ztcf,20260931,default,primary,2026-09-06T13:56:33.926287+00:00,2026-09-06T13:56:34.044684+00:00,0.118,VALID,valid,,1b2dd830befbb58e3949b03deca6592ca395cd7b,a1d260b660c93e47a466deb9c00f26c880973356f7da4eda00cb8ec57cab044d,raw/E01-ca_ztcf-20260931-20260906T135633961032Z
a000086,E01-ca_ztcf-20260932-20260906T135634091195Z,E01,ca_ztcf,20260932,default,primary,2026-09-06T13:56:34.056734+00:00,2026-09-06T13:56:34.175073+00:00,0.118,VALID,valid,,1b2dd830befbb58e3949b03deca6592ca395cd7b,a1d260b660c93e47a466deb9c00f26c880973356f7da4eda00cb8ec57cab044d,raw/E01-ca_ztcf-20260932-20260906T135634091195Z
a000087,E01-ca_ztcf-20260933-20260906T135634222068Z,E01,ca_ztcf,20260933,default,primary,2026-09-06T13:56:34.187599+00:00,2026-09-06T13:56:34.306622+00:00,0.119,VALID,valid,,1b2dd830befbb58e3949b03deca6592ca395cd7b,a1d260b660c93e47a466deb9c00f26c880973356f7da4eda00cb8ec57cab044d,raw/E01-ca_ztcf-20260933-20260906T135634222068Z
a000088,E01-ca_ztcf-20260934-20260906T135634353999Z,E01,ca_ztcf,20260934,default,primary,2026-09-06T13:56:34.319038+00:00,2026-09-06T13:56:34.440278+00:00,0.121,VALID,valid,,1b2dd830befbb58e3949b03deca6592ca395cd7b,a1d260b660c93e47a466deb9c00f26c880973356f7da4eda00cb8ec57cab044d,raw/E01-ca_ztcf-20260934-20260906T135634353999Z
a000089,E01-ca_ztcf-20260935-20260906T135634487056Z,E01,ca_ztcf,20260935,default,primary,2026-09-06T13:56:34.452785+00:00,2026-09-06T13:56:34.572993+00:00,0.12,VALID,valid,,1b2dd830befbb58e3949b03deca6592ca395cd7b,a1d260b660c93e47a466deb9c00f26c880973356f7da4eda00cb8ec57cab044d,raw/E01-ca_ztcf-20260935-20260906T135634487056Z
a000090,E01-ca_ztcf-20260936-20260906T135634620751Z,E01,ca_ztcf,20260936,default,primary,2026-09-06T13:56:34.585935+00:00,2026-09-06T13:56:34.706569+00:00,0.121,VALID,valid,,1b2dd830befbb58e3949b03deca6592ca395cd7b,a1d260b660c93e47a466deb9c00f26c880973356f7da4eda00cb8ec57cab044d,raw/E01-ca_ztcf-20260936-20260906T135634620751Z
a000091,E02-independent-20260907-20260906T135634755364Z,E02,independent,20260907,default,primary,2026-09-06T13:56:34.720234+00:00,2026-09-06T13:56:34.837003+00:00,0.117,VALID,valid,,1b2dd830befbb58e3949b03deca6592ca395cd7b,a1d260b660c93e47a466deb9c00f26c880973356f7da4eda00cb8ec57cab044d,raw/E02-independent-20260907-20260906T135634755364Z
a000092,E02-independent-20260908-20260906T135634884445Z,E02,independent,20260908,default,primary,2026-09-06T13:56:34.848908+00:00,2026-09-06T13:56:34.969818+00:00,0.121,VALID,valid,,1b2dd830befbb58e3949b03deca6592ca395cd7b,a1d260b660c93e47a466deb9c00f26c880973356f7da4eda00cb8ec57cab044d,raw/E02-independent-20260908-20260906T135634884445Z
a000093,E02-independent-20260909-20260906T135635018605Z,E02,independent,20260909,default,primary,2026-09-06T13:56:34.983738+00:00,2026-09-06T13:56:35.098833+00:00,0.115,VALID,valid,,1b2dd830befbb58e3949b03deca6592ca395cd7b,a1d260b660c93e47a466deb9c00f26c880973356f7da4eda00cb8ec57cab044d,raw/E02-independent-20260909-20260906T135635018605Z
a000094,E02-independent-20260910-20260906T135635146414Z,E02,independent,20260910,default,primary,2026-09-06T13:56:35.111328+00:00,2026-09-06T13:56:35.227182+00:00,0.116,VALID,valid,,1b2dd830befbb58e3949b03deca6592ca395cd7b,a1d260b660c93e47a466deb9c00f26c880973356f7da4eda00cb8ec57cab044d,raw/E02-independent-20260910-20260906T135635146414Z
a000095,E02-independent-20260911-20260906T135635274655Z,E02,independent,20260911,default,primary,2026-09-06T13:56:35.239752+00:00,2026-09-06T13:56:35.356097+00:00,0.116,VALID,valid,,1b2dd830befbb58e3949b03deca6592ca395cd7b,a1d260b660c93e47a466deb9c00f26c880973356f7da4eda00cb8ec57cab044d,raw/E02-independent-20260911-20260906T135635274655Z
a000096,E02-independent-20260912-20260906T135635406700Z,E02,independent,20260912,default,primary,2026-09-06T13:56:35.369231+00:00,2026-09-06T13:56:35.498855+00:00,0.13,VALID,valid,,1b2dd830befbb58e3949b03deca6592ca395cd7b,a1d260b660c93e47a466deb9c00f26c880973356f7da4eda00cb8ec57cab044d,raw/E02-independent-20260912-20260906T135635406700Z
a000097,E02-independent-20260913-20260906T135635548449Z,E02,independent,20260913,default,primary,2026-09-06T13:56:35.512058+00:00,2026-09-06T13:56:35.651709+00:00,0.14,VALID,valid,,1b2dd830befbb58e3949b03deca6592ca395cd7b,a1d260b660c93e47a466deb9c00f26c880973356f7da4eda00cb8ec57cab044d,raw/E02-independent-20260913-20260906T135635548449Z
a000098,E02-independent-20260914-20260906T135635700011Z,E02,independent,20260914,default,primary,2026-09-06T13:56:35.664703+00:00,2026-09-06T13:56:35.791437+00:00,0.127,VALID,valid,,1b2dd830befbb58e3949b03deca6592ca395cd7b,a1d260b660c93e47a466deb9c00f26c880973356f7da4eda00cb8ec57cab044d,raw/E02-independent-20260914-20260906T135635700011Z
a000099,E02-independent-20260915-20260906T135635839186Z,E02,independent,20260915,default,primary,2026-09-06T13:56:35.803725+00:00,2026-09-06T13:56:35.910706+00:00,0.107,VALID,valid,,1b2dd830befbb58e3949b03deca6592ca395cd7b,a1d260b660c93e47a466deb9c00f26c880973356f7da4eda00cb8ec57cab044d,raw/E02-independent-20260915-20260906T135635839186Z
a000100,E02-independent-20260916-20260906T135635958878Z,E02,independent,20260916,default,primary,2026-09-06T13:56:35.923352+00:00,2026-09-06T13:56:36.050423+00:00,0.127,VALID,valid,,1b2dd830befbb58e3949b03deca6592ca395cd7b,a1d260b660c93e47a466deb9c00f26c880973356f7da4eda00cb8ec57cab044d,raw/E02-independent-20260916-20260906T135635958878Z
a000101,E02-independent-20260917-20260906T135636098265Z,E02,independent,20260917,default,primary,2026-09-06T13:56:36.063305+00:00,2026-09-06T13:56:36.187474+00:00,0.124,VALID,valid,,1b2dd830befbb58e3949b03deca6592ca395cd7b,a1d260b660c93e47a466deb9c00f26c880973356f7da4eda00cb8ec57cab044d,raw/E02-independent-20260917-20260906T135636098265Z
a000102,E02-independent-20260918-20260906T135636235177Z,E02,independent,20260918,default,primary,2026-09-06T13:56:36.200668+00:00,2026-09-06T13:56:36.318688+00:00,0.118,VALID,valid,,1b2dd830befbb58e3949b03deca6592ca395cd7b,a1d260b660c93e47a466deb9c00f26c880973356f7da4eda00cb8ec57cab044d,raw/E02-independent-20260918-20260906T135636235177Z
a000103,E02-independent-20260919-20260906T135636366724Z,E02,independent,20260919,default,primary,2026-09-06T13:56:36.331812+00:00,2026-09-06T13:56:36.443885+00:00,0.112,VALID,valid,,1b2dd830befbb58e3949b03deca6592ca395cd7b,a1d260b660c93e47a466deb9c00f26c880973356f7da4eda00cb8ec57cab044d,raw/E02-independent-20260919-20260906T135636366724Z
a000104,E02-independent-20260920-20260906T135636493011Z,E02,independent,20260920,default,primary,2026-09-06T13:56:36.456329+00:00,2026-09-06T13:56:36.572824+00:00,0.116,VALID,valid,,1b2dd830befbb58e3949b03deca6592ca395cd7b,a1d260b660c93e47a466deb9c00f26c880973356f7da4eda00cb8ec57cab044d,raw/E02-independent-20260920-20260906T135636493011Z
a000105,E02-independent-20260921-20260906T135636619202Z,E02,independent,20260921,default,primary,2026-09-06T13:56:36.585190+00:00,2026-09-06T13:56:36.697083+00:00,0.112,VALID,valid,,1b2dd830befbb58e3949b03deca6592ca395cd7b,a1d260b660c93e47a466deb9c00f26c880973356f7da4eda00cb8ec57cab044d,raw/E02-independent-20260921-20260906T135636619202Z
a000106,E02-independent-20260922-20260906T135636747654Z,E02,independent,20260922,default,primary,2026-09-06T13:56:36.710006+00:00,2026-09-06T13:56:36.830026+00:00,0.12,VALID,valid,,1b2dd830befbb58e3949b03deca6592ca395cd7b,a1d260b660c93e47a466deb9c00f26c880973356f7da4eda00cb8ec57cab044d,raw/E02-independent-20260922-20260906T135636747654Z
a000107,E02-independent-20260923-20260906T135636878361Z,E02,independent,20260923,default,primary,2026-09-06T13:56:36.843099+00:00,2026-09-06T13:56:36.953599+00:00,0.11,VALID,valid,,1b2dd830befbb58e3949b03deca6592ca395cd7b,a1d260b660c93e47a466deb9c00f26c880973356f7da4eda00cb8ec57cab044d,raw/E02-independent-20260923-20260906T135636878361Z
a000108,E02-independent-20260924-20260906T135637001110Z,E02,independent,20260924,default,primary,2026-09-06T13:56:36.966382+00:00,2026-09-06T13:56:37.091086+00:00,0.125,VALID,valid,,1b2dd830befbb58e3949b03deca6592ca395cd7b,a1d260b660c93e47a466deb9c00f26c880973356f7da4eda00cb8ec57cab044d,raw/E02-independent-20260924-20260906T135637001110Z
a000109,E02-independent-20260925-20260906T135637140600Z,E02,independent,20260925,default,primary,2026-09-06T13:56:37.104476+00:00,2026-09-06T13:56:37.227522+00:00,0.123,VALID,valid,,1b2dd830befbb58e3949b03deca6592ca395cd7b,a1d260b660c93e47a466deb9c00f26c880973356f7da4eda00cb8ec57cab044d,raw/E02-independent-20260925-20260906T135637140600Z
a000110,E02-independent-20260926-20260906T135637275430Z,E02,independent,20260926,default,primary,2026-09-06T13:56:37.239628+00:00,2026-09-06T13:56:37.361684+00:00,0.122,VALID,valid,,1b2dd830befbb58e3949b03deca6592ca395cd7b,a1d260b660c93e47a466deb9c00f26c880973356f7da4eda00cb8ec57cab044d,raw/E02-independent-20260926-20260906T135637275430Z
a000111,E02-independent-20260927-20260906T135637410125Z,E02,independent,20260927,default,primary,2026-09-06T13:56:37.374259+00:00,2026-09-06T13:56:37.495667+00:00,0.121,VALID,valid,,1b2dd830befbb58e3949b03deca6592ca395cd7b,a1d260b660c93e47a466deb9c00f26c880973356f7da4eda00cb8ec57cab044d,raw/E02-independent-20260927-20260906T135637410125Z
a000112,E02-independent-20260928-20260906T135637543088Z,E02,independent,20260928,default,primary,2026-09-06T13:56:37.508483+00:00,2026-09-06T13:56:37.617383+00:00,0.109,VALID,valid,,1b2dd830befbb58e3949b03deca6592ca395cd7b,a1d260b660c93e47a466deb9c00f26c880973356f7da4eda00cb8ec57cab044d,raw/E02-independent-20260928-20260906T135637543088Z
a000113,E02-independent-20260929-20260906T135637666379Z,E02,independent,20260929,default,primary,2026-09-06T13:56:37.630712+00:00,2026-09-06T13:56:37.759456+00:00,0.129,VALID,valid,,1b2dd830befbb58e3949b03deca6592ca395cd7b,a1d260b660c93e47a466deb9c00f26c880973356f7da4eda00cb8ec57cab044d,raw/E02-independent-20260929-20260906T135637666379Z
a000114,E02-independent-20260930-20260906T135637808287Z,E02,independent,20260930,default,primary,2026-09-06T13:56:37.772609+00:00,2026-09-06T13:56:37.889893+00:00,0.117,VALID,valid,,1b2dd830befbb58e3949b03deca6592ca395cd7b,a1d260b660c93e47a466deb9c00f26c880973356f7da4eda00cb8ec57cab044d,raw/E02-independent-20260930-20260906T135637808287Z
a000115,E02-independent-20260931-20260906T135637938789Z,E02,independent,20260931,default,primary,2026-09-06T13:56:37.903581+00:00,2026-09-06T13:56:38.024023+00:00,0.12,VALID,valid,,1b2dd830befbb58e3949b03deca6592ca395cd7b,a1d260b660c93e47a466deb9c00f26c880973356f7da4eda00cb8ec57cab044d,raw/E02-independent-20260931-20260906T135637938789Z
a000116,E02-independent-20260932-20260906T135638071240Z,E02,independent,20260932,default,primary,2026-09-06T13:56:38.036933+00:00,2026-09-06T13:56:38.155851+00:00,0.119,VALID,valid,,1b2dd830befbb58e3949b03deca6592ca395cd7b,a1d260b660c93e47a466deb9c00f26c880973356f7da4eda00cb8ec57cab044d,raw/E02-independent-20260932-20260906T135638071240Z
a000117,E02-independent-20260933-20260906T135638203423Z,E02,independent,20260933,default,primary,2026-09-06T13:56:38.168157+00:00,2026-09-06T13:56:38.285657+00:00,0.117,VALID,valid,,1b2dd830befbb58e3949b03deca6592ca395cd7b,a1d260b660c93e47a466deb9c00f26c880973356f7da4eda00cb8ec57cab044d,raw/E02-independent-20260933-20260906T135638203423Z
a000118,E02-independent-20260934-20260906T135638333822Z,E02,independent,20260934,default,primary,2026-09-06T13:56:38.297866+00:00,2026-09-06T13:56:38.413719+00:00,0.116,VALID,valid,,1b2dd830befbb58e3949b03deca6592ca395cd7b,a1d260b660c93e47a466deb9c00f26c880973356f7da4eda00cb8ec57cab044d,raw/E02-independent-20260934-20260906T135638333822Z
a000119,E02-independent-20260935-20260906T135638332149Z,E02,independent,20260935,default,primary,2026-09-06T13:56:38.425824+00:00,2026-09-06T13:56:38.412733+00:00,0.117,VALID,valid,,1b2dd830befbb58e3949b03deca6592ca395cd7b,a1d260b660c93e47a466deb9c00f26c880973356f7da4eda00cb8ec57cab044d,raw/E02-independent-20260935-20260906T135638332149Z
a000120,E02-independent-20260936-20260906T135638462757Z,E02,independent,20260936,default,primary,2026-09-06T13:56:38.425121+00:00,2026-09-06T13:56:38.546002+00:00,0.121,VALID,valid,,1b2dd830befbb58e3949b03deca6592ca395cd7b,a1d260b660c93e47a466deb9c00f26c880973356f7da4eda00cb8ec57cab044d,raw/E02-independent-20260936-20260906T135638462757Z
a000121,E02-static_continuity-20260907-20260906T135638594258Z,E02,static_continuity,20260907,default,primary,2026-09-06T13:56:38.558839+00:00,2026-09-06T13:56:38.674659+00:00,0.116,VALID,valid,,1b2dd830befbb58e3949b03deca6592ca395cd7b,a1d260b660c93e47a466deb9c00f26c880973356f7da4eda00cb8ec57cab044d,raw/E02-static_continuity-20260907-20260906T135638594258Z
a000122,E02-static_continuity-20260908-20260906T135638721921Z,E02,static_continuity,20260908,default,primary,2026-09-06T13:56:38.687442+00:00,2026-09-06T13:56:38.804027+00:00,0.117,VALID,valid,,1b2dd830befbb58e3949b03deca6592ca395cd7b,a1d260b660c93e47a466deb9c00f26c880973356f7da4eda00cb8ec57cab044d,raw/E02-static_continuity-20260908-20260906T135638721921Z
a000123,E02-static_continuity-20260909-20260906T135638853828Z,E02,static_continuity,20260909,default,primary,2026-09-06T13:56:38.817539+00:00,2026-09-06T13:56:38.942274+00:00,0.125,VALID,valid,,1b2dd830befbb58e3949b03deca6592ca395cd7b,a1d260b660c93e47a466deb9c00f26c880973356f7da4eda00cb8ec57cab044d,raw/E02-static_continuity-20260909-20260906T135638853828Z
a000124,E02-static_continuity-20260910-20260906T135638990584Z,E02,static_continuity,20260910,default,primary,2026-09-06T13:56:38.955324+00:00,2026-09-06T13:56:39.075863+00:00,0.121,VALID,valid,,1b2dd830befbb58e3949b03deca6592ca395cd7b,a1d260b660c93e47a466deb9c00f26c880973356f7da4eda00cb8ec57cab044d,raw/E02-static_continuity-20260910-20260906T135638990584Z
a000125,E02-static_continuity-20260911-20260906T135639124986Z,E02,static_continuity,20260911,default,primary,2026-09-06T13:56:39.089687+00:00,2026-09-06T13:56:39.211420+00:00,0.122,VALID,valid,,1b2dd830befbb58e3949b03deca6592ca395cd7b,a1d260b660c93e47a466deb9c00f26c880973356f7da4eda00cb8ec57cab044d,raw/E02-static_continuity-20260911-20260906T135639124986Z
a000126,E02-static_continuity-20260912-20260906T135639258725Z,E02,static_continuity,20260912,default,primary,2026-09-06T13:56:39.223723+00:00,2026-09-06T13:56:39.342815+00:00,0.119,VALID,valid,,1b2dd830befbb58e3949b03deca6592ca395cd7b,a1d260b660c93e47a466deb9c00f26c880973356f7da4eda00cb8ec57cab044d,raw/E02-static_continuity-20260912-20260906T135639258725Z
a000127,E02-static_continuity-20260913-20260906T135639391443Z,E02,static_continuity,20260913,default,primary,2026-09-06T13:56:39.355334+00:00,2026-09-06T13:56:39.477874+00:00,0.123,VALID,valid,,1b2dd830befbb58e3949b03deca6592ca395cd7b,a1d260b660c93e47a466deb9c00f26c880973356f7da4eda00cb8ec57cab044d,raw/E02-static_continuity-20260913-20260906T135639391443Z
a000128,E02-static_continuity-20260914-20260906T135639525689Z,E02,static_continuity,20260914,default,primary,2026-09-06T13:56:39.490991+00:00,2026-09-06T13:56:39.623154+00:00,0.132,VALID,valid,,1b2dd830befbb58e3949b03deca6592ca395cd7b,a1d260b660c93e47a466deb9c00f26c880973356f7da4eda00cb8ec57cab044d,raw/E02-static_continuity-20260914-20260906T135639525689Z
a000129,E02-static_continuity-20260915-20260906T135639671844Z,E02,static_continuity,20260915,default,primary,2026-09-06T13:56:39.635788+00:00,2026-09-06T13:56:39.746899+00:00,0.111,VALID,valid,,1b2dd830befbb58e3949b03deca6592ca395cd7b,a1d260b660c93e47a466deb9c00f26c880973356f7da4eda00cb8ec57cab044d,raw/E02-static_continuity-20260915-20260906T135639671844Z
a000130,E02-static_continuity-20260916-20260906T135639795342Z,E02,static_continuity,20260916,default,primary,2026-09-06T13:56:39.759513+00:00,2026-09-06T13:56:39.882349+00:00,0.123,VALID,valid,,1b2dd830befbb58e3949b03deca6592ca395cd7b,a1d260b660c93e47a466deb9c00f26c880973356f7da4eda00cb8ec57cab044d,raw/E02-static_continuity-20260916-20260906T135639795342Z
a000131,E02-static_continuity-20260917-20260906T135639931413Z,E02,static_continuity,20260917,default,primary,2026-09-06T13:56:39.895986+00:00,2026-09-06T13:56:40.019590+00:00,0.124,VALID,valid,,1b2dd830befbb58e3949b03deca6592ca395cd7b,a1d260b660c93e47a466deb9c00f26c880973356f7da4eda00cb8ec57cab044d,raw/E02-static_continuity-20260917-20260906T135639931413Z
a000132,E02-static_continuity-20260918-20260906T135640068276Z,E02,static_continuity,20260918,default,primary,2026-09-06T13:56:40.032336+00:00,2026-09-06T13:56:40.152760+00:00,0.12,VALID,valid,,1b2dd830befbb58e3949b03deca6592ca395cd7b,a1d260b660c93e47a466deb9c00f26c880973356f7da4eda00cb8ec57cab044d,raw/E02-static_continuity-20260918-20260906T135640068276Z
a000133,E02-static_continuity-20260919-20260906T135640201376Z,E02,static_continuity,20260919,default,primary,2026-09-06T13:56:40.165103+00:00,2026-09-06T13:56:40.288363+00:00,0.123,VALID,valid,,1b2dd830befbb58e3949b03deca6592ca395cd7b,a1d260b660c93e47a466deb9c00f26c880973356f7da4eda00cb8ec57cab044d,raw/E02-static_continuity-20260919-20260906T135640201376Z
a000134,E02-static_continuity-20260920-20260906T135640337928Z,E02,static_continuity,20260920,default,primary,2026-09-06T13:56:40.300993+00:00,2026-09-06T13:56:40.413157+00:00,0.112,VALID,valid,,1b2dd830befbb58e3949b03deca6592ca395cd7b,a1d260b660c93e47a466deb9c00f26c880973356f7da4eda00cb8ec57cab044d,raw/E02-static_continuity-20260920-20260906T135640337928Z
a000135,E02-static_continuity-20260921-20260906T135640462234Z,E02,static_continuity,20260921,default,primary,2026-09-06T13:56:40.426236+00:00,2026-09-06T13:56:40.571590+00:00,0.145,VALID,valid,,1b2dd830befbb58e3949b03deca6592ca395cd7b,a1d260b660c93e47a466deb9c00f26c880973356f7da4eda00cb8ec57cab044d,raw/E02-static_continuity-20260921-20260906T135640462234Z
a000136,E02-static_continuity-20260922-20260906T135640620740Z,E02,static_continuity,20260922,default,primary,2026-09-06T13:56:40.584574+00:00,2026-09-06T13:56:40.714944+00:00,0.13,VALID,valid,,1b2dd830befbb58e3949b03deca6592ca395cd7b,a1d260b660c93e47a466deb9c00f26c880973356f7da4eda00cb8ec57cab044d,raw/E02-static_continuity-20260922-20260906T135640620740Z
a000137,E02-static_continuity-20260923-20260906T135640765091Z,E02,static_continuity,20260923,default,primary,2026-09-06T13:56:40.728814+00:00,2026-09-06T13:56:40.839273+00:00,0.11,VALID,valid,,1b2dd830befbb58e3949b03deca6592ca395cd7b,a1d260b660c93e47a466deb9c00f26c880973356f7da4eda00cb8ec57cab044d,raw/E02-static_continuity-20260923-20260906T135640765091Z
a000138,E02-static_continuity-20260924-20260906T135640888926Z,E02,static_continuity,20260924,default,primary,2026-09-06T13:56:40.852786+00:00,2026-09-06T13:56:40.972898+00:00,0.12,VALID,valid,,1b2dd830befbb58e3949b03deca6592ca395cd7b,a1d260b660c93e47a466deb9c00f26c880973356f7da4eda00cb8ec57cab044d,raw/E02-static_continuity-20260924-20260906T135640888926Z
a000139,E02-static_continuity-20260925-20260906T135641021017Z,E02,static_continuity,20260925,default,primary,2026-09-06T13:56:40.985830+00:00,2026-09-06T13:56:41.104583+00:00,0.119,VALID,valid,,1b2dd830befbb58e3949b03deca6592ca395cd7b,a1d260b660c93e47a466deb9c00f26c880973356f7da4eda00cb8ec57cab044d,raw/E02-static_continuity-20260925-20260906T135641021017Z
a000140,E02-static_continuity-20260926-20260906T135641152622Z,E02,static_continuity,20260926,default,primary,2026-09-06T13:56:41.117589+00:00,2026-09-06T13:56:41.234180+00:00,0.117,VALID,valid,,1b2dd830befbb58e3949b03deca6592ca395cd7b,a1d260b660c93e47a466deb9c00f26c880973356f7da4eda00cb8ec57cab044d,raw/E02-static_continuity-20260926-20260906T135641152622Z
a000141,E02-static_continuity-20260927-20260906T135641282115Z,E02,static_continuity,20260927,default,primary,2026-09-06T13:56:41.246827+00:00,2026-09-06T13:56:41.365978+00:00,0.119,VALID,valid,,1b2dd830befbb58e3949b03deca6592ca395cd7b,a1d260b660c93e47a466deb9c00f26c880973356f7da4eda00cb8ec57cab044d,raw/E02-static_continuity-20260927-20260906T135641282115Z
a000142,E02-static_continuity-20260928-20260906T135641413615Z,E02,static_continuity,20260928,default,primary,2026-09-06T13:56:41.379015+00:00,2026-09-06T13:56:41.500181+00:00,0.121,VALID,valid,,1b2dd830befbb58e3949b03deca6592ca395cd7b,a1d260b660c93e47a466deb9c00f26c880973356f7da4eda00cb8ec57cab044d,raw/E02-static_continuity-20260928-20260906T135641413615Z
a000143,E02-static_continuity-20260929-20260906T135641549148Z,E02,static_continuity,20260929,default,primary,2026-09-06T13:56:41.512913+00:00,2026-09-06T13:56:41.635835+00:00,0.123,VALID,valid,,1b2dd830befbb58e3949b03deca6592ca395cd7b,a1d260b660c93e47a466deb9c00f26c880973356f7da4eda00cb8ec57cab044d,raw/E02-static_continuity-20260929-20260906T135641549148Z
a000144,E02-static_continuity-20260930-20260906T135641685228Z,E02,static_continuity,20260930,default,primary,2026-09-06T13:56:41.649161+00:00,2026-09-06T13:56:41.784441+00:00,0.135,VALID,valid,,1b2dd830befbb58e3949b03deca6592ca395cd7b,a1d260b660c93e47a466deb9c00f26c880973356f7da4eda00cb8ec57cab044d,raw/E02-static_continuity-20260930-20260906T135641685228Z
a000145,E02-static_continuity-20260931-20260906T135641834689Z,E02,static_continuity,20260931,default,primary,2026-09-06T13:56:41.798718+00:00,2026-09-06T13:56:41.922574+00:00,0.124,VALID,valid,,1b2dd830befbb58e3949b03deca6592ca395cd7b,a1d260b660c93e47a466deb9c00f26c880973356f7da4eda00cb8ec57cab044d,raw/E02-static_continuity-20260931-20260906T135641834689Z
a000146,E02-static_continuity-20260932-20260906T135641970462Z,E02,static_continuity,20260932,default,primary,2026-09-06T13:56:41.935054+00:00,2026-09-06T13:56:42.066771+00:00,0.132,VALID,valid,,1b2dd830befbb58e3949b03deca6592ca395cd7b,a1d260b660c93e47a466deb9c00f26c880973356f7da4eda00cb8ec57cab044d,raw/E02-static_continuity-20260932-20260906T135641970462Z
a000147,E02-static_continuity-20260933-20260906T135642114932Z,E02,static_continuity,20260933,default,primary,2026-09-06T13:56:42.079545+00:00,2026-09-06T13:56:42.203351+00:00,0.124,VALID,valid,,1b2dd830befbb58e3949b03deca6592ca395cd7b,a1d260b660c93e47a466deb9c00f26c880973356f7da4eda00cb8ec57cab044d,raw/E02-static_continuity-20260933-20260906T135642114932Z
a000148,E02-static_continuity-20260934-20260906T135642252279Z,E02,static_continuity,20260934,default,primary,2026-09-06T13:56:42.215919+00:00,2026-09-06T13:56:42.341782+00:00,0.126,VALID,valid,,1b2dd830befbb58e3949b03deca6592ca395cd7b,a1d260b660c93e47a466deb9c00f26c880973356f7da4eda00cb8ec57cab044d,raw/E02-static_continuity-20260934-20260906T135642252279Z
a000149,E02-static_continuity-20260935-20260906T135642389072Z,E02,static_continuity,20260935,default,primary,2026-09-06T13:56:42.354664+00:00,2026-09-06T13:56:42.478781+00:00,0.124,VALID,valid,,1b2dd830befbb58e3949b03deca6592ca395cd7b,a1d260b660c93e47a466deb9c00f26c880973356f7da4eda00cb8ec57cab044d,raw/E02-static_continuity-20260935-20260906T135642389072Z
a000150,E02-static_continuity-20260936-20260906T135642527274Z,E02,static_continuity,20260936,default,primary,2026-09-06T13:56:42.492136+00:00,2026-09-06T13:56:42.630669+00:00,0.139,VALID,valid,,1b2dd830befbb58e3949b03deca6592ca395cd7b,a1d260b660c93e47a466deb9c00f26c880973356f7da4eda00cb8ec57cab044d,raw/E02-static_continuity-20260936-20260906T135642527274Z
a000151,E02-ca_ztcf-20260907-20260906T135642681644Z,E02,ca_ztcf,20260907,default,primary,2026-09-06T13:56:42.645010+00:00,2026-09-06T13:56:42.774165+00:00,0.129,VALID,valid,,1b2dd830befbb58e3949b03deca6592ca395cd7b,a1d260b660c93e47a466deb9c00f26c880973356f7da4eda00cb8ec57cab044d,raw/E02-ca_ztcf-20260907-20260906T135642681644Z
a000152,E02-ca_ztcf-20260908-20260906T135642823152Z,E02,ca_ztcf,20260908,default,primary,2026-09-06T13:56:42.788383+00:00,2026-09-06T13:56:42.895562+00:00,0.107,VALID,valid,,1b2dd830befbb58e3949b03deca6592ca395cd7b,a1d260b660c93e47a466deb9c00f26c880973356f7da4eda00cb8ec57cab044d,raw/E02-ca_ztcf-20260908-20260906T135642823152Z
a000153,E02-ca_ztcf-20260909-20260906T135642944111Z,E02,ca_ztcf,20260909,default,primary,2026-09-06T13:56:42.908661+00:00,2026-09-06T13:56:43.020540+00:00,0.112,VALID,valid,,1b2dd830befbb58e3949b03deca6592ca395cd7b,a1d260b660c93e47a466deb9c00f26c880973356f7da4eda00cb8ec57cab044d,raw/E02-ca_ztcf-20260909-20260906T135642944111Z
a000154,E02-ca_ztcf-20260910-20260906T135643067341Z,E02,ca_ztcf,20260910,default,primary,2026-09-06T13:56:43.032915+00:00,2026-09-06T13:56:43.152540+00:00,0.12,VALID,valid,,1b2dd830befbb58e3949b03deca6592ca395cd7b,a1d260b660c93e47a466deb9c00f26c880973356f7da4eda00cb8ec57cab044d,raw/E02-ca_ztcf-20260910-20260906T135643067341Z
a000155,E02-ca_ztcf-20260911-20260906T135643199074Z,E02,ca_ztcf,20260911,default,primary,2026-09-06T13:56:43.164842+00:00,2026-09-06T13:56:43.289446+00:00,0.125,VALID,valid,,1b2dd830befbb58e3949b03deca6592ca395cd7b,a1d260b660c93e47a466deb9c00f26c880973356f7da4eda00cb8ec57cab044d,raw/E02-ca_ztcf-20260911-20260906T135643199074Z
a000156,E02-ca_ztcf-20260912-20260906T135643336834Z,E02,ca_ztcf,20260912,default,primary,2026-09-06T13:56:43.301811+00:00,2026-09-06T13:56:43.424084+00:00,0.122,VALID,valid,,1b2dd830befbb58e3949b03deca6592ca395cd7b,a1d260b660c93e47a466deb9c00f26c880973356f7da4eda00cb8ec57cab044d,raw/E02-ca_ztcf-20260912-20260906T135643336834Z
a000157,E02-ca_ztcf-20260913-20260906T135643471620Z,E02,ca_ztcf,20260913,default,primary,2026-09-06T13:56:43.436325+00:00,2026-09-06T13:56:43.560849+00:00,0.125,VALID,valid,,1b2dd830befbb58e3949b03deca6592ca395cd7b,a1d260b660c93e47a466deb9c00f26c880973356f7da4eda00cb8ec57cab044d,raw/E02-ca_ztcf-20260913-20260906T135643471620Z
a000158,E02-ca_ztcf-20260914-20260906T135643610330Z,E02,ca_ztcf,20260914,default,primary,2026-09-06T13:56:43.573610+00:00,2026-09-06T13:56:43.737398+00:00,0.164,VALID,valid,,1b2dd830befbb58e3949b03deca6592ca395cd7b,a1d260b660c93e47a466deb9c00f26c880973356f7da4eda00cb8ec57cab044d,raw/E02-ca_ztcf-20260914-20260906T135643610330Z
a000159,E02-ca_ztcf-20260915-20260906T135643792779Z,E02,ca_ztcf,20260915,default,primary,2026-09-06T13:56:43.753414+00:00,2026-09-06T13:56:43.882931+00:00,0.13,VALID,valid,,1b2dd830befbb58e3949b03deca6592ca395cd7b,a1d260b660c93e47a466deb9c00f26c880973356f7da4eda00cb8ec57cab044d,raw/E02-ca_ztcf-20260915-20260906T135643792779Z
a000160,E02-ca_ztcf-20260916-20260906T135643934960Z,E02,ca_ztcf,20260916,default,primary,2026-09-06T13:56:43.897455+00:00,2026-09-06T13:56:44.032831+00:00,0.135,VALID,valid,,1b2dd830befbb58e3949b03deca6592ca395cd7b,a1d260b660c93e47a466deb9c00f26c880973356f7da4eda00cb8ec57cab044d,raw/E02-ca_ztcf-20260916-20260906T135643934960Z
a000161,E02-ca_ztcf-20260917-20260906T135644082348Z,E02,ca_ztcf,20260917,default,primary,2026-09-06T13:56:44.045346+00:00,2026-09-06T13:56:44.170112+00:00,0.125,VALID,valid,,1b2dd830befbb58e3949b03deca6592ca395cd7b,a1d260b660c93e47a466deb9c00f26c880973356f7da4eda00cb8ec57cab044d,raw/E02-ca_ztcf-20260917-20260906T135644082348Z
a000162,E02-ca_ztcf-20260918-20260906T135644218778Z,E02,ca_ztcf,20260918,default,primary,2026-09-06T13:56:44.182688+00:00,2026-09-06T13:56:44.311178+00:00,0.128,VALID,valid,,1b2dd830befbb58e3949b03deca6592ca395cd7b,a1d260b660c93e47a466deb9c00f26c880973356f7da4eda00cb8ec57cab044d,raw/E02-ca_ztcf-20260918-20260906T135644218778Z
a000163,E02-ca_ztcf-20260919-20260906T135644359412Z,E02,ca_ztcf,20260919,default,primary,2026-09-06T13:56:44.323713+00:00,2026-09-06T13:56:44.447221+00:00,0.123,VALID,valid,,1b2dd830befbb58e3949b03deca6592ca395cd7b,a1d260b660c93e47a466deb9c00f26c880973356f7da4eda00cb8ec57cab044d,raw/E02-ca_ztcf-20260919-20260906T135644359412Z
a000164,E02-ca_ztcf-20260920-20260906T135644494933Z,E02,ca_ztcf,20260920,default,primary,2026-09-06T13:56:44.459495+00:00,2026-09-06T13:56:44.577012+00:00,0.118,VALID,valid,,1b2dd830befbb58e3949b03deca6592ca395cd7b,a1d260b660c93e47a466deb9c00f26c880973356f7da4eda00cb8ec57cab044d,raw/E02-ca_ztcf-20260920-20260906T135644494933Z
a000165,E02-ca_ztcf-20260921-20260906T135644626307Z,E02,ca_ztcf,20260921,default,primary,2026-09-06T13:56:44.590324+00:00,2026-09-06T13:56:44.710658+00:00,0.12,VALID,valid,,1b2dd830befbb58e3949b03deca6592ca395cd7b,a1d260b660c93e47a466deb9c00f26c880973356f7da4eda00cb8ec57cab044d,raw/E02-ca_ztcf-20260921-20260906T135644626307Z
a000166,E02-ca_ztcf-20260922-20260906T135644763449Z,E02,ca_ztcf,20260922,default,primary,2026-09-06T13:56:44.724777+00:00,2026-09-06T13:56:44.852276+00:00,0.127,VALID,valid,,1b2dd830befbb58e3949b03deca6592ca395cd7b,a1d260b660c93e47a466deb9c00f26c880973356f7da4eda00cb8ec57cab044d,raw/E02-ca_ztcf-20260922-20260906T135644763449Z
a000167,E02-ca_ztcf-20260923-20260906T135644900266Z,E02,ca_ztcf,20260923,default,primary,2026-09-06T13:56:44.864575+00:00,2026-09-06T13:56:44.983974+00:00,0.119,VALID,valid,,1b2dd830befbb58e3949b03deca6592ca395cd7b,a1d260b660c93e47a466deb9c00f26c880973356f7da4eda00cb8ec57cab044d,raw/E02-ca_ztcf-20260923-20260906T135644900266Z
a000168,E02-ca_ztcf-20260924-20260906T135645031896Z,E02,ca_ztcf,20260924,default,primary,2026-09-06T13:56:44.996644+00:00,2026-09-06T13:56:45.119344+00:00,0.123,VALID,valid,,1b2dd830befbb58e3949b03deca6592ca395cd7b,a1d260b660c93e47a466deb9c00f26c880973356f7da4eda00cb8ec57cab044d,raw/E02-ca_ztcf-20260924-20260906T135645031896Z
a000169,E02-ca_ztcf-20260925-20260906T135645170272Z,E02,ca_ztcf,20260925,default,primary,2026-09-06T13:56:45.133248+00:00,2026-09-06T13:56:45.268099+00:00,0.135,VALID,valid,,1b2dd830befbb58e3949b03deca6592ca395cd7b,a1d260b660c93e47a466deb9c00f26c880973356f7da4eda00cb8ec57cab044d,raw/E02-ca_ztcf-20260925-20260906T135645170272Z
a000170,E02-ca_ztcf-20260926-20260906T135645320095Z,E02,ca_ztcf,20260926,default,primary,2026-09-06T13:56:45.284011+00:00,2026-09-06T13:56:45.411338+00:00,0.127,VALID,valid,,1b2dd830befbb58e3949b03deca6592ca395cd7b,a1d260b660c93e47a466deb9c00f26c880973356f7da4eda00cb8ec57cab044d,raw/E02-ca_ztcf-20260926-20260906T135645320095Z
a000171,E02-ca_ztcf-20260927-20260906T135645459429Z,E02,ca_ztcf,20260927,default,primary,2026-09-06T13:56:45.424264+00:00,2026-09-06T13:56:45.548232+00:00,0.124,VALID,valid,,1b2dd830befbb58e3949b03deca6592ca395cd7b,a1d260b660c93e47a466deb9c00f26c880973356f7da4eda00cb8ec57cab044d,raw/E02-ca_ztcf-20260927-20260906T135645459429Z
a000172,E02-ca_ztcf-20260928-20260906T135645597353Z,E02,ca_ztcf,20260928,default,primary,2026-09-06T13:56:45.561324+00:00,2026-09-06T13:56:45.681723+00:00,0.12,VALID,valid,,1b2dd830befbb58e3949b03deca6592ca395cd7b,a1d260b660c93e47a466deb9c00f26c880973356f7da4eda00cb8ec57cab044d,raw/E02-ca_ztcf-20260928-20260906T135645597353Z
a000173,E02-ca_ztcf-20260929-20260906T135645730147Z,E02,ca_ztcf,20260929,default,primary,2026-09-06T13:56:45.694005+00:00,2026-09-06T13:56:45.813287+00:00,0.119,VALID,valid,,1b2dd830befbb58e3949b03deca6592ca395cd7b,a1d260b660c93e47a466deb9c00f26c880973356f7da4eda00cb8ec57cab044d,raw/E02-ca_ztcf-20260929-20260906T135645730147Z
a000174,E02-ca_ztcf-20260930-20260906T135645863018Z,E02,ca_ztcf,20260930,default,primary,2026-09-06T13:56:45.826031+00:00,2026-09-06T13:56:45.955746+00:00,0.13,VALID,valid,,1b2dd830befbb58e3949b03deca6592ca395cd7b,a1d260b660c93e47a466deb9c00f26c880973356f7da4eda00cb8ec57cab044d,raw/E02-ca_ztcf-20260930-20260906T135645863018Z
a000175,E02-ca_ztcf-20260931-20260906T135646007114Z,E02,ca_ztcf,20260931,default,primary,2026-09-06T13:56:45.970226+00:00,2026-09-06T13:56:46.096239+00:00,0.126,VALID,valid,,1b2dd830befbb58e3949b03deca6592ca395cd7b,a1d260b660c93e47a466deb9c00f26c880973356f7da4eda00cb8ec57cab044d,raw/E02-ca_ztcf-20260931-20260906T135646007114Z
a000176,E02-ca_ztcf-20260932-20260906T135646143587Z,E02,ca_ztcf,20260932,default,primary,2026-09-06T13:56:46.109190+00:00,2026-09-06T13:56:46.229082+00:00,0.12,VALID,valid,,1b2dd830befbb58e3949b03deca6592ca395cd7b,a1d260b660c93e47a466deb9c00f26c880973356f7da4eda00cb8ec57cab044d,raw/E02-ca_ztcf-20260932-20260906T135646143587Z
a000177,E02-ca_ztcf-20260933-20260906T135646278002Z,E02,ca_ztcf,20260933,default,primary,2026-09-06T13:56:46.242195+00:00,2026-09-06T13:56:46.366519+00:00,0.124,VALID,valid,,1b2dd830befbb58e3949b03deca6592ca395cd7b,a1d260b660c93e47a466deb9c00f26c880973356f7da4eda00cb8ec57cab044d,raw/E02-ca_ztcf-20260933-20260906T135646278002Z
a000178,E02-ca_ztcf-20260934-20260906T135646414235Z,E02,ca_ztcf,20260934,default,primary,2026-09-06T13:56:46.378877+00:00,2026-09-06T13:56:46.504590+00:00,0.126,VALID,valid,,1b2dd830befbb58e3949b03deca6592ca395cd7b,a1d260b660c93e47a466deb9c00f26c880973356f7da4eda00cb8ec57cab044d,raw/E02-ca_ztcf-20260934-20260906T135646414235Z
a000179,E02-ca_ztcf-20260935-20260906T135646552893Z,E02,ca_ztcf,20260935,default,primary,2026-09-06T13:56:46.517020+00:00,2026-09-06T13:56:46.640227+00:00,0.123,VALID,valid,,1b2dd830befbb58e3949b03deca6592ca395cd7b,a1d260b660c93e47a466deb9c00f26c880973356f7da4eda00cb8ec57cab044d,raw/E02-ca_ztcf-20260935-20260906T135646552893Z
a000180,E02-ca_ztcf-20260936-20260906T135646688642Z,E02,ca_ztcf,20260936,default,primary,2026-09-06T13:56:46.652641+00:00,2026-09-06T13:56:46.771802+00:00,0.119,VALID,valid,,1b2dd830befbb58e3949b03deca6592ca395cd7b,a1d260b660c93e47a466deb9c00f26c880973356f7da4eda00cb8ec57cab044d,raw/E02-ca_ztcf-20260936-20260906T135646688642Z
a000181,E03-independent-20260907-20260906T135646818725Z,E03,independent,20260907,default,primary,2026-09-06T13:56:46.784149+00:00,2026-09-06T13:56:46.909710+00:00,0.126,VALID,valid,,1b2dd830befbb58e3949b03deca6592ca395cd7b,a1d260b660c93e47a466deb9c00f26c880973356f7da4eda00cb8ec57cab044d,raw/E03-independent-20260907-20260906T135646818725Z
a000182,E03-independent-20260908-20260906T135646957658Z,E03,independent,20260908,default,primary,2026-09-06T13:56:46.922412+00:00,2026-09-06T13:56:47.042772+00:00,0.12,VALID,valid,,1b2dd830befbb58e3949b03deca6592ca395cd7b,a1d260b660c93e47a466deb9c00f26c880973356f7da4eda00cb8ec57cab044d,raw/E03-independent-20260908-20260906T135646957658Z
a000183,E03-independent-20260909-20260906T135647093521Z,E03,independent,20260909,default,primary,2026-09-06T13:56:47.056479+00:00,2026-09-06T13:56:47.179944+00:00,0.123,VALID,valid,,1b2dd830befbb58e3949b03deca6592ca395cd7b,a1d260b660c93e47a466deb9c00f26c880973356f7da4eda00cb8ec57cab044d,raw/E03-independent-20260909-20260906T135647093521Z
a000184,E03-independent-20260910-20260906T135647227251Z,E03,independent,20260910,default,primary,2026-09-06T13:56:47.192623+00:00,2026-09-06T13:56:47.317609+00:00,0.125,VALID,valid,,1b2dd830befbb58e3949b03deca6592ca395cd7b,a1d260b660c93e47a466deb9c00f26c880973356f7da4eda00cb8ec57cab044d,raw/E03-independent-20260910-20260906T135647227251Z
a000185,E03-independent-20260911-20260906T135647366130Z,E03,independent,20260911,default,primary,2026-09-06T13:56:47.330088+00:00,2026-09-06T13:56:47.448354+00:00,0.118,VALID,valid,,1b2dd830befbb58e3949b03deca6592ca395cd7b,a1d260b660c93e47a466deb9c00f26c880973356f7da4eda00cb8ec57cab044d,raw/E03-independent-20260911-20260906T135647366130Z
a000186,E03-independent-20260912-20260906T135647496327Z,E03,independent,20260912,default,primary,2026-09-06T13:56:47.461286+00:00,2026-09-06T13:56:47.578383+00:00,0.117,VALID,valid,,1b2dd830befbb58e3949b03deca6592ca395cd7b,a1d260b660c93e47a466deb9c00f26c880973356f7da4eda00cb8ec57cab044d,raw/E03-independent-20260912-20260906T135647496327Z
a000187,E03-independent-20260913-20260906T135647626922Z,E03,independent,20260913,default,primary,2026-09-06T13:56:47.591147+00:00,2026-09-06T13:56:47.712854+00:00,0.122,VALID,valid,,1b2dd830befbb58e3949b03deca6592ca395cd7b,a1d260b660c93e47a466deb9c00f26c880973356f7da4eda00cb8ec57cab044d,raw/E03-independent-20260913-20260906T135647626922Z
a000188,E03-independent-20260914-20260906T135647763576Z,E03,independent,20260914,default,primary,2026-09-06T13:56:47.725755+00:00,2026-09-06T13:56:47.851667+00:00,0.126,VALID,valid,,1b2dd830befbb58e3949b03deca6592ca395cd7b,a1d260b660c93e47a466deb9c00f26c880973356f7da4eda00cb8ec57cab044d,raw/E03-independent-20260914-20260906T135647763576Z
a000189,E03-independent-20260915-20260906T135647898453Z,E03,independent,20260915,default,primary,2026-09-06T13:56:47.864001+00:00,2026-09-06T13:56:47.993938+00:00,0.13,VALID,valid,,1b2dd830befbb58e3949b03deca6592ca395cd7b,a1d260b660c93e47a466deb9c00f26c880973356f7da4eda00cb8ec57cab044d,raw/E03-independent-20260915-20260906T135647898453Z
a000190,E03-independent-20260916-20260906T135648041838Z,E03,independent,20260916,default,primary,2026-09-06T13:56:48.006610+00:00,2026-09-06T13:56:48.125073+00:00,0.118,VALID,valid,,1b2dd830befbb58e3949b03deca6592ca395cd7b,a1d260b660c93e47a466deb9c00f26c880973356f7da4eda00cb8ec57cab044d,raw/E03-independent-20260916-20260906T135648041838Z
a000191,E03-independent-20260917-20260906T135648172527Z,E03,independent,20260917,default,primary,2026-09-06T13:56:48.136863+00:00,2026-09-06T13:56:48.257420+00:00,0.121,VALID,valid,,1b2dd830befbb58e3949b03deca6592ca395cd7b,a1d260b660c93e47a466deb9c00f26c880973356f7da4eda00cb8ec57cab044d,raw/E03-independent-20260917-20260906T135648172527Z
a000192,E03-independent-20260918-20260906T135648304883Z,E03,independent,20260918,default,primary,2026-09-06T13:56:48.270323+00:00,2026-09-06T13:56:48.388623+00:00,0.118,VALID,valid,,1b2dd830befbb58e3949b03deca6592ca395cd7b,a1d260b660c93e47a466deb9c00f26c880973356f7da4eda00cb8ec57cab044d,raw/E03-independent-20260918-20260906T135648304883Z
a000193,E03-independent-20260919-20260906T135648436756Z,E03,independent,20260919,default,primary,2026-09-06T13:56:48.401781+00:00,2026-09-06T13:56:48.362665+00:00,0.113,VALID,valid,,1b2dd830befbb58e3949b03deca6592ca395cd7b,a1d260b660c93e47a466deb9c00f26c880973356f7da4eda00cb8ec57cab044d,raw/E03-independent-20260919-20260906T135648436756Z
a000194,E03-independent-20260920-20260906T135648409846Z,E03,independent,20260920,default,primary,2026-09-06T13:56:48.375099+00:00,2026-09-06T13:56:48.495864+00:00,0.121,VALID,valid,,1b2dd830befbb58e3949b03deca6592ca395cd7b,a1d260b660c93e47a466deb9c00f26c880973356f7da4eda00cb8ec57cab044d,raw/E03-independent-20260920-20260906T135648409846Z
a000195,E03-independent-20260921-20260906T135648545154Z,E03,independent,20260921,default,primary,2026-09-06T13:56:48.508507+00:00,2026-09-06T13:56:48.639969+00:00,0.131,VALID,valid,,1b2dd830befbb58e3949b03deca6592ca395cd7b,a1d260b660c93e47a466deb9c00f26c880973356f7da4eda00cb8ec57cab044d,raw/E03-independent-20260921-20260906T135648545154Z
a000196,E03-independent-20260922-20260906T135648687019Z,E03,independent,20260922,default,primary,2026-09-06T13:56:48.652164+00:00,2026-09-06T13:56:48.769490+00:00,0.117,VALID,valid,,1b2dd830befbb58e3949b03deca6592ca395cd7b,a1d260b660c93e47a466deb9c00f26c880973356f7da4eda00cb8ec57cab044d,raw/E03-independent-20260922-20260906T135648687019Z
a000197,E03-independent-20260923-20260906T135648818056Z,E03,independent,20260923,default,primary,2026-09-06T13:56:48.781896+00:00,2026-09-06T13:56:48.910408+00:00,0.129,VALID,valid,,1b2dd830befbb58e3949b03deca6592ca395cd7b,a1d260b660c93e47a466deb9c00f26c880973356f7da4eda00cb8ec57cab044d,raw/E03-independent-20260923-20260906T135648818056Z
a000198,E03-independent-20260924-20260906T135648959058Z,E03,independent,20260924,default,primary,2026-09-06T13:56:48.923837+00:00,2026-09-06T13:56:49.045594+00:00,0.122,VALID,valid,,1b2dd830befbb58e3949b03deca6592ca395cd7b,a1d260b660c93e47a466deb9c00f26c880973356f7da4eda00cb8ec57cab044d,raw/E03-independent-20260924-20260906T135648959058Z
a000199,E03-independent-20260925-20260906T135649094315Z,E03,independent,20260925,default,primary,2026-09-06T13:56:49.058733+00:00,2026-09-06T13:56:49.174554+00:00,0.116,VALID,valid,,1b2dd830befbb58e3949b03deca6592ca395cd7b,a1d260b660c93e47a466deb9c00f26c880973356f7da4eda00cb8ec57cab044d,raw/E03-independent-20260925-20260906T135649094315Z
a000200,E03-independent-20260926-20260906T135649223365Z,E03,independent,20260926,default,primary,2026-09-06T13:56:49.187605+00:00,2026-09-06T13:56:49.309652+00:00,0.122,VALID,valid,,1b2dd830befbb58e3949b03deca6592ca395cd7b,a1d260b660c93e47a466deb9c00f26c880973356f7da4eda00cb8ec57cab044d,raw/E03-independent-20260926-20260906T135649223365Z
a000201,E03-independent-20260927-20260906T135649357654Z,E03,independent,20260927,default,primary,2026-09-06T13:56:49.323406+00:00,2026-09-06T13:56:49.444582+00:00,0.121,VALID,valid,,1b2dd830befbb58e3949b03deca6592ca395cd7b,a1d260b660c93e47a466deb9c00f26c880973356f7da4eda00cb8ec57cab044d,raw/E03-independent-20260927-20260906T135649357654Z
a000202,E03-independent-20260928-20260906T135649493672Z,E03,independent,20260928,default,primary,2026-09-06T13:56:49.457773+00:00,2026-09-06T13:56:49.579502+00:00,0.122,VALID,valid,,1b2dd830befbb58e3949b03deca6592ca395cd7b,a1d260b660c93e47a466deb9c00f26c880973356f7da4eda00cb8ec57cab044d,raw/E03-independent-20260928-20260906T135649493672Z
a000203,E03-independent-20260929-20260906T135649627837Z,E03,independent,20260929,default,primary,2026-09-06T13:56:49.591768+00:00,2026-09-06T13:56:49.709666+00:00,0.118,VALID,valid,,1b2dd830befbb58e3949b03deca6592ca395cd7b,a1d260b660c93e47a466deb9c00f26c880973356f7da4eda00cb8ec57cab044d,raw/E03-independent-20260929-20260906T135649627837Z
a000204,E03-independent-20260930-20260906T135649757763Z,E03,independent,20260930,default,primary,2026-09-06T13:56:49.722876+00:00,2026-09-06T13:56:49.844294+00:00,0.121,VALID,valid,,1b2dd830befbb58e3949b03deca6592ca395cd7b,a1d260b660c93e47a466deb9c00f26c880973356f7da4eda00cb8ec57cab044d,raw/E03-independent-20260930-20260906T135649757763Z
a000205,E03-independent-20260931-20260906T135649892062Z,E03,independent,20260931,default,primary,2026-09-06T13:56:49.856601+00:00,2026-09-06T13:56:49.971652+00:00,0.115,VALID,valid,,1b2dd830befbb58e3949b03deca6592ca395cd7b,a1d260b660c93e47a466deb9c00f26c880973356f7da4eda00cb8ec57cab044d,raw/E03-independent-20260931-20260906T135649892062Z
a000206,E03-independent-20260932-20260906T135650018985Z,E03,independent,20260932,default,primary,2026-09-06T13:56:49.983506+00:00,2026-09-06T13:56:50.100885+00:00,0.117,VALID,valid,,1b2dd830befbb58e3949b03deca6592ca395cd7b,a1d260b660c93e47a466deb9c00f26c880973356f7da4eda00cb8ec57cab044d,raw/E03-independent-20260932-20260906T135650018985Z
a000207,E03-independent-20260933-20260906T135650148076Z,E03,independent,20260933,default,primary,2026-09-06T13:56:50.113432+00:00,2026-09-06T13:56:50.237453+00:00,0.124,VALID,valid,,1b2dd830befbb58e3949b03deca6592ca395cd7b,a1d260b660c93e47a466deb9c00f26c880973356f7da4eda00cb8ec57cab044d,raw/E03-independent-20260933-20260906T135650148076Z
a000208,E03-independent-20260934-20260906T135650287216Z,E03,independent,20260934,default,primary,2026-09-06T13:56:50.250053+00:00,2026-09-06T13:56:50.375208+00:00,0.125,VALID,valid,,1b2dd830befbb58e3949b03deca6592ca395cd7b,a1d260b660c93e47a466deb9c00f26c880973356f7da4eda00cb8ec57cab044d,raw/E03-independent-20260934-20260906T135650287216Z
a000209,E03-independent-20260935-20260906T135650424125Z,E03,independent,20260935,default,primary,2026-09-06T13:56:50.388949+00:00,2026-09-06T13:56:50.504739+00:00,0.116,VALID,valid,,1b2dd830befbb58e3949b03deca6592ca395cd7b,a1d260b660c93e47a466deb9c00f26c880973356f7da4eda00cb8ec57cab044d,raw/E03-independent-20260935-20260906T135650424125Z
a000210,E03-independent-20260936-20260906T135650569871Z,E03,independent,20260936,default,primary,2026-09-06T13:56:50.520162+00:00,2026-09-06T13:56:50.654691+00:00,0.135,VALID,valid,,1b2dd830befbb58e3949b03deca6592ca395cd7b,a1d260b660c93e47a466deb9c00f26c880973356f7da4eda00cb8ec57cab044d,raw/E03-independent-20260936-20260906T135650569871Z
a000211,E03-static_continuity-20260907-20260906T135650702848Z,E03,static_continuity,20260907,default,primary,2026-09-06T13:56:50.667928+00:00,2026-09-06T13:56:50.778997+00:00,0.111,VALID,valid,,1b2dd830befbb58e3949b03deca6592ca395cd7b,a1d260b660c93e47a466deb9c00f26c880973356f7da4eda00cb8ec57cab044d,raw/E03-static_continuity-20260907-20260906T135650702848Z
a000212,E03-static_continuity-20260908-20260906T135650825181Z,E03,static_continuity,20260908,default,primary,2026-09-06T13:56:50.791449+00:00,2026-09-06T13:56:50.908919+00:00,0.117,VALID,valid,,1b2dd830befbb58e3949b03deca6592ca395cd7b,a1d260b660c93e47a466deb9c00f26c880973356f7da4eda00cb8ec57cab044d,raw/E03-static_continuity-20260908-20260906T135650825181Z
a000213,E03-static_continuity-20260909-20260906T135650956225Z,E03,static_continuity,20260909,default,primary,2026-09-06T13:56:50.921569+00:00,2026-09-06T13:56:51.047967+00:00,0.126,VALID,valid,,1b2dd830befbb58e3949b03deca6592ca395cd7b,a1d260b660c93e47a466deb9c00f26c880973356f7da4eda00cb8ec57cab044d,raw/E03-static_continuity-20260909-20260906T135650956225Z
a000214,E03-static_continuity-20260910-20260906T135651094139Z,E03,static_continuity,20260910,default,primary,2026-09-06T13:56:51.060035+00:00,2026-09-06T13:56:51.181297+00:00,0.121,VALID,valid,,1b2dd830befbb58e3949b03deca6592ca395cd7b,a1d260b660c93e47a466deb9c00f26c880973356f7da4eda00cb8ec57cab044d,raw/E03-static_continuity-20260910-20260906T135651094139Z
a000215,E03-static_continuity-20260911-20260906T135651230403Z,E03,static_continuity,20260911,default,primary,2026-09-06T13:56:51.194285+00:00,2026-09-06T13:56:51.319316+00:00,0.125,VALID,valid,,1b2dd830befbb58e3949b03deca6592ca395cd7b,a1d260b660c93e47a466deb9c00f26c880973356f7da4eda00cb8ec57cab044d,raw/E03-static_continuity-20260911-20260906T135651230403Z
a000216,E03-static_continuity-20260912-20260906T135651367506Z,E03,static_continuity,20260912,default,primary,2026-09-06T13:56:51.331756+00:00,2026-09-06T13:56:51.456808+00:00,0.125,VALID,valid,,1b2dd830befbb58e3949b03deca6592ca395cd7b,a1d260b660c93e47a466deb9c00f26c880973356f7da4eda00cb8ec57cab044d,raw/E03-static_continuity-20260912-20260906T135651367506Z
a000217,E03-static_continuity-20260913-20260906T135651505224Z,E03,static_continuity,20260913,default,primary,2026-09-06T13:56:51.470252+00:00,2026-09-06T13:56:51.597664+00:00,0.127,VALID,valid,,1b2dd830befbb58e3949b03deca6592ca395cd7b,a1d260b660c93e47a466deb9c00f26c880973356f7da4eda00cb8ec57cab044d,raw/E03-static_continuity-20260913-20260906T135651505224Z
a000218,E03-static_continuity-20260914-20260906T135651653215Z,E03,static_continuity,20260914,default,primary,2026-09-06T13:56:51.611144+00:00,2026-09-06T13:56:51.756959+00:00,0.146,VALID,valid,,1b2dd830befbb58e3949b03deca6592ca395cd7b,a1d260b660c93e47a466deb9c00f26c880973356f7da4eda00cb8ec57cab044d,raw/E03-static_continuity-20260914-20260906T135651653215Z
a000219,E03-static_continuity-20260915-20260906T135651808514Z,E03,static_continuity,20260915,default,primary,2026-09-06T13:56:51.770121+00:00,2026-09-06T13:56:51.897665+00:00,0.128,VALID,valid,,1b2dd830befbb58e3949b03deca6592ca395cd7b,a1d260b660c93e47a466deb9c00f26c880973356f7da4eda00cb8ec57cab044d,raw/E03-static_continuity-20260915-20260906T135651808514Z
a000220,E03-static_continuity-20260916-20260906T135651951890Z,E03,static_continuity,20260916,default,primary,2026-09-06T13:56:51.914417+00:00,2026-09-06T13:56:52.036672+00:00,0.122,VALID,valid,,1b2dd830befbb58e3949b03deca6592ca395cd7b,a1d260b660c93e47a466deb9c00f26c880973356f7da4eda00cb8ec57cab044d,raw/E03-static_continuity-20260916-20260906T135651951890Z
a000221,E03-static_continuity-20260917-20260906T135652085222Z,E03,static_continuity,20260917,default,primary,2026-09-06T13:56:52.049468+00:00,2026-09-06T13:56:52.174235+00:00,0.125,VALID,valid,,1b2dd830befbb58e3949b03deca6592ca395cd7b,a1d260b660c93e47a466deb9c00f26c880973356f7da4eda00cb8ec57cab044d,raw/E03-static_continuity-20260917-20260906T135652085222Z
a000222,E03-static_continuity-20260918-20260906T135652225230Z,E03,static_continuity,20260918,default,primary,2026-09-06T13:56:52.187073+00:00,2026-09-06T13:56:52.293501+00:00,0.106,VALID,valid,,1b2dd830befbb58e3949b03deca6592ca395cd7b,a1d260b660c93e47a466deb9c00f26c880973356f7da4eda00cb8ec57cab044d,raw/E03-static_continuity-20260918-20260906T135652225230Z
a000223,E03-static_continuity-20260919-20260906T135652341799Z,E03,static_continuity,20260919,default,primary,2026-09-06T13:56:52.305931+00:00,2026-09-06T13:56:52.430758+00:00,0.125,VALID,valid,,1b2dd830befbb58e3949b03deca6592ca395cd7b,a1d260b660c93e47a466deb9c00f26c880973356f7da4eda00cb8ec57cab044d,raw/E03-static_continuity-20260919-20260906T135652341799Z
a000224,E03-static_continuity-20260920-20260906T135652478528Z,E03,static_continuity,20260920,default,primary,2026-09-06T13:56:52.442930+00:00,2026-09-06T13:56:52.561195+00:00,0.118,VALID,valid,,1b2dd830befbb58e3949b03deca6592ca395cd7b,a1d260b660c93e47a466deb9c00f26c880973356f7da4eda00cb8ec57cab044d,raw/E03-static_continuity-20260920-20260906T135652478528Z
a000225,E03-static_continuity-20260921-20260906T135652615673Z,E03,static_continuity,20260921,default,primary,2026-09-06T13:56:52.573581+00:00,2026-09-06T13:56:52.691123+00:00,0.118,VALID,valid,,1b2dd830befbb58e3949b03deca6592ca395cd7b,a1d260b660c93e47a466deb9c00f26c880973356f7da4eda00cb8ec57cab044d,raw/E03-static_continuity-20260921-20260906T135652615673Z
a000226,E03-static_continuity-20260922-20260906T135652740684Z,E03,static_continuity,20260922,default,primary,2026-09-06T13:56:52.703992+00:00,2026-09-06T13:56:52.823903+00:00,0.12,VALID,valid,,1b2dd830befbb58e3949b03deca6592ca395cd7b,a1d260b660c93e47a466deb9c00f26c880973356f7da4eda00cb8ec57cab044d,raw/E03-static_continuity-20260922-20260906T135652740684Z
a000227,E03-static_continuity-20260923-20260906T135652871607Z,E03,static_continuity,20260923,default,primary,2026-09-06T13:56:52.837089+00:00,2026-09-06T13:56:52.955687+00:00,0.119,VALID,valid,,1b2dd830befbb58e3949b03deca6592ca395cd7b,a1d260b660c93e47a466deb9c00f26c880973356f7da4eda00cb8ec57cab044d,raw/E03-static_continuity-20260923-20260906T135652871607Z
a000228,E03-static_continuity-20260924-20260906T135653004747Z,E03,static_continuity,20260924,default,primary,2026-09-06T13:56:52.968479+00:00,2026-09-06T13:56:53.098460+00:00,0.13,VALID,valid,,1b2dd830befbb58e3949b03deca6592ca395cd7b,a1d260b660c93e47a466deb9c00f26c880973356f7da4eda00cb8ec57cab044d,raw/E03-static_continuity-20260924-20260906T135653004747Z
a000229,E03-static_continuity-20260925-20260906T135653146229Z,E03,static_continuity,20260925,default,primary,2026-09-06T13:56:53.111207+00:00,2026-09-06T13:56:53.232945+00:00,0.122,VALID,valid,,1b2dd830befbb58e3949b03deca6592ca395cd7b,a1d260b660c93e47a466deb9c00f26c880973356f7da4eda00cb8ec57cab044d,raw/E03-static_continuity-20260925-20260906T135653146229Z
a000230,E03-static_continuity-20260926-20260906T135653280612Z,E03,static_continuity,20260926,default,primary,2026-09-06T13:56:53.245131+00:00,2026-09-06T13:56:53.364265+00:00,0.119,VALID,valid,,1b2dd830befbb58e3949b03deca6592ca395cd7b,a1d260b660c93e47a466deb9c00f26c880973356f7da4eda00cb8ec57cab044d,raw/E03-static_continuity-20260926-20260906T135653280612Z
a000231,E03-static_continuity-20260927-20260906T135653410601Z,E03,static_continuity,20260927,default,primary,2026-09-06T13:56:53.376627+00:00,2026-09-06T13:56:53.496551+00:00,0.12,VALID,valid,,1b2dd830befbb58e3949b03deca6592ca395cd7b,a1d260b660c93e47a466deb9c00f26c880973356f7da4eda00cb8ec57cab044d,raw/E03-static_continuity-20260927-20260906T135653410601Z
a000232,E03-static_continuity-20260928-20260906T135653544727Z,E03,static_continuity,20260928,default,primary,2026-09-06T13:56:53.509851+00:00,2026-09-06T13:56:53.640629+00:00,0.131,VALID,valid,,1b2dd830befbb58e3949b03deca6592ca395cd7b,a1d260b660c93e47a466deb9c00f26c880973356f7da4eda00cb8ec57cab044d,raw/E03-static_continuity-20260928-20260906T135653544727Z
a000233,E03-static_continuity-20260929-20260906T135653708116Z,E03,static_continuity,20260929,default,primary,2026-09-06T13:56:53.654102+00:00,2026-09-06T13:56:53.795666+00:00,0.142,VALID,valid,,1b2dd830befbb58e3949b03deca6592ca395cd7b,a1d260b660c93e47a466deb9c00f26c880973356f7da4eda00cb8ec57cab044d,raw/E03-static_continuity-20260929-20260906T135653708116Z
a000234,E03-static_continuity-20260930-20260906T135653844536Z,E03,static_continuity,20260930,default,primary,2026-09-06T13:56:53.809463+00:00,2026-09-06T13:56:53.934313+00:00,0.125,VALID,valid,,1b2dd830befbb58e3949b03deca6592ca395cd7b,a1d260b660c93e47a466deb9c00f26c880973356f7da4eda00cb8ec57cab044d,raw/E03-static_continuity-20260930-20260906T135653844536Z
a000235,E03-static_continuity-20260931-20260906T135653981738Z,E03,static_continuity,20260931,default,primary,2026-09-06T13:56:53.947046+00:00,2026-09-06T13:56:54.072718+00:00,0.126,VALID,valid,,1b2dd830befbb58e3949b03deca6592ca395cd7b,a1d260b660c93e47a466deb9c00f26c880973356f7da4eda00cb8ec57cab044d,raw/E03-static_continuity-20260931-20260906T135653981738Z
a000236,E03-static_continuity-20260932-20260906T135654120450Z,E03,static_continuity,20260932,default,primary,2026-09-06T13:56:54.084759+00:00,2026-09-06T13:56:54.191833+00:00,0.107,VALID,valid,,1b2dd830befbb58e3949b03deca6592ca395cd7b,a1d260b660c93e47a466deb9c00f26c880973356f7da4eda00cb8ec57cab044d,raw/E03-static_continuity-20260932-20260906T135654120450Z
a000237,E03-static_continuity-20260933-20260906T135654239292Z,E03,static_continuity,20260933,default,primary,2026-09-06T13:56:54.203880+00:00,2026-09-06T13:56:54.315868+00:00,0.112,VALID,valid,,1b2dd830befbb58e3949b03deca6592ca395cd7b,a1d260b660c93e47a466deb9c00f26c880973356f7da4eda00cb8ec57cab044d,raw/E03-static_continuity-20260933-20260906T135654239292Z
a000238,E03-static_continuity-20260934-20260906T135654363557Z,E03,static_continuity,20260934,default,primary,2026-09-06T13:56:54.328244+00:00,2026-09-06T13:56:54.448568+00:00,0.12,VALID,valid,,1b2dd830befbb58e3949b03deca6592ca395cd7b,a1d260b660c93e47a466deb9c00f26c880973356f7da4eda00cb8ec57cab044d,raw/E03-static_continuity-20260934-20260906T135654363557Z
a000239,E03-static_continuity-20260935-20260906T135654497396Z,E03,static_continuity,20260935,default,primary,2026-09-06T13:56:54.461898+00:00,2026-09-06T13:56:54.584058+00:00,0.122,VALID,valid,,1b2dd830befbb58e3949b03deca6592ca395cd7b,a1d260b660c93e47a466deb9c00f26c880973356f7da4eda00cb8ec57cab044d,raw/E03-static_continuity-20260935-20260906T135654497396Z
a000240,E03-static_continuity-20260936-20260906T135654632512Z,E03,static_continuity,20260936,default,primary,2026-09-06T13:56:54.597350+00:00,2026-09-06T13:56:54.716902+00:00,0.12,VALID,valid,,1b2dd830befbb58e3949b03deca6592ca395cd7b,a1d260b660c93e47a466deb9c00f26c880973356f7da4eda00cb8ec57cab044d,raw/E03-static_continuity-20260936-20260906T135654632512Z
a000241,E03-ca_ztcf-20260907-20260906T135654767084Z,E03,ca_ztcf,20260907,default,primary,2026-09-06T13:56:54.730874+00:00,2026-09-06T13:56:54.854917+00:00,0.124,VALID,valid,,1b2dd830befbb58e3949b03deca6592ca395cd7b,a1d260b660c93e47a466deb9c00f26c880973356f7da4eda00cb8ec57cab044d,raw/E03-ca_ztcf-20260907-20260906T135654767084Z
a000242,E03-ca_ztcf-20260908-20260906T135654901456Z,E03,ca_ztcf,20260908,default,primary,2026-09-06T13:56:54.867072+00:00,2026-09-06T13:56:54.990892+00:00,0.124,VALID,valid,,1b2dd830befbb58e3949b03deca6592ca395cd7b,a1d260b660c93e47a466deb9c00f26c880973356f7da4eda00cb8ec57cab044d,raw/E03-ca_ztcf-20260908-20260906T135654901456Z
a000243,E03-ca_ztcf-20260909-20260906T135655037441Z,E03,ca_ztcf,20260909,default,primary,2026-09-06T13:56:55.002929+00:00,2026-09-06T13:56:55.116308+00:00,0.113,VALID,valid,,1b2dd830befbb58e3949b03deca6592ca395cd7b,a1d260b660c93e47a466deb9c00f26c880973356f7da4eda00cb8ec57cab044d,raw/E03-ca_ztcf-20260909-20260906T135655037441Z
a000244,E03-ca_ztcf-20260910-20260906T135655163850Z,E03,ca_ztcf,20260910,default,primary,2026-09-06T13:56:55.129360+00:00,2026-09-06T13:56:55.250485+00:00,0.121,VALID,valid,,1b2dd830befbb58e3949b03deca6592ca395cd7b,a1d260b660c93e47a466deb9c00f26c880973356f7da4eda00cb8ec57cab044d,raw/E03-ca_ztcf-20260910-20260906T135655163850Z
a000245,E03-ca_ztcf-20260911-20260906T135655298690Z,E03,ca_ztcf,20260911,default,primary,2026-09-06T13:56:55.263640+00:00,2026-09-06T13:56:55.385559+00:00,0.122,VALID,valid,,1b2dd830befbb58e3949b03deca6592ca395cd7b,a1d260b660c93e47a466deb9c00f26c880973356f7da4eda00cb8ec57cab044d,raw/E03-ca_ztcf-20260911-20260906T135655298690Z
a000246,E03-ca_ztcf-20260912-20260906T135655433093Z,E03,ca_ztcf,20260912,default,primary,2026-09-06T13:56:55.398895+00:00,2026-09-06T13:56:55.515459+00:00,0.117,VALID,valid,,1b2dd830befbb58e3949b03deca6592ca395cd7b,a1d260b660c93e47a466deb9c00f26c880973356f7da4eda00cb8ec57cab044d,raw/E03-ca_ztcf-20260912-20260906T135655433093Z
a000247,E03-ca_ztcf-20260913-20260906T135655564014Z,E03,ca_ztcf,20260913,default,primary,2026-09-06T13:56:55.529781+00:00,2026-09-06T13:56:55.660931+00:00,0.131,VALID,valid,,1b2dd830befbb58e3949b03deca6592ca395cd7b,a1d260b660c93e47a466deb9c00f26c880973356f7da4eda00cb8ec57cab044d,raw/E03-ca_ztcf-20260913-20260906T135655564014Z
a000248,E03-ca_ztcf-20260914-20260906T135655710792Z,E03,ca_ztcf,20260914,default,primary,2026-09-06T13:56:55.674279+00:00,2026-09-06T13:56:55.807547+00:00,0.133,VALID,valid,,1b2dd830befbb58e3949b03deca6592ca395cd7b,a1d260b660c93e47a466deb9c00f26c880973356f7da4eda00cb8ec57cab044d,raw/E03-ca_ztcf-20260914-20260906T135655710792Z
a000249,E03-ca_ztcf-20260915-20260906T135655858081Z,E03,ca_ztcf,20260915,default,primary,2026-09-06T13:56:55.821774+00:00,2026-09-06T13:56:55.944979+00:00,0.123,VALID,valid,,1b2dd830befbb58e3949b03deca6592ca395cd7b,a1d260b660c93e47a466deb9c00f26c880973356f7da4eda00cb8ec57cab044d,raw/E03-ca_ztcf-20260915-20260906T135655858081Z
a000250,E03-ca_ztcf-20260916-20260906T135655993279Z,E03,ca_ztcf,20260916,default,primary,2026-09-06T13:56:55.957616+00:00,2026-09-06T13:56:56.067244+00:00,0.11,VALID,valid,,1b2dd830befbb58e3949b03deca6592ca395cd7b,a1d260b660c93e47a466deb9c00f26c880973356f7da4eda00cb8ec57cab044d,raw/E03-ca_ztcf-20260916-20260906T135655993279Z
a000251,E03-ca_ztcf-20260917-20260906T135656114173Z,E03,ca_ztcf,20260917,default,primary,2026-09-06T13:56:56.079867+00:00,2026-09-06T13:56:56.194683+00:00,0.115,VALID,valid,,1b2dd830befbb58e3949b03deca6592ca395cd7b,a1d260b660c93e47a466deb9c00f26c880973356f7da4eda00cb8ec57cab044d,raw/E03-ca_ztcf-20260917-20260906T135656114173Z
a000252,E03-ca_ztcf-20260918-20260906T135656241348Z,E03,ca_ztcf,20260918,default,primary,2026-09-06T13:56:56.206742+00:00,2026-09-06T13:56:56.315006+00:00,0.108,VALID,valid,,1b2dd830befbb58e3949b03deca6592ca395cd7b,a1d260b660c93e47a466deb9c00f26c880973356f7da4eda00cb8ec57cab044d,raw/E03-ca_ztcf-20260918-20260906T135656241348Z
a000253,E03-ca_ztcf-20260919-20260906T135656362714Z,E03,ca_ztcf,20260919,default,primary,2026-09-06T13:56:56.328419+00:00,2026-09-06T13:56:56.451876+00:00,0.123,VALID,valid,,1b2dd830befbb58e3949b03deca6592ca395cd7b,a1d260b660c93e47a466deb9c00f26c880973356f7da4eda00cb8ec57cab044d,raw/E03-ca_ztcf-20260919-20260906T135656362714Z
a000254,E03-ca_ztcf-20260920-20260906T135656500462Z,E03,ca_ztcf,20260920,default,primary,2026-09-06T13:56:56.465307+00:00,2026-09-06T13:56:56.582641+00:00,0.117,VALID,valid,,1b2dd830befbb58e3949b03deca6592ca395cd7b,a1d260b660c93e47a466deb9c00f26c880973356f7da4eda00cb8ec57cab044d,raw/E03-ca_ztcf-20260920-20260906T135656500462Z
a000255,E03-ca_ztcf-20260921-20260906T135656630061Z,E03,ca_ztcf,20260921,default,primary,2026-09-06T13:56:56.595519+00:00,2026-09-06T13:56:56.716139+00:00,0.121,VALID,valid,,1b2dd830befbb58e3949b03deca6592ca395cd7b,a1d260b660c93e47a466deb9c00f26c880973356f7da4eda00cb8ec57cab044d,raw/E03-ca_ztcf-20260921-20260906T135656630061Z
a000256,E03-ca_ztcf-20260922-20260906T135656764032Z,E03,ca_ztcf,20260922,default,primary,2026-09-06T13:56:56.729625+00:00,2026-09-06T13:56:56.853333+00:00,0.124,VALID,valid,,1b2dd830befbb58e3949b03deca6592ca395cd7b,a1d260b660c93e47a466deb9c00f26c880973356f7da4eda00cb8ec57cab044d,raw/E03-ca_ztcf-20260922-20260906T135656764032Z
a000257,E03-ca_ztcf-20260923-20260906T135656900288Z,E03,ca_ztcf,20260923,default,primary,2026-09-06T13:56:56.866052+00:00,2026-09-06T13:56:56.986868+00:00,0.121,VALID,valid,,1b2dd830befbb58e3949b03deca6592ca395cd7b,a1d260b660c93e47a466deb9c00f26c880973356f7da4eda00cb8ec57cab044d,raw/E03-ca_ztcf-20260923-20260906T135656900288Z
a000258,E03-ca_ztcf-20260924-20260906T135657033673Z,E03,ca_ztcf,20260924,default,primary,2026-09-06T13:56:56.998739+00:00,2026-09-06T13:56:57.122369+00:00,0.124,VALID,valid,,1b2dd830befbb58e3949b03deca6592ca395cd7b,a1d260b660c93e47a466deb9c00f26c880973356f7da4eda00cb8ec57cab044d,raw/E03-ca_ztcf-20260924-20260906T135657033673Z
a000259,E03-ca_ztcf-20260925-20260906T135657170845Z,E03,ca_ztcf,20260925,default,primary,2026-09-06T13:56:57.135330+00:00,2026-09-06T13:56:57.262240+00:00,0.127,VALID,valid,,1b2dd830befbb58e3949b03deca6592ca395cd7b,a1d260b660c93e47a466deb9c00f26c880973356f7da4eda00cb8ec57cab044d,raw/E03-ca_ztcf-20260925-20260906T135657170845Z
a000260,E03-ca_ztcf-20260926-20260906T135657309890Z,E03,ca_ztcf,20260926,default,primary,2026-09-06T13:56:57.275011+00:00,2026-09-06T13:56:57.382924+00:00,0.108,VALID,valid,,1b2dd830befbb58e3949b03deca6592ca395cd7b,a1d260b660c93e47a466deb9c00f26c880973356f7da4eda00cb8ec57cab044d,raw/E03-ca_ztcf-20260926-20260906T135657309890Z
a000261,E03-ca_ztcf-20260927-20260906T135657432931Z,E03,ca_ztcf,20260927,default,primary,2026-09-06T13:56:57.397557+00:00,2026-09-06T13:56:57.512778+00:00,0.115,VALID,valid,,1b2dd830befbb58e3949b03deca6592ca395cd7b,a1d260b660c93e47a466deb9c00f26c880973356f7da4eda00cb8ec57cab044d,raw/E03-ca_ztcf-20260927-20260906T135657432931Z
a000262,E03-ca_ztcf-20260928-20260906T135657561109Z,E03,ca_ztcf,20260928,default,primary,2026-09-06T13:56:57.526951+00:00,2026-09-06T13:56:57.637509+00:00,0.111,VALID,valid,,1b2dd830befbb58e3949b03deca6592ca395cd7b,a1d260b660c93e47a466deb9c00f26c880973356f7da4eda00cb8ec57cab044d,raw/E03-ca_ztcf-20260928-20260906T135657561109Z
a000263,E03-ca_ztcf-20260929-20260906T135657685885Z,E03,ca_ztcf,20260929,default,primary,2026-09-06T13:56:57.651016+00:00,2026-09-06T13:56:57.762008+00:00,0.111,VALID,valid,,1b2dd830befbb58e3949b03deca6592ca395cd7b,a1d260b660c93e47a466deb9c00f26c880973356f7da4eda00cb8ec57cab044d,raw/E03-ca_ztcf-20260929-20260906T135657685885Z
a000264,E03-ca_ztcf-20260930-20260906T135657809016Z,E03,ca_ztcf,20260930,default,primary,2026-09-06T13:56:57.774663+00:00,2026-09-06T13:56:57.883809+00:00,0.109,VALID,valid,,1b2dd830befbb58e3949b03deca6592ca395cd7b,a1d260b660c93e47a466deb9c00f26c880973356f7da4eda00cb8ec57cab044d,raw/E03-ca_ztcf-20260930-20260906T135657809016Z
a000265,E03-ca_ztcf-20260931-20260906T135657931852Z,E03,ca_ztcf,20260931,default,primary,2026-09-06T13:56:57.897288+00:00,2026-09-06T13:56:58.010794+00:00,0.113,VALID,valid,,1b2dd830befbb58e3949b03deca6592ca395cd7b,a1d260b660c93e47a466deb9c00f26c880973356f7da4eda00cb8ec57cab044d,raw/E03-ca_ztcf-20260931-20260906T135657931852Z
a000266,E03-ca_ztcf-20260932-20260906T135658058263Z,E03,ca_ztcf,20260932,default,primary,2026-09-06T13:56:58.023524+00:00,2026-09-06T13:56:58.130567+00:00,0.107,VALID,valid,,1b2dd830befbb58e3949b03deca6592ca395cd7b,a1d260b660c93e47a466deb9c00f26c880973356f7da4eda00cb8ec57cab044d,raw/E03-ca_ztcf-20260932-20260906T135658058263Z
a000267,E03-ca_ztcf-20260933-20260906T135658177240Z,E03,ca_ztcf,20260933,default,primary,2026-09-06T13:56:58.143237+00:00,2026-09-06T13:56:58.267567+00:00,0.124,VALID,valid,,1b2dd830befbb58e3949b03deca6592ca395cd7b,a1d260b660c93e47a466deb9c00f26c880973356f7da4eda00cb8ec57cab044d,raw/E03-ca_ztcf-20260933-20260906T135658177240Z
a000268,E03-ca_ztcf-20260934-20260906T135658315126Z,E03,ca_ztcf,20260934,default,primary,2026-09-06T13:56:58.280663+00:00,2026-09-06T13:56:58.395916+00:00,0.115,VALID,valid,,1b2dd830befbb58e3949b03deca6592ca395cd7b,a1d260b660c93e47a466deb9c00f26c880973356f7da4eda00cb8ec57cab044d,raw/E03-ca_ztcf-20260934-20260906T135658315126Z
a000269,E03-ca_ztcf-20260935-20260906T135658444791Z,E03,ca_ztcf,20260935,default,primary,2026-09-06T13:56:58.408636+00:00,2026-09-06T13:56:58.382972+00:00,0.118,VALID,valid,,1b2dd830befbb58e3949b03deca6592ca395cd7b,a1d260b660c93e47a466deb9c00f26c880973356f7da4eda00cb8ec57cab044d,raw/E03-ca_ztcf-20260935-20260906T135658444791Z
a000270,E03-ca_ztcf-20260936-20260906T135658430287Z,E03,ca_ztcf,20260936,default,primary,2026-09-06T13:56:58.395277+00:00,2026-09-06T13:56:58.516694+00:00,0.121,VALID,valid,,1b2dd830befbb58e3949b03deca6592ca395cd7b,a1d260b660c93e47a466deb9c00f26c880973356f7da4eda00cb8ec57cab044d,raw/E03-ca_ztcf-20260936-20260906T135658430287Z
a000271,E04-independent-20260907-20260906T135658564086Z,E04,independent,20260907,default,primary,2026-09-06T13:56:58.528654+00:00,2026-09-06T13:56:58.645104+00:00,0.116,VALID,valid,,1b2dd830befbb58e3949b03deca6592ca395cd7b,a1d260b660c93e47a466deb9c00f26c880973356f7da4eda00cb8ec57cab044d,raw/E04-independent-20260907-20260906T135658564086Z
a000272,E04-independent-20260908-20260906T135658692559Z,E04,independent,20260908,default,primary,2026-09-06T13:56:58.657593+00:00,2026-09-06T13:56:58.774986+00:00,0.117,VALID,valid,,1b2dd830befbb58e3949b03deca6592ca395cd7b,a1d260b660c93e47a466deb9c00f26c880973356f7da4eda00cb8ec57cab044d,raw/E04-independent-20260908-20260906T135658692559Z
a000273,E04-independent-20260909-20260906T135658822260Z,E04,independent,20260909,default,primary,2026-09-06T13:56:58.787254+00:00,2026-09-06T13:56:58.911153+00:00,0.124,VALID,valid,,1b2dd830befbb58e3949b03deca6592ca395cd7b,a1d260b660c93e47a466deb9c00f26c880973356f7da4eda00cb8ec57cab044d,raw/E04-independent-20260909-20260906T135658822260Z
a000274,E04-independent-20260910-20260906T135658957192Z,E04,independent,20260910,default,primary,2026-09-06T13:56:58.923203+00:00,2026-09-06T13:56:59.041175+00:00,0.118,VALID,valid,,1b2dd830befbb58e3949b03deca6592ca395cd7b,a1d260b660c93e47a466deb9c00f26c880973356f7da4eda00cb8ec57cab044d,raw/E04-independent-20260910-20260906T135658957192Z
a000275,E04-independent-20260911-20260906T135659089744Z,E04,independent,20260911,default,primary,2026-09-06T13:56:59.054142+00:00,2026-09-06T13:56:59.170122+00:00,0.116,VALID,valid,,1b2dd830befbb58e3949b03deca6592ca395cd7b,a1d260b660c93e47a466deb9c00f26c880973356f7da4eda00cb8ec57cab044d,raw/E04-independent-20260911-20260906T135659089744Z
a000276,E04-independent-20260912-20260906T135659217571Z,E04,independent,20260912,default,primary,2026-09-06T13:56:59.182343+00:00,2026-09-06T13:56:59.301639+00:00,0.119,VALID,valid,,1b2dd830befbb58e3949b03deca6592ca395cd7b,a1d260b660c93e47a466deb9c00f26c880973356f7da4eda00cb8ec57cab044d,raw/E04-independent-20260912-20260906T135659217571Z
a000277,E04-independent-20260913-20260906T135659350859Z,E04,independent,20260913,default,primary,2026-09-06T13:56:59.315241+00:00,2026-09-06T13:56:59.441452+00:00,0.126,VALID,valid,,1b2dd830befbb58e3949b03deca6592ca395cd7b,a1d260b660c93e47a466deb9c00f26c880973356f7da4eda00cb8ec57cab044d,raw/E04-independent-20260913-20260906T135659350859Z
a000278,E04-independent-20260914-20260906T135659492877Z,E04,independent,20260914,default,primary,2026-09-06T13:56:59.454729+00:00,2026-09-06T13:56:59.588361+00:00,0.134,VALID,valid,,1b2dd830befbb58e3949b03deca6592ca395cd7b,a1d260b660c93e47a466deb9c00f26c880973356f7da4eda00cb8ec57cab044d,raw/E04-independent-20260914-20260906T135659492877Z
a000279,E04-independent-20260915-20260906T135659639384Z,E04,independent,20260915,default,primary,2026-09-06T13:56:59.601869+00:00,2026-09-06T13:56:59.734639+00:00,0.133,VALID,valid,,1b2dd830befbb58e3949b03deca6592ca395cd7b,a1d260b660c93e47a466deb9c00f26c880973356f7da4eda00cb8ec57cab044d,raw/E04-independent-20260915-20260906T135659639384Z
a000280,E04-independent-20260916-20260906T135659784320Z,E04,independent,20260916,default,primary,2026-09-06T13:56:59.748049+00:00,2026-09-06T13:56:59.872700+00:00,0.125,VALID,valid,,1b2dd830befbb58e3949b03deca6592ca395cd7b,a1d260b660c93e47a466deb9c00f26c880973356f7da4eda00cb8ec57cab044d,raw/E04-independent-20260916-20260906T135659784320Z
a000281,E04-independent-20260917-20260906T135659921332Z,E04,independent,20260917,default,primary,2026-09-06T13:56:59.886183+00:00,2026-09-06T13:57:00.006906+00:00,0.121,VALID,valid,,1b2dd830befbb58e3949b03deca6592ca395cd7b,a1d260b660c93e47a466deb9c00f26c880973356f7da4eda00cb8ec57cab044d,raw/E04-independent-20260917-20260906T135659921332Z
a000282,E04-independent-20260918-20260906T135700057440Z,E04,independent,20260918,default,primary,2026-09-06T13:57:00.020397+00:00,2026-09-06T13:57:00.144256+00:00,0.124,VALID,valid,,1b2dd830befbb58e3949b03deca6592ca395cd7b,a1d260b660c93e47a466deb9c00f26c880973356f7da4eda00cb8ec57cab044d,raw/E04-independent-20260918-20260906T135700057440Z
a000283,E04-independent-20260919-20260906T135700192152Z,E04,independent,20260919,default,primary,2026-09-06T13:57:00.156598+00:00,2026-09-06T13:57:00.280091+00:00,0.123,VALID,valid,,1b2dd830befbb58e3949b03deca6592ca395cd7b,a1d260b660c93e47a466deb9c00f26c880973356f7da4eda00cb8ec57cab044d,raw/E04-independent-20260919-20260906T135700192152Z
a000284,E04-independent-20260920-20260906T135700330231Z,E04,independent,20260920,default,primary,2026-09-06T13:57:00.293347+00:00,2026-09-06T13:57:00.419764+00:00,0.126,VALID,valid,,1b2dd830befbb58e3949b03deca6592ca395cd7b,a1d260b660c93e47a466deb9c00f26c880973356f7da4eda00cb8ec57cab044d,raw/E04-independent-20260920-20260906T135700330231Z
a000285,E04-independent-20260921-20260906T135700470195Z,E04,independent,20260921,default,primary,2026-09-06T13:57:00.434226+00:00,2026-09-06T13:57:00.572661+00:00,0.138,VALID,valid,,1b2dd830befbb58e3949b03deca6592ca395cd7b,a1d260b660c93e47a466deb9c00f26c880973356f7da4eda00cb8ec57cab044d,raw/E04-independent-20260921-20260906T135700470195Z
a000286,E04-independent-20260922-20260906T135700622615Z,E04,independent,20260922,default,primary,2026-09-06T13:57:00.586468+00:00,2026-09-06T13:57:00.715689+00:00,0.129,VALID,valid,,1b2dd830befbb58e3949b03deca6592ca395cd7b,a1d260b660c93e47a466deb9c00f26c880973356f7da4eda00cb8ec57cab044d,raw/E04-independent-20260922-20260906T135700622615Z
a000287,E04-independent-20260923-20260906T135700764163Z,E04,independent,20260923,default,primary,2026-09-06T13:57:00.728023+00:00,2026-09-06T13:57:00.846880+00:00,0.119,VALID,valid,,1b2dd830befbb58e3949b03deca6592ca395cd7b,a1d260b660c93e47a466deb9c00f26c880973356f7da4eda00cb8ec57cab044d,raw/E04-independent-20260923-20260906T135700764163Z
a000288,E04-independent-20260924-20260906T135700895760Z,E04,independent,20260924,default,primary,2026-09-06T13:57:00.860335+00:00,2026-09-06T13:57:00.978731+00:00,0.118,VALID,valid,,1b2dd830befbb58e3949b03deca6592ca395cd7b,a1d260b660c93e47a466deb9c00f26c880973356f7da4eda00cb8ec57cab044d,raw/E04-independent-20260924-20260906T135700895760Z
a000289,E04-independent-20260925-20260906T135701025917Z,E04,independent,20260925,default,primary,2026-09-06T13:57:00.991062+00:00,2026-09-06T13:57:01.108008+00:00,0.117,VALID,valid,,1b2dd830befbb58e3949b03deca6592ca395cd7b,a1d260b660c93e47a466deb9c00f26c880973356f7da4eda00cb8ec57cab044d,raw/E04-independent-20260925-20260906T135701025917Z
a000290,E04-independent-20260926-20260906T135701154423Z,E04,independent,20260926,default,primary,2026-09-06T13:57:01.120190+00:00,2026-09-06T13:57:01.247519+00:00,0.127,VALID,valid,,1b2dd830befbb58e3949b03deca6592ca395cd7b,a1d260b660c93e47a466deb9c00f26c880973356f7da4eda00cb8ec57cab044d,raw/E04-independent-20260926-20260906T135701154423Z
a000291,E04-independent-20260927-20260906T135701297529Z,E04,independent,20260927,default,primary,2026-09-06T13:57:01.261175+00:00,2026-09-06T13:57:01.376340+00:00,0.115,VALID,valid,,1b2dd830befbb58e3949b03deca6592ca395cd7b,a1d260b660c93e47a466deb9c00f26c880973356f7da4eda00cb8ec57cab044d,raw/E04-independent-20260927-20260906T135701297529Z
a000292,E04-independent-20260928-20260906T135701423669Z,E04,independent,20260928,default,primary,2026-09-06T13:57:01.388447+00:00,2026-09-06T13:57:01.504934+00:00,0.116,VALID,valid,,1b2dd830befbb58e3949b03deca6592ca395cd7b,a1d260b660c93e47a466deb9c00f26c880973356f7da4eda00cb8ec57cab044d,raw/E04-independent-20260928-20260906T135701423669Z
a000293,E04-independent-20260929-20260906T135701552759Z,E04,independent,20260929,default,primary,2026-09-06T13:57:01.517933+00:00,2026-09-06T13:57:01.628232+00:00,0.11,VALID,valid,,1b2dd830befbb58e3949b03deca6592ca395cd7b,a1d260b660c93e47a466deb9c00f26c880973356f7da4eda00cb8ec57cab044d,raw/E04-independent-20260929-20260906T135701552759Z
a000294,E04-independent-20260930-20260906T135701676192Z,E04,independent,20260930,default,primary,2026-09-06T13:57:01.640882+00:00,2026-09-06T13:57:01.766828+00:00,0.126,VALID,valid,,1b2dd830befbb58e3949b03deca6592ca395cd7b,a1d260b660c93e47a466deb9c00f26c880973356f7da4eda00cb8ec57cab044d,raw/E04-independent-20260930-20260906T135701676192Z
a000295,E04-independent-20260931-20260906T135701815477Z,E04,independent,20260931,default,primary,2026-09-06T13:57:01.779943+00:00,2026-09-06T13:57:01.900590+00:00,0.121,VALID,valid,,1b2dd830befbb58e3949b03deca6592ca395cd7b,a1d260b660c93e47a466deb9c00f26c880973356f7da4eda00cb8ec57cab044d,raw/E04-independent-20260931-20260906T135701815477Z
a000296,E04-independent-20260932-20260906T135701949840Z,E04,independent,20260932,default,primary,2026-09-06T13:57:01.914167+00:00,2026-09-06T13:57:02.035464+00:00,0.121,VALID,valid,,1b2dd830befbb58e3949b03deca6592ca395cd7b,a1d260b660c93e47a466deb9c00f26c880973356f7da4eda00cb8ec57cab044d,raw/E04-independent-20260932-20260906T135701949840Z
a000297,E04-independent-20260933-20260906T135702084517Z,E04,independent,20260933,default,primary,2026-09-06T13:57:02.048783+00:00,2026-09-06T13:57:02.171893+00:00,0.123,VALID,valid,,1b2dd830befbb58e3949b03deca6592ca395cd7b,a1d260b660c93e47a466deb9c00f26c880973356f7da4eda00cb8ec57cab044d,raw/E04-independent-20260933-20260906T135702084517Z
a000298,E04-independent-20260934-20260906T135702221148Z,E04,independent,20260934,default,primary,2026-09-06T13:57:02.185901+00:00,2026-09-06T13:57:02.310655+00:00,0.125,VALID,valid,,1b2dd830befbb58e3949b03deca6592ca395cd7b,a1d260b660c93e47a466deb9c00f26c880973356f7da4eda00cb8ec57cab044d,raw/E04-independent-20260934-20260906T135702221148Z
a000299,E04-independent-20260935-20260906T135702358770Z,E04,independent,20260935,default,primary,2026-09-06T13:57:02.323991+00:00,2026-09-06T13:57:02.446764+00:00,0.123,VALID,valid,,1b2dd830befbb58e3949b03deca6592ca395cd7b,a1d260b660c93e47a466deb9c00f26c880973356f7da4eda00cb8ec57cab044d,raw/E04-independent-20260935-20260906T135702358770Z
a000300,E04-independent-20260936-20260906T135702495084Z,E04,independent,20260936,default,primary,2026-09-06T13:57:02.460115+00:00,2026-09-06T13:57:02.578411+00:00,0.118,VALID,valid,,1b2dd830befbb58e3949b03deca6592ca395cd7b,a1d260b660c93e47a466deb9c00f26c880973356f7da4eda00cb8ec57cab044d,raw/E04-independent-20260936-20260906T135702495084Z
a000301,E04-static_continuity-20260907-20260906T135702629936Z,E04,static_continuity,20260907,default,primary,2026-09-06T13:57:02.593075+00:00,2026-09-06T13:57:02.710349+00:00,0.117,VALID,valid,,1b2dd830befbb58e3949b03deca6592ca395cd7b,a1d260b660c93e47a466deb9c00f26c880973356f7da4eda00cb8ec57cab044d,raw/E04-static_continuity-20260907-20260906T135702629936Z
a000302,E04-static_continuity-20260908-20260906T135702759917Z,E04,static_continuity,20260908,default,primary,2026-09-06T13:57:02.723454+00:00,2026-09-06T13:57:02.840862+00:00,0.117,VALID,valid,,1b2dd830befbb58e3949b03deca6592ca395cd7b,a1d260b660c93e47a466deb9c00f26c880973356f7da4eda00cb8ec57cab044d,raw/E04-static_continuity-20260908-20260906T135702759917Z
a000303,E04-static_continuity-20260909-20260906T135702889093Z,E04,static_continuity,20260909,default,primary,2026-09-06T13:57:02.854229+00:00,2026-09-06T13:57:02.978270+00:00,0.124,VALID,valid,,1b2dd830befbb58e3949b03deca6592ca395cd7b,a1d260b660c93e47a466deb9c00f26c880973356f7da4eda00cb8ec57cab044d,raw/E04-static_continuity-20260909-20260906T135702889093Z
a000304,E04-static_continuity-20260910-20260906T135703025025Z,E04,static_continuity,20260910,default,primary,2026-09-06T13:57:02.990736+00:00,2026-09-06T13:57:03.109839+00:00,0.119,VALID,valid,,1b2dd830befbb58e3949b03deca6592ca395cd7b,a1d260b660c93e47a466deb9c00f26c880973356f7da4eda00cb8ec57cab044d,raw/E04-static_continuity-20260910-20260906T135703025025Z
a000305,E04-static_continuity-20260911-20260906T135703157540Z,E04,static_continuity,20260911,default,primary,2026-09-06T13:57:03.122988+00:00,2026-09-06T13:57:03.241918+00:00,0.119,VALID,valid,,1b2dd830befbb58e3949b03deca6592ca395cd7b,a1d260b660c93e47a466deb9c00f26c880973356f7da4eda00cb8ec57cab044d,raw/E04-static_continuity-20260911-20260906T135703157540Z
a000306,E04-static_continuity-20260912-20260906T135703290402Z,E04,static_continuity,20260912,default,primary,2026-09-06T13:57:03.254633+00:00,2026-09-06T13:57:03.382252+00:00,0.128,VALID,valid,,1b2dd830befbb58e3949b03deca6592ca395cd7b,a1d260b660c93e47a466deb9c00f26c880973356f7da4eda00cb8ec57cab044d,raw/E04-static_continuity-20260912-20260906T135703290402Z
a000307,E04-static_continuity-20260913-20260906T135703432571Z,E04,static_continuity,20260913,default,primary,2026-09-06T13:57:03.395534+00:00,2026-09-06T13:57:03.514620+00:00,0.119,VALID,valid,,1b2dd830befbb58e3949b03deca6592ca395cd7b,a1d260b660c93e47a466deb9c00f26c880973356f7da4eda00cb8ec57cab044d,raw/E04-static_continuity-20260913-20260906T135703432571Z
a000308,E04-static_continuity-20260914-20260906T135703562370Z,E04,static_continuity,20260914,default,primary,2026-09-06T13:57:03.526997+00:00,2026-09-06T13:57:03.650430+00:00,0.123,VALID,valid,,1b2dd830befbb58e3949b03deca6592ca395cd7b,a1d260b660c93e47a466deb9c00f26c880973356f7da4eda00cb8ec57cab044d,raw/E04-static_continuity-20260914-20260906T135703562370Z
a000309,E04-static_continuity-20260915-20260906T135703720762Z,E04,static_continuity,20260915,default,primary,2026-09-06T13:57:03.662724+00:00,2026-09-06T13:57:03.805787+00:00,0.143,VALID,valid,,1b2dd830befbb58e3949b03deca6592ca395cd7b,a1d260b660c93e47a466deb9c00f26c880973356f7da4eda00cb8ec57cab044d,raw/E04-static_continuity-20260915-20260906T135703720762Z
a000310,E04-static_continuity-20260916-20260906T135703854887Z,E04,static_continuity,20260916,default,primary,2026-09-06T13:57:03.819031+00:00,2026-09-06T13:57:03.938642+00:00,0.12,VALID,valid,,1b2dd830befbb58e3949b03deca6592ca395cd7b,a1d260b660c93e47a466deb9c00f26c880973356f7da4eda00cb8ec57cab044d,raw/E04-static_continuity-20260916-20260906T135703854887Z
a000311,E04-static_continuity-20260917-20260906T135703987463Z,E04,static_continuity,20260917,default,primary,2026-09-06T13:57:03.952231+00:00,2026-09-06T13:57:04.071558+00:00,0.119,VALID,valid,,1b2dd830befbb58e3949b03deca6592ca395cd7b,a1d260b660c93e47a466deb9c00f26c880973356f7da4eda00cb8ec57cab044d,raw/E04-static_continuity-20260917-20260906T135703987463Z
a000312,E04-static_continuity-20260918-20260906T135704119738Z,E04,static_continuity,20260918,default,primary,2026-09-06T13:57:04.083828+00:00,2026-09-06T13:57:04.202729+00:00,0.119,VALID,valid,,1b2dd830befbb58e3949b03deca6592ca395cd7b,a1d260b660c93e47a466deb9c00f26c880973356f7da4eda00cb8ec57cab044d,raw/E04-static_continuity-20260918-20260906T135704119738Z
a000313,E04-static_continuity-20260919-20260906T135704251522Z,E04,static_continuity,20260919,default,primary,2026-09-06T13:57:04.215961+00:00,2026-09-06T13:57:04.342422+00:00,0.126,VALID,valid,,1b2dd830befbb58e3949b03deca6592ca395cd7b,a1d260b660c93e47a466deb9c00f26c880973356f7da4eda00cb8ec57cab044d,raw/E04-static_continuity-20260919-20260906T135704251522Z
a000314,E04-static_continuity-20260920-20260906T135704389654Z,E04,static_continuity,20260920,default,primary,2026-09-06T13:57:04.355044+00:00,2026-09-06T13:57:04.479595+00:00,0.125,VALID,valid,,1b2dd830befbb58e3949b03deca6592ca395cd7b,a1d260b660c93e47a466deb9c00f26c880973356f7da4eda00cb8ec57cab044d,raw/E04-static_continuity-20260920-20260906T135704389654Z
a000315,E04-static_continuity-20260921-20260906T135704528779Z,E04,static_continuity,20260921,default,primary,2026-09-06T13:57:04.493042+00:00,2026-09-06T13:57:04.620115+00:00,0.127,VALID,valid,,1b2dd830befbb58e3949b03deca6592ca395cd7b,a1d260b660c93e47a466deb9c00f26c880973356f7da4eda00cb8ec57cab044d,raw/E04-static_continuity-20260921-20260906T135704528779Z
a000316,E04-static_continuity-20260922-20260906T135704668966Z,E04,static_continuity,20260922,default,primary,2026-09-06T13:57:04.633272+00:00,2026-09-06T13:57:04.757723+00:00,0.124,VALID,valid,,1b2dd830befbb58e3949b03deca6592ca395cd7b,a1d260b660c93e47a466deb9c00f26c880973356f7da4eda00cb8ec57cab044d,raw/E04-static_continuity-20260922-20260906T135704668966Z
a000317,E04-static_continuity-20260923-20260906T135704804727Z,E04,static_continuity,20260923,default,primary,2026-09-06T13:57:04.770477+00:00,2026-09-06T13:57:04.888866+00:00,0.118,VALID,valid,,1b2dd830befbb58e3949b03deca6592ca395cd7b,a1d260b660c93e47a466deb9c00f26c880973356f7da4eda00cb8ec57cab044d,raw/E04-static_continuity-20260923-20260906T135704804727Z
a000318,E04-static_continuity-20260924-20260906T135704938150Z,E04,static_continuity,20260924,default,primary,2026-09-06T13:57:04.902120+00:00,2026-09-06T13:57:05.025798+00:00,0.124,VALID,valid,,1b2dd830befbb58e3949b03deca6592ca395cd7b,a1d260b660c93e47a466deb9c00f26c880973356f7da4eda00cb8ec57cab044d,raw/E04-static_continuity-20260924-20260906T135704938150Z
a000319,E04-static_continuity-20260925-20260906T135705074093Z,E04,static_continuity,20260925,default,primary,2026-09-06T13:57:05.038089+00:00,2026-09-06T13:57:05.161202+00:00,0.123,VALID,valid,,1b2dd830befbb58e3949b03deca6592ca395cd7b,a1d260b660c93e47a466deb9c00f26c880973356f7da4eda00cb8ec57cab044d,raw/E04-static_continuity-20260925-20260906T135705074093Z
a000320,E04-static_continuity-20260926-20260906T135705210685Z,E04,static_continuity,20260926,default,primary,2026-09-06T13:57:05.174914+00:00,2026-09-06T13:57:05.299146+00:00,0.124,VALID,valid,,1b2dd830befbb58e3949b03deca6592ca395cd7b,a1d260b660c93e47a466deb9c00f26c880973356f7da4eda00cb8ec57cab044d,raw/E04-static_continuity-20260926-20260906T135705210685Z
a000321,E04-static_continuity-20260927-20260906T135705347185Z,E04,static_continuity,20260927,default,primary,2026-09-06T13:57:05.312862+00:00,2026-09-06T13:57:05.429771+00:00,0.117,VALID,valid,,1b2dd830befbb58e3949b03deca6592ca395cd7b,a1d260b660c93e47a466deb9c00f26c880973356f7da4eda00cb8ec57cab044d,raw/E04-static_continuity-20260927-20260906T135705347185Z
a000322,E04-static_continuity-20260928-20260906T135705477434Z,E04,static_continuity,20260928,default,primary,2026-09-06T13:57:05.442713+00:00,2026-09-06T13:57:05.560049+00:00,0.117,VALID,valid,,1b2dd830befbb58e3949b03deca6592ca395cd7b,a1d260b660c93e47a466deb9c00f26c880973356f7da4eda00cb8ec57cab044d,raw/E04-static_continuity-20260928-20260906T135705477434Z
a000323,E04-static_continuity-20260929-20260906T135705608807Z,E04,static_continuity,20260929,default,primary,2026-09-06T13:57:05.573467+00:00,2026-09-06T13:57:05.701280+00:00,0.128,VALID,valid,,1b2dd830befbb58e3949b03deca6592ca395cd7b,a1d260b660c93e47a466deb9c00f26c880973356f7da4eda00cb8ec57cab044d,raw/E04-static_continuity-20260929-20260906T135705608807Z
a000324,E04-static_continuity-20260930-20260906T135705756877Z,E04,static_continuity,20260930,default,primary,2026-09-06T13:57:05.713932+00:00,2026-09-06T13:57:05.847920+00:00,0.134,VALID,valid,,1b2dd830befbb58e3949b03deca6592ca395cd7b,a1d260b660c93e47a466deb9c00f26c880973356f7da4eda00cb8ec57cab044d,raw/E04-static_continuity-20260930-20260906T135705756877Z
a000325,E04-static_continuity-20260931-20260906T135705895932Z,E04,static_continuity,20260931,default,primary,2026-09-06T13:57:05.860588+00:00,2026-09-06T13:57:05.987592+00:00,0.127,VALID,valid,,1b2dd830befbb58e3949b03deca6592ca395cd7b,a1d260b660c93e47a466deb9c00f26c880973356f7da4eda00cb8ec57cab044d,raw/E04-static_continuity-20260931-20260906T135705895932Z
a000326,E04-static_continuity-20260932-20260906T135706036154Z,E04,static_continuity,20260932,default,primary,2026-09-06T13:57:06.000197+00:00,2026-09-06T13:57:06.123013+00:00,0.123,VALID,valid,,1b2dd830befbb58e3949b03deca6592ca395cd7b,a1d260b660c93e47a466deb9c00f26c880973356f7da4eda00cb8ec57cab044d,raw/E04-static_continuity-20260932-20260906T135706036154Z
a000327,E04-static_continuity-20260933-20260906T135706169195Z,E04,static_continuity,20260933,default,primary,2026-09-06T13:57:06.135237+00:00,2026-09-06T13:57:06.248370+00:00,0.113,VALID,valid,,1b2dd830befbb58e3949b03deca6592ca395cd7b,a1d260b660c93e47a466deb9c00f26c880973356f7da4eda00cb8ec57cab044d,raw/E04-static_continuity-20260933-20260906T135706169195Z
a000328,E04-static_continuity-20260934-20260906T135706295382Z,E04,static_continuity,20260934,default,primary,2026-09-06T13:57:06.261386+00:00,2026-09-06T13:57:06.378769+00:00,0.117,VALID,valid,,1b2dd830befbb58e3949b03deca6592ca395cd7b,a1d260b660c93e47a466deb9c00f26c880973356f7da4eda00cb8ec57cab044d,raw/E04-static_continuity-20260934-20260906T135706295382Z
a000329,E04-static_continuity-20260935-20260906T135706426518Z,E04,static_continuity,20260935,default,primary,2026-09-06T13:57:06.392106+00:00,2026-09-06T13:57:06.516615+00:00,0.124,VALID,valid,,1b2dd830befbb58e3949b03deca6592ca395cd7b,a1d260b660c93e47a466deb9c00f26c880973356f7da4eda00cb8ec57cab044d,raw/E04-static_continuity-20260935-20260906T135706426518Z
a000330,E04-static_continuity-20260936-20260906T135706564667Z,E04,static_continuity,20260936,default,primary,2026-09-06T13:57:06.529598+00:00,2026-09-06T13:57:06.653014+00:00,0.123,VALID,valid,,1b2dd830befbb58e3949b03deca6592ca395cd7b,a1d260b660c93e47a466deb9c00f26c880973356f7da4eda00cb8ec57cab044d,raw/E04-static_continuity-20260936-20260906T135706564667Z
a000331,E04-ca_ztcf-20260907-20260906T135706700677Z,E04,ca_ztcf,20260907,default,primary,2026-09-06T13:57:06.665323+00:00,2026-09-06T13:57:06.789483+00:00,0.124,VALID,valid,,1b2dd830befbb58e3949b03deca6592ca395cd7b,a1d260b660c93e47a466deb9c00f26c880973356f7da4eda00cb8ec57cab044d,raw/E04-ca_ztcf-20260907-20260906T135706700677Z
a000332,E04-ca_ztcf-20260908-20260906T135706836581Z,E04,ca_ztcf,20260908,default,primary,2026-09-06T13:57:06.801911+00:00,2026-09-06T13:57:06.918941+00:00,0.117,VALID,valid,,1b2dd830befbb58e3949b03deca6592ca395cd7b,a1d260b660c93e47a466deb9c00f26c880973356f7da4eda00cb8ec57cab044d,raw/E04-ca_ztcf-20260908-20260906T135706836581Z
a000333,E04-ca_ztcf-20260909-20260906T135706967913Z,E04,ca_ztcf,20260909,default,primary,2026-09-06T13:57:06.932300+00:00,2026-09-06T13:57:07.054435+00:00,0.122,VALID,valid,,1b2dd830befbb58e3949b03deca6592ca395cd7b,a1d260b660c93e47a466deb9c00f26c880973356f7da4eda00cb8ec57cab044d,raw/E04-ca_ztcf-20260909-20260906T135706967913Z
a000334,E04-ca_ztcf-20260910-20260906T135707105897Z,E04,ca_ztcf,20260910,default,primary,2026-09-06T13:57:07.067302+00:00,2026-09-06T13:57:07.193062+00:00,0.126,VALID,valid,,1b2dd830befbb58e3949b03deca6592ca395cd7b,a1d260b660c93e47a466deb9c00f26c880973356f7da4eda00cb8ec57cab044d,raw/E04-ca_ztcf-20260910-20260906T135707105897Z
a000335,E04-ca_ztcf-20260911-20260906T135707241004Z,E04,ca_ztcf,20260911,default,primary,2026-09-06T13:57:07.205833+00:00,2026-09-06T13:57:07.333579+00:00,0.128,VALID,valid,,1b2dd830befbb58e3949b03deca6592ca395cd7b,a1d260b660c93e47a466deb9c00f26c880973356f7da4eda00cb8ec57cab044d,raw/E04-ca_ztcf-20260911-20260906T135707241004Z
a000336,E04-ca_ztcf-20260912-20260906T135707381947Z,E04,ca_ztcf,20260912,default,primary,2026-09-06T13:57:07.346974+00:00,2026-09-06T13:57:07.466759+00:00,0.12,VALID,valid,,1b2dd830befbb58e3949b03deca6592ca395cd7b,a1d260b660c93e47a466deb9c00f26c880973356f7da4eda00cb8ec57cab044d,raw/E04-ca_ztcf-20260912-20260906T135707381947Z
a000337,E04-ca_ztcf-20260913-20260906T135707515435Z,E04,ca_ztcf,20260913,default,primary,2026-09-06T13:57:07.478998+00:00,2026-09-06T13:57:07.605213+00:00,0.126,VALID,valid,,1b2dd830befbb58e3949b03deca6592ca395cd7b,a1d260b660c93e47a466deb9c00f26c880973356f7da4eda00cb8ec57cab044d,raw/E04-ca_ztcf-20260913-20260906T135707515435Z
a000338,E04-ca_ztcf-20260914-20260906T135707657571Z,E04,ca_ztcf,20260914,default,primary,2026-09-06T13:57:07.618825+00:00,2026-09-06T13:57:07.744063+00:00,0.125,VALID,valid,,1b2dd830befbb58e3949b03deca6592ca395cd7b,a1d260b660c93e47a466deb9c00f26c880973356f7da4eda00cb8ec57cab044d,raw/E04-ca_ztcf-20260914-20260906T135707657571Z
a000339,E04-ca_ztcf-20260915-20260906T135707792789Z,E04,ca_ztcf,20260915,default,primary,2026-09-06T13:57:07.757282+00:00,2026-09-06T13:57:07.881967+00:00,0.125,VALID,valid,,1b2dd830befbb58e3949b03deca6592ca395cd7b,a1d260b660c93e47a466deb9c00f26c880973356f7da4eda00cb8ec57cab044d,raw/E04-ca_ztcf-20260915-20260906T135707792789Z
a000340,E04-ca_ztcf-20260916-20260906T135707929684Z,E04,ca_ztcf,20260916,default,primary,2026-09-06T13:57:07.895128+00:00,2026-09-06T13:57:08.013966+00:00,0.119,VALID,valid,,1b2dd830befbb58e3949b03deca6592ca395cd7b,a1d260b660c93e47a466deb9c00f26c880973356f7da4eda00cb8ec57cab044d,raw/E04-ca_ztcf-20260916-20260906T135707929684Z
a000341,E04-ca_ztcf-20260917-20260906T135708063552Z,E04,ca_ztcf,20260917,default,primary,2026-09-06T13:57:08.026995+00:00,2026-09-06T13:57:08.148359+00:00,0.121,VALID,valid,,1b2dd830befbb58e3949b03deca6592ca395cd7b,a1d260b660c93e47a466deb9c00f26c880973356f7da4eda00cb8ec57cab044d,raw/E04-ca_ztcf-20260917-20260906T135708063552Z
a000342,E04-ca_ztcf-20260918-20260906T135708196607Z,E04,ca_ztcf,20260918,default,primary,2026-09-06T13:57:08.160762+00:00,2026-09-06T13:57:08.280831+00:00,0.12,VALID,valid,,1b2dd830befbb58e3949b03deca6592ca395cd7b,a1d260b660c93e47a466deb9c00f26c880973356f7da4eda00cb8ec57cab044d,raw/E04-ca_ztcf-20260918-20260906T135708196607Z
a000343,E04-ca_ztcf-20260919-20260906T135708328981Z,E04,ca_ztcf,20260919,default,primary,2026-09-06T13:57:08.294022+00:00,2026-09-06T13:57:08.402895+00:00,0.109,VALID,valid,,1b2dd830befbb58e3949b03deca6592ca395cd7b,a1d260b660c93e47a466deb9c00f26c880973356f7da4eda00cb8ec57cab044d,raw/E04-ca_ztcf-20260919-20260906T135708328981Z
a000344,E04-ca_ztcf-20260920-20260906T135708450466Z,E04,ca_ztcf,20260920,default,primary,2026-09-06T13:57:08.415301+00:00,2026-09-06T13:57:08.395930+00:00,0.127,VALID,valid,,1b2dd830befbb58e3949b03deca6592ca395cd7b,a1d260b660c93e47a466deb9c00f26c880973356f7da4eda00cb8ec57cab044d,raw/E04-ca_ztcf-20260920-20260906T135708450466Z
a000345,E04-ca_ztcf-20260921-20260906T135708445163Z,E04,ca_ztcf,20260921,default,primary,2026-09-06T13:57:08.409323+00:00,2026-09-06T13:57:08.539244+00:00,0.13,VALID,valid,,1b2dd830befbb58e3949b03deca6592ca395cd7b,a1d260b660c93e47a466deb9c00f26c880973356f7da4eda00cb8ec57cab044d,raw/E04-ca_ztcf-20260921-20260906T135708445163Z
a000346,E04-ca_ztcf-20260922-20260906T135708588228Z,E04,ca_ztcf,20260922,default,primary,2026-09-06T13:57:08.552379+00:00,2026-09-06T13:57:08.676638+00:00,0.124,VALID,valid,,1b2dd830befbb58e3949b03deca6592ca395cd7b,a1d260b660c93e47a466deb9c00f26c880973356f7da4eda00cb8ec57cab044d,raw/E04-ca_ztcf-20260922-20260906T135708588228Z
a000347,E04-ca_ztcf-20260923-20260906T135708722538Z,E04,ca_ztcf,20260923,default,primary,2026-09-06T13:57:08.688645+00:00,2026-09-06T13:57:08.812622+00:00,0.124,VALID,valid,,1b2dd830befbb58e3949b03deca6592ca395cd7b,a1d260b660c93e47a466deb9c00f26c880973356f7da4eda00cb8ec57cab044d,raw/E04-ca_ztcf-20260923-20260906T135708722538Z
a000348,E04-ca_ztcf-20260924-20260906T135708860458Z,E04,ca_ztcf,20260924,default,primary,2026-09-06T13:57:08.825531+00:00,2026-09-06T13:57:08.941721+00:00,0.116,VALID,valid,,1b2dd830befbb58e3949b03deca6592ca395cd7b,a1d260b660c93e47a466deb9c00f26c880973356f7da4eda00cb8ec57cab044d,raw/E04-ca_ztcf-20260924-20260906T135708860458Z
a000349,E04-ca_ztcf-20260925-20260906T135708989142Z,E04,ca_ztcf,20260925,default,primary,2026-09-06T13:57:08.954664+00:00,2026-09-06T13:57:09.080650+00:00,0.126,VALID,valid,,1b2dd830befbb58e3949b03deca6592ca395cd7b,a1d260b660c93e47a466deb9c00f26c880973356f7da4eda00cb8ec57cab044d,raw/E04-ca_ztcf-20260925-20260906T135708989142Z
a000350,E04-ca_ztcf-20260926-20260906T135709131083Z,E04,ca_ztcf,20260926,default,primary,2026-09-06T13:57:09.094783+00:00,2026-09-06T13:57:09.219333+00:00,0.125,VALID,valid,,1b2dd830befbb58e3949b03deca6592ca395cd7b,a1d260b660c93e47a466deb9c00f26c880973356f7da4eda00cb8ec57cab044d,raw/E04-ca_ztcf-20260926-20260906T135709131083Z
a000351,E04-ca_ztcf-20260927-20260906T135709267523Z,E04,ca_ztcf,20260927,default,primary,2026-09-06T13:57:09.232072+00:00,2026-09-06T13:57:09.350838+00:00,0.119,VALID,valid,,1b2dd830befbb58e3949b03deca6592ca395cd7b,a1d260b660c93e47a466deb9c00f26c880973356f7da4eda00cb8ec57cab044d,raw/E04-ca_ztcf-20260927-20260906T135709267523Z
a000352,E04-ca_ztcf-20260928-20260906T135709400376Z,E04,ca_ztcf,20260928,default,primary,2026-09-06T13:57:09.364218+00:00,2026-09-06T13:57:09.494379+00:00,0.13,VALID,valid,,1b2dd830befbb58e3949b03deca6592ca395cd7b,a1d260b660c93e47a466deb9c00f26c880973356f7da4eda00cb8ec57cab044d,raw/E04-ca_ztcf-20260928-20260906T135709400376Z
a000353,E04-ca_ztcf-20260929-20260906T135709544212Z,E04,ca_ztcf,20260929,default,primary,2026-09-06T13:57:09.507914+00:00,2026-09-06T13:57:09.634407+00:00,0.126,VALID,valid,,1b2dd830befbb58e3949b03deca6592ca395cd7b,a1d260b660c93e47a466deb9c00f26c880973356f7da4eda00cb8ec57cab044d,raw/E04-ca_ztcf-20260929-20260906T135709544212Z
a000354,E04-ca_ztcf-20260930-20260906T135709685214Z,E04,ca_ztcf,20260930,default,primary,2026-09-06T13:57:09.648460+00:00,2026-09-06T13:57:09.776441+00:00,0.128,VALID,valid,,1b2dd830befbb58e3949b03deca6592ca395cd7b,a1d260b660c93e47a466deb9c00f26c880973356f7da4eda00cb8ec57cab044d,raw/E04-ca_ztcf-20260930-20260906T135709685214Z
a000355,E04-ca_ztcf-20260931-20260906T135709825273Z,E04,ca_ztcf,20260931,default,primary,2026-09-06T13:57:09.790028+00:00,2026-09-06T13:57:09.907842+00:00,0.118,VALID,valid,,1b2dd830befbb58e3949b03deca6592ca395cd7b,a1d260b660c93e47a466deb9c00f26c880973356f7da4eda00cb8ec57cab044d,raw/E04-ca_ztcf-20260931-20260906T135709825273Z
a000356,E04-ca_ztcf-20260932-20260906T135709956965Z,E04,ca_ztcf,20260932,default,primary,2026-09-06T13:57:09.922024+00:00,2026-09-06T13:57:10.048023+00:00,0.126,VALID,valid,,1b2dd830befbb58e3949b03deca6592ca395cd7b,a1d260b660c93e47a466deb9c00f26c880973356f7da4eda00cb8ec57cab044d,raw/E04-ca_ztcf-20260932-20260906T135709956965Z
a000357,E04-ca_ztcf-20260933-20260906T135710095938Z,E04,ca_ztcf,20260933,default,primary,2026-09-06T13:57:10.060353+00:00,2026-09-06T13:57:10.186736+00:00,0.126,VALID,valid,,1b2dd830befbb58e3949b03deca6592ca395cd7b,a1d260b660c93e47a466deb9c00f26c880973356f7da4eda00cb8ec57cab044d,raw/E04-ca_ztcf-20260933-20260906T135710095938Z
a000358,E04-ca_ztcf-20260934-20260906T135710234624Z,E04,ca_ztcf,20260934,default,primary,2026-09-06T13:57:10.199922+00:00,2026-09-06T13:57:10.317167+00:00,0.117,VALID,valid,,1b2dd830befbb58e3949b03deca6592ca395cd7b,a1d260b660c93e47a466deb9c00f26c880973356f7da4eda00cb8ec57cab044d,raw/E04-ca_ztcf-20260934-20260906T135710234624Z
a000359,E04-ca_ztcf-20260935-20260906T135710365415Z,E04,ca_ztcf,20260935,default,primary,2026-09-06T13:57:10.329828+00:00,2026-09-06T13:57:10.442913+00:00,0.113,VALID,valid,,1b2dd830befbb58e3949b03deca6592ca395cd7b,a1d260b660c93e47a466deb9c00f26c880973356f7da4eda00cb8ec57cab044d,raw/E04-ca_ztcf-20260935-20260906T135710365415Z
a000360,E04-ca_ztcf-20260936-20260906T135710489735Z,E04,ca_ztcf,20260936,default,primary,2026-09-06T13:57:10.455497+00:00,2026-09-06T13:57:10.608486+00:00,0.153,VALID,valid,,1b2dd830befbb58e3949b03deca6592ca395cd7b,a1d260b660c93e47a466deb9c00f26c880973356f7da4eda00cb8ec57cab044d,raw/E04-ca_ztcf-20260936-20260906T135710489735Z
a000361,E05-independent-20260907-20260906T135710659228Z,E05,independent,20260907,default,primary,2026-09-06T13:57:10.622166+00:00,2026-09-06T13:57:10.738146+00:00,0.116,VALID,valid,,1b2dd830befbb58e3949b03deca6592ca395cd7b,a1d260b660c93e47a466deb9c00f26c880973356f7da4eda00cb8ec57cab044d,raw/E05-independent-20260907-20260906T135710659228Z
a000362,E05-independent-20260908-20260906T135710788164Z,E05,independent,20260908,default,primary,2026-09-06T13:57:10.751922+00:00,2026-09-06T13:57:10.866314+00:00,0.114,VALID,valid,,1b2dd830befbb58e3949b03deca6592ca395cd7b,a1d260b660c93e47a466deb9c00f26c880973356f7da4eda00cb8ec57cab044d,raw/E05-independent-20260908-20260906T135710788164Z
a000363,E05-independent-20260909-20260906T135710914901Z,E05,independent,20260909,default,primary,2026-09-06T13:57:10.879078+00:00,2026-09-06T13:57:11.000943+00:00,0.122,VALID,valid,,1b2dd830befbb58e3949b03deca6592ca395cd7b,a1d260b660c93e47a466deb9c00f26c880973356f7da4eda00cb8ec57cab044d,raw/E05-independent-20260909-20260906T135710914901Z
a000364,E05-independent-20260910-20260906T135711048609Z,E05,independent,20260910,default,primary,2026-09-06T13:57:11.013587+00:00,2026-09-06T13:57:11.135107+00:00,0.122,VALID,valid,,1b2dd830befbb58e3949b03deca6592ca395cd7b,a1d260b660c93e47a466deb9c00f26c880973356f7da4eda00cb8ec57cab044d,raw/E05-independent-20260910-20260906T135711048609Z
a000365,E05-independent-20260911-20260906T135711183632Z,E05,independent,20260911,default,primary,2026-09-06T13:57:11.148131+00:00,2026-09-06T13:57:11.265936+00:00,0.118,VALID,valid,,1b2dd830befbb58e3949b03deca6592ca395cd7b,a1d260b660c93e47a466deb9c00f26c880973356f7da4eda00cb8ec57cab044d,raw/E05-independent-20260911-20260906T135711183632Z
a000366,E05-independent-20260912-20260906T135711315601Z,E05,independent,20260912,default,primary,2026-09-06T13:57:11.280232+00:00,2026-09-06T13:57:11.403747+00:00,0.124,VALID,valid,,1b2dd830befbb58e3949b03deca6592ca395cd7b,a1d260b660c93e47a466deb9c00f26c880973356f7da4eda00cb8ec57cab044d,raw/E05-independent-20260912-20260906T135711315601Z
a000367,E05-independent-20260913-20260906T135711450610Z,E05,independent,20260913,default,primary,2026-09-06T13:57:11.415849+00:00,2026-09-06T13:57:11.550248+00:00,0.134,VALID,valid,,1b2dd830befbb58e3949b03deca6592ca395cd7b,a1d260b660c93e47a466deb9c00f26c880973356f7da4eda00cb8ec57cab044d,raw/E05-independent-20260913-20260906T135711450610Z
a000368,E05-independent-20260914-20260906T135711599611Z,E05,independent,20260914,default,primary,2026-09-06T13:57:11.563897+00:00,2026-09-06T13:57:11.690053+00:00,0.126,VALID,valid,,1b2dd830befbb58e3949b03deca6592ca395cd7b,a1d260b660c93e47a466deb9c00f26c880973356f7da4eda00cb8ec57cab044d,raw/E05-independent-20260914-20260906T135711599611Z
a000369,E05-independent-20260915-20260906T135711743714Z,E05,independent,20260915,default,primary,2026-09-06T13:57:11.703807+00:00,2026-09-06T13:57:11.830861+00:00,0.127,VALID,valid,,1b2dd830befbb58e3949b03deca6592ca395cd7b,a1d260b660c93e47a466deb9c00f26c880973356f7da4eda00cb8ec57cab044d,raw/E05-independent-20260915-20260906T135711743714Z
a000370,E05-independent-20260916-20260906T135711879986Z,E05,independent,20260916,default,primary,2026-09-06T13:57:11.843620+00:00,2026-09-06T13:57:11.954309+00:00,0.111,VALID,valid,,1b2dd830befbb58e3949b03deca6592ca395cd7b,a1d260b660c93e47a466deb9c00f26c880973356f7da4eda00cb8ec57cab044d,raw/E05-independent-20260916-20260906T135711879986Z
a000371,E05-independent-20260917-20260906T135712003566Z,E05,independent,20260917,default,primary,2026-09-06T13:57:11.967511+00:00,2026-09-06T13:57:12.078661+00:00,0.111,VALID,valid,,1b2dd830befbb58e3949b03deca6592ca395cd7b,a1d260b660c93e47a466deb9c00f26c880973356f7da4eda00cb8ec57cab044d,raw/E05-independent-20260917-20260906T135712003566Z
a000372,E05-independent-20260918-20260906T135712130687Z,E05,independent,20260918,default,primary,2026-09-06T13:57:12.091621+00:00,2026-09-06T13:57:12.217750+00:00,0.126,VALID,valid,,1b2dd830befbb58e3949b03deca6592ca395cd7b,a1d260b660c93e47a466deb9c00f26c880973356f7da4eda00cb8ec57cab044d,raw/E05-independent-20260918-20260906T135712130687Z
a000373,E05-independent-20260919-20260906T135712267233Z,E05,independent,20260919,default,primary,2026-09-06T13:57:12.230676+00:00,2026-09-06T13:57:12.356080+00:00,0.125,VALID,valid,,1b2dd830befbb58e3949b03deca6592ca395cd7b,a1d260b660c93e47a466deb9c00f26c880973356f7da4eda00cb8ec57cab044d,raw/E05-independent-20260919-20260906T135712267233Z
a000374,E05-independent-20260920-20260906T135712404355Z,E05,independent,20260920,default,primary,2026-09-06T13:57:12.369077+00:00,2026-09-06T13:57:12.489124+00:00,0.12,VALID,valid,,1b2dd830befbb58e3949b03deca6592ca395cd7b,a1d260b660c93e47a466deb9c00f26c880973356f7da4eda00cb8ec57cab044d,raw/E05-independent-20260920-20260906T135712404355Z
a000375,E05-independent-20260921-20260906T135712537771Z,E05,independent,20260921,default,primary,2026-09-06T13:57:12.502911+00:00,2026-09-06T13:57:12.637291+00:00,0.134,VALID,valid,,1b2dd830befbb58e3949b03deca6592ca395cd7b,a1d260b660c93e47a466deb9c00f26c880973356f7da4eda00cb8ec57cab044d,raw/E05-independent-20260921-20260906T135712537771Z
a000376,E05-independent-20260922-20260906T135712687676Z,E05,independent,20260922,default,primary,2026-09-06T13:57:12.650167+00:00,2026-09-06T13:57:12.774621+00:00,0.124,VALID,valid,,1b2dd830befbb58e3949b03deca6592ca395cd7b,a1d260b660c93e47a466deb9c00f26c880973356f7da4eda00cb8ec57cab044d,raw/E05-independent-20260922-20260906T135712687676Z
a000377,E05-independent-20260923-20260906T135712822684Z,E05,independent,20260923,default,primary,2026-09-06T13:57:12.787289+00:00,2026-09-06T13:57:12.907260+00:00,0.12,VALID,valid,,1b2dd830befbb58e3949b03deca6592ca395cd7b,a1d260b660c93e47a466deb9c00f26c880973356f7da4eda00cb8ec57cab044d,raw/E05-independent-20260923-20260906T135712822684Z
a000378,E05-independent-20260924-20260906T135712955556Z,E05,independent,20260924,default,primary,2026-09-06T13:57:12.920657+00:00,2026-09-06T13:57:13.040700+00:00,0.12,VALID,valid,,1b2dd830befbb58e3949b03deca6592ca395cd7b,a1d260b660c93e47a466deb9c00f26c880973356f7da4eda00cb8ec57cab044d,raw/E05-independent-20260924-20260906T135712955556Z
a000379,E05-independent-20260925-20260906T135713087515Z,E05,independent,20260925,default,primary,2026-09-06T13:57:13.053044+00:00,2026-09-06T13:57:13.180002+00:00,0.127,VALID,valid,,1b2dd830befbb58e3949b03deca6592ca395cd7b,a1d260b660c93e47a466deb9c00f26c880973356f7da4eda00cb8ec57cab044d,raw/E05-independent-20260925-20260906T135713087515Z
a000380,E05-independent-20260926-20260906T135713227993Z,E05,independent,20260926,default,primary,2026-09-06T13:57:13.192493+00:00,2026-09-06T13:57:13.314050+00:00,0.122,VALID,valid,,1b2dd830befbb58e3949b03deca6592ca395cd7b,a1d260b660c93e47a466deb9c00f26c880973356f7da4eda00cb8ec57cab044d,raw/E05-independent-20260926-20260906T135713227993Z
a000381,E05-independent-20260927-20260906T135713362091Z,E05,independent,20260927,default,primary,2026-09-06T13:57:13.327219+00:00,2026-09-06T13:57:13.453762+00:00,0.127,VALID,valid,,1b2dd830befbb58e3949b03deca6592ca395cd7b,a1d260b660c93e47a466deb9c00f26c880973356f7da4eda00cb8ec57cab044d,raw/E05-independent-20260927-20260906T135713362091Z
a000382,E05-independent-20260928-20260906T135713501134Z,E05,independent,20260928,default,primary,2026-09-06T13:57:13.466521+00:00,2026-09-06T13:57:13.596554+00:00,0.13,VALID,valid,,1b2dd830befbb58e3949b03deca6592ca395cd7b,a1d260b660c93e47a466deb9c00f26c880973356f7da4eda00cb8ec57cab044d,raw/E05-independent-20260928-20260906T135713501134Z
a000383,E05-independent-20260929-20260906T135713643847Z,E05,independent,20260929,default,primary,2026-09-06T13:57:13.609027+00:00,2026-09-06T13:57:13.775191+00:00,0.166,VALID,valid,,1b2dd830befbb58e3949b03deca6592ca395cd7b,a1d260b660c93e47a466deb9c00f26c880973356f7da4eda00cb8ec57cab044d,raw/E05-independent-20260929-20260906T135713643847Z
a000384,E05-independent-20260930-20260906T135713826530Z,E05,independent,20260930,default,primary,2026-09-06T13:57:13.789000+00:00,2026-09-06T13:57:13.923612+00:00,0.135,VALID,valid,,1b2dd830befbb58e3949b03deca6592ca395cd7b,a1d260b660c93e47a466deb9c00f26c880973356f7da4eda00cb8ec57cab044d,raw/E05-independent-20260930-20260906T135713826530Z
a000385,E05-independent-20260931-20260906T135713971573Z,E05,independent,20260931,default,primary,2026-09-06T13:57:13.936232+00:00,2026-09-06T13:57:14.048153+00:00,0.112,VALID,valid,,1b2dd830befbb58e3949b03deca6592ca395cd7b,a1d260b660c93e47a466deb9c00f26c880973356f7da4eda00cb8ec57cab044d,raw/E05-independent-20260931-20260906T135713971573Z
a000386,E05-independent-20260932-20260906T135714097398Z,E05,independent,20260932,default,primary,2026-09-06T13:57:14.062136+00:00,2026-09-06T13:57:14.191729+00:00,0.13,VALID,valid,,1b2dd830befbb58e3949b03deca6592ca395cd7b,a1d260b660c93e47a466deb9c00f26c880973356f7da4eda00cb8ec57cab044d,raw/E05-independent-20260932-20260906T135714097398Z
a000387,E05-independent-20260933-20260906T135714241919Z,E05,independent,20260933,default,primary,2026-09-06T13:57:14.204785+00:00,2026-09-06T13:57:14.330072+00:00,0.125,VALID,valid,,1b2dd830befbb58e3949b03deca6592ca395cd7b,a1d260b660c93e47a466deb9c00f26c880973356f7da4eda00cb8ec57cab044d,raw/E05-independent-20260933-20260906T135714241919Z
a000388,E05-independent-20260934-20260906T135714378360Z,E05,independent,20260934,default,primary,2026-09-06T13:57:14.343215+00:00,2026-09-06T13:57:14.465079+00:00,0.122,VALID,valid,,1b2dd830befbb58e3949b03deca6592ca395cd7b,a1d260b660c93e47a466deb9c00f26c880973356f7da4eda00cb8ec57cab044d,raw/E05-independent-20260934-20260906T135714378360Z
a000389,E05-independent-20260935-20260906T135714513828Z,E05,independent,20260935,default,primary,2026-09-06T13:57:14.477760+00:00,2026-09-06T13:57:14.608040+00:00,0.13,VALID,valid,,1b2dd830befbb58e3949b03deca6592ca395cd7b,a1d260b660c93e47a466deb9c00f26c880973356f7da4eda00cb8ec57cab044d,raw/E05-independent-20260935-20260906T135714513828Z
a000390,E05-independent-20260936-20260906T135714655226Z,E05,independent,20260936,default,primary,2026-09-06T13:57:14.620818+00:00,2026-09-06T13:57:14.745026+00:00,0.124,VALID,valid,,1b2dd830befbb58e3949b03deca6592ca395cd7b,a1d260b660c93e47a466deb9c00f26c880973356f7da4eda00cb8ec57cab044d,raw/E05-independent-20260936-20260906T135714655226Z
a000391,E05-static_continuity-20260907-20260906T135714793535Z,E05,static_continuity,20260907,default,primary,2026-09-06T13:57:14.758113+00:00,2026-09-06T13:57:14.878502+00:00,0.12,VALID,valid,,1b2dd830befbb58e3949b03deca6592ca395cd7b,a1d260b660c93e47a466deb9c00f26c880973356f7da4eda00cb8ec57cab044d,raw/E05-static_continuity-20260907-20260906T135714793535Z
a000392,E05-static_continuity-20260908-20260906T135714925809Z,E05,static_continuity,20260908,default,primary,2026-09-06T13:57:14.890744+00:00,2026-09-06T13:57:15.000400+00:00,0.11,VALID,valid,,1b2dd830befbb58e3949b03deca6592ca395cd7b,a1d260b660c93e47a466deb9c00f26c880973356f7da4eda00cb8ec57cab044d,raw/E05-static_continuity-20260908-20260906T135714925809Z
a000393,E05-static_continuity-20260909-20260906T135715047858Z,E05,static_continuity,20260909,default,primary,2026-09-06T13:57:15.013355+00:00,2026-09-06T13:57:15.139451+00:00,0.126,VALID,valid,,1b2dd830befbb58e3949b03deca6592ca395cd7b,a1d260b660c93e47a466deb9c00f26c880973356f7da4eda00cb8ec57cab044d,raw/E05-static_continuity-20260909-20260906T135715047858Z
a000394,E05-static_continuity-20260910-20260906T135715187373Z,E05,static_continuity,20260910,default,primary,2026-09-06T13:57:15.152012+00:00,2026-09-06T13:57:15.268313+00:00,0.116,VALID,valid,,1b2dd830befbb58e3949b03deca6592ca395cd7b,a1d260b660c93e47a466deb9c00f26c880973356f7da4eda00cb8ec57cab044d,raw/E05-static_continuity-20260910-20260906T135715187373Z
a000395,E05-static_continuity-20260911-20260906T135715316951Z,E05,static_continuity,20260911,default,primary,2026-09-06T13:57:15.282115+00:00,2026-09-06T13:57:15.399844+00:00,0.118,VALID,valid,,1b2dd830befbb58e3949b03deca6592ca395cd7b,a1d260b660c93e47a466deb9c00f26c880973356f7da4eda00cb8ec57cab044d,raw/E05-static_continuity-20260911-20260906T135715316951Z
a000396,E05-static_continuity-20260912-20260906T135715448523Z,E05,static_continuity,20260912,default,primary,2026-09-06T13:57:15.412167+00:00,2026-09-06T13:57:15.522155+00:00,0.11,VALID,valid,,1b2dd830befbb58e3949b03deca6592ca395cd7b,a1d260b660c93e47a466deb9c00f26c880973356f7da4eda00cb8ec57cab044d,raw/E05-static_continuity-20260912-20260906T135715448523Z
a000397,E05-static_continuity-20260913-20260906T135715571464Z,E05,static_continuity,20260913,default,primary,2026-09-06T13:57:15.535956+00:00,2026-09-06T13:57:15.666647+00:00,0.131,VALID,valid,,1b2dd830befbb58e3949b03deca6592ca395cd7b,a1d260b660c93e47a466deb9c00f26c880973356f7da4eda00cb8ec57cab044d,raw/E05-static_continuity-20260913-20260906T135715571464Z
a000398,E05-static_continuity-20260914-20260906T135715724701Z,E05,static_continuity,20260914,default,primary,2026-09-06T13:57:15.679494+00:00,2026-09-06T13:57:15.820670+00:00,0.141,VALID,valid,,1b2dd830befbb58e3949b03deca6592ca395cd7b,a1d260b660c93e47a466deb9c00f26c880973356f7da4eda00cb8ec57cab044d,raw/E05-static_continuity-20260914-20260906T135715724701Z
a000399,E05-static_continuity-20260915-20260906T135715871145Z,E05,static_continuity,20260915,default,primary,2026-09-06T13:57:15.834291+00:00,2026-09-06T13:57:15.962114+00:00,0.128,VALID,valid,,1b2dd830befbb58e3949b03deca6592ca395cd7b,a1d260b660c93e47a466deb9c00f26c880973356f7da4eda00cb8ec57cab044d,raw/E05-static_continuity-20260915-20260906T135715871145Z
a000400,E05-static_continuity-20260916-20260906T135716010256Z,E05,static_continuity,20260916,default,primary,2026-09-06T13:57:15.974567+00:00,2026-09-06T13:57:16.096616+00:00,0.122,VALID,valid,,1b2dd830befbb58e3949b03deca6592ca395cd7b,a1d260b660c93e47a466deb9c00f26c880973356f7da4eda00cb8ec57cab044d,raw/E05-static_continuity-20260916-20260906T135716010256Z
a000401,E05-static_continuity-20260917-20260906T135716145248Z,E05,static_continuity,20260917,default,primary,2026-09-06T13:57:16.110324+00:00,2026-09-06T13:57:16.230748+00:00,0.12,VALID,valid,,1b2dd830befbb58e3949b03deca6592ca395cd7b,a1d260b660c93e47a466deb9c00f26c880973356f7da4eda00cb8ec57cab044d,raw/E05-static_continuity-20260917-20260906T135716145248Z
a000402,E05-static_continuity-20260918-20260906T135716279952Z,E05,static_continuity,20260918,default,primary,2026-09-06T13:57:16.244957+00:00,2026-09-06T13:57:16.363240+00:00,0.118,VALID,valid,,1b2dd830befbb58e3949b03deca6592ca395cd7b,a1d260b660c93e47a466deb9c00f26c880973356f7da4eda00cb8ec57cab044d,raw/E05-static_continuity-20260918-20260906T135716279952Z
a000403,E05-static_continuity-20260919-20260906T135716410150Z,E05,static_continuity,20260919,default,primary,2026-09-06T13:57:16.375727+00:00,2026-09-06T13:57:16.499265+00:00,0.124,VALID,valid,,1b2dd830befbb58e3949b03deca6592ca395cd7b,a1d260b660c93e47a466deb9c00f26c880973356f7da4eda00cb8ec57cab044d,raw/E05-static_continuity-20260919-20260906T135716410150Z
a000404,E05-static_continuity-20260920-20260906T135716548087Z,E05,static_continuity,20260920,default,primary,2026-09-06T13:57:16.513403+00:00,2026-09-06T13:57:16.641322+00:00,0.128,VALID,valid,,1b2dd830befbb58e3949b03deca6592ca395cd7b,a1d260b660c93e47a466deb9c00f26c880973356f7da4eda00cb8ec57cab044d,raw/E05-static_continuity-20260920-20260906T135716548087Z
a000405,E05-static_continuity-20260921-20260906T135716690016Z,E05,static_continuity,20260921,default,primary,2026-09-06T13:57:16.655227+00:00,2026-09-06T13:57:16.781079+00:00,0.126,VALID,valid,,1b2dd830befbb58e3949b03deca6592ca395cd7b,a1d260b660c93e47a466deb9c00f26c880973356f7da4eda00cb8ec57cab044d,raw/E05-static_continuity-20260921-20260906T135716690016Z
a000406,E05-static_continuity-20260922-20260906T135716834355Z,E05,static_continuity,20260922,default,primary,2026-09-06T13:57:16.794085+00:00,2026-09-06T13:57:16.925532+00:00,0.131,VALID,valid,,1b2dd830befbb58e3949b03deca6592ca395cd7b,a1d260b660c93e47a466deb9c00f26c880973356f7da4eda00cb8ec57cab044d,raw/E05-static_continuity-20260922-20260906T135716834355Z
a000407,E05-static_continuity-20260923-20260906T135716977678Z,E05,static_continuity,20260923,default,primary,2026-09-06T13:57:16.940020+00:00,2026-09-06T13:57:17.070621+00:00,0.131,VALID,valid,,1b2dd830befbb58e3949b03deca6592ca395cd7b,a1d260b660c93e47a466deb9c00f26c880973356f7da4eda00cb8ec57cab044d,raw/E05-static_continuity-20260923-20260906T135716977678Z
a000408,E05-static_continuity-20260924-20260906T135717122254Z,E05,static_continuity,20260924,default,primary,2026-09-06T13:57:17.084353+00:00,2026-09-06T13:57:17.220232+00:00,0.136,VALID,valid,,1b2dd830befbb58e3949b03deca6592ca395cd7b,a1d260b660c93e47a466deb9c00f26c880973356f7da4eda00cb8ec57cab044d,raw/E05-static_continuity-20260924-20260906T135717122254Z
a000409,E05-static_continuity-20260925-20260906T135717270330Z,E05,static_continuity,20260925,default,primary,2026-09-06T13:57:17.233485+00:00,2026-09-06T13:57:17.362025+00:00,0.129,VALID,valid,,1b2dd830befbb58e3949b03deca6592ca395cd7b,a1d260b660c93e47a466deb9c00f26c880973356f7da4eda00cb8ec57cab044d,raw/E05-static_continuity-20260925-20260906T135717270330Z
a000410,E05-static_continuity-20260926-20260906T135717411975Z,E05,static_continuity,20260926,default,primary,2026-09-06T13:57:17.375947+00:00,2026-09-06T13:57:17.516214+00:00,0.14,VALID,valid,,1b2dd830befbb58e3949b03deca6592ca395cd7b,a1d260b660c93e47a466deb9c00f26c880973356f7da4eda00cb8ec57cab044d,raw/E05-static_continuity-20260926-20260906T135717411975Z
a000411,E05-static_continuity-20260927-20260906T135717567379Z,E05,static_continuity,20260927,default,primary,2026-09-06T13:57:17.530406+00:00,2026-09-06T13:57:17.661045+00:00,0.131,VALID,valid,,1b2dd830befbb58e3949b03deca6592ca395cd7b,a1d260b660c93e47a466deb9c00f26c880973356f7da4eda00cb8ec57cab044d,raw/E05-static_continuity-20260927-20260906T135717567379Z
a000412,E05-static_continuity-20260928-20260906T135717710527Z,E05,static_continuity,20260928,default,primary,2026-09-06T13:57:17.674849+00:00,2026-09-06T13:57:17.793522+00:00,0.119,VALID,valid,,1b2dd830befbb58e3949b03deca6592ca395cd7b,a1d260b660c93e47a466deb9c00f26c880973356f7da4eda00cb8ec57cab044d,raw/E05-static_continuity-20260928-20260906T135717710527Z
a000413,E05-static_continuity-20260929-20260906T135717840629Z,E05,static_continuity,20260929,default,primary,2026-09-06T13:57:17.805845+00:00,2026-09-06T13:57:17.924929+00:00,0.119,VALID,valid,,1b2dd830befbb58e3949b03deca6592ca395cd7b,a1d260b660c93e47a466deb9c00f26c880973356f7da4eda00cb8ec57cab044d,raw/E05-static_continuity-20260929-20260906T135717840629Z
a000414,E05-static_continuity-20260930-20260906T135717973547Z,E05,static_continuity,20260930,default,primary,2026-09-06T13:57:17.937633+00:00,2026-09-06T13:57:18.050697+00:00,0.113,VALID,valid,,1b2dd830befbb58e3949b03deca6592ca395cd7b,a1d260b660c93e47a466deb9c00f26c880973356f7da4eda00cb8ec57cab044d,raw/E05-static_continuity-20260930-20260906T135717973547Z
a000415,E05-static_continuity-20260931-20260906T135718098607Z,E05,static_continuity,20260931,default,primary,2026-09-06T13:57:18.062995+00:00,2026-09-06T13:57:18.183575+00:00,0.121,VALID,valid,,1b2dd830befbb58e3949b03deca6592ca395cd7b,a1d260b660c93e47a466deb9c00f26c880973356f7da4eda00cb8ec57cab044d,raw/E05-static_continuity-20260931-20260906T135718098607Z
a000416,E05-static_continuity-20260932-20260906T135718232098Z,E05,static_continuity,20260932,default,primary,2026-09-06T13:57:18.196266+00:00,2026-09-06T13:57:18.319299+00:00,0.123,VALID,valid,,1b2dd830befbb58e3949b03deca6592ca395cd7b,a1d260b660c93e47a466deb9c00f26c880973356f7da4eda00cb8ec57cab044d,raw/E05-static_continuity-20260932-20260906T135718232098Z
a000417,E05-static_continuity-20260933-20260906T135718367651Z,E05,static_continuity,20260933,default,primary,2026-09-06T13:57:18.332070+00:00,2026-09-06T13:57:18.455745+00:00,0.124,VALID,valid,,1b2dd830befbb58e3949b03deca6592ca395cd7b,a1d260b660c93e47a466deb9c00f26c880973356f7da4eda00cb8ec57cab044d,raw/E05-static_continuity-20260933-20260906T135718367651Z
a000418,E05-static_continuity-20260934-20260906T135718371134Z,E05,static_continuity,20260934,default,primary,2026-09-06T13:57:18.333215+00:00,2026-09-06T13:57:18.453425+00:00,0.12,VALID,valid,,1b2dd830befbb58e3949b03deca6592ca395cd7b,a1d260b660c93e47a466deb9c00f26c880973356f7da4eda00cb8ec57cab044d,raw/E05-static_continuity-20260934-20260906T135718371134Z
a000419,E05-static_continuity-20260935-20260906T135718504553Z,E05,static_continuity,20260935,default,primary,2026-09-06T13:57:18.467449+00:00,2026-09-06T13:57:18.592820+00:00,0.125,VALID,valid,,1b2dd830befbb58e3949b03deca6592ca395cd7b,a1d260b660c93e47a466deb9c00f26c880973356f7da4eda00cb8ec57cab044d,raw/E05-static_continuity-20260935-20260906T135718504553Z
a000420,E05-static_continuity-20260936-20260906T135718644536Z,E05,static_continuity,20260936,default,primary,2026-09-06T13:57:18.607286+00:00,2026-09-06T13:57:18.727874+00:00,0.121,VALID,valid,,1b2dd830befbb58e3949b03deca6592ca395cd7b,a1d260b660c93e47a466deb9c00f26c880973356f7da4eda00cb8ec57cab044d,raw/E05-static_continuity-20260936-20260906T135718644536Z
a000421,E05-ca_ztcf-20260907-20260906T135718777185Z,E05,ca_ztcf,20260907,default,primary,2026-09-06T13:57:18.741819+00:00,2026-09-06T13:57:18.865488+00:00,0.124,VALID,valid,,1b2dd830befbb58e3949b03deca6592ca395cd7b,a1d260b660c93e47a466deb9c00f26c880973356f7da4eda00cb8ec57cab044d,raw/E05-ca_ztcf-20260907-20260906T135718777185Z
a000422,E05-ca_ztcf-20260908-20260906T135718913741Z,E05,ca_ztcf,20260908,default,primary,2026-09-06T13:57:18.877834+00:00,2026-09-06T13:57:19.002696+00:00,0.125,VALID,valid,,1b2dd830befbb58e3949b03deca6592ca395cd7b,a1d260b660c93e47a466deb9c00f26c880973356f7da4eda00cb8ec57cab044d,raw/E05-ca_ztcf-20260908-20260906T135718913741Z
a000423,E05-ca_ztcf-20260909-20260906T135719053643Z,E05,ca_ztcf,20260909,default,primary,2026-09-06T13:57:19.016304+00:00,2026-09-06T13:57:19.148555+00:00,0.132,VALID,valid,,1b2dd830befbb58e3949b03deca6592ca395cd7b,a1d260b660c93e47a466deb9c00f26c880973356f7da4eda00cb8ec57cab044d,raw/E05-ca_ztcf-20260909-20260906T135719053643Z
a000424,E05-ca_ztcf-20260910-20260906T135719199097Z,E05,ca_ztcf,20260910,default,primary,2026-09-06T13:57:19.161263+00:00,2026-09-06T13:57:19.290456+00:00,0.129,VALID,valid,,1b2dd830befbb58e3949b03deca6592ca395cd7b,a1d260b660c93e47a466deb9c00f26c880973356f7da4eda00cb8ec57cab044d,raw/E05-ca_ztcf-20260910-20260906T135719199097Z
a000425,E05-ca_ztcf-20260911-20260906T135719341489Z,E05,ca_ztcf,20260911,default,primary,2026-09-06T13:57:19.303364+00:00,2026-09-06T13:57:19.428538+00:00,0.125,VALID,valid,,1b2dd830befbb58e3949b03deca6592ca395cd7b,a1d260b660c93e47a466deb9c00f26c880973356f7da4eda00cb8ec57cab044d,raw/E05-ca_ztcf-20260911-20260906T135719341489Z
a000426,E05-ca_ztcf-20260912-20260906T135719478324Z,E05,ca_ztcf,20260912,default,primary,2026-09-06T13:57:19.442051+00:00,2026-09-06T13:57:19.572250+00:00,0.13,VALID,valid,,1b2dd830befbb58e3949b03deca6592ca395cd7b,a1d260b660c93e47a466deb9c00f26c880973356f7da4eda00cb8ec57cab044d,raw/E05-ca_ztcf-20260912-20260906T135719478324Z
a000427,E05-ca_ztcf-20260913-20260906T135719625576Z,E05,ca_ztcf,20260913,default,primary,2026-09-06T13:57:19.586828+00:00,2026-09-06T13:57:19.719965+00:00,0.133,VALID,valid,,1b2dd830befbb58e3949b03deca6592ca395cd7b,a1d260b660c93e47a466deb9c00f26c880973356f7da4eda00cb8ec57cab044d,raw/E05-ca_ztcf-20260913-20260906T135719625576Z
a000428,E05-ca_ztcf-20260914-20260906T135719769441Z,E05,ca_ztcf,20260914,default,primary,2026-09-06T13:57:19.732998+00:00,2026-09-06T13:57:19.860587+00:00,0.128,VALID,valid,,1b2dd830befbb58e3949b03deca6592ca395cd7b,a1d260b660c93e47a466deb9c00f26c880973356f7da4eda00cb8ec57cab044d,raw/E05-ca_ztcf-20260914-20260906T135719769441Z
a000429,E05-ca_ztcf-20260915-20260906T135719908421Z,E05,ca_ztcf,20260915,default,primary,2026-09-06T13:57:19.873600+00:00,2026-09-06T13:57:20.001382+00:00,0.128,VALID,valid,,1b2dd830befbb58e3949b03deca6592ca395cd7b,a1d260b660c93e47a466deb9c00f26c880973356f7da4eda00cb8ec57cab044d,raw/E05-ca_ztcf-20260915-20260906T135719908421Z
a000430,E05-ca_ztcf-20260916-20260906T135720050942Z,E05,ca_ztcf,20260916,default,primary,2026-09-06T13:57:20.015083+00:00,2026-09-06T13:57:20.153024+00:00,0.138,VALID,valid,,1b2dd830befbb58e3949b03deca6592ca395cd7b,a1d260b660c93e47a466deb9c00f26c880973356f7da4eda00cb8ec57cab044d,raw/E05-ca_ztcf-20260916-20260906T135720050942Z
a000431,E05-ca_ztcf-20260917-20260906T135720211569Z,E05,ca_ztcf,20260917,default,primary,2026-09-06T13:57:20.173146+00:00,2026-09-06T13:57:20.305550+00:00,0.132,VALID,valid,,1b2dd830befbb58e3949b03deca6592ca395cd7b,a1d260b660c93e47a466deb9c00f26c880973356f7da4eda00cb8ec57cab044d,raw/E05-ca_ztcf-20260917-20260906T135720211569Z
a000432,E05-ca_ztcf-20260918-20260906T135720357221Z,E05,ca_ztcf,20260918,default,primary,2026-09-06T13:57:20.319721+00:00,2026-09-06T13:57:20.454570+00:00,0.135,VALID,valid,,1b2dd830befbb58e3949b03deca6592ca395cd7b,a1d260b660c93e47a466deb9c00f26c880973356f7da4eda00cb8ec57cab044d,raw/E05-ca_ztcf-20260918-20260906T135720357221Z
a000433,E05-ca_ztcf-20260919-20260906T135720505425Z,E05,ca_ztcf,20260919,default,primary,2026-09-06T13:57:20.468683+00:00,2026-09-06T13:57:20.621682+00:00,0.153,VALID,valid,,1b2dd830befbb58e3949b03deca6592ca395cd7b,a1d260b660c93e47a466deb9c00f26c880973356f7da4eda00cb8ec57cab044d,raw/E05-ca_ztcf-20260919-20260906T135720505425Z
a000434,E05-ca_ztcf-20260920-20260906T135720671243Z,E05,ca_ztcf,20260920,default,primary,2026-09-06T13:57:20.634132+00:00,2026-09-06T13:57:20.771104+00:00,0.137,VALID,valid,,1b2dd830befbb58e3949b03deca6592ca395cd7b,a1d260b660c93e47a466deb9c00f26c880973356f7da4eda00cb8ec57cab044d,raw/E05-ca_ztcf-20260920-20260906T135720671243Z
a000435,E05-ca_ztcf-20260921-20260906T135720820024Z,E05,ca_ztcf,20260921,default,primary,2026-09-06T13:57:20.784007+00:00,2026-09-06T13:57:20.895012+00:00,0.111,VALID,valid,,1b2dd830befbb58e3949b03deca6592ca395cd7b,a1d260b660c93e47a466deb9c00f26c880973356f7da4eda00cb8ec57cab044d,raw/E05-ca_ztcf-20260921-20260906T135720820024Z
a000436,E05-ca_ztcf-20260922-20260906T135720943488Z,E05,ca_ztcf,20260922,default,primary,2026-09-06T13:57:20.908107+00:00,2026-09-06T13:57:21.033723+00:00,0.126,VALID,valid,,1b2dd830befbb58e3949b03deca6592ca395cd7b,a1d260b660c93e47a466deb9c00f26c880973356f7da4eda00cb8ec57cab044d,raw/E05-ca_ztcf-20260922-20260906T135720943488Z
a000437,E05-ca_ztcf-20260923-20260906T135721082932Z,E05,ca_ztcf,20260923,default,primary,2026-09-06T13:57:21.047642+00:00,2026-09-06T13:57:21.172088+00:00,0.124,VALID,valid,,1b2dd830befbb58e3949b03deca6592ca395cd7b,a1d260b660c93e47a466deb9c00f26c880973356f7da4eda00cb8ec57cab044d,raw/E05-ca_ztcf-20260923-20260906T135721082932Z
a000438,E05-ca_ztcf-20260924-20260906T135721220362Z,E05,ca_ztcf,20260924,default,primary,2026-09-06T13:57:21.184564+00:00,2026-09-06T13:57:21.312322+00:00,0.128,VALID,valid,,1b2dd830befbb58e3949b03deca6592ca395cd7b,a1d260b660c93e47a466deb9c00f26c880973356f7da4eda00cb8ec57cab044d,raw/E05-ca_ztcf-20260924-20260906T135721220362Z
a000439,E05-ca_ztcf-20260925-20260906T135721360162Z,E05,ca_ztcf,20260925,default,primary,2026-09-06T13:57:21.324472+00:00,2026-09-06T13:57:21.451122+00:00,0.127,VALID,valid,,1b2dd830befbb58e3949b03deca6592ca395cd7b,a1d260b660c93e47a466deb9c00f26c880973356f7da4eda00cb8ec57cab044d,raw/E05-ca_ztcf-20260925-20260906T135721360162Z
a000440,E05-ca_ztcf-20260926-20260906T135721500382Z,E05,ca_ztcf,20260926,default,primary,2026-09-06T13:57:21.465111+00:00,2026-09-06T13:57:21.592438+00:00,0.127,VALID,valid,,1b2dd830befbb58e3949b03deca6592ca395cd7b,a1d260b660c93e47a466deb9c00f26c880973356f7da4eda00cb8ec57cab044d,raw/E05-ca_ztcf-20260926-20260906T135721500382Z
a000441,E05-ca_ztcf-20260927-20260906T135721642334Z,E05,ca_ztcf,20260927,default,primary,2026-09-06T13:57:21.605543+00:00,2026-09-06T13:57:21.768267+00:00,0.163,VALID,valid,,1b2dd830befbb58e3949b03deca6592ca395cd7b,a1d260b660c93e47a466deb9c00f26c880973356f7da4eda00cb8ec57cab044d,raw/E05-ca_ztcf-20260927-20260906T135721642334Z
a000442,E05-ca_ztcf-20260928-20260906T135721823338Z,E05,ca_ztcf,20260928,default,primary,2026-09-06T13:57:21.783594+00:00,2026-09-06T13:57:21.911663+00:00,0.128,VALID,valid,,1b2dd830befbb58e3949b03deca6592ca395cd7b,a1d260b660c93e47a466deb9c00f26c880973356f7da4eda00cb8ec57cab044d,raw/E05-ca_ztcf-20260928-20260906T135721823338Z
a000443,E05-ca_ztcf-20260929-20260906T135721959924Z,E05,ca_ztcf,20260929,default,primary,2026-09-06T13:57:21.923927+00:00,2026-09-06T13:57:22.051230+00:00,0.127,VALID,valid,,1b2dd830befbb58e3949b03deca6592ca395cd7b,a1d260b660c93e47a466deb9c00f26c880973356f7da4eda00cb8ec57cab044d,raw/E05-ca_ztcf-20260929-20260906T135721959924Z
a000444,E05-ca_ztcf-20260930-20260906T135722099873Z,E05,ca_ztcf,20260930,default,primary,2026-09-06T13:57:22.064065+00:00,2026-09-06T13:57:22.190914+00:00,0.127,VALID,valid,,1b2dd830befbb58e3949b03deca6592ca395cd7b,a1d260b660c93e47a466deb9c00f26c880973356f7da4eda00cb8ec57cab044d,raw/E05-ca_ztcf-20260930-20260906T135722099873Z
a000445,E05-ca_ztcf-20260931-20260906T135722238344Z,E05,ca_ztcf,20260931,default,primary,2026-09-06T13:57:22.203483+00:00,2026-09-06T13:57:22.328734+00:00,0.125,VALID,valid,,1b2dd830befbb58e3949b03deca6592ca395cd7b,a1d260b660c93e47a466deb9c00f26c880973356f7da4eda00cb8ec57cab044d,raw/E05-ca_ztcf-20260931-20260906T135722238344Z
a000446,E05-ca_ztcf-20260932-20260906T135722377456Z,E05,ca_ztcf,20260932,default,primary,2026-09-06T13:57:22.341399+00:00,2026-09-06T13:57:22.468081+00:00,0.127,VALID,valid,,1b2dd830befbb58e3949b03deca6592ca395cd7b,a1d260b660c93e47a466deb9c00f26c880973356f7da4eda00cb8ec57cab044d,raw/E05-ca_ztcf-20260932-20260906T135722377456Z
a000447,E05-ca_ztcf-20260933-20260906T135722517654Z,E05,ca_ztcf,20260933,default,primary,2026-09-06T13:57:22.481861+00:00,2026-09-06T13:57:22.611037+00:00,0.129,VALID,valid,,1b2dd830befbb58e3949b03deca6592ca395cd7b,a1d260b660c93e47a466deb9c00f26c880973356f7da4eda00cb8ec57cab044d,raw/E05-ca_ztcf-20260933-20260906T135722517654Z
a000448,E05-ca_ztcf-20260934-20260906T135722661322Z,E05,ca_ztcf,20260934,default,primary,2026-09-06T13:57:22.623880+00:00,2026-09-06T13:57:22.755635+00:00,0.132,VALID,valid,,1b2dd830befbb58e3949b03deca6592ca395cd7b,a1d260b660c93e47a466deb9c00f26c880973356f7da4eda00cb8ec57cab044d,raw/E05-ca_ztcf-20260934-20260906T135722661322Z
a000449,E05-ca_ztcf-20260935-20260906T135722808178Z,E05,ca_ztcf,20260935,default,primary,2026-09-06T13:57:22.768398+00:00,2026-09-06T13:57:22.901709+00:00,0.133,VALID,valid,,1b2dd830befbb58e3949b03deca6592ca395cd7b,a1d260b660c93e47a466deb9c00f26c880973356f7da4eda00cb8ec57cab044d,raw/E05-ca_ztcf-20260935-20260906T135722808178Z
a000450,E05-ca_ztcf-20260936-20260906T135722950859Z,E05,ca_ztcf,20260936,default,primary,2026-09-06T13:57:22.915438+00:00,2026-09-06T13:57:23.033828+00:00,0.118,VALID,valid,,1b2dd830befbb58e3949b03deca6592ca395cd7b,a1d260b660c93e47a466deb9c00f26c880973356f7da4eda00cb8ec57cab044d,raw/E05-ca_ztcf-20260936-20260906T135722950859Z
a000451,E06-independent-20260907-20260906T135723083541Z,E06,independent,20260907,default,primary,2026-09-06T13:57:23.047290+00:00,2026-09-06T13:57:23.170773+00:00,0.123,VALID,valid,,1b2dd830befbb58e3949b03deca6592ca395cd7b,a1d260b660c93e47a466deb9c00f26c880973356f7da4eda00cb8ec57cab044d,raw/E06-independent-20260907-20260906T135723083541Z
a000452,E06-independent-20260908-20260906T135723219814Z,E06,independent,20260908,default,primary,2026-09-06T13:57:23.184186+00:00,2026-09-06T13:57:23.310295+00:00,0.126,VALID,valid,,1b2dd830befbb58e3949b03deca6592ca395cd7b,a1d260b660c93e47a466deb9c00f26c880973356f7da4eda00cb8ec57cab044d,raw/E06-independent-20260908-20260906T135723219814Z
a000453,E06-independent-20260909-20260906T135723361626Z,E06,independent,20260909,default,primary,2026-09-06T13:57:23.323722+00:00,2026-09-06T13:57:23.444070+00:00,0.12,VALID,valid,,1b2dd830befbb58e3949b03deca6592ca395cd7b,a1d260b660c93e47a466deb9c00f26c880973356f7da4eda00cb8ec57cab044d,raw/E06-independent-20260909-20260906T135723361626Z
a000454,E06-independent-20260910-20260906T135723491838Z,E06,independent,20260910,default,primary,2026-09-06T13:57:23.456559+00:00,2026-09-06T13:57:23.587276+00:00,0.131,VALID,valid,,1b2dd830befbb58e3949b03deca6592ca395cd7b,a1d260b660c93e47a466deb9c00f26c880973356f7da4eda00cb8ec57cab044d,raw/E06-independent-20260910-20260906T135723491838Z
a000455,E06-independent-20260911-20260906T135723638575Z,E06,independent,20260911,default,primary,2026-09-06T13:57:23.599860+00:00,2026-09-06T13:57:23.770086+00:00,0.17,VALID,valid,,1b2dd830befbb58e3949b03deca6592ca395cd7b,a1d260b660c93e47a466deb9c00f26c880973356f7da4eda00cb8ec57cab044d,raw/E06-independent-20260911-20260906T135723638575Z
a000456,E06-independent-20260912-20260906T135723826626Z,E06,independent,20260912,default,primary,2026-09-06T13:57:23.784124+00:00,2026-09-06T13:57:23.924097+00:00,0.14,VALID,valid,,1b2dd830befbb58e3949b03deca6592ca395cd7b,a1d260b660c93e47a466deb9c00f26c880973356f7da4eda00cb8ec57cab044d,raw/E06-independent-20260912-20260906T135723826626Z
a000457,E06-independent-20260913-20260906T135723974667Z,E06,independent,20260913,default,primary,2026-09-06T13:57:23.937416+00:00,2026-09-06T13:57:24.069706+00:00,0.132,VALID,valid,,1b2dd830befbb58e3949b03deca6592ca395cd7b,a1d260b660c93e47a466deb9c00f26c880973356f7da4eda00cb8ec57cab044d,raw/E06-independent-20260913-20260906T135723974667Z
a000458,E06-independent-20260914-20260906T135724118929Z,E06,independent,20260914,default,primary,2026-09-06T13:57:24.083549+00:00,2026-09-06T13:57:24.200948+00:00,0.117,VALID,valid,,1b2dd830befbb58e3949b03deca6592ca395cd7b,a1d260b660c93e47a466deb9c00f26c880973356f7da4eda00cb8ec57cab044d,raw/E06-independent-20260914-20260906T135724118929Z
a000459,E06-independent-20260915-20260906T135724250821Z,E06,independent,20260915,default,primary,2026-09-06T13:57:24.214509+00:00,2026-09-06T13:57:24.333231+00:00,0.119,VALID,valid,,1b2dd830befbb58e3949b03deca6592ca395cd7b,a1d260b660c93e47a466deb9c00f26c880973356f7da4eda00cb8ec57cab044d,raw/E06-independent-20260915-20260906T135724250821Z
a000460,E06-independent-20260916-20260906T135724379360Z,E06,independent,20260916,default,primary,2026-09-06T13:57:24.345571+00:00,2026-09-06T13:57:24.464388+00:00,0.119,VALID,valid,,1b2dd830befbb58e3949b03deca6592ca395cd7b,a1d260b660c93e47a466deb9c00f26c880973356f7da4eda00cb8ec57cab044d,raw/E06-independent-20260916-20260906T135724379360Z
a000461,E06-independent-20260917-20260906T135724511669Z,E06,independent,20260917,default,primary,2026-09-06T13:57:24.476568+00:00,2026-09-06T13:57:24.605602+00:00,0.129,VALID,valid,,1b2dd830befbb58e3949b03deca6592ca395cd7b,a1d260b660c93e47a466deb9c00f26c880973356f7da4eda00cb8ec57cab044d,raw/E06-independent-20260917-20260906T135724511669Z
a000462,E06-independent-20260918-20260906T135724654393Z,E06,independent,20260918,default,primary,2026-09-06T13:57:24.619461+00:00,2026-09-06T13:57:24.733987+00:00,0.115,VALID,valid,,1b2dd830befbb58e3949b03deca6592ca395cd7b,a1d260b660c93e47a466deb9c00f26c880973356f7da4eda00cb8ec57cab044d,raw/E06-independent-20260918-20260906T135724654393Z
a000463,E06-independent-20260919-20260906T135724781970Z,E06,independent,20260919,default,primary,2026-09-06T13:57:24.746868+00:00,2026-09-06T13:57:24.876137+00:00,0.129,VALID,valid,,1b2dd830befbb58e3949b03deca6592ca395cd7b,a1d260b660c93e47a466deb9c00f26c880973356f7da4eda00cb8ec57cab044d,raw/E06-independent-20260919-20260906T135724781970Z
a000464,E06-independent-20260920-20260906T135724924108Z,E06,independent,20260920,default,primary,2026-09-06T13:57:24.889142+00:00,2026-09-06T13:57:25.001467+00:00,0.112,VALID,valid,,1b2dd830befbb58e3949b03deca6592ca395cd7b,a1d260b660c93e47a466deb9c00f26c880973356f7da4eda00cb8ec57cab044d,raw/E06-independent-20260920-20260906T135724924108Z
a000465,E06-independent-20260921-20260906T135725049381Z,E06,independent,20260921,default,primary,2026-09-06T13:57:25.014259+00:00,2026-09-06T13:57:25.143146+00:00,0.129,VALID,valid,,1b2dd830befbb58e3949b03deca6592ca395cd7b,a1d260b660c93e47a466deb9c00f26c880973356f7da4eda00cb8ec57cab044d,raw/E06-independent-20260921-20260906T135725049381Z
a000466,E06-independent-20260922-20260906T135725193065Z,E06,independent,20260922,default,primary,2026-09-06T13:57:25.157606+00:00,2026-09-06T13:57:25.283576+00:00,0.126,VALID,valid,,1b2dd830befbb58e3949b03deca6592ca395cd7b,a1d260b660c93e47a466deb9c00f26c880973356f7da4eda00cb8ec57cab044d,raw/E06-independent-20260922-20260906T135725193065Z
a000467,E06-independent-20260923-20260906T135725332022Z,E06,independent,20260923,default,primary,2026-09-06T13:57:25.297501+00:00,2026-09-06T13:57:25.423353+00:00,0.126,VALID,valid,,1b2dd830befbb58e3949b03deca6592ca395cd7b,a1d260b660c93e47a466deb9c00f26c880973356f7da4eda00cb8ec57cab044d,raw/E06-independent-20260923-20260906T135725332022Z
a000468,E06-independent-20260924-20260906T135725471700Z,E06,independent,20260924,default,primary,2026-09-06T13:57:25.435912+00:00,2026-09-06T13:57:25.560608+00:00,0.125,VALID,valid,,1b2dd830befbb58e3949b03deca6592ca395cd7b,a1d260b660c93e47a466deb9c00f26c880973356f7da4eda00cb8ec57cab044d,raw/E06-independent-20260924-20260906T135725471700Z
a000469,E06-independent-20260925-20260906T135725606681Z,E06,independent,20260925,default,primary,2026-09-06T13:57:25.572662+00:00,2026-09-06T13:57:25.692176+00:00,0.12,VALID,valid,,1b2dd830befbb58e3949b03deca6592ca395cd7b,a1d260b660c93e47a466deb9c00f26c880973356f7da4eda00cb8ec57cab044d,raw/E06-independent-20260925-20260906T135725606681Z
a000470,E06-independent-20260926-20260906T135725739864Z,E06,independent,20260926,default,primary,2026-09-06T13:57:25.705162+00:00,2026-09-06T13:57:25.845033+00:00,0.14,VALID,valid,,1b2dd830befbb58e3949b03deca6592ca395cd7b,a1d260b660c93e47a466deb9c00f26c880973356f7da4eda00cb8ec57cab044d,raw/E06-independent-20260926-20260906T135725739864Z
a000471,E06-independent-20260927-20260906T135725892570Z,E06,independent,20260927,default,primary,2026-09-06T13:57:25.857375+00:00,2026-09-06T13:57:25.979044+00:00,0.122,VALID,valid,,1b2dd830befbb58e3949b03deca6592ca395cd7b,a1d260b660c93e47a466deb9c00f26c880973356f7da4eda00cb8ec57cab044d,raw/E06-independent-20260927-20260906T135725892570Z
a000472,E06-independent-20260928-20260906T135726027804Z,E06,independent,20260928,default,primary,2026-09-06T13:57:25.992390+00:00,2026-09-06T13:57:26.117964+00:00,0.126,VALID,valid,,1b2dd830befbb58e3949b03deca6592ca395cd7b,a1d260b660c93e47a466deb9c00f26c880973356f7da4eda00cb8ec57cab044d,raw/E06-independent-20260928-20260906T135726027804Z
a000473,E06-independent-20260929-20260906T135726164895Z,E06,independent,20260929,default,primary,2026-09-06T13:57:26.130437+00:00,2026-09-06T13:57:26.250139+00:00,0.12,VALID,valid,,1b2dd830befbb58e3949b03deca6592ca395cd7b,a1d260b660c93e47a466deb9c00f26c880973356f7da4eda00cb8ec57cab044d,raw/E06-independent-20260929-20260906T135726164895Z
a000474,E06-independent-20260930-20260906T135726296876Z,E06,independent,20260930,default,primary,2026-09-06T13:57:26.262241+00:00,2026-09-06T13:57:26.380580+00:00,0.118,VALID,valid,,1b2dd830befbb58e3949b03deca6592ca395cd7b,a1d260b660c93e47a466deb9c00f26c880973356f7da4eda00cb8ec57cab044d,raw/E06-independent-20260930-20260906T135726296876Z
a000475,E06-independent-20260931-20260906T135726428570Z,E06,independent,20260931,default,primary,2026-09-06T13:57:26.394337+00:00,2026-09-06T13:57:26.515320+00:00,0.121,VALID,valid,,1b2dd830befbb58e3949b03deca6592ca395cd7b,a1d260b660c93e47a466deb9c00f26c880973356f7da4eda00cb8ec57cab044d,raw/E06-independent-20260931-20260906T135726428570Z
a000476,E06-independent-20260932-20260906T135726567659Z,E06,independent,20260932,default,primary,2026-09-06T13:57:26.529125+00:00,2026-09-06T13:57:26.651274+00:00,0.122,VALID,valid,,1b2dd830befbb58e3949b03deca6592ca395cd7b,a1d260b660c93e47a466deb9c00f26c880973356f7da4eda00cb8ec57cab044d,raw/E06-independent-20260932-20260906T135726567659Z
a000477,E06-independent-20260933-20260906T135726699665Z,E06,independent,20260933,default,primary,2026-09-06T13:57:26.664179+00:00,2026-09-06T13:57:26.789866+00:00,0.126,VALID,valid,,1b2dd830befbb58e3949b03deca6592ca395cd7b,a1d260b660c93e47a466deb9c00f26c880973356f7da4eda00cb8ec57cab044d,raw/E06-independent-20260933-20260906T135726699665Z
a000478,E06-independent-20260934-20260906T135726836867Z,E06,independent,20260934,default,primary,2026-09-06T13:57:26.801628+00:00,2026-09-06T13:57:26.935984+00:00,0.134,VALID,valid,,1b2dd830befbb58e3949b03deca6592ca395cd7b,a1d260b660c93e47a466deb9c00f26c880973356f7da4eda00cb8ec57cab044d,raw/E06-independent-20260934-20260906T135726836867Z
a000479,E06-independent-20260935-20260906T135726986538Z,E06,independent,20260935,default,primary,2026-09-06T13:57:26.950481+00:00,2026-09-06T13:57:27.079729+00:00,0.129,VALID,valid,,1b2dd830befbb58e3949b03deca6592ca395cd7b,a1d260b660c93e47a466deb9c00f26c880973356f7da4eda00cb8ec57cab044d,raw/E06-independent-20260935-20260906T135726986538Z
a000480,E06-independent-20260936-20260906T135727132590Z,E06,independent,20260936,default,primary,2026-09-06T13:57:27.093205+00:00,2026-09-06T13:57:27.220630+00:00,0.127,VALID,valid,,1b2dd830befbb58e3949b03deca6592ca395cd7b,a1d260b660c93e47a466deb9c00f26c880973356f7da4eda00cb8ec57cab044d,raw/E06-independent-20260936-20260906T135727132590Z
a000481,E06-static_continuity-20260907-20260906T135727271559Z,E06,static_continuity,20260907,default,primary,2026-09-06T13:57:27.234453+00:00,2026-09-06T13:57:27.366332+00:00,0.132,VALID,valid,,1b2dd830befbb58e3949b03deca6592ca395cd7b,a1d260b660c93e47a466deb9c00f26c880973356f7da4eda00cb8ec57cab044d,raw/E06-static_continuity-20260907-20260906T135727271559Z
a000482,E06-static_continuity-20260908-20260906T135727417022Z,E06,static_continuity,20260908,default,primary,2026-09-06T13:57:27.380337+00:00,2026-09-06T13:57:27.521125+00:00,0.141,VALID,valid,,1b2dd830befbb58e3949b03deca6592ca395cd7b,a1d260b660c93e47a466deb9c00f26c880973356f7da4eda00cb8ec57cab044d,raw/E06-static_continuity-20260908-20260906T135727417022Z
a000483,E06-static_continuity-20260909-20260906T135727570200Z,E06,static_continuity,20260909,default,primary,2026-09-06T13:57:27.534572+00:00,2026-09-06T13:57:27.649706+00:00,0.115,VALID,valid,,1b2dd830befbb58e3949b03deca6592ca395cd7b,a1d260b660c93e47a466deb9c00f26c880973356f7da4eda00cb8ec57cab044d,raw/E06-static_continuity-20260909-20260906T135727570200Z
a000484,E06-static_continuity-20260910-20260906T135727696934Z,E06,static_continuity,20260910,default,primary,2026-09-06T13:57:27.661855+00:00,2026-09-06T13:57:27.777004+00:00,0.115,VALID,valid,,1b2dd830befbb58e3949b03deca6592ca395cd7b,a1d260b660c93e47a466deb9c00f26c880973356f7da4eda00cb8ec57cab044d,raw/E06-static_continuity-20260910-20260906T135727696934Z
a000485,E06-static_continuity-20260911-20260906T135727824301Z,E06,static_continuity,20260911,default,primary,2026-09-06T13:57:27.789119+00:00,2026-09-06T13:57:27.921981+00:00,0.133,VALID,valid,,1b2dd830befbb58e3949b03deca6592ca395cd7b,a1d260b660c93e47a466deb9c00f26c880973356f7da4eda00cb8ec57cab044d,raw/E06-static_continuity-20260911-20260906T135727824301Z
a000486,E06-static_continuity-20260912-20260906T135727972756Z,E06,static_continuity,20260912,default,primary,2026-09-06T13:57:27.935949+00:00,2026-09-06T13:57:28.067988+00:00,0.132,VALID,valid,,1b2dd830befbb58e3949b03deca6592ca395cd7b,a1d260b660c93e47a466deb9c00f26c880973356f7da4eda00cb8ec57cab044d,raw/E06-static_continuity-20260912-20260906T135727972756Z
a000487,E06-static_continuity-20260913-20260906T135728118566Z,E06,static_continuity,20260913,default,primary,2026-09-06T13:57:28.081273+00:00,2026-09-06T13:57:28.199277+00:00,0.118,VALID,valid,,1b2dd830befbb58e3949b03deca6592ca395cd7b,a1d260b660c93e47a466deb9c00f26c880973356f7da4eda00cb8ec57cab044d,raw/E06-static_continuity-20260913-20260906T135728118566Z
a000488,E06-static_continuity-20260914-20260906T135728247416Z,E06,static_continuity,20260914,default,primary,2026-09-06T13:57:28.211771+00:00,2026-09-06T13:57:28.338374+00:00,0.127,VALID,valid,,1b2dd830befbb58e3949b03deca6592ca395cd7b,a1d260b660c93e47a466deb9c00f26c880973356f7da4eda00cb8ec57cab044d,raw/E06-static_continuity-20260914-20260906T135728247416Z
a000489,E06-static_continuity-20260915-20260906T135728386596Z,E06,static_continuity,20260915,default,primary,2026-09-06T13:57:28.350802+00:00,2026-09-06T13:57:28.349311+00:00,0.17,VALID,valid,,1b2dd830befbb58e3949b03deca6592ca395cd7b,a1d260b660c93e47a466deb9c00f26c880973356f7da4eda00cb8ec57cab044d,raw/E06-static_continuity-20260915-20260906T135728386596Z
a000490,E06-static_continuity-20260916-20260906T135728400535Z,E06,static_continuity,20260916,default,primary,2026-09-06T13:57:28.362482+00:00,2026-09-06T13:57:28.490297+00:00,0.128,VALID,valid,,1b2dd830befbb58e3949b03deca6592ca395cd7b,a1d260b660c93e47a466deb9c00f26c880973356f7da4eda00cb8ec57cab044d,raw/E06-static_continuity-20260916-20260906T135728400535Z
a000491,E06-static_continuity-20260917-20260906T135728538747Z,E06,static_continuity,20260917,default,primary,2026-09-06T13:57:28.503655+00:00,2026-09-06T13:57:28.625106+00:00,0.121,VALID,valid,,1b2dd830befbb58e3949b03deca6592ca395cd7b,a1d260b660c93e47a466deb9c00f26c880973356f7da4eda00cb8ec57cab044d,raw/E06-static_continuity-20260917-20260906T135728538747Z
a000492,E06-static_continuity-20260918-20260906T135728673923Z,E06,static_continuity,20260918,default,primary,2026-09-06T13:57:28.638441+00:00,2026-09-06T13:57:28.760880+00:00,0.122,VALID,valid,,1b2dd830befbb58e3949b03deca6592ca395cd7b,a1d260b660c93e47a466deb9c00f26c880973356f7da4eda00cb8ec57cab044d,raw/E06-static_continuity-20260918-20260906T135728673923Z
a000493,E06-static_continuity-20260919-20260906T135728808086Z,E06,static_continuity,20260919,default,primary,2026-09-06T13:57:28.773340+00:00,2026-09-06T13:57:28.898266+00:00,0.125,VALID,valid,,1b2dd830befbb58e3949b03deca6592ca395cd7b,a1d260b660c93e47a466deb9c00f26c880973356f7da4eda00cb8ec57cab044d,raw/E06-static_continuity-20260919-20260906T135728808086Z
a000494,E06-static_continuity-20260920-20260906T135728945746Z,E06,static_continuity,20260920,default,primary,2026-09-06T13:57:28.910949+00:00,2026-09-06T13:57:29.018772+00:00,0.108,VALID,valid,,1b2dd830befbb58e3949b03deca6592ca395cd7b,a1d260b660c93e47a466deb9c00f26c880973356f7da4eda00cb8ec57cab044d,raw/E06-static_continuity-20260920-20260906T135728945746Z
a000495,E06-static_continuity-20260921-20260906T135729068115Z,E06,static_continuity,20260921,default,primary,2026-09-06T13:57:29.031410+00:00,2026-09-06T13:57:29.153794+00:00,0.122,VALID,valid,,1b2dd830befbb58e3949b03deca6592ca395cd7b,a1d260b660c93e47a466deb9c00f26c880973356f7da4eda00cb8ec57cab044d,raw/E06-static_continuity-20260921-20260906T135729068115Z
a000496,E06-static_continuity-20260922-20260906T135729202769Z,E06,static_continuity,20260922,default,primary,2026-09-06T13:57:29.167266+00:00,2026-09-06T13:57:29.285528+00:00,0.118,VALID,valid,,1b2dd830befbb58e3949b03deca6592ca395cd7b,a1d260b660c93e47a466deb9c00f26c880973356f7da4eda00cb8ec57cab044d,raw/E06-static_continuity-20260922-20260906T135729202769Z
a000497,E06-static_continuity-20260923-20260906T135729335057Z,E06,static_continuity,20260923,default,primary,2026-09-06T13:57:29.298174+00:00,2026-09-06T13:57:29.427664+00:00,0.129,VALID,valid,,1b2dd830befbb58e3949b03deca6592ca395cd7b,a1d260b660c93e47a466deb9c00f26c880973356f7da4eda00cb8ec57cab044d,raw/E06-static_continuity-20260923-20260906T135729335057Z
a000498,E06-static_continuity-20260924-20260906T135729477604Z,E06,static_continuity,20260924,default,primary,2026-09-06T13:57:29.440708+00:00,2026-09-06T13:57:29.563651+00:00,0.123,VALID,valid,,1b2dd830befbb58e3949b03deca6592ca395cd7b,a1d260b660c93e47a466deb9c00f26c880973356f7da4eda00cb8ec57cab044d,raw/E06-static_continuity-20260924-20260906T135729477604Z
a000499,E06-static_continuity-20260925-20260906T135729613158Z,E06,static_continuity,20260925,default,primary,2026-09-06T13:57:29.576356+00:00,2026-09-06T13:57:29.682192+00:00,0.106,VALID,valid,,1b2dd830befbb58e3949b03deca6592ca395cd7b,a1d260b660c93e47a466deb9c00f26c880973356f7da4eda00cb8ec57cab044d,raw/E06-static_continuity-20260925-20260906T135729613158Z
a000500,E06-static_continuity-20260926-20260906T135729733084Z,E06,static_continuity,20260926,default,primary,2026-09-06T13:57:29.695458+00:00,2026-09-06T13:57:29.811923+00:00,0.116,VALID,valid,,1b2dd830befbb58e3949b03deca6592ca395cd7b,a1d260b660c93e47a466deb9c00f26c880973356f7da4eda00cb8ec57cab044d,raw/E06-static_continuity-20260926-20260906T135729733084Z
a000501,E06-static_continuity-20260927-20260906T135729859741Z,E06,static_continuity,20260927,default,primary,2026-09-06T13:57:29.824744+00:00,2026-09-06T13:57:29.943811+00:00,0.119,VALID,valid,,1b2dd830befbb58e3949b03deca6592ca395cd7b,a1d260b660c93e47a466deb9c00f26c880973356f7da4eda00cb8ec57cab044d,raw/E06-static_continuity-20260927-20260906T135729859741Z
a000502,E06-static_continuity-20260928-20260906T135729993003Z,E06,static_continuity,20260928,default,primary,2026-09-06T13:57:29.957355+00:00,2026-09-06T13:57:30.083657+00:00,0.126,VALID,valid,,1b2dd830befbb58e3949b03deca6592ca395cd7b,a1d260b660c93e47a466deb9c00f26c880973356f7da4eda00cb8ec57cab044d,raw/E06-static_continuity-20260928-20260906T135729993003Z
a000503,E06-static_continuity-20260929-20260906T135730131301Z,E06,static_continuity,20260929,default,primary,2026-09-06T13:57:30.096362+00:00,2026-09-06T13:57:30.220561+00:00,0.124,VALID,valid,,1b2dd830befbb58e3949b03deca6592ca395cd7b,a1d260b660c93e47a466deb9c00f26c880973356f7da4eda00cb8ec57cab044d,raw/E06-static_continuity-20260929-20260906T135730131301Z
a000504,E06-static_continuity-20260930-20260906T135730269653Z,E06,static_continuity,20260930,default,primary,2026-09-06T13:57:30.233471+00:00,2026-09-06T13:57:30.359599+00:00,0.126,VALID,valid,,1b2dd830befbb58e3949b03deca6592ca395cd7b,a1d260b660c93e47a466deb9c00f26c880973356f7da4eda00cb8ec57cab044d,raw/E06-static_continuity-20260930-20260906T135730269653Z
a000505,E06-static_continuity-20260931-20260906T135730408441Z,E06,static_continuity,20260931,default,primary,2026-09-06T13:57:30.371876+00:00,2026-09-06T13:57:30.498634+00:00,0.127,VALID,valid,,1b2dd830befbb58e3949b03deca6592ca395cd7b,a1d260b660c93e47a466deb9c00f26c880973356f7da4eda00cb8ec57cab044d,raw/E06-static_continuity-20260931-20260906T135730408441Z
a000506,E06-static_continuity-20260932-20260906T135730558640Z,E06,static_continuity,20260932,default,primary,2026-09-06T13:57:30.511289+00:00,2026-09-06T13:57:30.646972+00:00,0.136,VALID,valid,,1b2dd830befbb58e3949b03deca6592ca395cd7b,a1d260b660c93e47a466deb9c00f26c880973356f7da4eda00cb8ec57cab044d,raw/E06-static_continuity-20260932-20260906T135730558640Z
a000507,E06-static_continuity-20260933-20260906T135730696361Z,E06,static_continuity,20260933,default,primary,2026-09-06T13:57:30.660740+00:00,2026-09-06T13:57:30.784506+00:00,0.124,VALID,valid,,1b2dd830befbb58e3949b03deca6592ca395cd7b,a1d260b660c93e47a466deb9c00f26c880973356f7da4eda00cb8ec57cab044d,raw/E06-static_continuity-20260933-20260906T135730696361Z
a000508,E06-static_continuity-20260934-20260906T135730834551Z,E06,static_continuity,20260934,default,primary,2026-09-06T13:57:30.798039+00:00,2026-09-06T13:57:30.924132+00:00,0.126,VALID,valid,,1b2dd830befbb58e3949b03deca6592ca395cd7b,a1d260b660c93e47a466deb9c00f26c880973356f7da4eda00cb8ec57cab044d,raw/E06-static_continuity-20260934-20260906T135730834551Z
a000509,E06-static_continuity-20260935-20260906T135730980494Z,E06,static_continuity,20260935,default,primary,2026-09-06T13:57:30.936743+00:00,2026-09-06T13:57:31.065118+00:00,0.128,VALID,valid,,1b2dd830befbb58e3949b03deca6592ca395cd7b,a1d260b660c93e47a466deb9c00f26c880973356f7da4eda00cb8ec57cab044d,raw/E06-static_continuity-20260935-20260906T135730980494Z
a000510,E06-static_continuity-20260936-20260906T135731114676Z,E06,static_continuity,20260936,default,primary,2026-09-06T13:57:31.078691+00:00,2026-09-06T13:57:31.196827+00:00,0.118,VALID,valid,,1b2dd830befbb58e3949b03deca6592ca395cd7b,a1d260b660c93e47a466deb9c00f26c880973356f7da4eda00cb8ec57cab044d,raw/E06-static_continuity-20260936-20260906T135731114676Z
a000511,E06-ca_ztcf-20260907-20260906T135731244894Z,E06,ca_ztcf,20260907,default,primary,2026-09-06T13:57:31.209462+00:00,2026-09-06T13:57:31.334510+00:00,0.125,VALID,valid,,1b2dd830befbb58e3949b03deca6592ca395cd7b,a1d260b660c93e47a466deb9c00f26c880973356f7da4eda00cb8ec57cab044d,raw/E06-ca_ztcf-20260907-20260906T135731244894Z
a000512,E06-ca_ztcf-20260908-20260906T135731385279Z,E06,ca_ztcf,20260908,default,primary,2026-09-06T13:57:31.348470+00:00,2026-09-06T13:57:31.474485+00:00,0.126,VALID,valid,,1b2dd830befbb58e3949b03deca6592ca395cd7b,a1d260b660c93e47a466deb9c00f26c880973356f7da4eda00cb8ec57cab044d,raw/E06-ca_ztcf-20260908-20260906T135731385279Z
a000513,E06-ca_ztcf-20260909-20260906T135731522248Z,E06,ca_ztcf,20260909,default,primary,2026-09-06T13:57:31.487411+00:00,2026-09-06T13:57:31.603253+00:00,0.116,VALID,valid,,1b2dd830befbb58e3949b03deca6592ca395cd7b,a1d260b660c93e47a466deb9c00f26c880973356f7da4eda00cb8ec57cab044d,raw/E06-ca_ztcf-20260909-20260906T135731522248Z
a000514,E06-ca_ztcf-20260910-20260906T135731653748Z,E06,ca_ztcf,20260910,default,primary,2026-09-06T13:57:31.617351+00:00,2026-09-06T13:57:31.739633+00:00,0.122,VALID,valid,,1b2dd830befbb58e3949b03deca6592ca395cd7b,a1d260b660c93e47a466deb9c00f26c880973356f7da4eda00cb8ec57cab044d,raw/E06-ca_ztcf-20260910-20260906T135731653748Z
a000515,E06-ca_ztcf-20260911-20260906T135731788191Z,E06,ca_ztcf,20260911,default,primary,2026-09-06T13:57:31.752247+00:00,2026-09-06T13:57:31.891083+00:00,0.139,VALID,valid,,1b2dd830befbb58e3949b03deca6592ca395cd7b,a1d260b660c93e47a466deb9c00f26c880973356f7da4eda00cb8ec57cab044d,raw/E06-ca_ztcf-20260911-20260906T135731788191Z
a000516,E06-ca_ztcf-20260912-20260906T135731942489Z,E06,ca_ztcf,20260912,default,primary,2026-09-06T13:57:31.904697+00:00,2026-09-06T13:57:32.021998+00:00,0.117,VALID,valid,,1b2dd830befbb58e3949b03deca6592ca395cd7b,a1d260b660c93e47a466deb9c00f26c880973356f7da4eda00cb8ec57cab044d,raw/E06-ca_ztcf-20260912-20260906T135731942489Z
a000517,E06-ca_ztcf-20260913-20260906T135732072342Z,E06,ca_ztcf,20260913,default,primary,2026-09-06T13:57:32.036334+00:00,2026-09-06T13:57:32.150839+00:00,0.114,VALID,valid,,1b2dd830befbb58e3949b03deca6592ca395cd7b,a1d260b660c93e47a466deb9c00f26c880973356f7da4eda00cb8ec57cab044d,raw/E06-ca_ztcf-20260913-20260906T135732072342Z
a000518,E06-ca_ztcf-20260914-20260906T135732200306Z,E06,ca_ztcf,20260914,default,primary,2026-09-06T13:57:32.163975+00:00,2026-09-06T13:57:32.281520+00:00,0.118,VALID,valid,,1b2dd830befbb58e3949b03deca6592ca395cd7b,a1d260b660c93e47a466deb9c00f26c880973356f7da4eda00cb8ec57cab044d,raw/E06-ca_ztcf-20260914-20260906T135732200306Z
a000519,E06-ca_ztcf-20260915-20260906T135732330678Z,E06,ca_ztcf,20260915,default,primary,2026-09-06T13:57:32.294374+00:00,2026-09-06T13:57:32.427000+00:00,0.133,VALID,valid,,1b2dd830befbb58e3949b03deca6592ca395cd7b,a1d260b660c93e47a466deb9c00f26c880973356f7da4eda00cb8ec57cab044d,raw/E06-ca_ztcf-20260915-20260906T135732330678Z
a000520,E06-ca_ztcf-20260916-20260906T135732479779Z,E06,ca_ztcf,20260916,default,primary,2026-09-06T13:57:32.442040+00:00,2026-09-06T13:57:32.569625+00:00,0.128,VALID,valid,,1b2dd830befbb58e3949b03deca6592ca395cd7b,a1d260b660c93e47a466deb9c00f26c880973356f7da4eda00cb8ec57cab044d,raw/E06-ca_ztcf-20260916-20260906T135732479779Z
a000521,E06-ca_ztcf-20260917-20260906T135732621070Z,E06,ca_ztcf,20260917,default,primary,2026-09-06T13:57:32.582540+00:00,2026-09-06T13:57:32.711884+00:00,0.129,VALID,valid,,1b2dd830befbb58e3949b03deca6592ca395cd7b,a1d260b660c93e47a466deb9c00f26c880973356f7da4eda00cb8ec57cab044d,raw/E06-ca_ztcf-20260917-20260906T135732621070Z
a000522,E06-ca_ztcf-20260918-20260906T135732760935Z,E06,ca_ztcf,20260918,default,primary,2026-09-06T13:57:32.724492+00:00,2026-09-06T13:57:32.852381+00:00,0.128,VALID,valid,,1b2dd830befbb58e3949b03deca6592ca395cd7b,a1d260b660c93e47a466deb9c00f26c880973356f7da4eda00cb8ec57cab044d,raw/E06-ca_ztcf-20260918-20260906T135732760935Z
a000523,E06-ca_ztcf-20260919-20260906T135732900066Z,E06,ca_ztcf,20260919,default,primary,2026-09-06T13:57:32.865092+00:00,2026-09-06T13:57:32.983060+00:00,0.118,VALID,valid,,1b2dd830befbb58e3949b03deca6592ca395cd7b,a1d260b660c93e47a466deb9c00f26c880973356f7da4eda00cb8ec57cab044d,raw/E06-ca_ztcf-20260919-20260906T135732900066Z
a000524,E06-ca_ztcf-20260920-20260906T135733030729Z,E06,ca_ztcf,20260920,default,primary,2026-09-06T13:57:32.995044+00:00,2026-09-06T13:57:33.117033+00:00,0.122,VALID,valid,,1b2dd830befbb58e3949b03deca6592ca395cd7b,a1d260b660c93e47a466deb9c00f26c880973356f7da4eda00cb8ec57cab044d,raw/E06-ca_ztcf-20260920-20260906T135733030729Z
a000525,E06-ca_ztcf-20260921-20260906T135733165263Z,E06,ca_ztcf,20260921,default,primary,2026-09-06T13:57:33.130369+00:00,2026-09-06T13:57:33.251443+00:00,0.121,VALID,valid,,1b2dd830befbb58e3949b03deca6592ca395cd7b,a1d260b660c93e47a466deb9c00f26c880973356f7da4eda00cb8ec57cab044d,raw/E06-ca_ztcf-20260921-20260906T135733165263Z
a000526,E06-ca_ztcf-20260922-20260906T135733300856Z,E06,ca_ztcf,20260922,default,primary,2026-09-06T13:57:33.265311+00:00,2026-09-06T13:57:33.388153+00:00,0.123,VALID,valid,,1b2dd830befbb58e3949b03deca6592ca395cd7b,a1d260b660c93e47a466deb9c00f26c880973356f7da4eda00cb8ec57cab044d,raw/E06-ca_ztcf-20260922-20260906T135733300856Z
a000527,E06-ca_ztcf-20260923-20260906T135733435228Z,E06,ca_ztcf,20260923,default,primary,2026-09-06T13:57:33.400968+00:00,2026-09-06T13:57:33.521160+00:00,0.12,VALID,valid,,1b2dd830befbb58e3949b03deca6592ca395cd7b,a1d260b660c93e47a466deb9c00f26c880973356f7da4eda00cb8ec57cab044d,raw/E06-ca_ztcf-20260923-20260906T135733435228Z
a000528,E06-ca_ztcf-20260924-20260906T135733570618Z,E06,ca_ztcf,20260924,default,primary,2026-09-06T13:57:33.535016+00:00,2026-09-06T13:57:33.649594+00:00,0.115,VALID,valid,,1b2dd830befbb58e3949b03deca6592ca395cd7b,a1d260b660c93e47a466deb9c00f26c880973356f7da4eda00cb8ec57cab044d,raw/E06-ca_ztcf-20260924-20260906T135733570618Z
a000529,E06-ca_ztcf-20260925-20260906T135733718587Z,E06,ca_ztcf,20260925,default,primary,2026-09-06T13:57:33.663116+00:00,2026-09-06T13:57:33.807153+00:00,0.144,VALID,valid,,1b2dd830befbb58e3949b03deca6592ca395cd7b,a1d260b660c93e47a466deb9c00f26c880973356f7da4eda00cb8ec57cab044d,raw/E06-ca_ztcf-20260925-20260906T135733718587Z
a000530,E06-ca_ztcf-20260926-20260906T135733856329Z,E06,ca_ztcf,20260926,default,primary,2026-09-06T13:57:33.820696+00:00,2026-09-06T13:57:33.947728+00:00,0.127,VALID,valid,,1b2dd830befbb58e3949b03deca6592ca395cd7b,a1d260b660c93e47a466deb9c00f26c880973356f7da4eda00cb8ec57cab044d,raw/E06-ca_ztcf-20260926-20260906T135733856329Z
a000531,E06-ca_ztcf-20260927-20260906T135733995875Z,E06,ca_ztcf,20260927,default,primary,2026-09-06T13:57:33.960311+00:00,2026-09-06T13:57:34.079376+00:00,0.119,VALID,valid,,1b2dd830befbb58e3949b03deca6592ca395cd7b,a1d260b660c93e47a466deb9c00f26c880973356f7da4eda00cb8ec57cab044d,raw/E06-ca_ztcf-20260927-20260906T135733995875Z
a000532,E06-ca_ztcf-20260928-20260906T135734126778Z,E06,ca_ztcf,20260928,default,primary,2026-09-06T13:57:34.091739+00:00,2026-09-06T13:57:34.216797+00:00,0.125,VALID,valid,,1b2dd830befbb58e3949b03deca6592ca395cd7b,a1d260b660c93e47a466deb9c00f26c880973356f7da4eda00cb8ec57cab044d,raw/E06-ca_ztcf-20260928-20260906T135734126778Z
a000533,E06-ca_ztcf-20260929-20260906T135734263954Z,E06,ca_ztcf,20260929,default,primary,2026-09-06T13:57:34.229868+00:00,2026-09-06T13:57:34.349982+00:00,0.12,VALID,valid,,1b2dd830befbb58e3949b03deca6592ca395cd7b,a1d260b660c93e47a466deb9c00f26c880973356f7da4eda00cb8ec57cab044d,raw/E06-ca_ztcf-20260929-20260906T135734263954Z
a000534,E06-ca_ztcf-20260930-20260906T135734397410Z,E06,ca_ztcf,20260930,default,primary,2026-09-06T13:57:34.362509+00:00,2026-09-06T13:57:34.486182+00:00,0.124,VALID,valid,,1b2dd830befbb58e3949b03deca6592ca395cd7b,a1d260b660c93e47a466deb9c00f26c880973356f7da4eda00cb8ec57cab044d,raw/E06-ca_ztcf-20260930-20260906T135734397410Z
a000535,E06-ca_ztcf-20260931-20260906T135734534148Z,E06,ca_ztcf,20260931,default,primary,2026-09-06T13:57:34.500061+00:00,2026-09-06T13:57:34.620076+00:00,0.12,VALID,valid,,1b2dd830befbb58e3949b03deca6592ca395cd7b,a1d260b660c93e47a466deb9c00f26c880973356f7da4eda00cb8ec57cab044d,raw/E06-ca_ztcf-20260931-20260906T135734534148Z
a000536,E06-ca_ztcf-20260932-20260906T135734668264Z,E06,ca_ztcf,20260932,default,primary,2026-09-06T13:57:34.633023+00:00,2026-09-06T13:57:34.754159+00:00,0.121,VALID,valid,,1b2dd830befbb58e3949b03deca6592ca395cd7b,a1d260b660c93e47a466deb9c00f26c880973356f7da4eda00cb8ec57cab044d,raw/E06-ca_ztcf-20260932-20260906T135734668264Z
a000537,E06-ca_ztcf-20260933-20260906T135734801588Z,E06,ca_ztcf,20260933,default,primary,2026-09-06T13:57:34.766140+00:00,2026-09-06T13:57:34.887882+00:00,0.122,VALID,valid,,1b2dd830befbb58e3949b03deca6592ca395cd7b,a1d260b660c93e47a466deb9c00f26c880973356f7da4eda00cb8ec57cab044d,raw/E06-ca_ztcf-20260933-20260906T135734801588Z
a000538,E06-ca_ztcf-20260934-20260906T135734935133Z,E06,ca_ztcf,20260934,default,primary,2026-09-06T13:57:34.900079+00:00,2026-09-06T13:57:35.024329+00:00,0.124,VALID,valid,,1b2dd830befbb58e3949b03deca6592ca395cd7b,a1d260b660c93e47a466deb9c00f26c880973356f7da4eda00cb8ec57cab044d,raw/E06-ca_ztcf-20260934-20260906T135734935133Z
a000539,E06-ca_ztcf-20260935-20260906T135735072930Z,E06,ca_ztcf,20260935,default,primary,2026-09-06T13:57:35.038073+00:00,2026-09-06T13:57:35.161931+00:00,0.124,VALID,valid,,1b2dd830befbb58e3949b03deca6592ca395cd7b,a1d260b660c93e47a466deb9c00f26c880973356f7da4eda00cb8ec57cab044d,raw/E06-ca_ztcf-20260935-20260906T135735072930Z
a000540,E06-ca_ztcf-20260936-20260906T135735210355Z,E06,ca_ztcf,20260936,default,primary,2026-09-06T13:57:35.175580+00:00,2026-09-06T13:57:35.295928+00:00,0.12,VALID,valid,,1b2dd830befbb58e3949b03deca6592ca395cd7b,a1d260b660c93e47a466deb9c00f26c880973356f7da4eda00cb8ec57cab044d,raw/E06-ca_ztcf-20260936-20260906T135735210355Z
a000541,E07-independent-20260907-20260906T135735343039Z,E07,independent,20260907,default,primary,2026-09-06T13:57:35.308611+00:00,2026-09-06T13:57:35.425949+00:00,0.117,VALID,valid,,1b2dd830befbb58e3949b03deca6592ca395cd7b,a1d260b660c93e47a466deb9c00f26c880973356f7da4eda00cb8ec57cab044d,raw/E07-independent-20260907-20260906T135735343039Z
a000542,E07-independent-20260908-20260906T135735473377Z,E07,independent,20260908,default,primary,2026-09-06T13:57:35.438915+00:00,2026-09-06T13:57:35.559081+00:00,0.12,VALID,valid,,1b2dd830befbb58e3949b03deca6592ca395cd7b,a1d260b660c93e47a466deb9c00f26c880973356f7da4eda00cb8ec57cab044d,raw/E07-independent-20260908-20260906T135735473377Z
a000543,E07-independent-20260909-20260906T135735609049Z,E07,independent,20260909,default,primary,2026-09-06T13:57:35.572810+00:00,2026-09-06T13:57:35.691102+00:00,0.118,VALID,valid,,1b2dd830befbb58e3949b03deca6592ca395cd7b,a1d260b660c93e47a466deb9c00f26c880973356f7da4eda00cb8ec57cab044d,raw/E07-independent-20260909-20260906T135735609049Z
a000544,E07-independent-20260910-20260906T135735739702Z,E07,independent,20260910,default,primary,2026-09-06T13:57:35.704140+00:00,2026-09-06T13:57:35.843575+00:00,0.139,VALID,valid,,1b2dd830befbb58e3949b03deca6592ca395cd7b,a1d260b660c93e47a466deb9c00f26c880973356f7da4eda00cb8ec57cab044d,raw/E07-independent-20260910-20260906T135735739702Z
a000545,E07-independent-20260911-20260906T135735892464Z,E07,independent,20260911,default,primary,2026-09-06T13:57:35.856699+00:00,2026-09-06T13:57:35.986220+00:00,0.13,VALID,valid,,1b2dd830befbb58e3949b03deca6592ca395cd7b,a1d260b660c93e47a466deb9c00f26c880973356f7da4eda00cb8ec57cab044d,raw/E07-independent-20260911-20260906T135735892464Z
a000546,E07-independent-20260912-20260906T135736034412Z,E07,independent,20260912,default,primary,2026-09-06T13:57:35.999051+00:00,2026-09-06T13:57:36.129650+00:00,0.131,VALID,valid,,1b2dd830befbb58e3949b03deca6592ca395cd7b,a1d260b660c93e47a466deb9c00f26c880973356f7da4eda00cb8ec57cab044d,raw/E07-independent-20260912-20260906T135736034412Z
a000547,E07-independent-20260913-20260906T135736177985Z,E07,independent,20260913,default,primary,2026-09-06T13:57:36.143113+00:00,2026-09-06T13:57:36.264298+00:00,0.121,VALID,valid,,1b2dd830befbb58e3949b03deca6592ca395cd7b,a1d260b660c93e47a466deb9c00f26c880973356f7da4eda00cb8ec57cab044d,raw/E07-independent-20260913-20260906T135736177985Z
a000548,E07-independent-20260914-20260906T135736311863Z,E07,independent,20260914,default,primary,2026-09-06T13:57:36.277237+00:00,2026-09-06T13:57:36.394462+00:00,0.117,VALID,valid,,1b2dd830befbb58e3949b03deca6592ca395cd7b,a1d260b660c93e47a466deb9c00f26c880973356f7da4eda00cb8ec57cab044d,raw/E07-independent-20260914-20260906T135736311863Z
a000549,E07-independent-20260915-20260906T135736443381Z,E07,independent,20260915,default,primary,2026-09-06T13:57:36.407709+00:00,2026-09-06T13:57:36.526113+00:00,0.118,VALID,valid,,1b2dd830befbb58e3949b03deca6592ca395cd7b,a1d260b660c93e47a466deb9c00f26c880973356f7da4eda00cb8ec57cab044d,raw/E07-independent-20260915-20260906T135736443381Z
a000550,E07-independent-20260916-20260906T135736575825Z,E07,independent,20260916,default,primary,2026-09-06T13:57:36.539877+00:00,2026-09-06T13:57:36.662207+00:00,0.122,VALID,valid,,1b2dd830befbb58e3949b03deca6592ca395cd7b,a1d260b660c93e47a466deb9c00f26c880973356f7da4eda00cb8ec57cab044d,raw/E07-independent-20260916-20260906T135736575825Z
a000551,E07-independent-20260917-20260906T135736709619Z,E07,independent,20260917,default,primary,2026-09-06T13:57:36.674691+00:00,2026-09-06T13:57:36.803304+00:00,0.129,VALID,valid,,1b2dd830befbb58e3949b03deca6592ca395cd7b,a1d260b660c93e47a466deb9c00f26c880973356f7da4eda00cb8ec57cab044d,raw/E07-independent-20260917-20260906T135736709619Z
a000552,E07-independent-20260918-20260906T135736851683Z,E07,independent,20260918,default,primary,2026-09-06T13:57:36.816437+00:00,2026-09-06T13:57:36.937672+00:00,0.121,VALID,valid,,1b2dd830befbb58e3949b03deca6592ca395cd7b,a1d260b660c93e47a466deb9c00f26c880973356f7da4eda00cb8ec57cab044d,raw/E07-independent-20260918-20260906T135736851683Z
a000553,E07-independent-20260919-20260906T135736986036Z,E07,independent,20260919,default,primary,2026-09-06T13:57:36.951258+00:00,2026-09-06T13:57:37.082370+00:00,0.131,VALID,valid,,1b2dd830befbb58e3949b03deca6592ca395cd7b,a1d260b660c93e47a466deb9c00f26c880973356f7da4eda00cb8ec57cab044d,raw/E07-independent-20260919-20260906T135736986036Z
a000554,E07-independent-20260920-20260906T135737131783Z,E07,independent,20260920,default,primary,2026-09-06T13:57:37.095815+00:00,2026-09-06T13:57:37.218040+00:00,0.122,VALID,valid,,1b2dd830befbb58e3949b03deca6592ca395cd7b,a1d260b660c93e47a466deb9c00f26c880973356f7da4eda00cb8ec57cab044d,raw/E07-independent-20260920-20260906T135737131783Z
a000555,E07-independent-20260921-20260906T135737265541Z,E07,independent,20260921,default,primary,2026-09-06T13:57:37.230791+00:00,2026-09-06T13:57:37.357897+00:00,0.127,VALID,valid,,1b2dd830befbb58e3949b03deca6592ca395cd7b,a1d260b660c93e47a466deb9c00f26c880973356f7da4eda00cb8ec57cab044d,raw/E07-independent-20260921-20260906T135737265541Z
a000556,E07-independent-20260922-20260906T135737405747Z,E07,independent,20260922,default,primary,2026-09-06T13:57:37.371016+00:00,2026-09-06T13:57:37.481545+00:00,0.111,VALID,valid,,1b2dd830befbb58e3949b03deca6592ca395cd7b,a1d260b660c93e47a466deb9c00f26c880973356f7da4eda00cb8ec57cab044d,raw/E07-independent-20260922-20260906T135737405747Z
a000557,E07-independent-20260923-20260906T135737528289Z,E07,independent,20260923,default,primary,2026-09-06T13:57:37.493794+00:00,2026-09-06T13:57:37.612844+00:00,0.119,VALID,valid,,1b2dd830befbb58e3949b03deca6592ca395cd7b,a1d260b660c93e47a466deb9c00f26c880973356f7da4eda00cb8ec57cab044d,raw/E07-independent-20260923-20260906T135737528289Z
a000558,E07-independent-20260924-20260906T135737660531Z,E07,independent,20260924,default,primary,2026-09-06T13:57:37.625533+00:00,2026-09-06T13:57:37.735213+00:00,0.11,VALID,valid,,1b2dd830befbb58e3949b03deca6592ca395cd7b,a1d260b660c93e47a466deb9c00f26c880973356f7da4eda00cb8ec57cab044d,raw/E07-independent-20260924-20260906T135737660531Z
a000559,E07-independent-20260925-20260906T135737782728Z,E07,independent,20260925,default,primary,2026-09-06T13:57:37.748431+00:00,2026-09-06T13:57:37.871483+00:00,0.123,VALID,valid,,1b2dd830befbb58e3949b03deca6592ca395cd7b,a1d260b660c93e47a466deb9c00f26c880973356f7da4eda00cb8ec57cab044d,raw/E07-independent-20260925-20260906T135737782728Z
a000560,E07-independent-20260926-20260906T135737918503Z,E07,independent,20260926,default,primary,2026-09-06T13:57:37.883507+00:00,2026-09-06T13:57:38.002584+00:00,0.119,VALID,valid,,1b2dd830befbb58e3949b03deca6592ca395cd7b,a1d260b660c93e47a466deb9c00f26c880973356f7da4eda00cb8ec57cab044d,raw/E07-independent-20260926-20260906T135737918503Z
a000561,E07-independent-20260927-20260906T135738049820Z,E07,independent,20260927,default,primary,2026-09-06T13:57:38.014920+00:00,2026-09-06T13:57:38.140924+00:00,0.126,VALID,valid,,1b2dd830befbb58e3949b03deca6592ca395cd7b,a1d260b660c93e47a466deb9c00f26c880973356f7da4eda00cb8ec57cab044d,raw/E07-independent-20260927-20260906T135738049820Z
a000562,E07-independent-20260928-20260906T135738189108Z,E07,independent,20260928,default,primary,2026-09-06T13:57:38.154395+00:00,2026-09-06T13:57:38.278924+00:00,0.125,VALID,valid,,1b2dd830befbb58e3949b03deca6592ca395cd7b,a1d260b660c93e47a466deb9c00f26c880973356f7da4eda00cb8ec57cab044d,raw/E07-independent-20260928-20260906T135738189108Z
a000563,E07-independent-20260929-20260906T135738325646Z,E07,independent,20260929,default,primary,2026-09-06T13:57:38.291147+00:00,2026-09-06T13:57:38.409497+00:00,0.118,VALID,valid,,1b2dd830befbb58e3949b03deca6592ca395cd7b,a1d260b660c93e47a466deb9c00f26c880973356f7da4eda00cb8ec57cab044d,raw/E07-independent-20260929-20260906T135738325646Z
a000564,E07-independent-20260930-20260906T135738458667Z,E07,independent,20260930,default,primary,2026-09-06T13:57:38.422884+00:00,2026-09-06T13:57:38.395464+00:00,0.119,VALID,valid,,1b2dd830befbb58e3949b03deca6592ca395cd7b,a1d260b660c93e47a466deb9c00f26c880973356f7da4eda00cb8ec57cab044d,raw/E07-independent-20260930-20260906T135738458667Z
a000565,E07-independent-20260931-20260906T135738441986Z,E07,independent,20260931,default,primary,2026-09-06T13:57:38.407451+00:00,2026-09-06T13:57:38.540665+00:00,0.133,VALID,valid,,1b2dd830befbb58e3949b03deca6592ca395cd7b,a1d260b660c93e47a466deb9c00f26c880973356f7da4eda00cb8ec57cab044d,raw/E07-independent-20260931-20260906T135738441986Z
a000566,E07-independent-20260932-20260906T135738588578Z,E07,independent,20260932,default,primary,2026-09-06T13:57:38.553578+00:00,2026-09-06T13:57:38.675865+00:00,0.122,VALID,valid,,1b2dd830befbb58e3949b03deca6592ca395cd7b,a1d260b660c93e47a466deb9c00f26c880973356f7da4eda00cb8ec57cab044d,raw/E07-independent-20260932-20260906T135738588578Z
a000567,E07-independent-20260933-20260906T135738722483Z,E07,independent,20260933,default,primary,2026-09-06T13:57:38.687827+00:00,2026-09-06T13:57:38.807611+00:00,0.12,VALID,valid,,1b2dd830befbb58e3949b03deca6592ca395cd7b,a1d260b660c93e47a466deb9c00f26c880973356f7da4eda00cb8ec57cab044d,raw/E07-independent-20260933-20260906T135738722483Z
a000568,E07-independent-20260934-20260906T135738855727Z,E07,independent,20260934,default,primary,2026-09-06T13:57:38.820780+00:00,2026-09-06T13:57:38.945873+00:00,0.125,VALID,valid,,1b2dd830befbb58e3949b03deca6592ca395cd7b,a1d260b660c93e47a466deb9c00f26c880973356f7da4eda00cb8ec57cab044d,raw/E07-independent-20260934-20260906T135738855727Z
a000569,E07-independent-20260935-20260906T135738993384Z,E07,independent,20260935,default,primary,2026-09-06T13:57:38.957892+00:00,2026-09-06T13:57:39.083881+00:00,0.126,VALID,valid,,1b2dd830befbb58e3949b03deca6592ca395cd7b,a1d260b660c93e47a466deb9c00f26c880973356f7da4eda00cb8ec57cab044d,raw/E07-independent-20260935-20260906T135738993384Z
a000570,E07-independent-20260936-20260906T135739133483Z,E07,independent,20260936,default,primary,2026-09-06T13:57:39.097380+00:00,2026-09-06T13:57:39.224969+00:00,0.128,VALID,valid,,1b2dd830befbb58e3949b03deca6592ca395cd7b,a1d260b660c93e47a466deb9c00f26c880973356f7da4eda00cb8ec57cab044d,raw/E07-independent-20260936-20260906T135739133483Z
a000571,E07-static_continuity-20260907-20260906T135739273296Z,E07,static_continuity,20260907,default,primary,2026-09-06T13:57:39.237292+00:00,2026-09-06T13:57:39.363668+00:00,0.126,VALID,valid,,1b2dd830befbb58e3949b03deca6592ca395cd7b,a1d260b660c93e47a466deb9c00f26c880973356f7da4eda00cb8ec57cab044d,raw/E07-static_continuity-20260907-20260906T135739273296Z
a000572,E07-static_continuity-20260908-20260906T135739414149Z,E07,static_continuity,20260908,default,primary,2026-09-06T13:57:39.377962+00:00,2026-09-06T13:57:39.494879+00:00,0.117,VALID,valid,,1b2dd830befbb58e3949b03deca6592ca395cd7b,a1d260b660c93e47a466deb9c00f26c880973356f7da4eda00cb8ec57cab044d,raw/E07-static_continuity-20260908-20260906T135739414149Z
a000573,E07-static_continuity-20260909-20260906T135739543645Z,E07,static_continuity,20260909,default,primary,2026-09-06T13:57:39.508715+00:00,2026-09-06T13:57:39.639339+00:00,0.131,VALID,valid,,1b2dd830befbb58e3949b03deca6592ca395cd7b,a1d260b660c93e47a466deb9c00f26c880973356f7da4eda00cb8ec57cab044d,raw/E07-static_continuity-20260909-20260906T135739543645Z
a000574,E07-static_continuity-20260910-20260906T135739689994Z,E07,static_continuity,20260910,default,primary,2026-09-06T13:57:39.653682+00:00,2026-09-06T13:57:39.766255+00:00,0.113,VALID,valid,,1b2dd830befbb58e3949b03deca6592ca395cd7b,a1d260b660c93e47a466deb9c00f26c880973356f7da4eda00cb8ec57cab044d,raw/E07-static_continuity-20260910-20260906T135739689994Z
a000575,E07-static_continuity-20260911-20260906T135739813377Z,E07,static_continuity,20260911,default,primary,2026-09-06T13:57:39.778485+00:00,2026-09-06T13:57:39.888584+00:00,0.11,VALID,valid,,1b2dd830befbb58e3949b03deca6592ca395cd7b,a1d260b660c93e47a466deb9c00f26c880973356f7da4eda00cb8ec57cab044d,raw/E07-static_continuity-20260911-20260906T135739813377Z
a000576,E07-static_continuity-20260912-20260906T135739936924Z,E07,static_continuity,20260912,default,primary,2026-09-06T13:57:39.901881+00:00,2026-09-06T13:57:40.022497+00:00,0.121,VALID,valid,,1b2dd830befbb58e3949b03deca6592ca395cd7b,a1d260b660c93e47a466deb9c00f26c880973356f7da4eda00cb8ec57cab044d,raw/E07-static_continuity-20260912-20260906T135739936924Z
a000577,E07-static_continuity-20260913-20260906T135740071983Z,E07,static_continuity,20260913,default,primary,2026-09-06T13:57:40.036055+00:00,2026-09-06T13:57:40.152997+00:00,0.117,VALID,valid,,1b2dd830befbb58e3949b03deca6592ca395cd7b,a1d260b660c93e47a466deb9c00f26c880973356f7da4eda00cb8ec57cab044d,raw/E07-static_continuity-20260913-20260906T135740071983Z
a000578,E07-static_continuity-20260914-20260906T135740202697Z,E07,static_continuity,20260914,default,primary,2026-09-06T13:57:40.165817+00:00,2026-09-06T13:57:40.293588+00:00,0.128,VALID,valid,,1b2dd830befbb58e3949b03deca6592ca395cd7b,a1d260b660c93e47a466deb9c00f26c880973356f7da4eda00cb8ec57cab044d,raw/E07-static_continuity-20260914-20260906T135740202697Z
a000579,E07-static_continuity-20260915-20260906T135740345830Z,E07,static_continuity,20260915,default,primary,2026-09-06T13:57:40.307536+00:00,2026-09-06T13:57:40.432774+00:00,0.125,VALID,valid,,1b2dd830befbb58e3949b03deca6592ca395cd7b,a1d260b660c93e47a466deb9c00f26c880973356f7da4eda00cb8ec57cab044d,raw/E07-static_continuity-20260915-20260906T135740345830Z
a000580,E07-static_continuity-20260916-20260906T135740481142Z,E07,static_continuity,20260916,default,primary,2026-09-06T13:57:40.445529+00:00,2026-09-06T13:57:40.585648+00:00,0.14,VALID,valid,,1b2dd830befbb58e3949b03deca6592ca395cd7b,a1d260b660c93e47a466deb9c00f26c880973356f7da4eda00cb8ec57cab044d,raw/E07-static_continuity-20260916-20260906T135740481142Z
a000581,E07-static_continuity-20260917-20260906T135740635788Z,E07,static_continuity,20260917,default,primary,2026-09-06T13:57:40.598797+00:00,2026-09-06T13:57:40.722262+00:00,0.123,VALID,valid,,1b2dd830befbb58e3949b03deca6592ca395cd7b,a1d260b660c93e47a466deb9c00f26c880973356f7da4eda00cb8ec57cab044d,raw/E07-static_continuity-20260917-20260906T135740635788Z
a000582,E07-static_continuity-20260918-20260906T135740771436Z,E07,static_continuity,20260918,default,primary,2026-09-06T13:57:40.736239+00:00,2026-09-06T13:57:40.846068+00:00,0.11,VALID,valid,,1b2dd830befbb58e3949b03deca6592ca395cd7b,a1d260b660c93e47a466deb9c00f26c880973356f7da4eda00cb8ec57cab044d,raw/E07-static_continuity-20260918-20260906T135740771436Z
a000583,E07-static_continuity-20260919-20260906T135740894576Z,E07,static_continuity,20260919,default,primary,2026-09-06T13:57:40.858504+00:00,2026-09-06T13:57:40.991411+00:00,0.133,VALID,valid,,1b2dd830befbb58e3949b03deca6592ca395cd7b,a1d260b660c93e47a466deb9c00f26c880973356f7da4eda00cb8ec57cab044d,raw/E07-static_continuity-20260919-20260906T135740894576Z
a000584,E07-static_continuity-20260920-20260906T135741040635Z,E07,static_continuity,20260920,default,primary,2026-09-06T13:57:41.005434+00:00,2026-09-06T13:57:41.128978+00:00,0.124,VALID,valid,,1b2dd830befbb58e3949b03deca6592ca395cd7b,a1d260b660c93e47a466deb9c00f26c880973356f7da4eda00cb8ec57cab044d,raw/E07-static_continuity-20260920-20260906T135741040635Z
a000585,E07-static_continuity-20260921-20260906T135741177106Z,E07,static_continuity,20260921,default,primary,2026-09-06T13:57:41.142118+00:00,2026-09-06T13:57:41.260790+00:00,0.119,VALID,valid,,1b2dd830befbb58e3949b03deca6592ca395cd7b,a1d260b660c93e47a466deb9c00f26c880973356f7da4eda00cb8ec57cab044d,raw/E07-static_continuity-20260921-20260906T135741177106Z
a000586,E07-static_continuity-20260922-20260906T135741308422Z,E07,static_continuity,20260922,default,primary,2026-09-06T13:57:41.273848+00:00,2026-09-06T13:57:41.390301+00:00,0.116,VALID,valid,,1b2dd830befbb58e3949b03deca6592ca395cd7b,a1d260b660c93e47a466deb9c00f26c880973356f7da4eda00cb8ec57cab044d,raw/E07-static_continuity-20260922-20260906T135741308422Z
a000587,E07-static_continuity-20260923-20260906T135741436580Z,E07,static_continuity,20260923,default,primary,2026-09-06T13:57:41.402496+00:00,2026-09-06T13:57:41.529473+00:00,0.127,VALID,valid,,1b2dd830befbb58e3949b03deca6592ca395cd7b,a1d260b660c93e47a466deb9c00f26c880973356f7da4eda00cb8ec57cab044d,raw/E07-static_continuity-20260923-20260906T135741436580Z
a000588,E07-static_continuity-20260924-20260906T135741577583Z,E07,static_continuity,20260924,default,primary,2026-09-06T13:57:41.542098+00:00,2026-09-06T13:57:41.658450+00:00,0.116,VALID,valid,,1b2dd830befbb58e3949b03deca6592ca395cd7b,a1d260b660c93e47a466deb9c00f26c880973356f7da4eda00cb8ec57cab044d,raw/E07-static_continuity-20260924-20260906T135741577583Z
a000589,E07-static_continuity-20260925-20260906T135741707877Z,E07,static_continuity,20260925,default,primary,2026-09-06T13:57:41.670945+00:00,2026-09-06T13:57:41.794132+00:00,0.123,VALID,valid,,1b2dd830befbb58e3949b03deca6592ca395cd7b,a1d260b660c93e47a466deb9c00f26c880973356f7da4eda00cb8ec57cab044d,raw/E07-static_continuity-20260925-20260906T135741707877Z
a000590,E07-static_continuity-20260926-20260906T135741843093Z,E07,static_continuity,20260926,default,primary,2026-09-06T13:57:41.807345+00:00,2026-09-06T13:57:41.924926+00:00,0.118,VALID,valid,,1b2dd830befbb58e3949b03deca6592ca395cd7b,a1d260b660c93e47a466deb9c00f26c880973356f7da4eda00cb8ec57cab044d,raw/E07-static_continuity-20260926-20260906T135741843093Z
a000591,E07-static_continuity-20260927-20260906T135741973944Z,E07,static_continuity,20260927,default,primary,2026-09-06T13:57:41.938896+00:00,2026-09-06T13:57:42.067238+00:00,0.128,VALID,valid,,1b2dd830befbb58e3949b03deca6592ca395cd7b,a1d260b660c93e47a466deb9c00f26c880973356f7da4eda00cb8ec57cab044d,raw/E07-static_continuity-20260927-20260906T135741973944Z
a000592,E07-static_continuity-20260928-20260906T135742113186Z,E07,static_continuity,20260928,default,primary,2026-09-06T13:57:42.079692+00:00,2026-09-06T13:57:42.199194+00:00,0.119,VALID,valid,,1b2dd830befbb58e3949b03deca6592ca395cd7b,a1d260b660c93e47a466deb9c00f26c880973356f7da4eda00cb8ec57cab044d,raw/E07-static_continuity-20260928-20260906T135742113186Z
a000593,E07-static_continuity-20260929-20260906T135742246843Z,E07,static_continuity,20260929,default,primary,2026-09-06T13:57:42.211354+00:00,2026-09-06T13:57:42.329048+00:00,0.118,VALID,valid,,1b2dd830befbb58e3949b03deca6592ca395cd7b,a1d260b660c93e47a466deb9c00f26c880973356f7da4eda00cb8ec57cab044d,raw/E07-static_continuity-20260929-20260906T135742246843Z
a000594,E07-static_continuity-20260930-20260906T135742376626Z,E07,static_continuity,20260930,default,primary,2026-09-06T13:57:42.342320+00:00,2026-09-06T13:57:42.468358+00:00,0.126,VALID,valid,,1b2dd830befbb58e3949b03deca6592ca395cd7b,a1d260b660c93e47a466deb9c00f26c880973356f7da4eda00cb8ec57cab044d,raw/E07-static_continuity-20260930-20260906T135742376626Z
a000595,E07-static_continuity-20260931-20260906T135742519782Z,E07,static_continuity,20260931,default,primary,2026-09-06T13:57:42.483525+00:00,2026-09-06T13:57:42.609907+00:00,0.126,VALID,valid,,1b2dd830befbb58e3949b03deca6592ca395cd7b,a1d260b660c93e47a466deb9c00f26c880973356f7da4eda00cb8ec57cab044d,raw/E07-static_continuity-20260931-20260906T135742519782Z
a000596,E07-static_continuity-20260932-20260906T135742660031Z,E07,static_continuity,20260932,default,primary,2026-09-06T13:57:42.624030+00:00,2026-09-06T13:57:42.747830+00:00,0.124,VALID,valid,,1b2dd830befbb58e3949b03deca6592ca395cd7b,a1d260b660c93e47a466deb9c00f26c880973356f7da4eda00cb8ec57cab044d,raw/E07-static_continuity-20260932-20260906T135742660031Z
a000597,E07-static_continuity-20260933-20260906T135742795866Z,E07,static_continuity,20260933,default,primary,2026-09-06T13:57:42.760263+00:00,2026-09-06T13:57:42.888023+00:00,0.128,VALID,valid,,1b2dd830befbb58e3949b03deca6592ca395cd7b,a1d260b660c93e47a466deb9c00f26c880973356f7da4eda00cb8ec57cab044d,raw/E07-static_continuity-20260933-20260906T135742795866Z
a000598,E07-static_continuity-20260934-20260906T135742936203Z,E07,static_continuity,20260934,default,primary,2026-09-06T13:57:42.901059+00:00,2026-09-06T13:57:43.029012+00:00,0.128,VALID,valid,,1b2dd830befbb58e3949b03deca6592ca395cd7b,a1d260b660c93e47a466deb9c00f26c880973356f7da4eda00cb8ec57cab044d,raw/E07-static_continuity-20260934-20260906T135742936203Z
a000599,E07-static_continuity-20260935-20260906T135743089184Z,E07,static_continuity,20260935,default,primary,2026-09-06T13:57:43.045950+00:00,2026-09-06T13:57:43.175304+00:00,0.129,VALID,valid,,1b2dd830befbb58e3949b03deca6592ca395cd7b,a1d260b660c93e47a466deb9c00f26c880973356f7da4eda00cb8ec57cab044d,raw/E07-static_continuity-20260935-20260906T135743089184Z
a000600,E07-static_continuity-20260936-20260906T135743225298Z,E07,static_continuity,20260936,default,primary,2026-09-06T13:57:43.189049+00:00,2026-09-06T13:57:43.307457+00:00,0.118,VALID,valid,,1b2dd830befbb58e3949b03deca6592ca395cd7b,a1d260b660c93e47a466deb9c00f26c880973356f7da4eda00cb8ec57cab044d,raw/E07-static_continuity-20260936-20260906T135743225298Z
a000601,E07-ca_ztcf-20260907-20260906T135743361559Z,E07,ca_ztcf,20260907,default,primary,2026-09-06T13:57:43.321597+00:00,2026-09-06T13:57:43.448168+00:00,0.127,VALID,valid,,1b2dd830befbb58e3949b03deca6592ca395cd7b,a1d260b660c93e47a466deb9c00f26c880973356f7da4eda00cb8ec57cab044d,raw/E07-ca_ztcf-20260907-20260906T135743361559Z
a000602,E07-ca_ztcf-20260908-20260906T135743496797Z,E07,ca_ztcf,20260908,default,primary,2026-09-06T13:57:43.460429+00:00,2026-09-06T13:57:43.578804+00:00,0.118,VALID,valid,,1b2dd830befbb58e3949b03deca6592ca395cd7b,a1d260b660c93e47a466deb9c00f26c880973356f7da4eda00cb8ec57cab044d,raw/E07-ca_ztcf-20260908-20260906T135743496797Z
a000603,E07-ca_ztcf-20260909-20260906T135743627860Z,E07,ca_ztcf,20260909,default,primary,2026-09-06T13:57:43.591288+00:00,2026-09-06T13:57:43.732938+00:00,0.142,VALID,valid,,1b2dd830befbb58e3949b03deca6592ca395cd7b,a1d260b660c93e47a466deb9c00f26c880973356f7da4eda00cb8ec57cab044d,raw/E07-ca_ztcf-20260909-20260906T135743627860Z
a000604,E07-ca_ztcf-20260910-20260906T135743782465Z,E07,ca_ztcf,20260910,default,primary,2026-09-06T13:57:43.745673+00:00,2026-09-06T13:57:43.871746+00:00,0.126,VALID,valid,,1b2dd830befbb58e3949b03deca6592ca395cd7b,a1d260b660c93e47a466deb9c00f26c880973356f7da4eda00cb8ec57cab044d,raw/E07-ca_ztcf-20260910-20260906T135743782465Z
a000605,E07-ca_ztcf-20260911-20260906T135743920841Z,E07,ca_ztcf,20260911,default,primary,2026-09-06T13:57:43.885257+00:00,2026-09-06T13:57:44.009616+00:00,0.124,VALID,valid,,1b2dd830befbb58e3949b03deca6592ca395cd7b,a1d260b660c93e47a466deb9c00f26c880973356f7da4eda00cb8ec57cab044d,raw/E07-ca_ztcf-20260911-20260906T135743920841Z
a000606,E07-ca_ztcf-20260912-20260906T135744057573Z,E07,ca_ztcf,20260912,default,primary,2026-09-06T13:57:44.023035+00:00,2026-09-06T13:57:44.145780+00:00,0.123,VALID,valid,,1b2dd830befbb58e3949b03deca6592ca395cd7b,a1d260b660c93e47a466deb9c00f26c880973356f7da4eda00cb8ec57cab044d,raw/E07-ca_ztcf-20260912-20260906T135744057573Z
a000607,E07-ca_ztcf-20260913-20260906T135744193156Z,E07,ca_ztcf,20260913,default,primary,2026-09-06T13:57:44.158218+00:00,2026-09-06T13:57:44.272869+00:00,0.115,VALID,valid,,1b2dd830befbb58e3949b03deca6592ca395cd7b,a1d260b660c93e47a466deb9c00f26c880973356f7da4eda00cb8ec57cab044d,raw/E07-ca_ztcf-20260913-20260906T135744193156Z
a000608,E07-ca_ztcf-20260914-20260906T135744321100Z,E07,ca_ztcf,20260914,default,primary,2026-09-06T13:57:44.285418+00:00,2026-09-06T13:57:44.395723+00:00,0.11,VALID,valid,,1b2dd830befbb58e3949b03deca6592ca395cd7b,a1d260b660c93e47a466deb9c00f26c880973356f7da4eda00cb8ec57cab044d,raw/E07-ca_ztcf-20260914-20260906T135744321100Z
a000609,E07-ca_ztcf-20260915-20260906T135744443197Z,E07,ca_ztcf,20260915,default,primary,2026-09-06T13:57:44.408677+00:00,2026-09-06T13:57:44.526184+00:00,0.117,VALID,valid,,1b2dd830befbb58e3949b03deca6592ca395cd7b,a1d260b660c93e47a466deb9c00f26c880973356f7da4eda00cb8ec57cab044d,raw/E07-ca_ztcf-20260915-20260906T135744443197Z
a000610,E07-ca_ztcf-20260916-20260906T135744575693Z,E07,ca_ztcf,20260916,default,primary,2026-09-06T13:57:44.538110+00:00,2026-09-06T13:57:44.663501+00:00,0.125,VALID,valid,,1b2dd830befbb58e3949b03deca6592ca395cd7b,a1d260b660c93e47a466deb9c00f26c880973356f7da4eda00cb8ec57cab044d,raw/E07-ca_ztcf-20260916-20260906T135744575693Z
a000611,E07-ca_ztcf-20260917-20260906T135744716261Z,E07,ca_ztcf,20260917,default,primary,2026-09-06T13:57:44.677381+00:00,2026-09-06T13:57:44.801409+00:00,0.124,VALID,valid,,1b2dd830befbb58e3949b03deca6592ca395cd7b,a1d260b660c93e47a466deb9c00f26c880973356f7da4eda00cb8ec57cab044d,raw/E07-ca_ztcf-20260917-20260906T135744716261Z
a000612,E07-ca_ztcf-20260918-20260906T135744852270Z,E07,ca_ztcf,20260918,default,primary,2026-09-06T13:57:44.817160+00:00,2026-09-06T13:57:44.931588+00:00,0.114,VALID,valid,,1b2dd830befbb58e3949b03deca6592ca395cd7b,a1d260b660c93e47a466deb9c00f26c880973356f7da4eda00cb8ec57cab044d,raw/E07-ca_ztcf-20260918-20260906T135744852270Z
a000613,E07-ca_ztcf-20260919-20260906T135744976188Z,E07,ca_ztcf,20260919,default,primary,2026-09-06T13:57:44.943187+00:00,2026-09-06T13:57:45.065160+00:00,0.122,VALID,valid,,1b2dd830befbb58e3949b03deca6592ca395cd7b,a1d260b660c93e47a466deb9c00f26c880973356f7da4eda00cb8ec57cab044d,raw/E07-ca_ztcf-20260919-20260906T135744976188Z
a000614,E07-ca_ztcf-20260920-20260906T135745110196Z,E07,ca_ztcf,20260920,default,primary,2026-09-06T13:57:45.076946+00:00,2026-09-06T13:57:45.201377+00:00,0.124,VALID,valid,,1b2dd830befbb58e3949b03deca6592ca395cd7b,a1d260b660c93e47a466deb9c00f26c880973356f7da4eda00cb8ec57cab044d,raw/E07-ca_ztcf-20260920-20260906T135745110196Z
a000615,E07-ca_ztcf-20260921-20260906T135745247337Z,E07,ca_ztcf,20260921,default,primary,2026-09-06T13:57:45.213585+00:00,2026-09-06T13:57:45.334411+00:00,0.121,VALID,valid,,1b2dd830befbb58e3949b03deca6592ca395cd7b,a1d260b660c93e47a466deb9c00f26c880973356f7da4eda00cb8ec57cab044d,raw/E07-ca_ztcf-20260921-20260906T135745247337Z
a000616,E07-ca_ztcf-20260922-20260906T135745379809Z,E07,ca_ztcf,20260922,default,primary,2026-09-06T13:57:45.347030+00:00,2026-09-06T13:57:45.467075+00:00,0.12,VALID,valid,,1b2dd830befbb58e3949b03deca6592ca395cd7b,a1d260b660c93e47a466deb9c00f26c880973356f7da4eda00cb8ec57cab044d,raw/E07-ca_ztcf-20260922-20260906T135745379809Z
a000617,E07-ca_ztcf-20260923-20260906T135745514118Z,E07,ca_ztcf,20260923,default,primary,2026-09-06T13:57:45.480154+00:00,2026-09-06T13:57:45.594296+00:00,0.114,VALID,valid,,1b2dd830befbb58e3949b03deca6592ca395cd7b,a1d260b660c93e47a466deb9c00f26c880973356f7da4eda00cb8ec57cab044d,raw/E07-ca_ztcf-20260923-20260906T135745514118Z
a000618,E07-ca_ztcf-20260924-20260906T135745641457Z,E07,ca_ztcf,20260924,default,primary,2026-09-06T13:57:45.607337+00:00,2026-09-06T13:57:45.717486+00:00,0.11,VALID,valid,,1b2dd830befbb58e3949b03deca6592ca395cd7b,a1d260b660c93e47a466deb9c00f26c880973356f7da4eda00cb8ec57cab044d,raw/E07-ca_ztcf-20260924-20260906T135745641457Z
a000619,E07-ca_ztcf-20260925-20260906T135745767223Z,E07,ca_ztcf,20260925,default,primary,2026-09-06T13:57:45.729824+00:00,2026-09-06T13:57:45.856078+00:00,0.126,VALID,valid,,1b2dd830befbb58e3949b03deca6592ca395cd7b,a1d260b660c93e47a466deb9c00f26c880973356f7da4eda00cb8ec57cab044d,raw/E07-ca_ztcf-20260925-20260906T135745767223Z
a000620,E07-ca_ztcf-20260926-20260906T135745903590Z,E07,ca_ztcf,20260926,default,primary,2026-09-06T13:57:45.868856+00:00,2026-09-06T13:57:46.007032+00:00,0.138,VALID,valid,,1b2dd830befbb58e3949b03deca6592ca395cd7b,a1d260b660c93e47a466deb9c00f26c880973356f7da4eda00cb8ec57cab044d,raw/E07-ca_ztcf-20260926-20260906T135745903590Z
a000621,E07-ca_ztcf-20260927-20260906T135746052141Z,E07,ca_ztcf,20260927,default,primary,2026-09-06T13:57:46.019084+00:00,2026-09-06T13:57:46.129576+00:00,0.11,VALID,valid,,1b2dd830befbb58e3949b03deca6592ca395cd7b,a1d260b660c93e47a466deb9c00f26c880973356f7da4eda00cb8ec57cab044d,raw/E07-ca_ztcf-20260927-20260906T135746052141Z
a000622,E07-ca_ztcf-20260928-20260906T135746175634Z,E07,ca_ztcf,20260928,default,primary,2026-09-06T13:57:46.142146+00:00,2026-09-06T13:57:46.259995+00:00,0.118,VALID,valid,,1b2dd830befbb58e3949b03deca6592ca395cd7b,a1d260b660c93e47a466deb9c00f26c880973356f7da4eda00cb8ec57cab044d,raw/E07-ca_ztcf-20260928-20260906T135746175634Z
a000623,E07-ca_ztcf-20260929-20260906T135746305776Z,E07,ca_ztcf,20260929,default,primary,2026-09-06T13:57:46.272770+00:00,2026-09-06T13:57:46.390715+00:00,0.118,VALID,valid,,1b2dd830befbb58e3949b03deca6592ca395cd7b,a1d260b660c93e47a466deb9c00f26c880973356f7da4eda00cb8ec57cab044d,raw/E07-ca_ztcf-20260929-20260906T135746305776Z
a000624,E07-ca_ztcf-20260930-20260906T135746434619Z,E07,ca_ztcf,20260930,default,primary,2026-09-06T13:57:46.402333+00:00,2026-09-06T13:57:46.522860+00:00,0.121,VALID,valid,,1b2dd830befbb58e3949b03deca6592ca395cd7b,a1d260b660c93e47a466deb9c00f26c880973356f7da4eda00cb8ec57cab044d,raw/E07-ca_ztcf-20260930-20260906T135746434619Z
a000625,E07-ca_ztcf-20260931-20260906T135746569591Z,E07,ca_ztcf,20260931,default,primary,2026-09-06T13:57:46.535724+00:00,2026-09-06T13:57:46.655557+00:00,0.12,VALID,valid,,1b2dd830befbb58e3949b03deca6592ca395cd7b,a1d260b660c93e47a466deb9c00f26c880973356f7da4eda00cb8ec57cab044d,raw/E07-ca_ztcf-20260931-20260906T135746569591Z
a000626,E07-ca_ztcf-20260932-20260906T135746700572Z,E07,ca_ztcf,20260932,default,primary,2026-09-06T13:57:46.667842+00:00,2026-09-06T13:57:46.779948+00:00,0.112,VALID,valid,,1b2dd830befbb58e3949b03deca6592ca395cd7b,a1d260b660c93e47a466deb9c00f26c880973356f7da4eda00cb8ec57cab044d,raw/E07-ca_ztcf-20260932-20260906T135746700572Z
a000627,E07-ca_ztcf-20260933-20260906T135746825825Z,E07,ca_ztcf,20260933,default,primary,2026-09-06T13:57:46.792943+00:00,2026-09-06T13:57:46.907648+00:00,0.115,VALID,valid,,1b2dd830befbb58e3949b03deca6592ca395cd7b,a1d260b660c93e47a466deb9c00f26c880973356f7da4eda00cb8ec57cab044d,raw/E07-ca_ztcf-20260933-20260906T135746825825Z
a000628,E07-ca_ztcf-20260934-20260906T135746952788Z,E07,ca_ztcf,20260934,default,primary,2026-09-06T13:57:46.920339+00:00,2026-09-06T13:57:47.019730+00:00,0.099,VALID,valid,,1b2dd830befbb58e3949b03deca6592ca395cd7b,a1d260b660c93e47a466deb9c00f26c880973356f7da4eda00cb8ec57cab044d,raw/E07-ca_ztcf-20260934-20260906T135746952788Z
a000629,E07-ca_ztcf-20260935-20260906T135747065647Z,E07,ca_ztcf,20260935,default,primary,2026-09-06T13:57:47.032198+00:00,2026-09-06T13:57:47.141615+00:00,0.109,VALID,valid,,1b2dd830befbb58e3949b03deca6592ca395cd7b,a1d260b660c93e47a466deb9c00f26c880973356f7da4eda00cb8ec57cab044d,raw/E07-ca_ztcf-20260935-20260906T135747065647Z
a000630,E07-ca_ztcf-20260936-20260906T135747185747Z,E07,ca_ztcf,20260936,default,primary,2026-09-06T13:57:47.153556+00:00,2026-09-06T13:57:47.280851+00:00,0.127,VALID,valid,,1b2dd830befbb58e3949b03deca6592ca395cd7b,a1d260b660c93e47a466deb9c00f26c880973356f7da4eda00cb8ec57cab044d,raw/E07-ca_ztcf-20260936-20260906T135747185747Z
a000631,E08-independent-20260907-20260906T135747328191Z,E08,independent,20260907,default,primary,2026-09-06T13:57:47.294361+00:00,2026-09-06T13:57:47.395859+00:00,0.101,VALID,valid,,1b2dd830befbb58e3949b03deca6592ca395cd7b,a1d260b660c93e47a466deb9c00f26c880973356f7da4eda00cb8ec57cab044d,raw/E08-independent-20260907-20260906T135747328191Z
a000632,E08-independent-20260908-20260906T135747440497Z,E08,independent,20260908,default,primary,2026-09-06T13:57:47.407995+00:00,2026-09-06T13:57:47.516730+00:00,0.109,VALID,valid,,1b2dd830befbb58e3949b03deca6592ca395cd7b,a1d260b660c93e47a466deb9c00f26c880973356f7da4eda00cb8ec57cab044d,raw/E08-independent-20260908-20260906T135747440497Z
a000633,E08-independent-20260909-20260906T135747560845Z,E08,independent,20260909,default,primary,2026-09-06T13:57:47.528485+00:00,2026-09-06T13:57:47.640657+00:00,0.112,VALID,valid,,1b2dd830befbb58e3949b03deca6592ca395cd7b,a1d260b660c93e47a466deb9c00f26c880973356f7da4eda00cb8ec57cab044d,raw/E08-independent-20260909-20260906T135747560845Z
a000634,E08-independent-20260910-20260906T135747684915Z,E08,independent,20260910,default,primary,2026-09-06T13:57:47.652375+00:00,2026-09-06T13:57:47.762303+00:00,0.11,VALID,valid,,1b2dd830befbb58e3949b03deca6592ca395cd7b,a1d260b660c93e47a466deb9c00f26c880973356f7da4eda00cb8ec57cab044d,raw/E08-independent-20260910-20260906T135747684915Z
a000635,E08-independent-20260911-20260906T135747807307Z,E08,independent,20260911,default,primary,2026-09-06T13:57:47.774173+00:00,2026-09-06T13:57:47.874670+00:00,0.1,VALID,valid,,1b2dd830befbb58e3949b03deca6592ca395cd7b,a1d260b660c93e47a466deb9c00f26c880973356f7da4eda00cb8ec57cab044d,raw/E08-independent-20260911-20260906T135747807307Z
a000636,E08-independent-20260912-20260906T135747919335Z,E08,independent,20260912,default,primary,2026-09-06T13:57:47.886678+00:00,2026-09-06T13:57:48.002490+00:00,0.116,VALID,valid,,1b2dd830befbb58e3949b03deca6592ca395cd7b,a1d260b660c93e47a466deb9c00f26c880973356f7da4eda00cb8ec57cab044d,raw/E08-independent-20260912-20260906T135747919335Z
a000637,E08-independent-20260913-20260906T135748047488Z,E08,independent,20260913,default,primary,2026-09-06T13:57:48.014798+00:00,2026-09-06T13:57:48.129885+00:00,0.115,VALID,valid,,1b2dd830befbb58e3949b03deca6592ca395cd7b,a1d260b660c93e47a466deb9c00f26c880973356f7da4eda00cb8ec57cab044d,raw/E08-independent-20260913-20260906T135748047488Z
a000638,E08-independent-20260914-20260906T135748174869Z,E08,independent,20260914,default,primary,2026-09-06T13:57:48.142272+00:00,2026-09-06T13:57:48.250651+00:00,0.108,VALID,valid,,1b2dd830befbb58e3949b03deca6592ca395cd7b,a1d260b660c93e47a466deb9c00f26c880973356f7da4eda00cb8ec57cab044d,raw/E08-independent-20260914-20260906T135748174869Z
a000639,E08-independent-20260915-20260906T135748294684Z,E08,independent,20260915,default,primary,2026-09-06T13:57:48.262519+00:00,2026-09-06T13:57:48.377462+00:00,0.115,VALID,valid,,1b2dd830befbb58e3949b03deca6592ca395cd7b,a1d260b660c93e47a466deb9c00f26c880973356f7da4eda00cb8ec57cab044d,raw/E08-independent-20260915-20260906T135748294684Z
a000640,E08-independent-20260916-20260906T135748421774Z,E08,independent,20260916,default,primary,2026-09-06T13:57:48.388774+00:00,2026-09-06T13:57:48.359073+00:00,0.116,VALID,valid,,1b2dd830befbb58e3949b03deca6592ca395cd7b,a1d260b660c93e47a466deb9c00f26c880973356f7da4eda00cb8ec57cab044d,raw/E08-independent-20260916-20260906T135748421774Z
a000641,E08-independent-20260917-20260906T135748403512Z,E08,independent,20260917,default,primary,2026-09-06T13:57:48.370886+00:00,2026-09-06T13:57:48.488755+00:00,0.118,VALID,valid,,1b2dd830befbb58e3949b03deca6592ca395cd7b,a1d260b660c93e47a466deb9c00f26c880973356f7da4eda00cb8ec57cab044d,raw/E08-independent-20260917-20260906T135748403512Z
a000642,E08-independent-20260918-20260906T135748534038Z,E08,independent,20260918,default,primary,2026-09-06T13:57:48.501247+00:00,2026-09-06T13:57:48.604865+00:00,0.104,VALID,valid,,1b2dd830befbb58e3949b03deca6592ca395cd7b,a1d260b660c93e47a466deb9c00f26c880973356f7da4eda00cb8ec57cab044d,raw/E08-independent-20260918-20260906T135748534038Z
a000643,E08-independent-20260919-20260906T135748649719Z,E08,independent,20260919,default,primary,2026-09-06T13:57:48.616968+00:00,2026-09-06T13:57:48.728032+00:00,0.111,VALID,valid,,1b2dd830befbb58e3949b03deca6592ca395cd7b,a1d260b660c93e47a466deb9c00f26c880973356f7da4eda00cb8ec57cab044d,raw/E08-independent-20260919-20260906T135748649719Z
a000644,E08-independent-20260920-20260906T135748772073Z,E08,independent,20260920,default,primary,2026-09-06T13:57:48.740009+00:00,2026-09-06T13:57:48.848593+00:00,0.109,VALID,valid,,1b2dd830befbb58e3949b03deca6592ca395cd7b,a1d260b660c93e47a466deb9c00f26c880973356f7da4eda00cb8ec57cab044d,raw/E08-independent-20260920-20260906T135748772073Z
a000645,E08-independent-20260921-20260906T135748892456Z,E08,independent,20260921,default,primary,2026-09-06T13:57:48.860073+00:00,2026-09-06T13:57:48.967580+00:00,0.108,VALID,valid,,1b2dd830befbb58e3949b03deca6592ca395cd7b,a1d260b660c93e47a466deb9c00f26c880973356f7da4eda00cb8ec57cab044d,raw/E08-independent-20260921-20260906T135748892456Z
a000646,E08-independent-20260922-20260906T135749013133Z,E08,independent,20260922,default,primary,2026-09-06T13:57:48.979881+00:00,2026-09-06T13:57:49.080490+00:00,0.101,VALID,valid,,1b2dd830befbb58e3949b03deca6592ca395cd7b,a1d260b660c93e47a466deb9c00f26c880973356f7da4eda00cb8ec57cab044d,raw/E08-independent-20260922-20260906T135749013133Z
a000647,E08-independent-20260923-20260906T135749125715Z,E08,independent,20260923,default,primary,2026-09-06T13:57:49.092419+00:00,2026-09-06T13:57:49.209262+00:00,0.117,VALID,valid,,1b2dd830befbb58e3949b03deca6592ca395cd7b,a1d260b660c93e47a466deb9c00f26c880973356f7da4eda00cb8ec57cab044d,raw/E08-independent-20260923-20260906T135749125715Z
a000648,E08-independent-20260924-20260906T135749256274Z,E08,independent,20260924,default,primary,2026-09-06T13:57:49.221543+00:00,2026-09-06T13:57:49.337899+00:00,0.116,VALID,valid,,1b2dd830befbb58e3949b03deca6592ca395cd7b,a1d260b660c93e47a466deb9c00f26c880973356f7da4eda00cb8ec57cab044d,raw/E08-independent-20260924-20260906T135749256274Z
a000649,E08-independent-20260925-20260906T135749384662Z,E08,independent,20260925,default,primary,2026-09-06T13:57:49.349593+00:00,2026-09-06T13:57:49.468772+00:00,0.119,VALID,valid,,1b2dd830befbb58e3949b03deca6592ca395cd7b,a1d260b660c93e47a466deb9c00f26c880973356f7da4eda00cb8ec57cab044d,raw/E08-independent-20260925-20260906T135749384662Z
a000650,E08-independent-20260926-20260906T135749516671Z,E08,independent,20260926,default,primary,2026-09-06T13:57:49.482313+00:00,2026-09-06T13:57:49.603432+00:00,0.121,VALID,valid,,1b2dd830befbb58e3949b03deca6592ca395cd7b,a1d260b660c93e47a466deb9c00f26c880973356f7da4eda00cb8ec57cab044d,raw/E08-independent-20260926-20260906T135749516671Z
a000651,E08-independent-20260927-20260906T135749650852Z,E08,independent,20260927,default,primary,2026-09-06T13:57:49.616329+00:00,2026-09-06T13:57:49.731042+00:00,0.115,VALID,valid,,1b2dd830befbb58e3949b03deca6592ca395cd7b,a1d260b660c93e47a466deb9c00f26c880973356f7da4eda00cb8ec57cab044d,raw/E08-independent-20260927-20260906T135749650852Z
a000652,E08-independent-20260928-20260906T135749776675Z,E08,independent,20260928,default,primary,2026-09-06T13:57:49.742807+00:00,2026-09-06T13:57:49.856426+00:00,0.114,VALID,valid,,1b2dd830befbb58e3949b03deca6592ca395cd7b,a1d260b660c93e47a466deb9c00f26c880973356f7da4eda00cb8ec57cab044d,raw/E08-independent-20260928-20260906T135749776675Z
a000653,E08-independent-20260929-20260906T135749902513Z,E08,independent,20260929,default,primary,2026-09-06T13:57:49.869272+00:00,2026-09-06T13:57:49.983094+00:00,0.114,VALID,valid,,1b2dd830befbb58e3949b03deca6592ca395cd7b,a1d260b660c93e47a466deb9c00f26c880973356f7da4eda00cb8ec57cab044d,raw/E08-independent-20260929-20260906T135749902513Z
a000654,E08-independent-20260930-20260906T135750028964Z,E08,independent,20260930,default,primary,2026-09-06T13:57:49.995878+00:00,2026-09-06T13:57:50.110507+00:00,0.115,VALID,valid,,1b2dd830befbb58e3949b03deca6592ca395cd7b,a1d260b660c93e47a466deb9c00f26c880973356f7da4eda00cb8ec57cab044d,raw/E08-independent-20260930-20260906T135750028964Z
a000655,E08-independent-20260931-20260906T135750156207Z,E08,independent,20260931,default,primary,2026-09-06T13:57:50.122735+00:00,2026-09-06T13:57:50.244838+00:00,0.122,VALID,valid,,1b2dd830befbb58e3949b03deca6592ca395cd7b,a1d260b660c93e47a466deb9c00f26c880973356f7da4eda00cb8ec57cab044d,raw/E08-independent-20260931-20260906T135750156207Z
a000656,E08-independent-20260932-20260906T135750290871Z,E08,independent,20260932,default,primary,2026-09-06T13:57:50.257460+00:00,2026-09-06T13:57:50.372236+00:00,0.115,VALID,valid,,1b2dd830befbb58e3949b03deca6592ca395cd7b,a1d260b660c93e47a466deb9c00f26c880973356f7da4eda00cb8ec57cab044d,raw/E08-independent-20260932-20260906T135750290871Z
a000657,E08-independent-20260933-20260906T135750419622Z,E08,independent,20260933,default,primary,2026-09-06T13:57:50.385815+00:00,2026-09-06T13:57:50.509737+00:00,0.124,VALID,valid,,1b2dd830befbb58e3949b03deca6592ca395cd7b,a1d260b660c93e47a466deb9c00f26c880973356f7da4eda00cb8ec57cab044d,raw/E08-independent-20260933-20260906T135750419622Z
a000658,E08-independent-20260934-20260906T135750564960Z,E08,independent,20260934,default,primary,2026-09-06T13:57:50.530703+00:00,2026-09-06T13:57:50.654374+00:00,0.124,VALID,valid,,1b2dd830befbb58e3949b03deca6592ca395cd7b,a1d260b660c93e47a466deb9c00f26c880973356f7da4eda00cb8ec57cab044d,raw/E08-independent-20260934-20260906T135750564960Z
a000659,E08-independent-20260935-20260906T135750702030Z,E08,independent,20260935,default,primary,2026-09-06T13:57:50.667537+00:00,2026-09-06T13:57:50.787346+00:00,0.12,VALID,valid,,1b2dd830befbb58e3949b03deca6592ca395cd7b,a1d260b660c93e47a466deb9c00f26c880973356f7da4eda00cb8ec57cab044d,raw/E08-independent-20260935-20260906T135750702030Z
a000660,E08-independent-20260936-20260906T135750832685Z,E08,independent,20260936,default,primary,2026-09-06T13:57:50.799460+00:00,2026-09-06T13:57:50.918576+00:00,0.119,VALID,valid,,1b2dd830befbb58e3949b03deca6592ca395cd7b,a1d260b660c93e47a466deb9c00f26c880973356f7da4eda00cb8ec57cab044d,raw/E08-independent-20260936-20260906T135750832685Z
a000661,E08-static_continuity-20260907-20260906T135750964645Z,E08,static_continuity,20260907,default,primary,2026-09-06T13:57:50.931463+00:00,2026-09-06T13:57:51.047497+00:00,0.116,VALID,valid,,1b2dd830befbb58e3949b03deca6592ca395cd7b,a1d260b660c93e47a466deb9c00f26c880973356f7da4eda00cb8ec57cab044d,raw/E08-static_continuity-20260907-20260906T135750964645Z
a000662,E08-static_continuity-20260908-20260906T135751093546Z,E08,static_continuity,20260908,default,primary,2026-09-06T13:57:51.060319+00:00,2026-09-06T13:57:51.171633+00:00,0.111,VALID,valid,,1b2dd830befbb58e3949b03deca6592ca395cd7b,a1d260b660c93e47a466deb9c00f26c880973356f7da4eda00cb8ec57cab044d,raw/E08-static_continuity-20260908-20260906T135751093546Z
a000663,E08-static_continuity-20260909-20260906T135751217273Z,E08,static_continuity,20260909,default,primary,2026-09-06T13:57:51.184299+00:00,2026-09-06T13:57:51.304954+00:00,0.121,VALID,valid,,1b2dd830befbb58e3949b03deca6592ca395cd7b,a1d260b660c93e47a466deb9c00f26c880973356f7da4eda00cb8ec57cab044d,raw/E08-static_continuity-20260909-20260906T135751217273Z
a000664,E08-static_continuity-20260910-20260906T135751350126Z,E08,static_continuity,20260910,default,primary,2026-09-06T13:57:51.316758+00:00,2026-09-06T13:57:51.435781+00:00,0.119,VALID,valid,,1b2dd830befbb58e3949b03deca6592ca395cd7b,a1d260b660c93e47a466deb9c00f26c880973356f7da4eda00cb8ec57cab044d,raw/E08-static_continuity-20260910-20260906T135751350126Z
a000665,E08-static_continuity-20260911-20260906T135751481074Z,E08,static_continuity,20260911,default,primary,2026-09-06T13:57:51.448264+00:00,2026-09-06T13:57:51.564230+00:00,0.116,VALID,valid,,1b2dd830befbb58e3949b03deca6592ca395cd7b,a1d260b660c93e47a466deb9c00f26c880973356f7da4eda00cb8ec57cab044d,raw/E08-static_continuity-20260911-20260906T135751481074Z
a000666,E08-static_continuity-20260912-20260906T135751608810Z,E08,static_continuity,20260912,default,primary,2026-09-06T13:57:51.576295+00:00,2026-09-06T13:57:51.691576+00:00,0.115,VALID,valid,,1b2dd830befbb58e3949b03deca6592ca395cd7b,a1d260b660c93e47a466deb9c00f26c880973356f7da4eda00cb8ec57cab044d,raw/E08-static_continuity-20260912-20260906T135751608810Z
a000667,E08-static_continuity-20260913-20260906T135751738322Z,E08,static_continuity,20260913,default,primary,2026-09-06T13:57:51.703950+00:00,2026-09-06T13:57:51.824197+00:00,0.12,VALID,valid,,1b2dd830befbb58e3949b03deca6592ca395cd7b,a1d260b660c93e47a466deb9c00f26c880973356f7da4eda00cb8ec57cab044d,raw/E08-static_continuity-20260913-20260906T135751738322Z
a000668,E08-static_continuity-20260914-20260906T135751870427Z,E08,static_continuity,20260914,default,primary,2026-09-06T13:57:51.836752+00:00,2026-09-06T13:57:51.952039+00:00,0.115,VALID,valid,,1b2dd830befbb58e3949b03deca6592ca395cd7b,a1d260b660c93e47a466deb9c00f26c880973356f7da4eda00cb8ec57cab044d,raw/E08-static_continuity-20260914-20260906T135751870427Z
a000669,E08-static_continuity-20260915-20260906T135751996939Z,E08,static_continuity,20260915,default,primary,2026-09-06T13:57:51.964019+00:00,2026-09-06T13:57:52.080832+00:00,0.117,VALID,valid,,1b2dd830befbb58e3949b03deca6592ca395cd7b,a1d260b660c93e47a466deb9c00f26c880973356f7da4eda00cb8ec57cab044d,raw/E08-static_continuity-20260915-20260906T135751996939Z
a000670,E08-static_continuity-20260916-20260906T135752125771Z,E08,static_continuity,20260916,default,primary,2026-09-06T13:57:52.092608+00:00,2026-09-06T13:57:52.210848+00:00,0.118,VALID,valid,,1b2dd830befbb58e3949b03deca6592ca395cd7b,a1d260b660c93e47a466deb9c00f26c880973356f7da4eda00cb8ec57cab044d,raw/E08-static_continuity-20260916-20260906T135752125771Z
a000671,E08-static_continuity-20260917-20260906T135752255929Z,E08,static_continuity,20260917,default,primary,2026-09-06T13:57:52.223004+00:00,2026-09-06T13:57:52.340033+00:00,0.117,VALID,valid,,1b2dd830befbb58e3949b03deca6592ca395cd7b,a1d260b660c93e47a466deb9c00f26c880973356f7da4eda00cb8ec57cab044d,raw/E08-static_continuity-20260917-20260906T135752255929Z
a000672,E08-static_continuity-20260918-20260906T135752384167Z,E08,static_continuity,20260918,default,primary,2026-09-06T13:57:52.351819+00:00,2026-09-06T13:57:52.468528+00:00,0.117,VALID,valid,,1b2dd830befbb58e3949b03deca6592ca395cd7b,a1d260b660c93e47a466deb9c00f26c880973356f7da4eda00cb8ec57cab044d,raw/E08-static_continuity-20260918-20260906T135752384167Z
a000673,E08-static_continuity-20260919-20260906T135752514445Z,E08,static_continuity,20260919,default,primary,2026-09-06T13:57:52.481407+00:00,2026-09-06T13:57:52.597216+00:00,0.116,VALID,valid,,1b2dd830befbb58e3949b03deca6592ca395cd7b,a1d260b660c93e47a466deb9c00f26c880973356f7da4eda00cb8ec57cab044d,raw/E08-static_continuity-20260919-20260906T135752514445Z
a000674,E08-static_continuity-20260920-20260906T135752643886Z,E08,static_continuity,20260920,default,primary,2026-09-06T13:57:52.610246+00:00,2026-09-06T13:57:52.726526+00:00,0.116,VALID,valid,,1b2dd830befbb58e3949b03deca6592ca395cd7b,a1d260b660c93e47a466deb9c00f26c880973356f7da4eda00cb8ec57cab044d,raw/E08-static_continuity-20260920-20260906T135752643886Z
a000675,E08-static_continuity-20260921-20260906T135752771056Z,E08,static_continuity,20260921,default,primary,2026-09-06T13:57:52.738341+00:00,2026-09-06T13:57:52.846315+00:00,0.108,VALID,valid,,1b2dd830befbb58e3949b03deca6592ca395cd7b,a1d260b660c93e47a466deb9c00f26c880973356f7da4eda00cb8ec57cab044d,raw/E08-static_continuity-20260921-20260906T135752771056Z
a000676,E08-static_continuity-20260922-20260906T135752892058Z,E08,static_continuity,20260922,default,primary,2026-09-06T13:57:52.859549+00:00,2026-09-06T13:57:52.969064+00:00,0.11,VALID,valid,,1b2dd830befbb58e3949b03deca6592ca395cd7b,a1d260b660c93e47a466deb9c00f26c880973356f7da4eda00cb8ec57cab044d,raw/E08-static_continuity-20260922-20260906T135752892058Z
a000677,E08-static_continuity-20260923-20260906T135753014152Z,E08,static_continuity,20260923,default,primary,2026-09-06T13:57:52.980928+00:00,2026-09-06T13:57:53.092706+00:00,0.112,VALID,valid,,1b2dd830befbb58e3949b03deca6592ca395cd7b,a1d260b660c93e47a466deb9c00f26c880973356f7da4eda00cb8ec57cab044d,raw/E08-static_continuity-20260923-20260906T135753014152Z
a000678,E08-static_continuity-20260924-20260906T135753137760Z,E08,static_continuity,20260924,default,primary,2026-09-06T13:57:53.105077+00:00,2026-09-06T13:57:53.216787+00:00,0.112,VALID,valid,,1b2dd830befbb58e3949b03deca6592ca395cd7b,a1d260b660c93e47a466deb9c00f26c880973356f7da4eda00cb8ec57cab044d,raw/E08-static_continuity-20260924-20260906T135753137760Z
a000679,E08-static_continuity-20260925-20260906T135753261392Z,E08,static_continuity,20260925,default,primary,2026-09-06T13:57:53.229066+00:00,2026-09-06T13:57:53.335848+00:00,0.107,VALID,valid,,1b2dd830befbb58e3949b03deca6592ca395cd7b,a1d260b660c93e47a466deb9c00f26c880973356f7da4eda00cb8ec57cab044d,raw/E08-static_continuity-20260925-20260906T135753261392Z
a000680,E08-static_continuity-20260926-20260906T135753380058Z,E08,static_continuity,20260926,default,primary,2026-09-06T13:57:53.347605+00:00,2026-09-06T13:57:53.454103+00:00,0.106,VALID,valid,,1b2dd830befbb58e3949b03deca6592ca395cd7b,a1d260b660c93e47a466deb9c00f26c880973356f7da4eda00cb8ec57cab044d,raw/E08-static_continuity-20260926-20260906T135753380058Z
a000681,E08-static_continuity-20260927-20260906T135753498913Z,E08,static_continuity,20260927,default,primary,2026-09-06T13:57:53.466323+00:00,2026-09-06T13:57:53.581391+00:00,0.115,VALID,valid,,1b2dd830befbb58e3949b03deca6592ca395cd7b,a1d260b660c93e47a466deb9c00f26c880973356f7da4eda00cb8ec57cab044d,raw/E08-static_continuity-20260927-20260906T135753498913Z
a000682,E08-static_continuity-20260928-20260906T135753626266Z,E08,static_continuity,20260928,default,primary,2026-09-06T13:57:53.593898+00:00,2026-09-06T13:57:53.745812+00:00,0.152,VALID,valid,,1b2dd830befbb58e3949b03deca6592ca395cd7b,a1d260b660c93e47a466deb9c00f26c880973356f7da4eda00cb8ec57cab044d,raw/E08-static_continuity-20260928-20260906T135753626266Z
a000683,E08-static_continuity-20260929-20260906T135753792682Z,E08,static_continuity,20260929,default,primary,2026-09-06T13:57:53.757949+00:00,2026-09-06T13:57:53.878508+00:00,0.121,VALID,valid,,1b2dd830befbb58e3949b03deca6592ca395cd7b,a1d260b660c93e47a466deb9c00f26c880973356f7da4eda00cb8ec57cab044d,raw/E08-static_continuity-20260929-20260906T135753792682Z
a000684,E08-static_continuity-20260930-20260906T135753924788Z,E08,static_continuity,20260930,default,primary,2026-09-06T13:57:53.891624+00:00,2026-09-06T13:57:54.003535+00:00,0.112,VALID,valid,,1b2dd830befbb58e3949b03deca6592ca395cd7b,a1d260b660c93e47a466deb9c00f26c880973356f7da4eda00cb8ec57cab044d,raw/E08-static_continuity-20260930-20260906T135753924788Z
a000685,E08-static_continuity-20260931-20260906T135754048875Z,E08,static_continuity,20260931,default,primary,2026-09-06T13:57:54.016551+00:00,2026-09-06T13:57:54.130624+00:00,0.114,VALID,valid,,1b2dd830befbb58e3949b03deca6592ca395cd7b,a1d260b660c93e47a466deb9c00f26c880973356f7da4eda00cb8ec57cab044d,raw/E08-static_continuity-20260931-20260906T135754048875Z
a000686,E08-static_continuity-20260932-20260906T135754177036Z,E08,static_continuity,20260932,default,primary,2026-09-06T13:57:54.143759+00:00,2026-09-06T13:57:54.259071+00:00,0.115,VALID,valid,,1b2dd830befbb58e3949b03deca6592ca395cd7b,a1d260b660c93e47a466deb9c00f26c880973356f7da4eda00cb8ec57cab044d,raw/E08-static_continuity-20260932-20260906T135754177036Z
a000687,E08-static_continuity-20260933-20260906T135754303862Z,E08,static_continuity,20260933,default,primary,2026-09-06T13:57:54.271244+00:00,2026-09-06T13:57:54.387268+00:00,0.116,VALID,valid,,1b2dd830befbb58e3949b03deca6592ca395cd7b,a1d260b660c93e47a466deb9c00f26c880973356f7da4eda00cb8ec57cab044d,raw/E08-static_continuity-20260933-20260906T135754303862Z
a000688,E08-static_continuity-20260934-20260906T135754431954Z,E08,static_continuity,20260934,default,primary,2026-09-06T13:57:54.399016+00:00,2026-09-06T13:57:54.518596+00:00,0.12,VALID,valid,,1b2dd830befbb58e3949b03deca6592ca395cd7b,a1d260b660c93e47a466deb9c00f26c880973356f7da4eda00cb8ec57cab044d,raw/E08-static_continuity-20260934-20260906T135754431954Z
a000689,E08-static_continuity-20260935-20260906T135754564741Z,E08,static_continuity,20260935,default,primary,2026-09-06T13:57:54.530459+00:00,2026-09-06T13:57:54.641026+00:00,0.111,VALID,valid,,1b2dd830befbb58e3949b03deca6592ca395cd7b,a1d260b660c93e47a466deb9c00f26c880973356f7da4eda00cb8ec57cab044d,raw/E08-static_continuity-20260935-20260906T135754564741Z
a000690,E08-static_continuity-20260936-20260906T135754685955Z,E08,static_continuity,20260936,default,primary,2026-09-06T13:57:54.653513+00:00,2026-09-06T13:57:54.767381+00:00,0.114,VALID,valid,,1b2dd830befbb58e3949b03deca6592ca395cd7b,a1d260b660c93e47a466deb9c00f26c880973356f7da4eda00cb8ec57cab044d,raw/E08-static_continuity-20260936-20260906T135754685955Z
a000691,E08-ca_ztcf-20260907-20260906T135754812477Z,E08,ca_ztcf,20260907,default,primary,2026-09-06T13:57:54.779260+00:00,2026-09-06T13:57:54.881903+00:00,0.103,VALID,valid,,1b2dd830befbb58e3949b03deca6592ca395cd7b,a1d260b660c93e47a466deb9c00f26c880973356f7da4eda00cb8ec57cab044d,raw/E08-ca_ztcf-20260907-20260906T135754812477Z
a000692,E08-ca_ztcf-20260908-20260906T135754927185Z,E08,ca_ztcf,20260908,default,primary,2026-09-06T13:57:54.894357+00:00,2026-09-06T13:57:55.007230+00:00,0.113,VALID,valid,,1b2dd830befbb58e3949b03deca6592ca395cd7b,a1d260b660c93e47a466deb9c00f26c880973356f7da4eda00cb8ec57cab044d,raw/E08-ca_ztcf-20260908-20260906T135754927185Z
a000693,E08-ca_ztcf-20260909-20260906T135755051649Z,E08,ca_ztcf,20260909,default,primary,2026-09-06T13:57:55.018946+00:00,2026-09-06T13:57:55.136873+00:00,0.118,VALID,valid,,1b2dd830befbb58e3949b03deca6592ca395cd7b,a1d260b660c93e47a466deb9c00f26c880973356f7da4eda00cb8ec57cab044d,raw/E08-ca_ztcf-20260909-20260906T135755051649Z
a000694,E08-ca_ztcf-20260910-20260906T135755181385Z,E08,ca_ztcf,20260910,default,primary,2026-09-06T13:57:55.148676+00:00,2026-09-06T13:57:55.250266+00:00,0.102,VALID,valid,,1b2dd830befbb58e3949b03deca6592ca395cd7b,a1d260b660c93e47a466deb9c00f26c880973356f7da4eda00cb8ec57cab044d,raw/E08-ca_ztcf-20260910-20260906T135755181385Z
a000695,E08-ca_ztcf-20260911-20260906T135755294896Z,E08,ca_ztcf,20260911,default,primary,2026-09-06T13:57:55.262618+00:00,2026-09-06T13:57:55.384261+00:00,0.122,VALID,valid,,1b2dd830befbb58e3949b03deca6592ca395cd7b,a1d260b660c93e47a466deb9c00f26c880973356f7da4eda00cb8ec57cab044d,raw/E08-ca_ztcf-20260911-20260906T135755294896Z
a000696,E08-ca_ztcf-20260912-20260906T135755429840Z,E08,ca_ztcf,20260912,default,primary,2026-09-06T13:57:55.396886+00:00,2026-09-06T13:57:55.512679+00:00,0.116,VALID,valid,,1b2dd830befbb58e3949b03deca6592ca395cd7b,a1d260b660c93e47a466deb9c00f26c880973356f7da4eda00cb8ec57cab044d,raw/E08-ca_ztcf-20260912-20260906T135755429840Z
a000697,E08-ca_ztcf-20260913-20260906T135755558857Z,E08,ca_ztcf,20260913,default,primary,2026-09-06T13:57:55.525778+00:00,2026-09-06T13:57:55.645824+00:00,0.12,VALID,valid,,1b2dd830befbb58e3949b03deca6592ca395cd7b,a1d260b660c93e47a466deb9c00f26c880973356f7da4eda00cb8ec57cab044d,raw/E08-ca_ztcf-20260913-20260906T135755558857Z
a000698,E08-ca_ztcf-20260914-20260906T135755689866Z,E08,ca_ztcf,20260914,default,primary,2026-09-06T13:57:55.657607+00:00,2026-09-06T13:57:55.783206+00:00,0.126,VALID,valid,,1b2dd830befbb58e3949b03deca6592ca395cd7b,a1d260b660c93e47a466deb9c00f26c880973356f7da4eda00cb8ec57cab044d,raw/E08-ca_ztcf-20260914-20260906T135755689866Z
a000699,E08-ca_ztcf-20260915-20260906T135755830716Z,E08,ca_ztcf,20260915,default,primary,2026-09-06T13:57:55.796250+00:00,2026-09-06T13:57:55.911480+00:00,0.115,VALID,valid,,1b2dd830befbb58e3949b03deca6592ca395cd7b,a1d260b660c93e47a466deb9c00f26c880973356f7da4eda00cb8ec57cab044d,raw/E08-ca_ztcf-20260915-20260906T135755830716Z
a000700,E08-ca_ztcf-20260916-20260906T135755958039Z,E08,ca_ztcf,20260916,default,primary,2026-09-06T13:57:55.924527+00:00,2026-09-06T13:57:56.032827+00:00,0.108,VALID,valid,,1b2dd830befbb58e3949b03deca6592ca395cd7b,a1d260b660c93e47a466deb9c00f26c880973356f7da4eda00cb8ec57cab044d,raw/E08-ca_ztcf-20260916-20260906T135755958039Z
a000701,E08-ca_ztcf-20260917-20260906T135756078997Z,E08,ca_ztcf,20260917,default,primary,2026-09-06T13:57:56.045230+00:00,2026-09-06T13:57:56.160034+00:00,0.115,VALID,valid,,1b2dd830befbb58e3949b03deca6592ca395cd7b,a1d260b660c93e47a466deb9c00f26c880973356f7da4eda00cb8ec57cab044d,raw/E08-ca_ztcf-20260917-20260906T135756078997Z
a000702,E08-ca_ztcf-20260918-20260906T135756203739Z,E08,ca_ztcf,20260918,default,primary,2026-09-06T13:57:56.171334+00:00,2026-09-06T13:57:56.283943+00:00,0.113,VALID,valid,,1b2dd830befbb58e3949b03deca6592ca395cd7b,a1d260b660c93e47a466deb9c00f26c880973356f7da4eda00cb8ec57cab044d,raw/E08-ca_ztcf-20260918-20260906T135756203739Z
a000703,E08-ca_ztcf-20260919-20260906T135756328612Z,E08,ca_ztcf,20260919,default,primary,2026-09-06T13:57:56.295716+00:00,2026-09-06T13:57:56.415583+00:00,0.12,VALID,valid,,1b2dd830befbb58e3949b03deca6592ca395cd7b,a1d260b660c93e47a466deb9c00f26c880973356f7da4eda00cb8ec57cab044d,raw/E08-ca_ztcf-20260919-20260906T135756328612Z
a000704,E08-ca_ztcf-20260920-20260906T135756460585Z,E08,ca_ztcf,20260920,default,primary,2026-09-06T13:57:56.428120+00:00,2026-09-06T13:57:56.542957+00:00,0.115,VALID,valid,,1b2dd830befbb58e3949b03deca6592ca395cd7b,a1d260b660c93e47a466deb9c00f26c880973356f7da4eda00cb8ec57cab044d,raw/E08-ca_ztcf-20260920-20260906T135756460585Z
a000705,E08-ca_ztcf-20260921-20260906T135756589351Z,E08,ca_ztcf,20260921,default,primary,2026-09-06T13:57:56.555475+00:00,2026-09-06T13:57:56.663530+00:00,0.108,VALID,valid,,1b2dd830befbb58e3949b03deca6592ca395cd7b,a1d260b660c93e47a466deb9c00f26c880973356f7da4eda00cb8ec57cab044d,raw/E08-ca_ztcf-20260921-20260906T135756589351Z
a000706,E08-ca_ztcf-20260922-20260906T135756707718Z,E08,ca_ztcf,20260922,default,primary,2026-09-06T13:57:56.675434+00:00,2026-09-06T13:57:56.793559+00:00,0.118,VALID,valid,,1b2dd830befbb58e3949b03deca6592ca395cd7b,a1d260b660c93e47a466deb9c00f26c880973356f7da4eda00cb8ec57cab044d,raw/E08-ca_ztcf-20260922-20260906T135756707718Z
a000707,E08-ca_ztcf-20260923-20260906T135756838041Z,E08,ca_ztcf,20260923,default,primary,2026-09-06T13:57:56.805331+00:00,2026-09-06T13:57:56.923331+00:00,0.118,VALID,valid,,1b2dd830befbb58e3949b03deca6592ca395cd7b,a1d260b660c93e47a466deb9c00f26c880973356f7da4eda00cb8ec57cab044d,raw/E08-ca_ztcf-20260923-20260906T135756838041Z
a000708,E08-ca_ztcf-20260924-20260906T135756968127Z,E08,ca_ztcf,20260924,default,primary,2026-09-06T13:57:56.935130+00:00,2026-09-06T13:57:57.048211+00:00,0.113,VALID,valid,,1b2dd830befbb58e3949b03deca6592ca395cd7b,a1d260b660c93e47a466deb9c00f26c880973356f7da4eda00cb8ec57cab044d,raw/E08-ca_ztcf-20260924-20260906T135756968127Z
a000709,E08-ca_ztcf-20260925-20260906T135757095087Z,E08,ca_ztcf,20260925,default,primary,2026-09-06T13:57:57.061096+00:00,2026-09-06T13:57:57.165637+00:00,0.105,VALID,valid,,1b2dd830befbb58e3949b03deca6592ca395cd7b,a1d260b660c93e47a466deb9c00f26c880973356f7da4eda00cb8ec57cab044d,raw/E08-ca_ztcf-20260925-20260906T135757095087Z
a000710,E08-ca_ztcf-20260926-20260906T135757209927Z,E08,ca_ztcf,20260926,default,primary,2026-09-06T13:57:57.177469+00:00,2026-09-06T13:57:57.288898+00:00,0.111,VALID,valid,,1b2dd830befbb58e3949b03deca6592ca395cd7b,a1d260b660c93e47a466deb9c00f26c880973356f7da4eda00cb8ec57cab044d,raw/E08-ca_ztcf-20260926-20260906T135757209927Z
a000711,E08-ca_ztcf-20260927-20260906T135757332694Z,E08,ca_ztcf,20260927,default,primary,2026-09-06T13:57:57.300502+00:00,2026-09-06T13:57:57.419819+00:00,0.119,VALID,valid,,1b2dd830befbb58e3949b03deca6592ca395cd7b,a1d260b660c93e47a466deb9c00f26c880973356f7da4eda00cb8ec57cab044d,raw/E08-ca_ztcf-20260927-20260906T135757332694Z
a000712,E08-ca_ztcf-20260928-20260906T135757463762Z,E08,ca_ztcf,20260928,default,primary,2026-09-06T13:57:57.431488+00:00,2026-09-06T13:57:57.548294+00:00,0.117,VALID,valid,,1b2dd830befbb58e3949b03deca6592ca395cd7b,a1d260b660c93e47a466deb9c00f26c880973356f7da4eda00cb8ec57cab044d,raw/E08-ca_ztcf-20260928-20260906T135757463762Z
a000713,E08-ca_ztcf-20260929-20260906T135757593540Z,E08,ca_ztcf,20260929,default,primary,2026-09-06T13:57:57.560856+00:00,2026-09-06T13:57:57.677866+00:00,0.117,VALID,valid,,1b2dd830befbb58e3949b03deca6592ca395cd7b,a1d260b660c93e47a466deb9c00f26c880973356f7da4eda00cb8ec57cab044d,raw/E08-ca_ztcf-20260929-20260906T135757593540Z
a000714,E08-ca_ztcf-20260930-20260906T135757722703Z,E08,ca_ztcf,20260930,default,primary,2026-09-06T13:57:57.689850+00:00,2026-09-06T13:57:57.806939+00:00,0.117,VALID,valid,,1b2dd830befbb58e3949b03deca6592ca395cd7b,a1d260b660c93e47a466deb9c00f26c880973356f7da4eda00cb8ec57cab044d,raw/E08-ca_ztcf-20260930-20260906T135757722703Z
a000715,E08-ca_ztcf-20260931-20260906T135757852414Z,E08,ca_ztcf,20260931,default,primary,2026-09-06T13:57:57.819788+00:00,2026-09-06T13:57:57.931768+00:00,0.112,VALID,valid,,1b2dd830befbb58e3949b03deca6592ca395cd7b,a1d260b660c93e47a466deb9c00f26c880973356f7da4eda00cb8ec57cab044d,raw/E08-ca_ztcf-20260931-20260906T135757852414Z
a000716,E08-ca_ztcf-20260932-20260906T135757976536Z,E08,ca_ztcf,20260932,default,primary,2026-09-06T13:57:57.943508+00:00,2026-09-06T13:57:58.060072+00:00,0.117,VALID,valid,,1b2dd830befbb58e3949b03deca6592ca395cd7b,a1d260b660c93e47a466deb9c00f26c880973356f7da4eda00cb8ec57cab044d,raw/E08-ca_ztcf-20260932-20260906T135757976536Z
a000717,E08-ca_ztcf-20260933-20260906T135758105624Z,E08,ca_ztcf,20260933,default,primary,2026-09-06T13:57:58.072571+00:00,2026-09-06T13:57:58.187425+00:00,0.115,VALID,valid,,1b2dd830befbb58e3949b03deca6592ca395cd7b,a1d260b660c93e47a466deb9c00f26c880973356f7da4eda00cb8ec57cab044d,raw/E08-ca_ztcf-20260933-20260906T135758105624Z
a000718,E08-ca_ztcf-20260934-20260906T135758232899Z,E08,ca_ztcf,20260934,default,primary,2026-09-06T13:57:58.200295+00:00,2026-09-06T13:57:58.313861+00:00,0.114,VALID,valid,,1b2dd830befbb58e3949b03deca6592ca395cd7b,a1d260b660c93e47a466deb9c00f26c880973356f7da4eda00cb8ec57cab044d,raw/E08-ca_ztcf-20260934-20260906T135758232899Z
a000719,E08-ca_ztcf-20260935-20260906T135758358975Z,E08,ca_ztcf,20260935,default,primary,2026-09-06T13:57:58.326667+00:00,2026-09-06T13:57:58.443161+00:00,0.116,VALID,valid,,1b2dd830befbb58e3949b03deca6592ca395cd7b,a1d260b660c93e47a466deb9c00f26c880973356f7da4eda00cb8ec57cab044d,raw/E08-ca_ztcf-20260935-20260906T135758358975Z
a000720,E08-ca_ztcf-20260936-20260906T135758347586Z,E08,ca_ztcf,20260936,default,primary,2026-09-06T13:57:58.454993+00:00,2026-09-06T13:57:58.423625+00:00,0.109,VALID,valid,,1b2dd830befbb58e3949b03deca6592ca395cd7b,a1d260b660c93e47a466deb9c00f26c880973356f7da4eda00cb8ec57cab044d,raw/E08-ca_ztcf-20260936-20260906T135758347586Z
a000721,E09-independent-20260907-20260906T135758470184Z,E09,independent,20260907,default,primary,2026-09-06T13:57:58.435914+00:00,2026-09-06T13:57:58.556940+00:00,0.121,VALID,valid,,1b2dd830befbb58e3949b03deca6592ca395cd7b,a1d260b660c93e47a466deb9c00f26c880973356f7da4eda00cb8ec57cab044d,raw/E09-independent-20260907-20260906T135758470184Z
a000722,E09-independent-20260908-20260906T135758603557Z,E09,independent,20260908,default,primary,2026-09-06T13:57:58.570144+00:00,2026-09-06T13:57:58.692238+00:00,0.122,VALID,valid,,1b2dd830befbb58e3949b03deca6592ca395cd7b,a1d260b660c93e47a466deb9c00f26c880973356f7da4eda00cb8ec57cab044d,raw/E09-independent-20260908-20260906T135758603557Z
a000723,E09-independent-20260909-20260906T135758739708Z,E09,independent,20260909,default,primary,2026-09-06T13:57:58.704134+00:00,2026-09-06T13:57:58.814114+00:00,0.11,VALID,valid,,1b2dd830befbb58e3949b03deca6592ca395cd7b,a1d260b660c93e47a466deb9c00f26c880973356f7da4eda00cb8ec57cab044d,raw/E09-independent-20260909-20260906T135758739708Z
a000724,E09-independent-20260910-20260906T135758857843Z,E09,independent,20260910,default,primary,2026-09-06T13:57:58.825440+00:00,2026-09-06T13:57:58.936281+00:00,0.111,VALID,valid,,1b2dd830befbb58e3949b03deca6592ca395cd7b,a1d260b660c93e47a466deb9c00f26c880973356f7da4eda00cb8ec57cab044d,raw/E09-independent-20260910-20260906T135758857843Z
a000725,E09-independent-20260911-20260906T135758979920Z,E09,independent,20260911,default,primary,2026-09-06T13:57:58.947771+00:00,2026-09-06T13:57:59.057497+00:00,0.11,VALID,valid,,1b2dd830befbb58e3949b03deca6592ca395cd7b,a1d260b660c93e47a466deb9c00f26c880973356f7da4eda00cb8ec57cab044d,raw/E09-independent-20260911-20260906T135758979920Z
a000726,E09-independent-20260912-20260906T135759102190Z,E09,independent,20260912,default,primary,2026-09-06T13:57:59.069505+00:00,2026-09-06T13:57:59.182628+00:00,0.113,VALID,valid,,1b2dd830befbb58e3949b03deca6592ca395cd7b,a1d260b660c93e47a466deb9c00f26c880973356f7da4eda00cb8ec57cab044d,raw/E09-independent-20260912-20260906T135759102190Z
a000727,E09-independent-20260913-20260906T135759228661Z,E09,independent,20260913,default,primary,2026-09-06T13:57:59.195149+00:00,2026-09-06T13:57:59.315468+00:00,0.12,VALID,valid,,1b2dd830befbb58e3949b03deca6592ca395cd7b,a1d260b660c93e47a466deb9c00f26c880973356f7da4eda00cb8ec57cab044d,raw/E09-independent-20260913-20260906T135759228661Z
a000728,E09-independent-20260914-20260906T135759360887Z,E09,independent,20260914,default,primary,2026-09-06T13:57:59.327957+00:00,2026-09-06T13:57:59.431474+00:00,0.104,VALID,valid,,1b2dd830befbb58e3949b03deca6592ca395cd7b,a1d260b660c93e47a466deb9c00f26c880973356f7da4eda00cb8ec57cab044d,raw/E09-independent-20260914-20260906T135759360887Z
a000729,E09-independent-20260915-20260906T135759476263Z,E09,independent,20260915,default,primary,2026-09-06T13:57:59.443076+00:00,2026-09-06T13:57:59.567129+00:00,0.124,VALID,valid,,1b2dd830befbb58e3949b03deca6592ca395cd7b,a1d260b660c93e47a466deb9c00f26c880973356f7da4eda00cb8ec57cab044d,raw/E09-independent-20260915-20260906T135759476263Z
a000730,E09-independent-20260916-20260906T135759615151Z,E09,independent,20260916,default,primary,2026-09-06T13:57:59.579946+00:00,2026-09-06T13:57:59.692816+00:00,0.113,VALID,valid,,1b2dd830befbb58e3949b03deca6592ca395cd7b,a1d260b660c93e47a466deb9c00f26c880973356f7da4eda00cb8ec57cab044d,raw/E09-independent-20260916-20260906T135759615151Z
a000731,E09-independent-20260917-20260906T135759745686Z,E09,independent,20260917,default,primary,2026-09-06T13:57:59.705523+00:00,2026-09-06T13:57:59.841236+00:00,0.136,VALID,valid,,1b2dd830befbb58e3949b03deca6592ca395cd7b,a1d260b660c93e47a466deb9c00f26c880973356f7da4eda00cb8ec57cab044d,raw/E09-independent-20260917-20260906T135759745686Z
a000732,E09-independent-20260918-20260906T135759887347Z,E09,independent,20260918,default,primary,2026-09-06T13:57:59.853291+00:00,2026-09-06T13:57:59.974289+00:00,0.121,VALID,valid,,1b2dd830befbb58e3949b03deca6592ca395cd7b,a1d260b660c93e47a466deb9c00f26c880973356f7da4eda00cb8ec57cab044d,raw/E09-independent-20260918-20260906T135759887347Z
a000733,E09-independent-20260919-20260906T135800020781Z,E09,independent,20260919,default,primary,2026-09-06T13:57:59.987318+00:00,2026-09-06T13:58:00.110425+00:00,0.123,VALID,valid,,1b2dd830befbb58e3949b03deca6592ca395cd7b,a1d260b660c93e47a466deb9c00f26c880973356f7da4eda00cb8ec57cab044d,raw/E09-independent-20260919-20260906T135800020781Z
a000734,E09-independent-20260920-20260906T135800156698Z,E09,independent,20260920,default,primary,2026-09-06T13:58:00.123437+00:00,2026-09-06T13:58:00.241767+00:00,0.118,VALID,valid,,1b2dd830befbb58e3949b03deca6592ca395cd7b,a1d260b660c93e47a466deb9c00f26c880973356f7da4eda00cb8ec57cab044d,raw/E09-independent-20260920-20260906T135800156698Z
a000735,E09-independent-20260921-20260906T135800290821Z,E09,independent,20260921,default,primary,2026-09-06T13:58:00.255320+00:00,2026-09-06T13:58:00.373134+00:00,0.118,VALID,valid,,1b2dd830befbb58e3949b03deca6592ca395cd7b,a1d260b660c93e47a466deb9c00f26c880973356f7da4eda00cb8ec57cab044d,raw/E09-independent-20260921-20260906T135800290821Z
a000736,E09-independent-20260922-20260906T135800420851Z,E09,independent,20260922,default,primary,2026-09-06T13:58:00.385712+00:00,2026-09-06T13:58:00.498367+00:00,0.113,VALID,valid,,1b2dd830befbb58e3949b03deca6592ca395cd7b,a1d260b660c93e47a466deb9c00f26c880973356f7da4eda00cb8ec57cab044d,raw/E09-independent-20260922-20260906T135800420851Z
a000737,E09-independent-20260923-20260906T135800554612Z,E09,independent,20260923,default,primary,2026-09-06T13:58:00.511168+00:00,2026-09-06T13:58:00.632784+00:00,0.122,VALID,valid,,1b2dd830befbb58e3949b03deca6592ca395cd7b,a1d260b660c93e47a466deb9c00f26c880973356f7da4eda00cb8ec57cab044d,raw/E09-independent-20260923-20260906T135800554612Z
a000738,E09-independent-20260924-20260906T135800680109Z,E09,independent,20260924,default,primary,2026-09-06T13:58:00.645553+00:00,2026-09-06T13:58:00.763453+00:00,0.118,VALID,valid,,1b2dd830befbb58e3949b03deca6592ca395cd7b,a1d260b660c93e47a466deb9c00f26c880973356f7da4eda00cb8ec57cab044d,raw/E09-independent-20260924-20260906T135800680109Z
a000739,E09-independent-20260925-20260906T135800807802Z,E09,independent,20260925,default,primary,2026-09-06T13:58:00.775479+00:00,2026-09-06T13:58:00.878836+00:00,0.103,VALID,valid,,1b2dd830befbb58e3949b03deca6592ca395cd7b,a1d260b660c93e47a466deb9c00f26c880973356f7da4eda00cb8ec57cab044d,raw/E09-independent-20260925-20260906T135800807802Z
a000740,E09-independent-20260926-20260906T135800923295Z,E09,independent,20260926,default,primary,2026-09-06T13:58:00.890555+00:00,2026-09-06T13:58:00.991120+00:00,0.101,VALID,valid,,1b2dd830befbb58e3949b03deca6592ca395cd7b,a1d260b660c93e47a466deb9c00f26c880973356f7da4eda00cb8ec57cab044d,raw/E09-independent-20260926-20260906T135800923295Z
a000741,E09-independent-20260927-20260906T135801035305Z,E09,independent,20260927,default,primary,2026-09-06T13:58:01.002659+00:00,2026-09-06T13:58:01.117625+00:00,0.115,VALID,valid,,1b2dd830befbb58e3949b03deca6592ca395cd7b,a1d260b660c93e47a466deb9c00f26c880973356f7da4eda00cb8ec57cab044d,raw/E09-independent-20260927-20260906T135801035305Z
a000742,E09-independent-20260928-20260906T135801161960Z,E09,independent,20260928,default,primary,2026-09-06T13:58:01.129376+00:00,2026-09-06T13:58:01.245473+00:00,0.116,VALID,valid,,1b2dd830befbb58e3949b03deca6592ca395cd7b,a1d260b660c93e47a466deb9c00f26c880973356f7da4eda00cb8ec57cab044d,raw/E09-independent-20260928-20260906T135801161960Z
a000743,E09-independent-20260929-20260906T135801290575Z,E09,independent,20260929,default,primary,2026-09-06T13:58:01.257700+00:00,2026-09-06T13:58:01.358289+00:00,0.101,VALID,valid,,1b2dd830befbb58e3949b03deca6592ca395cd7b,a1d260b660c93e47a466deb9c00f26c880973356f7da4eda00cb8ec57cab044d,raw/E09-independent-20260929-20260906T135801290575Z
a000744,E09-independent-20260930-20260906T135801402412Z,E09,independent,20260930,default,primary,2026-09-06T13:58:01.370052+00:00,2026-09-06T13:58:01.486783+00:00,0.117,VALID,valid,,1b2dd830befbb58e3949b03deca6592ca395cd7b,a1d260b660c93e47a466deb9c00f26c880973356f7da4eda00cb8ec57cab044d,raw/E09-independent-20260930-20260906T135801402412Z
a000745,E09-independent-20260931-20260906T135801531560Z,E09,independent,20260931,default,primary,2026-09-06T13:58:01.498802+00:00,2026-09-06T13:58:01.602356+00:00,0.104,VALID,valid,,1b2dd830befbb58e3949b03deca6592ca395cd7b,a1d260b660c93e47a466deb9c00f26c880973356f7da4eda00cb8ec57cab044d,raw/E09-independent-20260931-20260906T135801531560Z
a000746,E09-independent-20260932-20260906T135801647054Z,E09,independent,20260932,default,primary,2026-09-06T13:58:01.614105+00:00,2026-09-06T13:58:01.732789+00:00,0.119,VALID,valid,,1b2dd830befbb58e3949b03deca6592ca395cd7b,a1d260b660c93e47a466deb9c00f26c880973356f7da4eda00cb8ec57cab044d,raw/E09-independent-20260932-20260906T135801647054Z
a000747,E09-independent-20260933-20260906T135801778605Z,E09,independent,20260933,default,primary,2026-09-06T13:58:01.745119+00:00,2026-09-06T13:58:01.855318+00:00,0.11,VALID,valid,,1b2dd830befbb58e3949b03deca6592ca395cd7b,a1d260b660c93e47a466deb9c00f26c880973356f7da4eda00cb8ec57cab044d,raw/E09-independent-20260933-20260906T135801778605Z
a000748,E09-independent-20260934-20260906T135801901066Z,E09,independent,20260934,default,primary,2026-09-06T13:58:01.868113+00:00,2026-09-06T13:58:01.985138+00:00,0.117,VALID,valid,,1b2dd830befbb58e3949b03deca6592ca395cd7b,a1d260b660c93e47a466deb9c00f26c880973356f7da4eda00cb8ec57cab044d,raw/E09-independent-20260934-20260906T135801901066Z
a000749,E09-independent-20260935-20260906T135802029733Z,E09,independent,20260935,default,primary,2026-09-06T13:58:01.997035+00:00,2026-09-06T13:58:02.113654+00:00,0.117,VALID,valid,,1b2dd830befbb58e3949b03deca6592ca395cd7b,a1d260b660c93e47a466deb9c00f26c880973356f7da4eda00cb8ec57cab044d,raw/E09-independent-20260935-20260906T135802029733Z
a000750,E09-independent-20260936-20260906T135802158848Z,E09,independent,20260936,default,primary,2026-09-06T13:58:02.126458+00:00,2026-09-06T13:58:02.243907+00:00,0.117,VALID,valid,,1b2dd830befbb58e3949b03deca6592ca395cd7b,a1d260b660c93e47a466deb9c00f26c880973356f7da4eda00cb8ec57cab044d,raw/E09-independent-20260936-20260906T135802158848Z
a000751,E09-static_continuity-20260907-20260906T135802288258Z,E09,static_continuity,20260907,default,primary,2026-09-06T13:58:02.255679+00:00,2026-09-06T13:58:02.372210+00:00,0.117,VALID,valid,,1b2dd830befbb58e3949b03deca6592ca395cd7b,a1d260b660c93e47a466deb9c00f26c880973356f7da4eda00cb8ec57cab044d,raw/E09-static_continuity-20260907-20260906T135802288258Z
a000752,E09-static_continuity-20260908-20260906T135802417669Z,E09,static_continuity,20260908,default,primary,2026-09-06T13:58:02.384599+00:00,2026-09-06T13:58:02.497626+00:00,0.113,VALID,valid,,1b2dd830befbb58e3949b03deca6592ca395cd7b,a1d260b660c93e47a466deb9c00f26c880973356f7da4eda00cb8ec57cab044d,raw/E09-static_continuity-20260908-20260906T135802417669Z
a000753,E09-static_continuity-20260909-20260906T135802542491Z,E09,static_continuity,20260909,default,primary,2026-09-06T13:58:02.509663+00:00,2026-09-06T13:58:02.621560+00:00,0.112,VALID,valid,,1b2dd830befbb58e3949b03deca6592ca395cd7b,a1d260b660c93e47a466deb9c00f26c880973356f7da4eda00cb8ec57cab044d,raw/E09-static_continuity-20260909-20260906T135802542491Z
a000754,E09-static_continuity-20260910-20260906T135802666358Z,E09,static_continuity,20260910,default,primary,2026-09-06T13:58:02.633658+00:00,2026-09-06T13:58:02.749014+00:00,0.115,VALID,valid,,1b2dd830befbb58e3949b03deca6592ca395cd7b,a1d260b660c93e47a466deb9c00f26c880973356f7da4eda00cb8ec57cab044d,raw/E09-static_continuity-20260910-20260906T135802666358Z
a000755,E09-static_continuity-20260911-20260906T135802793934Z,E09,static_continuity,20260911,default,primary,2026-09-06T13:58:02.760998+00:00,2026-09-06T13:58:02.864906+00:00,0.104,VALID,valid,,1b2dd830befbb58e3949b03deca6592ca395cd7b,a1d260b660c93e47a466deb9c00f26c880973356f7da4eda00cb8ec57cab044d,raw/E09-static_continuity-20260911-20260906T135802793934Z
a000756,E09-static_continuity-20260912-20260906T135802909478Z,E09,static_continuity,20260912,default,primary,2026-09-06T13:58:02.876564+00:00,2026-09-06T13:58:02.994984+00:00,0.118,VALID,valid,,1b2dd830befbb58e3949b03deca6592ca395cd7b,a1d260b660c93e47a466deb9c00f26c880973356f7da4eda00cb8ec57cab044d,raw/E09-static_continuity-20260912-20260906T135802909478Z
a000757,E09-static_continuity-20260913-20260906T135803039851Z,E09,static_continuity,20260913,default,primary,2026-09-06T13:58:03.007659+00:00,2026-09-06T13:58:03.127822+00:00,0.12,VALID,valid,,1b2dd830befbb58e3949b03deca6592ca395cd7b,a1d260b660c93e47a466deb9c00f26c880973356f7da4eda00cb8ec57cab044d,raw/E09-static_continuity-20260913-20260906T135803039851Z
a000758,E09-static_continuity-20260914-20260906T135803171968Z,E09,static_continuity,20260914,default,primary,2026-09-06T13:58:03.139678+00:00,2026-09-06T13:58:03.237946+00:00,0.098,VALID,valid,,1b2dd830befbb58e3949b03deca6592ca395cd7b,a1d260b660c93e47a466deb9c00f26c880973356f7da4eda00cb8ec57cab044d,raw/E09-static_continuity-20260914-20260906T135803171968Z
a000759,E09-static_continuity-20260915-20260906T135803282288Z,E09,static_continuity,20260915,default,primary,2026-09-06T13:58:03.249750+00:00,2026-09-06T13:58:03.360798+00:00,0.111,VALID,valid,,1b2dd830befbb58e3949b03deca6592ca395cd7b,a1d260b660c93e47a466deb9c00f26c880973356f7da4eda00cb8ec57cab044d,raw/E09-static_continuity-20260915-20260906T135803282288Z
a000760,E09-static_continuity-20260916-20260906T135803406492Z,E09,static_continuity,20260916,default,primary,2026-09-06T13:58:03.373331+00:00,2026-09-06T13:58:03.495549+00:00,0.122,VALID,valid,,1b2dd830befbb58e3949b03deca6592ca395cd7b,a1d260b660c93e47a466deb9c00f26c880973356f7da4eda00cb8ec57cab044d,raw/E09-static_continuity-20260916-20260906T135803406492Z
a000761,E09-static_continuity-20260917-20260906T135803539881Z,E09,static_continuity,20260917,default,primary,2026-09-06T13:58:03.507547+00:00,2026-09-06T13:58:03.622230+00:00,0.115,VALID,valid,,1b2dd830befbb58e3949b03deca6592ca395cd7b,a1d260b660c93e47a466deb9c00f26c880973356f7da4eda00cb8ec57cab044d,raw/E09-static_continuity-20260917-20260906T135803539881Z
a000762,E09-static_continuity-20260918-20260906T135803667620Z,E09,static_continuity,20260918,default,primary,2026-09-06T13:58:03.634654+00:00,2026-09-06T13:58:03.760883+00:00,0.126,VALID,valid,,1b2dd830befbb58e3949b03deca6592ca395cd7b,a1d260b660c93e47a466deb9c00f26c880973356f7da4eda00cb8ec57cab044d,raw/E09-static_continuity-20260918-20260906T135803667620Z
a000763,E09-static_continuity-20260919-20260906T135803806568Z,E09,static_continuity,20260919,default,primary,2026-09-06T13:58:03.773068+00:00,2026-09-06T13:58:03.892693+00:00,0.12,VALID,valid,,1b2dd830befbb58e3949b03deca6592ca395cd7b,a1d260b660c93e47a466deb9c00f26c880973356f7da4eda00cb8ec57cab044d,raw/E09-static_continuity-20260919-20260906T135803806568Z
a000764,E09-static_continuity-20260920-20260906T135803937969Z,E09,static_continuity,20260920,default,primary,2026-09-06T13:58:03.904900+00:00,2026-09-06T13:58:04.018739+00:00,0.114,VALID,valid,,1b2dd830befbb58e3949b03deca6592ca395cd7b,a1d260b660c93e47a466deb9c00f26c880973356f7da4eda00cb8ec57cab044d,raw/E09-static_continuity-20260920-20260906T135803937969Z
a000765,E09-static_continuity-20260921-20260906T135804063095Z,E09,static_continuity,20260921,default,primary,2026-09-06T13:58:04.030802+00:00,2026-09-06T13:58:04.138814+00:00,0.108,VALID,valid,,1b2dd830befbb58e3949b03deca6592ca395cd7b,a1d260b660c93e47a466deb9c00f26c880973356f7da4eda00cb8ec57cab044d,raw/E09-static_continuity-20260921-20260906T135804063095Z
a000766,E09-static_continuity-20260922-20260906T135804182916Z,E09,static_continuity,20260922,default,primary,2026-09-06T13:58:04.150468+00:00,2026-09-06T13:58:04.261125+00:00,0.111,VALID,valid,,1b2dd830befbb58e3949b03deca6592ca395cd7b,a1d260b660c93e47a466deb9c00f26c880973356f7da4eda00cb8ec57cab044d,raw/E09-static_continuity-20260922-20260906T135804182916Z
a000767,E09-static_continuity-20260923-20260906T135804305878Z,E09,static_continuity,20260923,default,primary,2026-09-06T13:58:04.272839+00:00,2026-09-06T13:58:04.388906+00:00,0.116,VALID,valid,,1b2dd830befbb58e3949b03deca6592ca395cd7b,a1d260b660c93e47a466deb9c00f26c880973356f7da4eda00cb8ec57cab044d,raw/E09-static_continuity-20260923-20260906T135804305878Z
a000768,E09-static_continuity-20260924-20260906T135804433740Z,E09,static_continuity,20260924,default,primary,2026-09-06T13:58:04.401199+00:00,2026-09-06T13:58:04.521375+00:00,0.12,VALID,valid,,1b2dd830befbb58e3949b03deca6592ca395cd7b,a1d260b660c93e47a466deb9c00f26c880973356f7da4eda00cb8ec57cab044d,raw/E09-static_continuity-20260924-20260906T135804433740Z
a000769,E09-static_continuity-20260925-20260906T135804568120Z,E09,static_continuity,20260925,default,primary,2026-09-06T13:58:04.533449+00:00,2026-09-06T13:58:04.652267+00:00,0.119,VALID,valid,,1b2dd830befbb58e3949b03deca6592ca395cd7b,a1d260b660c93e47a466deb9c00f26c880973356f7da4eda00cb8ec57cab044d,raw/E09-static_continuity-20260925-20260906T135804568120Z
a000770,E09-static_continuity-20260926-20260906T135804696910Z,E09,static_continuity,20260926,default,primary,2026-09-06T13:58:04.664058+00:00,2026-09-06T13:58:04.781666+00:00,0.118,VALID,valid,,1b2dd830befbb58e3949b03deca6592ca395cd7b,a1d260b660c93e47a466deb9c00f26c880973356f7da4eda00cb8ec57cab044d,raw/E09-static_continuity-20260926-20260906T135804696910Z
a000771,E09-static_continuity-20260927-20260906T135804830534Z,E09,static_continuity,20260927,default,primary,2026-09-06T13:58:04.794569+00:00,2026-09-06T13:58:04.909677+00:00,0.115,VALID,valid,,1b2dd830befbb58e3949b03deca6592ca395cd7b,a1d260b660c93e47a466deb9c00f26c880973356f7da4eda00cb8ec57cab044d,raw/E09-static_continuity-20260927-20260906T135804830534Z
a000772,E09-static_continuity-20260928-20260906T135804954050Z,E09,static_continuity,20260928,default,primary,2026-09-06T13:58:04.921662+00:00,2026-09-06T13:58:05.034129+00:00,0.112,VALID,valid,,1b2dd830befbb58e3949b03deca6592ca395cd7b,a1d260b660c93e47a466deb9c00f26c880973356f7da4eda00cb8ec57cab044d,raw/E09-static_continuity-20260928-20260906T135804954050Z
a000773,E09-static_continuity-20260929-20260906T135805079191Z,E09,static_continuity,20260929,default,primary,2026-09-06T13:58:05.046558+00:00,2026-09-06T13:58:05.165462+00:00,0.119,VALID,valid,,1b2dd830befbb58e3949b03deca6592ca395cd7b,a1d260b660c93e47a466deb9c00f26c880973356f7da4eda00cb8ec57cab044d,raw/E09-static_continuity-20260929-20260906T135805079191Z
a000774,E09-static_continuity-20260930-20260906T135805210191Z,E09,static_continuity,20260930,default,primary,2026-09-06T13:58:05.177986+00:00,2026-09-06T13:58:05.296077+00:00,0.118,VALID,valid,,1b2dd830befbb58e3949b03deca6592ca395cd7b,a1d260b660c93e47a466deb9c00f26c880973356f7da4eda00cb8ec57cab044d,raw/E09-static_continuity-20260930-20260906T135805210191Z
a000775,E09-static_continuity-20260931-20260906T135805341882Z,E09,static_continuity,20260931,default,primary,2026-09-06T13:58:05.308005+00:00,2026-09-06T13:58:05.414816+00:00,0.107,VALID,valid,,1b2dd830befbb58e3949b03deca6592ca395cd7b,a1d260b660c93e47a466deb9c00f26c880973356f7da4eda00cb8ec57cab044d,raw/E09-static_continuity-20260931-20260906T135805341882Z
a000776,E09-static_continuity-20260932-20260906T135805459213Z,E09,static_continuity,20260932,default,primary,2026-09-06T13:58:05.426815+00:00,2026-09-06T13:58:05.550595+00:00,0.124,VALID,valid,,1b2dd830befbb58e3949b03deca6592ca395cd7b,a1d260b660c93e47a466deb9c00f26c880973356f7da4eda00cb8ec57cab044d,raw/E09-static_continuity-20260932-20260906T135805459213Z
a000777,E09-static_continuity-20260933-20260906T135805597199Z,E09,static_continuity,20260933,default,primary,2026-09-06T13:58:05.563650+00:00,2026-09-06T13:58:05.682622+00:00,0.119,VALID,valid,,1b2dd830befbb58e3949b03deca6592ca395cd7b,a1d260b660c93e47a466deb9c00f26c880973356f7da4eda00cb8ec57cab044d,raw/E09-static_continuity-20260933-20260906T135805597199Z
a000778,E09-static_continuity-20260934-20260906T135805732833Z,E09,static_continuity,20260934,default,primary,2026-09-06T13:58:05.695833+00:00,2026-09-06T13:58:05.821369+00:00,0.126,VALID,valid,,1b2dd830befbb58e3949b03deca6592ca395cd7b,a1d260b660c93e47a466deb9c00f26c880973356f7da4eda00cb8ec57cab044d,raw/E09-static_continuity-20260934-20260906T135805732833Z
a000779,E09-static_continuity-20260935-20260906T135805868861Z,E09,static_continuity,20260935,default,primary,2026-09-06T13:58:05.834474+00:00,2026-09-06T13:58:05.948893+00:00,0.114,VALID,valid,,1b2dd830befbb58e3949b03deca6592ca395cd7b,a1d260b660c93e47a466deb9c00f26c880973356f7da4eda00cb8ec57cab044d,raw/E09-static_continuity-20260935-20260906T135805868861Z
a000780,E09-static_continuity-20260936-20260906T135805995050Z,E09,static_continuity,20260936,default,primary,2026-09-06T13:58:05.961375+00:00,2026-09-06T13:58:06.086640+00:00,0.125,VALID,valid,,1b2dd830befbb58e3949b03deca6592ca395cd7b,a1d260b660c93e47a466deb9c00f26c880973356f7da4eda00cb8ec57cab044d,raw/E09-static_continuity-20260936-20260906T135805995050Z
a000781,E09-ca_ztcf-20260907-20260906T135806133069Z,E09,ca_ztcf,20260907,default,primary,2026-09-06T13:58:06.099320+00:00,2026-09-06T13:58:06.217768+00:00,0.118,VALID,valid,,1b2dd830befbb58e3949b03deca6592ca395cd7b,a1d260b660c93e47a466deb9c00f26c880973356f7da4eda00cb8ec57cab044d,raw/E09-ca_ztcf-20260907-20260906T135806133069Z
a000782,E09-ca_ztcf-20260908-20260906T135806263169Z,E09,ca_ztcf,20260908,default,primary,2026-09-06T13:58:06.230215+00:00,2026-09-06T13:58:06.344593+00:00,0.114,VALID,valid,,1b2dd830befbb58e3949b03deca6592ca395cd7b,a1d260b660c93e47a466deb9c00f26c880973356f7da4eda00cb8ec57cab044d,raw/E09-ca_ztcf-20260908-20260906T135806263169Z
a000783,E09-ca_ztcf-20260909-20260906T135806389502Z,E09,ca_ztcf,20260909,default,primary,2026-09-06T13:58:06.357182+00:00,2026-09-06T13:58:06.472508+00:00,0.115,VALID,valid,,1b2dd830befbb58e3949b03deca6592ca395cd7b,a1d260b660c93e47a466deb9c00f26c880973356f7da4eda00cb8ec57cab044d,raw/E09-ca_ztcf-20260909-20260906T135806389502Z
a000784,E09-ca_ztcf-20260910-20260906T135806517548Z,E09,ca_ztcf,20260910,default,primary,2026-09-06T13:58:06.484549+00:00,2026-09-06T13:58:06.607823+00:00,0.123,VALID,valid,,1b2dd830befbb58e3949b03deca6592ca395cd7b,a1d260b660c93e47a466deb9c00f26c880973356f7da4eda00cb8ec57cab044d,raw/E09-ca_ztcf-20260910-20260906T135806517548Z
a000785,E09-ca_ztcf-20260911-20260906T135806652071Z,E09,ca_ztcf,20260911,default,primary,2026-09-06T13:58:06.619766+00:00,2026-09-06T13:58:06.735644+00:00,0.116,VALID,valid,,1b2dd830befbb58e3949b03deca6592ca395cd7b,a1d260b660c93e47a466deb9c00f26c880973356f7da4eda00cb8ec57cab044d,raw/E09-ca_ztcf-20260911-20260906T135806652071Z
a000786,E09-ca_ztcf-20260912-20260906T135806783700Z,E09,ca_ztcf,20260912,default,primary,2026-09-06T13:58:06.748327+00:00,2026-09-06T13:58:06.868678+00:00,0.12,VALID,valid,,1b2dd830befbb58e3949b03deca6592ca395cd7b,a1d260b660c93e47a466deb9c00f26c880973356f7da4eda00cb8ec57cab044d,raw/E09-ca_ztcf-20260912-20260906T135806783700Z
a000787,E09-ca_ztcf-20260913-20260906T135806915336Z,E09,ca_ztcf,20260913,default,primary,2026-09-06T13:58:06.881039+00:00,2026-09-06T13:58:06.995904+00:00,0.115,VALID,valid,,1b2dd830befbb58e3949b03deca6592ca395cd7b,a1d260b660c93e47a466deb9c00f26c880973356f7da4eda00cb8ec57cab044d,raw/E09-ca_ztcf-20260913-20260906T135806915336Z
a000788,E09-ca_ztcf-20260914-20260906T135807041241Z,E09,ca_ztcf,20260914,default,primary,2026-09-06T13:58:07.008992+00:00,2026-09-06T13:58:07.134458+00:00,0.125,VALID,valid,,1b2dd830befbb58e3949b03deca6592ca395cd7b,a1d260b660c93e47a466deb9c00f26c880973356f7da4eda00cb8ec57cab044d,raw/E09-ca_ztcf-20260914-20260906T135807041241Z
a000789,E09-ca_ztcf-20260915-20260906T135807179248Z,E09,ca_ztcf,20260915,default,primary,2026-09-06T13:58:07.146904+00:00,2026-09-06T13:58:07.256308+00:00,0.109,VALID,valid,,1b2dd830befbb58e3949b03deca6592ca395cd7b,a1d260b660c93e47a466deb9c00f26c880973356f7da4eda00cb8ec57cab044d,raw/E09-ca_ztcf-20260915-20260906T135807179248Z
a000790,E09-ca_ztcf-20260916-20260906T135807303741Z,E09,ca_ztcf,20260916,default,primary,2026-09-06T13:58:07.269847+00:00,2026-09-06T13:58:07.377608+00:00,0.108,VALID,valid,,1b2dd830befbb58e3949b03deca6592ca395cd7b,a1d260b660c93e47a466deb9c00f26c880973356f7da4eda00cb8ec57cab044d,raw/E09-ca_ztcf-20260916-20260906T135807303741Z
a000791,E09-ca_ztcf-20260917-20260906T135807421306Z,E09,ca_ztcf,20260917,default,primary,2026-09-06T13:58:07.389127+00:00,2026-09-06T13:58:07.503805+00:00,0.115,VALID,valid,,1b2dd830befbb58e3949b03deca6592ca395cd7b,a1d260b660c93e47a466deb9c00f26c880973356f7da4eda00cb8ec57cab044d,raw/E09-ca_ztcf-20260917-20260906T135807421306Z
a000792,E09-ca_ztcf-20260918-20260906T135807548005Z,E09,ca_ztcf,20260918,default,primary,2026-09-06T13:58:07.515570+00:00,2026-09-06T13:58:07.639620+00:00,0.124,VALID,valid,,1b2dd830befbb58e3949b03deca6592ca395cd7b,a1d260b660c93e47a466deb9c00f26c880973356f7da4eda00cb8ec57cab044d,raw/E09-ca_ztcf-20260918-20260906T135807548005Z
a000793,E09-ca_ztcf-20260919-20260906T135807684241Z,E09,ca_ztcf,20260919,default,primary,2026-09-06T13:58:07.651734+00:00,2026-09-06T13:58:07.758758+00:00,0.107,VALID,valid,,1b2dd830befbb58e3949b03deca6592ca395cd7b,a1d260b660c93e47a466deb9c00f26c880973356f7da4eda00cb8ec57cab044d,raw/E09-ca_ztcf-20260919-20260906T135807684241Z
a000794,E09-ca_ztcf-20260920-20260906T135807803268Z,E09,ca_ztcf,20260920,default,primary,2026-09-06T13:58:07.770908+00:00,2026-09-06T13:58:07.876945+00:00,0.106,VALID,valid,,1b2dd830befbb58e3949b03deca6592ca395cd7b,a1d260b660c93e47a466deb9c00f26c880973356f7da4eda00cb8ec57cab044d,raw/E09-ca_ztcf-20260920-20260906T135807803268Z
a000795,E09-ca_ztcf-20260921-20260906T135807921448Z,E09,ca_ztcf,20260921,default,primary,2026-09-06T13:58:07.888838+00:00,2026-09-06T13:58:08.007845+00:00,0.119,VALID,valid,,1b2dd830befbb58e3949b03deca6592ca395cd7b,a1d260b660c93e47a466deb9c00f26c880973356f7da4eda00cb8ec57cab044d,raw/E09-ca_ztcf-20260921-20260906T135807921448Z
a000796,E09-ca_ztcf-20260922-20260906T135808052951Z,E09,ca_ztcf,20260922,default,primary,2026-09-06T13:58:08.020123+00:00,2026-09-06T13:58:08.134085+00:00,0.114,VALID,valid,,1b2dd830befbb58e3949b03deca6592ca395cd7b,a1d260b660c93e47a466deb9c00f26c880973356f7da4eda00cb8ec57cab044d,raw/E09-ca_ztcf-20260922-20260906T135808052951Z
a000797,E09-ca_ztcf-20260923-20260906T135808179864Z,E09,ca_ztcf,20260923,default,primary,2026-09-06T13:58:08.146387+00:00,2026-09-06T13:58:08.261239+00:00,0.115,VALID,valid,,1b2dd830befbb58e3949b03deca6592ca395cd7b,a1d260b660c93e47a466deb9c00f26c880973356f7da4eda00cb8ec57cab044d,raw/E09-ca_ztcf-20260923-20260906T135808179864Z
a000798,E09-ca_ztcf-20260924-20260906T135808306748Z,E09,ca_ztcf,20260924,default,primary,2026-09-06T13:58:08.273756+00:00,2026-09-06T13:58:08.393207+00:00,0.119,VALID,valid,,1b2dd830befbb58e3949b03deca6592ca395cd7b,a1d260b660c93e47a466deb9c00f26c880973356f7da4eda00cb8ec57cab044d,raw/E09-ca_ztcf-20260924-20260906T135808306748Z
a000799,E09-ca_ztcf-20260925-20260906T135808437457Z,E09,ca_ztcf,20260925,default,primary,2026-09-06T13:58:08.404852+00:00,2026-09-06T13:58:08.410061+00:00,0.127,VALID,valid,,1b2dd830befbb58e3949b03deca6592ca395cd7b,a1d260b660c93e47a466deb9c00f26c880973356f7da4eda00cb8ec57cab044d,raw/E09-ca_ztcf-20260925-20260906T135808437457Z
a000800,E09-ca_ztcf-20260926-20260906T135808453337Z,E09,ca_ztcf,20260926,default,primary,2026-09-06T13:58:08.421506+00:00,2026-09-06T13:58:08.538593+00:00,0.117,VALID,valid,,1b2dd830befbb58e3949b03deca6592ca395cd7b,a1d260b660c93e47a466deb9c00f26c880973356f7da4eda00cb8ec57cab044d,raw/E09-ca_ztcf-20260926-20260906T135808453337Z
a000801,E09-ca_ztcf-20260927-20260906T135808584528Z,E09,ca_ztcf,20260927,default,primary,2026-09-06T13:58:08.550307+00:00,2026-09-06T13:58:08.669074+00:00,0.119,VALID,valid,,1b2dd830befbb58e3949b03deca6592ca395cd7b,a1d260b660c93e47a466deb9c00f26c880973356f7da4eda00cb8ec57cab044d,raw/E09-ca_ztcf-20260927-20260906T135808584528Z
a000802,E09-ca_ztcf-20260928-20260906T135808713631Z,E09,ca_ztcf,20260928,default,primary,2026-09-06T13:58:08.680871+00:00,2026-09-06T13:58:08.798414+00:00,0.118,VALID,valid,,1b2dd830befbb58e3949b03deca6592ca395cd7b,a1d260b660c93e47a466deb9c00f26c880973356f7da4eda00cb8ec57cab044d,raw/E09-ca_ztcf-20260928-20260906T135808713631Z
a000803,E09-ca_ztcf-20260929-20260906T135808842818Z,E09,ca_ztcf,20260929,default,primary,2026-09-06T13:58:08.810438+00:00,2026-09-06T13:58:08.923948+00:00,0.114,VALID,valid,,1b2dd830befbb58e3949b03deca6592ca395cd7b,a1d260b660c93e47a466deb9c00f26c880973356f7da4eda00cb8ec57cab044d,raw/E09-ca_ztcf-20260929-20260906T135808842818Z
a000804,E09-ca_ztcf-20260930-20260906T135808967936Z,E09,ca_ztcf,20260930,default,primary,2026-09-06T13:58:08.935562+00:00,2026-09-06T13:58:09.040409+00:00,0.105,VALID,valid,,1b2dd830befbb58e3949b03deca6592ca395cd7b,a1d260b660c93e47a466deb9c00f26c880973356f7da4eda00cb8ec57cab044d,raw/E09-ca_ztcf-20260930-20260906T135808967936Z
a000805,E09-ca_ztcf-20260931-20260906T135809085282Z,E09,ca_ztcf,20260931,default,primary,2026-09-06T13:58:09.052364+00:00,2026-09-06T13:58:09.166473+00:00,0.114,VALID,valid,,1b2dd830befbb58e3949b03deca6592ca395cd7b,a1d260b660c93e47a466deb9c00f26c880973356f7da4eda00cb8ec57cab044d,raw/E09-ca_ztcf-20260931-20260906T135809085282Z
a000806,E09-ca_ztcf-20260932-20260906T135809212504Z,E09,ca_ztcf,20260932,default,primary,2026-09-06T13:58:09.178901+00:00,2026-09-06T13:58:09.292179+00:00,0.113,VALID,valid,,1b2dd830befbb58e3949b03deca6592ca395cd7b,a1d260b660c93e47a466deb9c00f26c880973356f7da4eda00cb8ec57cab044d,raw/E09-ca_ztcf-20260932-20260906T135809212504Z
a000807,E09-ca_ztcf-20260933-20260906T135809337144Z,E09,ca_ztcf,20260933,default,primary,2026-09-06T13:58:09.304353+00:00,2026-09-06T13:58:09.423561+00:00,0.119,VALID,valid,,1b2dd830befbb58e3949b03deca6592ca395cd7b,a1d260b660c93e47a466deb9c00f26c880973356f7da4eda00cb8ec57cab044d,raw/E09-ca_ztcf-20260933-20260906T135809337144Z
a000808,E09-ca_ztcf-20260934-20260906T135809468312Z,E09,ca_ztcf,20260934,default,primary,2026-09-06T13:58:09.435347+00:00,2026-09-06T13:58:09.558673+00:00,0.123,VALID,valid,,1b2dd830befbb58e3949b03deca6592ca395cd7b,a1d260b660c93e47a466deb9c00f26c880973356f7da4eda00cb8ec57cab044d,raw/E09-ca_ztcf-20260934-20260906T135809468312Z
a000809,E09-ca_ztcf-20260935-20260906T135809603387Z,E09,ca_ztcf,20260935,default,primary,2026-09-06T13:58:09.570618+00:00,2026-09-06T13:58:09.690094+00:00,0.119,VALID,valid,,1b2dd830befbb58e3949b03deca6592ca395cd7b,a1d260b660c93e47a466deb9c00f26c880973356f7da4eda00cb8ec57cab044d,raw/E09-ca_ztcf-20260935-20260906T135809603387Z
a000810,E09-ca_ztcf-20260936-20260906T135809736380Z,E09,ca_ztcf,20260936,default,primary,2026-09-06T13:58:09.702916+00:00,2026-09-06T13:58:09.816274+00:00,0.113,VALID,valid,,1b2dd830befbb58e3949b03deca6592ca395cd7b,a1d260b660c93e47a466deb9c00f26c880973356f7da4eda00cb8ec57cab044d,raw/E09-ca_ztcf-20260936-20260906T135809736380Z
a000811,E10-independent-20260907-20260906T135809861761Z,E10,independent,20260907,default,primary,2026-09-06T13:58:09.828402+00:00,2026-09-06T13:58:09.945474+00:00,0.117,VALID,valid,,1b2dd830befbb58e3949b03deca6592ca395cd7b,a1d260b660c93e47a466deb9c00f26c880973356f7da4eda00cb8ec57cab044d,raw/E10-independent-20260907-20260906T135809861761Z
a000812,E10-independent-20260908-20260906T135809991025Z,E10,independent,20260908,default,primary,2026-09-06T13:58:09.957306+00:00,2026-09-06T13:58:10.074405+00:00,0.117,VALID,valid,,1b2dd830befbb58e3949b03deca6592ca395cd7b,a1d260b660c93e47a466deb9c00f26c880973356f7da4eda00cb8ec57cab044d,raw/E10-independent-20260908-20260906T135809991025Z
a000813,E10-independent-20260909-20260906T135810119106Z,E10,independent,20260909,default,primary,2026-09-06T13:58:10.086411+00:00,2026-09-06T13:58:10.186949+00:00,0.101,VALID,valid,,1b2dd830befbb58e3949b03deca6592ca395cd7b,a1d260b660c93e47a466deb9c00f26c880973356f7da4eda00cb8ec57cab044d,raw/E10-independent-20260909-20260906T135810119106Z
a000814,E10-independent-20260910-20260906T135810231243Z,E10,independent,20260910,default,primary,2026-09-06T13:58:10.198857+00:00,2026-09-06T13:58:10.317712+00:00,0.119,VALID,valid,,1b2dd830befbb58e3949b03deca6592ca395cd7b,a1d260b660c93e47a466deb9c00f26c880973356f7da4eda00cb8ec57cab044d,raw/E10-independent-20260910-20260906T135810231243Z
a000815,E10-independent-20260911-20260906T135810362822Z,E10,independent,20260911,default,primary,2026-09-06T13:58:10.330135+00:00,2026-09-06T13:58:10.445450+00:00,0.115,VALID,valid,,1b2dd830befbb58e3949b03deca6592ca395cd7b,a1d260b660c93e47a466deb9c00f26c880973356f7da4eda00cb8ec57cab044d,raw/E10-independent-20260911-20260906T135810362822Z
a000816,E10-independent-20260912-20260906T135810491285Z,E10,independent,20260912,default,primary,2026-09-06T13:58:10.458189+00:00,2026-09-06T13:58:10.595483+00:00,0.137,VALID,valid,,1b2dd830befbb58e3949b03deca6592ca395cd7b,a1d260b660c93e47a466deb9c00f26c880973356f7da4eda00cb8ec57cab044d,raw/E10-independent-20260912-20260906T135810491285Z
a000817,E10-independent-20260913-20260906T135810641359Z,E10,independent,20260913,default,primary,2026-09-06T13:58:10.607653+00:00,2026-09-06T13:58:10.720297+00:00,0.113,VALID,valid,,1b2dd830befbb58e3949b03deca6592ca395cd7b,a1d260b660c93e47a466deb9c00f26c880973356f7da4eda00cb8ec57cab044d,raw/E10-independent-20260913-20260906T135810641359Z
a000818,E10-independent-20260914-20260906T135810765002Z,E10,independent,20260914,default,primary,2026-09-06T13:58:10.731870+00:00,2026-09-06T13:58:10.848859+00:00,0.117,VALID,valid,,1b2dd830befbb58e3949b03deca6592ca395cd7b,a1d260b660c93e47a466deb9c00f26c880973356f7da4eda00cb8ec57cab044d,raw/E10-independent-20260914-20260906T135810765002Z
a000819,E10-independent-20260915-20260906T135810893949Z,E10,independent,20260915,default,primary,2026-09-06T13:58:10.860853+00:00,2026-09-06T13:58:10.971474+00:00,0.111,VALID,valid,,1b2dd830befbb58e3949b03deca6592ca395cd7b,a1d260b660c93e47a466deb9c00f26c880973356f7da4eda00cb8ec57cab044d,raw/E10-independent-20260915-20260906T135810893949Z
a000820,E10-independent-20260916-20260906T135811016612Z,E10,independent,20260916,default,primary,2026-09-06T13:58:10.983640+00:00,2026-09-06T13:58:11.101564+00:00,0.118,VALID,valid,,1b2dd830befbb58e3949b03deca6592ca395cd7b,a1d260b660c93e47a466deb9c00f26c880973356f7da4eda00cb8ec57cab044d,raw/E10-independent-20260916-20260906T135811016612Z
a000821,E10-independent-20260917-20260906T135811145642Z,E10,independent,20260917,default,primary,2026-09-06T13:58:11.113320+00:00,2026-09-06T13:58:11.230716+00:00,0.117,VALID,valid,,1b2dd830befbb58e3949b03deca6592ca395cd7b,a1d260b660c93e47a466deb9c00f26c880973356f7da4eda00cb8ec57cab044d,raw/E10-independent-20260917-20260906T135811145642Z
a000822,E10-independent-20260918-20260906T135811277115Z,E10,independent,20260918,default,primary,2026-09-06T13:58:11.242218+00:00,2026-09-06T13:58:11.359928+00:00,0.118,VALID,valid,,1b2dd830befbb58e3949b03deca6592ca395cd7b,a1d260b660c93e47a466deb9c00f26c880973356f7da4eda00cb8ec57cab044d,raw/E10-independent-20260918-20260906T135811277115Z
a000823,E10-independent-20260919-20260906T135811407433Z,E10,independent,20260919,default,primary,2026-09-06T13:58:11.373112+00:00,2026-09-06T13:58:11.494388+00:00,0.121,VALID,valid,,1b2dd830befbb58e3949b03deca6592ca395cd7b,a1d260b660c93e47a466deb9c00f26c880973356f7da4eda00cb8ec57cab044d,raw/E10-independent-20260919-20260906T135811407433Z
a000824,E10-independent-20260920-20260906T135811542957Z,E10,independent,20260920,default,primary,2026-09-06T13:58:11.506237+00:00,2026-09-06T13:58:11.626466+00:00,0.12,VALID,valid,,1b2dd830befbb58e3949b03deca6592ca395cd7b,a1d260b660c93e47a466deb9c00f26c880973356f7da4eda00cb8ec57cab044d,raw/E10-independent-20260920-20260906T135811542957Z
a000825,E10-independent-20260921-20260906T135811675186Z,E10,independent,20260921,default,primary,2026-09-06T13:58:11.639861+00:00,2026-09-06T13:58:11.767292+00:00,0.127,VALID,valid,,1b2dd830befbb58e3949b03deca6592ca395cd7b,a1d260b660c93e47a466deb9c00f26c880973356f7da4eda00cb8ec57cab044d,raw/E10-independent-20260921-20260906T135811675186Z
a000826,E10-independent-20260922-20260906T135811813837Z,E10,independent,20260922,default,primary,2026-09-06T13:58:11.779423+00:00,2026-09-06T13:58:11.893761+00:00,0.114,VALID,valid,,1b2dd830befbb58e3949b03deca6592ca395cd7b,a1d260b660c93e47a466deb9c00f26c880973356f7da4eda00cb8ec57cab044d,raw/E10-independent-20260922-20260906T135811813837Z
a000827,E10-independent-20260923-20260906T135811940266Z,E10,independent,20260923,default,primary,2026-09-06T13:58:11.906871+00:00,2026-09-06T13:58:12.016522+00:00,0.11,VALID,valid,,1b2dd830befbb58e3949b03deca6592ca395cd7b,a1d260b660c93e47a466deb9c00f26c880973356f7da4eda00cb8ec57cab044d,raw/E10-independent-20260923-20260906T135811940266Z
a000828,E10-independent-20260924-20260906T135812061366Z,E10,independent,20260924,default,primary,2026-09-06T13:58:12.028338+00:00,2026-09-06T13:58:12.143879+00:00,0.116,VALID,valid,,1b2dd830befbb58e3949b03deca6592ca395cd7b,a1d260b660c93e47a466deb9c00f26c880973356f7da4eda00cb8ec57cab044d,raw/E10-independent-20260924-20260906T135812061366Z
a000829,E10-independent-20260925-20260906T135812188995Z,E10,independent,20260925,default,primary,2026-09-06T13:58:12.155680+00:00,2026-09-06T13:58:12.267797+00:00,0.112,VALID,valid,,1b2dd830befbb58e3949b03deca6592ca395cd7b,a1d260b660c93e47a466deb9c00f26c880973356f7da4eda00cb8ec57cab044d,raw/E10-independent-20260925-20260906T135812188995Z
a000830,E10-independent-20260926-20260906T135812315319Z,E10,independent,20260926,default,primary,2026-09-06T13:58:12.280476+00:00,2026-09-06T13:58:12.398745+00:00,0.118,VALID,valid,,1b2dd830befbb58e3949b03deca6592ca395cd7b,a1d260b660c93e47a466deb9c00f26c880973356f7da4eda00cb8ec57cab044d,raw/E10-independent-20260926-20260906T135812315319Z
a000831,E10-independent-20260927-20260906T135812444900Z,E10,independent,20260927,default,primary,2026-09-06T13:58:12.411600+00:00,2026-09-06T13:58:12.524683+00:00,0.113,VALID,valid,,1b2dd830befbb58e3949b03deca6592ca395cd7b,a1d260b660c93e47a466deb9c00f26c880973356f7da4eda00cb8ec57cab044d,raw/E10-independent-20260927-20260906T135812444900Z
a000832,E10-independent-20260928-20260906T135812570197Z,E10,independent,20260928,default,primary,2026-09-06T13:58:12.537027+00:00,2026-09-06T13:58:12.646815+00:00,0.11,VALID,valid,,1b2dd830befbb58e3949b03deca6592ca395cd7b,a1d260b660c93e47a466deb9c00f26c880973356f7da4eda00cb8ec57cab044d,raw/E10-independent-20260928-20260906T135812570197Z
a000833,E10-independent-20260929-20260906T135812692338Z,E10,independent,20260929,default,primary,2026-09-06T13:58:12.658796+00:00,2026-09-06T13:58:12.770173+00:00,0.111,VALID,valid,,1b2dd830befbb58e3949b03deca6592ca395cd7b,a1d260b660c93e47a466deb9c00f26c880973356f7da4eda00cb8ec57cab044d,raw/E10-independent-20260929-20260906T135812692338Z
a000834,E10-independent-20260930-20260906T135812816046Z,E10,independent,20260930,default,primary,2026-09-06T13:58:12.783111+00:00,2026-09-06T13:58:12.886985+00:00,0.104,VALID,valid,,1b2dd830befbb58e3949b03deca6592ca395cd7b,a1d260b660c93e47a466deb9c00f26c880973356f7da4eda00cb8ec57cab044d,raw/E10-independent-20260930-20260906T135812816046Z
a000835,E10-independent-20260931-20260906T135812933328Z,E10,independent,20260931,default,primary,2026-09-06T13:58:12.899613+00:00,2026-09-06T13:58:13.014279+00:00,0.115,VALID,valid,,1b2dd830befbb58e3949b03deca6592ca395cd7b,a1d260b660c93e47a466deb9c00f26c880973356f7da4eda00cb8ec57cab044d,raw/E10-independent-20260931-20260906T135812933328Z
a000836,E10-independent-20260932-20260906T135813059820Z,E10,independent,20260932,default,primary,2026-09-06T13:58:13.026949+00:00,2026-09-06T13:58:13.143089+00:00,0.116,VALID,valid,,1b2dd830befbb58e3949b03deca6592ca395cd7b,a1d260b660c93e47a466deb9c00f26c880973356f7da4eda00cb8ec57cab044d,raw/E10-independent-20260932-20260906T135813059820Z
a000837,E10-independent-20260933-20260906T135813187331Z,E10,independent,20260933,default,primary,2026-09-06T13:58:13.154656+00:00,2026-09-06T13:58:13.268438+00:00,0.114,VALID,valid,,1b2dd830befbb58e3949b03deca6592ca395cd7b,a1d260b660c93e47a466deb9c00f26c880973356f7da4eda00cb8ec57cab044d,raw/E10-independent-20260933-20260906T135813187331Z
a000838,E10-independent-20260934-20260906T135813315189Z,E10,independent,20260934,default,primary,2026-09-06T13:58:13.281109+00:00,2026-09-06T13:58:13.383148+00:00,0.102,VALID,valid,,1b2dd830befbb58e3949b03deca6592ca395cd7b,a1d260b660c93e47a466deb9c00f26c880973356f7da4eda00cb8ec57cab044d,raw/E10-independent-20260934-20260906T135813315189Z
a000839,E10-independent-20260935-20260906T135813427055Z,E10,independent,20260935,default,primary,2026-09-06T13:58:13.394881+00:00,2026-09-06T13:58:13.509565+00:00,0.115,VALID,valid,,1b2dd830befbb58e3949b03deca6592ca395cd7b,a1d260b660c93e47a466deb9c00f26c880973356f7da4eda00cb8ec57cab044d,raw/E10-independent-20260935-20260906T135813427055Z
a000840,E10-independent-20260936-20260906T135813554564Z,E10,independent,20260936,default,primary,2026-09-06T13:58:13.521557+00:00,2026-09-06T13:58:13.635624+00:00,0.114,VALID,valid,,1b2dd830befbb58e3949b03deca6592ca395cd7b,a1d260b660c93e47a466deb9c00f26c880973356f7da4eda00cb8ec57cab044d,raw/E10-independent-20260936-20260906T135813554564Z
a000841,E10-static_continuity-20260907-20260906T135813680687Z,E10,static_continuity,20260907,default,primary,2026-09-06T13:58:13.647767+00:00,2026-09-06T13:58:13.788057+00:00,0.14,VALID,valid,,1b2dd830befbb58e3949b03deca6592ca395cd7b,a1d260b660c93e47a466deb9c00f26c880973356f7da4eda00cb8ec57cab044d,raw/E10-static_continuity-20260907-20260906T135813680687Z
a000842,E10-static_continuity-20260908-20260906T135813833932Z,E10,static_continuity,20260908,default,primary,2026-09-06T13:58:13.799956+00:00,2026-09-06T13:58:13.915812+00:00,0.116,VALID,valid,,1b2dd830befbb58e3949b03deca6592ca395cd7b,a1d260b660c93e47a466deb9c00f26c880973356f7da4eda00cb8ec57cab044d,raw/E10-static_continuity-20260908-20260906T135813833932Z
a000843,E10-static_continuity-20260909-20260906T135813960012Z,E10,static_continuity,20260909,default,primary,2026-09-06T13:58:13.927581+00:00,2026-09-06T13:58:14.042979+00:00,0.115,VALID,valid,,1b2dd830befbb58e3949b03deca6592ca395cd7b,a1d260b660c93e47a466deb9c00f26c880973356f7da4eda00cb8ec57cab044d,raw/E10-static_continuity-20260909-20260906T135813960012Z
a000844,E10-static_continuity-20260910-20260906T135814088783Z,E10,static_continuity,20260910,default,primary,2026-09-06T13:58:14.054574+00:00,2026-09-06T13:58:14.166652+00:00,0.112,VALID,valid,,1b2dd830befbb58e3949b03deca6592ca395cd7b,a1d260b660c93e47a466deb9c00f26c880973356f7da4eda00cb8ec57cab044d,raw/E10-static_continuity-20260910-20260906T135814088783Z
a000845,E10-static_continuity-20260911-20260906T135814212798Z,E10,static_continuity,20260911,default,primary,2026-09-06T13:58:14.179165+00:00,2026-09-06T13:58:14.295222+00:00,0.116,VALID,valid,,1b2dd830befbb58e3949b03deca6592ca395cd7b,a1d260b660c93e47a466deb9c00f26c880973356f7da4eda00cb8ec57cab044d,raw/E10-static_continuity-20260911-20260906T135814212798Z
a000846,E10-static_continuity-20260912-20260906T135814340236Z,E10,static_continuity,20260912,default,primary,2026-09-06T13:58:14.307476+00:00,2026-09-06T13:58:14.421102+00:00,0.114,VALID,valid,,1b2dd830befbb58e3949b03deca6592ca395cd7b,a1d260b660c93e47a466deb9c00f26c880973356f7da4eda00cb8ec57cab044d,raw/E10-static_continuity-20260912-20260906T135814340236Z
a000847,E10-static_continuity-20260913-20260906T135814467887Z,E10,static_continuity,20260913,default,primary,2026-09-06T13:58:14.433630+00:00,2026-09-06T13:58:14.549902+00:00,0.116,VALID,valid,,1b2dd830befbb58e3949b03deca6592ca395cd7b,a1d260b660c93e47a466deb9c00f26c880973356f7da4eda00cb8ec57cab044d,raw/E10-static_continuity-20260913-20260906T135814467887Z
a000848,E10-static_continuity-20260914-20260906T135814597171Z,E10,static_continuity,20260914,default,primary,2026-09-06T13:58:14.562105+00:00,2026-09-06T13:58:14.683770+00:00,0.122,VALID,valid,,1b2dd830befbb58e3949b03deca6592ca395cd7b,a1d260b660c93e47a466deb9c00f26c880973356f7da4eda00cb8ec57cab044d,raw/E10-static_continuity-20260914-20260906T135814597171Z
a000849,E10-static_continuity-20260915-20260906T135814729712Z,E10,static_continuity,20260915,default,primary,2026-09-06T13:58:14.696194+00:00,2026-09-06T13:58:14.809054+00:00,0.113,VALID,valid,,1b2dd830befbb58e3949b03deca6592ca395cd7b,a1d260b660c93e47a466deb9c00f26c880973356f7da4eda00cb8ec57cab044d,raw/E10-static_continuity-20260915-20260906T135814729712Z
a000850,E10-static_continuity-20260916-20260906T135814853990Z,E10,static_continuity,20260916,default,primary,2026-09-06T13:58:14.821112+00:00,2026-09-06T13:58:14.927502+00:00,0.106,VALID,valid,,1b2dd830befbb58e3949b03deca6592ca395cd7b,a1d260b660c93e47a466deb9c00f26c880973356f7da4eda00cb8ec57cab044d,raw/E10-static_continuity-20260916-20260906T135814853990Z
a000851,E10-static_continuity-20260917-20260906T135814976546Z,E10,static_continuity,20260917,default,primary,2026-09-06T13:58:14.940538+00:00,2026-09-06T13:58:15.056435+00:00,0.116,VALID,valid,,1b2dd830befbb58e3949b03deca6592ca395cd7b,a1d260b660c93e47a466deb9c00f26c880973356f7da4eda00cb8ec57cab044d,raw/E10-static_continuity-20260917-20260906T135814976546Z
a000852,E10-static_continuity-20260918-20260906T135815100846Z,E10,static_continuity,20260918,default,primary,2026-09-06T13:58:15.067891+00:00,2026-09-06T13:58:15.182929+00:00,0.115,VALID,valid,,1b2dd830befbb58e3949b03deca6592ca395cd7b,a1d260b660c93e47a466deb9c00f26c880973356f7da4eda00cb8ec57cab044d,raw/E10-static_continuity-20260918-20260906T135815100846Z
a000853,E10-static_continuity-20260919-20260906T135815227597Z,E10,static_continuity,20260919,default,primary,2026-09-06T13:58:15.194816+00:00,2026-09-06T13:58:15.296969+00:00,0.102,VALID,valid,,1b2dd830befbb58e3949b03deca6592ca395cd7b,a1d260b660c93e47a466deb9c00f26c880973356f7da4eda00cb8ec57cab044d,raw/E10-static_continuity-20260919-20260906T135815227597Z
a000854,E10-static_continuity-20260920-20260906T135815342199Z,E10,static_continuity,20260920,default,primary,2026-09-06T13:58:15.309101+00:00,2026-09-06T13:58:15.416939+00:00,0.108,VALID,valid,,1b2dd830befbb58e3949b03deca6592ca395cd7b,a1d260b660c93e47a466deb9c00f26c880973356f7da4eda00cb8ec57cab044d,raw/E10-static_continuity-20260920-20260906T135815342199Z
a000855,E10-static_continuity-20260921-20260906T135815463739Z,E10,static_continuity,20260921,default,primary,2026-09-06T13:58:15.429377+00:00,2026-09-06T13:58:15.548036+00:00,0.119,VALID,valid,,1b2dd830befbb58e3949b03deca6592ca395cd7b,a1d260b660c93e47a466deb9c00f26c880973356f7da4eda00cb8ec57cab044d,raw/E10-static_continuity-20260921-20260906T135815463739Z
a000856,E10-static_continuity-20260922-20260906T135815594278Z,E10,static_continuity,20260922,default,primary,2026-09-06T13:58:15.560624+00:00,2026-09-06T13:58:15.678851+00:00,0.118,VALID,valid,,1b2dd830befbb58e3949b03deca6592ca395cd7b,a1d260b660c93e47a466deb9c00f26c880973356f7da4eda00cb8ec57cab044d,raw/E10-static_continuity-20260922-20260906T135815594278Z
a000857,E10-static_continuity-20260923-20260906T135815724194Z,E10,static_continuity,20260923,default,primary,2026-09-06T13:58:15.691453+00:00,2026-09-06T13:58:15.809409+00:00,0.118,VALID,valid,,1b2dd830befbb58e3949b03deca6592ca395cd7b,a1d260b660c93e47a466deb9c00f26c880973356f7da4eda00cb8ec57cab044d,raw/E10-static_continuity-20260923-20260906T135815724194Z
a000858,E10-static_continuity-20260924-20260906T135815857161Z,E10,static_continuity,20260924,default,primary,2026-09-06T13:58:15.823325+00:00,2026-09-06T13:58:15.942752+00:00,0.119,VALID,valid,,1b2dd830befbb58e3949b03deca6592ca395cd7b,a1d260b660c93e47a466deb9c00f26c880973356f7da4eda00cb8ec57cab044d,raw/E10-static_continuity-20260924-20260906T135815857161Z
a000859,E10-static_continuity-20260925-20260906T135815988357Z,E10,static_continuity,20260925,default,primary,2026-09-06T13:58:15.954581+00:00,2026-09-06T13:58:16.071135+00:00,0.117,VALID,valid,,1b2dd830befbb58e3949b03deca6592ca395cd7b,a1d260b660c93e47a466deb9c00f26c880973356f7da4eda00cb8ec57cab044d,raw/E10-static_continuity-20260925-20260906T135815988357Z
a000860,E10-static_continuity-20260926-20260906T135816116670Z,E10,static_continuity,20260926,default,primary,2026-09-06T13:58:16.083109+00:00,2026-09-06T13:58:16.202925+00:00,0.12,VALID,valid,,1b2dd830befbb58e3949b03deca6592ca395cd7b,a1d260b660c93e47a466deb9c00f26c880973356f7da4eda00cb8ec57cab044d,raw/E10-static_continuity-20260926-20260906T135816116670Z
a000861,E10-static_continuity-20260927-20260906T135816247001Z,E10,static_continuity,20260927,default,primary,2026-09-06T13:58:16.214460+00:00,2026-09-06T13:58:16.330060+00:00,0.116,VALID,valid,,1b2dd830befbb58e3949b03deca6592ca395cd7b,a1d260b660c93e47a466deb9c00f26c880973356f7da4eda00cb8ec57cab044d,raw/E10-static_continuity-20260927-20260906T135816247001Z
a000862,E10-static_continuity-20260928-20260906T135816373595Z,E10,static_continuity,20260928,default,primary,2026-09-06T13:58:16.341516+00:00,2026-09-06T13:58:16.455024+00:00,0.114,VALID,valid,,1b2dd830befbb58e3949b03deca6592ca395cd7b,a1d260b660c93e47a466deb9c00f26c880973356f7da4eda00cb8ec57cab044d,raw/E10-static_continuity-20260928-20260906T135816373595Z
a000863,E10-static_continuity-20260929-20260906T135816500454Z,E10,static_continuity,20260929,default,primary,2026-09-06T13:58:16.467952+00:00,2026-09-06T13:58:16.580768+00:00,0.113,VALID,valid,,1b2dd830befbb58e3949b03deca6592ca395cd7b,a1d260b660c93e47a466deb9c00f26c880973356f7da4eda00cb8ec57cab044d,raw/E10-static_continuity-20260929-20260906T135816500454Z
a000864,E10-static_continuity-20260930-20260906T135816627628Z,E10,static_continuity,20260930,default,primary,2026-09-06T13:58:16.592616+00:00,2026-09-06T13:58:16.711309+00:00,0.119,VALID,valid,,1b2dd830befbb58e3949b03deca6592ca395cd7b,a1d260b660c93e47a466deb9c00f26c880973356f7da4eda00cb8ec57cab044d,raw/E10-static_continuity-20260930-20260906T135816627628Z
a000865,E10-static_continuity-20260931-20260906T135816756784Z,E10,static_continuity,20260931,default,primary,2026-09-06T13:58:16.723336+00:00,2026-09-06T13:58:16.835052+00:00,0.112,VALID,valid,,1b2dd830befbb58e3949b03deca6592ca395cd7b,a1d260b660c93e47a466deb9c00f26c880973356f7da4eda00cb8ec57cab044d,raw/E10-static_continuity-20260931-20260906T135816756784Z
a000866,E10-static_continuity-20260932-20260906T135816879751Z,E10,static_continuity,20260932,default,primary,2026-09-06T13:58:16.846910+00:00,2026-09-06T13:58:16.964121+00:00,0.117,VALID,valid,,1b2dd830befbb58e3949b03deca6592ca395cd7b,a1d260b660c93e47a466deb9c00f26c880973356f7da4eda00cb8ec57cab044d,raw/E10-static_continuity-20260932-20260906T135816879751Z
a000867,E10-static_continuity-20260933-20260906T135817008846Z,E10,static_continuity,20260933,default,primary,2026-09-06T13:58:16.976301+00:00,2026-09-06T13:58:17.088844+00:00,0.113,VALID,valid,,1b2dd830befbb58e3949b03deca6592ca395cd7b,a1d260b660c93e47a466deb9c00f26c880973356f7da4eda00cb8ec57cab044d,raw/E10-static_continuity-20260933-20260906T135817008846Z
a000868,E10-static_continuity-20260934-20260906T135817135301Z,E10,static_continuity,20260934,default,primary,2026-09-06T13:58:17.101685+00:00,2026-09-06T13:58:17.203090+00:00,0.101,VALID,valid,,1b2dd830befbb58e3949b03deca6592ca395cd7b,a1d260b660c93e47a466deb9c00f26c880973356f7da4eda00cb8ec57cab044d,raw/E10-static_continuity-20260934-20260906T135817135301Z
a000869,E10-static_continuity-20260935-20260906T135817246708Z,E10,static_continuity,20260935,default,primary,2026-09-06T13:58:17.214479+00:00,2026-09-06T13:58:17.329987+00:00,0.116,VALID,valid,,1b2dd830befbb58e3949b03deca6592ca395cd7b,a1d260b660c93e47a466deb9c00f26c880973356f7da4eda00cb8ec57cab044d,raw/E10-static_continuity-20260935-20260906T135817246708Z
a000870,E10-static_continuity-20260936-20260906T135817374289Z,E10,static_continuity,20260936,default,primary,2026-09-06T13:58:17.341733+00:00,2026-09-06T13:58:17.452905+00:00,0.111,VALID,valid,,1b2dd830befbb58e3949b03deca6592ca395cd7b,a1d260b660c93e47a466deb9c00f26c880973356f7da4eda00cb8ec57cab044d,raw/E10-static_continuity-20260936-20260906T135817374289Z
a000871,E10-ca_ztcf-20260907-20260906T135817497358Z,E10,ca_ztcf,20260907,default,primary,2026-09-06T13:58:17.464640+00:00,2026-09-06T13:58:17.575631+00:00,0.111,VALID,valid,,1b2dd830befbb58e3949b03deca6592ca395cd7b,a1d260b660c93e47a466deb9c00f26c880973356f7da4eda00cb8ec57cab044d,raw/E10-ca_ztcf-20260907-20260906T135817497358Z
a000872,E10-ca_ztcf-20260908-20260906T135817620829Z,E10,ca_ztcf,20260908,default,primary,2026-09-06T13:58:17.587120+00:00,2026-09-06T13:58:17.703700+00:00,0.117,VALID,valid,,1b2dd830befbb58e3949b03deca6592ca395cd7b,a1d260b660c93e47a466deb9c00f26c880973356f7da4eda00cb8ec57cab044d,raw/E10-ca_ztcf-20260908-20260906T135817620829Z
a000873,E10-ca_ztcf-20260909-20260906T135817749318Z,E10,ca_ztcf,20260909,default,primary,2026-09-06T13:58:17.716383+00:00,2026-09-06T13:58:17.840290+00:00,0.124,VALID,valid,,1b2dd830befbb58e3949b03deca6592ca395cd7b,a1d260b660c93e47a466deb9c00f26c880973356f7da4eda00cb8ec57cab044d,raw/E10-ca_ztcf-20260909-20260906T135817749318Z
a000874,E10-ca_ztcf-20260910-20260906T135817884259Z,E10,ca_ztcf,20260910,default,primary,2026-09-06T13:58:17.852005+00:00,2026-09-06T13:58:17.966477+00:00,0.114,VALID,valid,,1b2dd830befbb58e3949b03deca6592ca395cd7b,a1d260b660c93e47a466deb9c00f26c880973356f7da4eda00cb8ec57cab044d,raw/E10-ca_ztcf-20260910-20260906T135817884259Z
a000875,E10-ca_ztcf-20260911-20260906T135818010971Z,E10,ca_ztcf,20260911,default,primary,2026-09-06T13:58:17.978284+00:00,2026-09-06T13:58:18.091475+00:00,0.113,VALID,valid,,1b2dd830befbb58e3949b03deca6592ca395cd7b,a1d260b660c93e47a466deb9c00f26c880973356f7da4eda00cb8ec57cab044d,raw/E10-ca_ztcf-20260911-20260906T135818010971Z
a000876,E10-ca_ztcf-20260912-20260906T135818136895Z,E10,ca_ztcf,20260912,default,primary,2026-09-06T13:58:18.104146+00:00,2026-09-06T13:58:18.206243+00:00,0.102,VALID,valid,,1b2dd830befbb58e3949b03deca6592ca395cd7b,a1d260b660c93e47a466deb9c00f26c880973356f7da4eda00cb8ec57cab044d,raw/E10-ca_ztcf-20260912-20260906T135818136895Z
a000877,E10-ca_ztcf-20260913-20260906T135818250697Z,E10,ca_ztcf,20260913,default,primary,2026-09-06T13:58:18.218341+00:00,2026-09-06T13:58:18.328084+00:00,0.11,VALID,valid,,1b2dd830befbb58e3949b03deca6592ca395cd7b,a1d260b660c93e47a466deb9c00f26c880973356f7da4eda00cb8ec57cab044d,raw/E10-ca_ztcf-20260913-20260906T135818250697Z
a000878,E10-ca_ztcf-20260914-20260906T135818373213Z,E10,ca_ztcf,20260914,default,primary,2026-09-06T13:58:18.339683+00:00,2026-09-06T13:58:18.450098+00:00,0.11,VALID,valid,,1b2dd830befbb58e3949b03deca6592ca395cd7b,a1d260b660c93e47a466deb9c00f26c880973356f7da4eda00cb8ec57cab044d,raw/E10-ca_ztcf-20260914-20260906T135818373213Z
a000879,E10-ca_ztcf-20260915-20260906T135818354587Z,E10,ca_ztcf,20260915,default,primary,2026-09-06T13:58:18.463296+00:00,2026-09-06T13:58:18.429759+00:00,0.11,VALID,valid,,1b2dd830befbb58e3949b03deca6592ca395cd7b,a1d260b660c93e47a466deb9c00f26c880973356f7da4eda00cb8ec57cab044d,raw/E10-ca_ztcf-20260915-20260906T135818354587Z
a000880,E10-ca_ztcf-20260916-20260906T135818473993Z,E10,ca_ztcf,20260916,default,primary,2026-09-06T13:58:18.441239+00:00,2026-09-06T13:58:18.556952+00:00,0.116,VALID,valid,,1b2dd830befbb58e3949b03deca6592ca395cd7b,a1d260b660c93e47a466deb9c00f26c880973356f7da4eda00cb8ec57cab044d,raw/E10-ca_ztcf-20260916-20260906T135818473993Z
a000881,E10-ca_ztcf-20260917-20260906T135818600820Z,E10,ca_ztcf,20260917,default,primary,2026-09-06T13:58:18.568360+00:00,2026-09-06T13:58:18.677913+00:00,0.11,VALID,valid,,1b2dd830befbb58e3949b03deca6592ca395cd7b,a1d260b660c93e47a466deb9c00f26c880973356f7da4eda00cb8ec57cab044d,raw/E10-ca_ztcf-20260917-20260906T135818600820Z
a000882,E10-ca_ztcf-20260918-20260906T135818722861Z,E10,ca_ztcf,20260918,default,primary,2026-09-06T13:58:18.690600+00:00,2026-09-06T13:58:18.803888+00:00,0.113,VALID,valid,,1b2dd830befbb58e3949b03deca6592ca395cd7b,a1d260b660c93e47a466deb9c00f26c880973356f7da4eda00cb8ec57cab044d,raw/E10-ca_ztcf-20260918-20260906T135818722861Z
a000883,E10-ca_ztcf-20260919-20260906T135818848933Z,E10,ca_ztcf,20260919,default,primary,2026-09-06T13:58:18.816256+00:00,2026-09-06T13:58:18.925095+00:00,0.109,VALID,valid,,1b2dd830befbb58e3949b03deca6592ca395cd7b,a1d260b660c93e47a466deb9c00f26c880973356f7da4eda00cb8ec57cab044d,raw/E10-ca_ztcf-20260919-20260906T135818848933Z
a000884,E10-ca_ztcf-20260920-20260906T135818969199Z,E10,ca_ztcf,20260920,default,primary,2026-09-06T13:58:18.936715+00:00,2026-09-06T13:58:19.049836+00:00,0.113,VALID,valid,,1b2dd830befbb58e3949b03deca6592ca395cd7b,a1d260b660c93e47a466deb9c00f26c880973356f7da4eda00cb8ec57cab044d,raw/E10-ca_ztcf-20260920-20260906T135818969199Z
a000885,E10-ca_ztcf-20260921-20260906T135819094818Z,E10,ca_ztcf,20260921,default,primary,2026-09-06T13:58:19.062003+00:00,2026-09-06T13:58:19.163337+00:00,0.101,VALID,valid,,1b2dd830befbb58e3949b03deca6592ca395cd7b,a1d260b660c93e47a466deb9c00f26c880973356f7da4eda00cb8ec57cab044d,raw/E10-ca_ztcf-20260921-20260906T135819094818Z
a000886,E10-ca_ztcf-20260922-20260906T135819207792Z,E10,ca_ztcf,20260922,default,primary,2026-09-06T13:58:19.175246+00:00,2026-09-06T13:58:19.293459+00:00,0.118,VALID,valid,,1b2dd830befbb58e3949b03deca6592ca395cd7b,a1d260b660c93e47a466deb9c00f26c880973356f7da4eda00cb8ec57cab044d,raw/E10-ca_ztcf-20260922-20260906T135819207792Z
a000887,E10-ca_ztcf-20260923-20260906T135819339446Z,E10,ca_ztcf,20260923,default,primary,2026-09-06T13:58:19.305896+00:00,2026-09-06T13:58:19.417004+00:00,0.111,VALID,valid,,1b2dd830befbb58e3949b03deca6592ca395cd7b,a1d260b660c93e47a466deb9c00f26c880973356f7da4eda00cb8ec57cab044d,raw/E10-ca_ztcf-20260923-20260906T135819339446Z
a000888,E10-ca_ztcf-20260924-20260906T135819462298Z,E10,ca_ztcf,20260924,default,primary,2026-09-06T13:58:19.429404+00:00,2026-09-06T13:58:19.546262+00:00,0.117,VALID,valid,,1b2dd830befbb58e3949b03deca6592ca395cd7b,a1d260b660c93e47a466deb9c00f26c880973356f7da4eda00cb8ec57cab044d,raw/E10-ca_ztcf-20260924-20260906T135819462298Z
a000889,E10-ca_ztcf-20260925-20260906T135819594951Z,E10,ca_ztcf,20260925,default,primary,2026-09-06T13:58:19.560161+00:00,2026-09-06T13:58:19.680130+00:00,0.12,VALID,valid,,1b2dd830befbb58e3949b03deca6592ca395cd7b,a1d260b660c93e47a466deb9c00f26c880973356f7da4eda00cb8ec57cab044d,raw/E10-ca_ztcf-20260925-20260906T135819594951Z
a000890,E10-ca_ztcf-20260926-20260906T135819725430Z,E10,ca_ztcf,20260926,default,primary,2026-09-06T13:58:19.692587+00:00,2026-09-06T13:58:19.810145+00:00,0.118,VALID,valid,,1b2dd830befbb58e3949b03deca6592ca395cd7b,a1d260b660c93e47a466deb9c00f26c880973356f7da4eda00cb8ec57cab044d,raw/E10-ca_ztcf-20260926-20260906T135819725430Z
a000891,E10-ca_ztcf-20260927-20260906T135819855024Z,E10,ca_ztcf,20260927,default,primary,2026-09-06T13:58:19.822314+00:00,2026-09-06T13:58:19.928731+00:00,0.106,VALID,valid,,1b2dd830befbb58e3949b03deca6592ca395cd7b,a1d260b660c93e47a466deb9c00f26c880973356f7da4eda00cb8ec57cab044d,raw/E10-ca_ztcf-20260927-20260906T135819855024Z
a000892,E10-ca_ztcf-20260928-20260906T135819973139Z,E10,ca_ztcf,20260928,default,primary,2026-09-06T13:58:19.940413+00:00,2026-09-06T13:58:20.054422+00:00,0.114,VALID,valid,,1b2dd830befbb58e3949b03deca6592ca395cd7b,a1d260b660c93e47a466deb9c00f26c880973356f7da4eda00cb8ec57cab044d,raw/E10-ca_ztcf-20260928-20260906T135819973139Z
a000893,E10-ca_ztcf-20260929-20260906T135820099953Z,E10,ca_ztcf,20260929,default,primary,2026-09-06T13:58:20.066889+00:00,2026-09-06T13:58:20.177344+00:00,0.11,VALID,valid,,1b2dd830befbb58e3949b03deca6592ca395cd7b,a1d260b660c93e47a466deb9c00f26c880973356f7da4eda00cb8ec57cab044d,raw/E10-ca_ztcf-20260929-20260906T135820099953Z
a000894,E10-ca_ztcf-20260930-20260906T135820223136Z,E10,ca_ztcf,20260930,default,primary,2026-09-06T13:58:20.190188+00:00,2026-09-06T13:58:20.302209+00:00,0.112,VALID,valid,,1b2dd830befbb58e3949b03deca6592ca395cd7b,a1d260b660c93e47a466deb9c00f26c880973356f7da4eda00cb8ec57cab044d,raw/E10-ca_ztcf-20260930-20260906T135820223136Z
a000895,E10-ca_ztcf-20260931-20260906T135820347269Z,E10,ca_ztcf,20260931,default,primary,2026-09-06T13:58:20.314444+00:00,2026-09-06T13:58:20.431083+00:00,0.117,VALID,valid,,1b2dd830befbb58e3949b03deca6592ca395cd7b,a1d260b660c93e47a466deb9c00f26c880973356f7da4eda00cb8ec57cab044d,raw/E10-ca_ztcf-20260931-20260906T135820347269Z
a000896,E10-ca_ztcf-20260932-20260906T135820475402Z,E10,ca_ztcf,20260932,default,primary,2026-09-06T13:58:20.442603+00:00,2026-09-06T13:58:20.566178+00:00,0.124,VALID,valid,,1b2dd830befbb58e3949b03deca6592ca395cd7b,a1d260b660c93e47a466deb9c00f26c880973356f7da4eda00cb8ec57cab044d,raw/E10-ca_ztcf-20260932-20260906T135820475402Z
a000897,E10-ca_ztcf-20260933-20260906T135820611327Z,E10,ca_ztcf,20260933,default,primary,2026-09-06T13:58:20.578159+00:00,2026-09-06T13:58:20.697334+00:00,0.119,VALID,valid,,1b2dd830befbb58e3949b03deca6592ca395cd7b,a1d260b660c93e47a466deb9c00f26c880973356f7da4eda00cb8ec57cab044d,raw/E10-ca_ztcf-20260933-20260906T135820611327Z
a000898,E10-ca_ztcf-20260934-20260906T135820742232Z,E10,ca_ztcf,20260934,default,primary,2026-09-06T13:58:20.709404+00:00,2026-09-06T13:58:20.828334+00:00,0.119,VALID,valid,,1b2dd830befbb58e3949b03deca6592ca395cd7b,a1d260b660c93e47a466deb9c00f26c880973356f7da4eda00cb8ec57cab044d,raw/E10-ca_ztcf-20260934-20260906T135820742232Z
a000899,E10-ca_ztcf-20260935-20260906T135820872430Z,E10,ca_ztcf,20260935,default,primary,2026-09-06T13:58:20.839735+00:00,2026-09-06T13:58:20.939674+00:00,0.1,VALID,valid,,1b2dd830befbb58e3949b03deca6592ca395cd7b,a1d260b660c93e47a466deb9c00f26c880973356f7da4eda00cb8ec57cab044d,raw/E10-ca_ztcf-20260935-20260906T135820872430Z
a000900,E10-ca_ztcf-20260936-20260906T135820983989Z,E10,ca_ztcf,20260936,default,primary,2026-09-06T13:58:20.951373+00:00,2026-09-06T13:58:21.068056+00:00,0.117,VALID,valid,,1b2dd830befbb58e3949b03deca6592ca395cd7b,a1d260b660c93e47a466deb9c00f26c880973356f7da4eda00cb8ec57cab044d,raw/E10-ca_ztcf-20260936-20260906T135820983989Z
a000901,E11-independent-20260907-20260906T135821112110Z,E11,independent,20260907,default,primary,2026-09-06T13:58:21.079767+00:00,2026-09-06T13:58:21.193691+00:00,0.114,VALID,valid,,1b2dd830befbb58e3949b03deca6592ca395cd7b,a1d260b660c93e47a466deb9c00f26c880973356f7da4eda00cb8ec57cab044d,raw/E11-independent-20260907-20260906T135821112110Z
a000902,E11-independent-20260908-20260906T135821239417Z,E11,independent,20260908,default,primary,2026-09-06T13:58:21.206242+00:00,2026-09-06T13:58:21.315879+00:00,0.11,VALID,valid,,1b2dd830befbb58e3949b03deca6592ca395cd7b,a1d260b660c93e47a466deb9c00f26c880973356f7da4eda00cb8ec57cab044d,raw/E11-independent-20260908-20260906T135821239417Z
a000903,E11-independent-20260909-20260906T135821360241Z,E11,independent,20260909,default,primary,2026-09-06T13:58:21.327639+00:00,2026-09-06T13:58:21.442950+00:00,0.115,VALID,valid,,1b2dd830befbb58e3949b03deca6592ca395cd7b,a1d260b660c93e47a466deb9c00f26c880973356f7da4eda00cb8ec57cab044d,raw/E11-independent-20260909-20260906T135821360241Z
a000904,E11-independent-20260910-20260906T135821486926Z,E11,independent,20260910,default,primary,2026-09-06T13:58:21.454707+00:00,2026-09-06T13:58:21.565933+00:00,0.111,VALID,valid,,1b2dd830befbb58e3949b03deca6592ca395cd7b,a1d260b660c93e47a466deb9c00f26c880973356f7da4eda00cb8ec57cab044d,raw/E11-independent-20260910-20260906T135821486926Z
a000905,E11-independent-20260911-20260906T135821611041Z,E11,independent,20260911,default,primary,2026-09-06T13:58:21.578096+00:00,2026-09-06T13:58:21.696390+00:00,0.118,VALID,valid,,1b2dd830befbb58e3949b03deca6592ca395cd7b,a1d260b660c93e47a466deb9c00f26c880973356f7da4eda00cb8ec57cab044d,raw/E11-independent-20260911-20260906T135821611041Z
a000906,E11-independent-20260912-20260906T135821742649Z,E11,independent,20260912,default,primary,2026-09-06T13:58:21.709126+00:00,2026-09-06T13:58:21.828306+00:00,0.119,VALID,valid,,1b2dd830befbb58e3949b03deca6592ca395cd7b,a1d260b660c93e47a466deb9c00f26c880973356f7da4eda00cb8ec57cab044d,raw/E11-independent-20260912-20260906T135821742649Z
a000907,E11-independent-20260913-20260906T135821872786Z,E11,independent,20260913,default,primary,2026-09-06T13:58:21.840156+00:00,2026-09-06T13:58:21.955501+00:00,0.115,VALID,valid,,1b2dd830befbb58e3949b03deca6592ca395cd7b,a1d260b660c93e47a466deb9c00f26c880973356f7da4eda00cb8ec57cab044d,raw/E11-independent-20260913-20260906T135821872786Z
a000908,E11-independent-20260914-20260906T135822000185Z,E11,independent,20260914,default,primary,2026-09-06T13:58:21.967279+00:00,2026-09-06T13:58:22.079312+00:00,0.112,VALID,valid,,1b2dd830befbb58e3949b03deca6592ca395cd7b,a1d260b660c93e47a466deb9c00f26c880973356f7da4eda00cb8ec57cab044d,raw/E11-independent-20260914-20260906T135822000185Z
a000909,E11-independent-20260915-20260906T135822123262Z,E11,independent,20260915,default,primary,2026-09-06T13:58:22.090890+00:00,2026-09-06T13:58:22.204128+00:00,0.113,VALID,valid,,1b2dd830befbb58e3949b03deca6592ca395cd7b,a1d260b660c93e47a466deb9c00f26c880973356f7da4eda00cb8ec57cab044d,raw/E11-independent-20260915-20260906T135822123262Z
a000910,E11-independent-20260916-20260906T135822249407Z,E11,independent,20260916,default,primary,2026-09-06T13:58:22.216889+00:00,2026-09-06T13:58:22.326621+00:00,0.11,VALID,valid,,1b2dd830befbb58e3949b03deca6592ca395cd7b,a1d260b660c93e47a466deb9c00f26c880973356f7da4eda00cb8ec57cab044d,raw/E11-independent-20260916-20260906T135822249407Z
a000911,E11-independent-20260917-20260906T135822372292Z,E11,independent,20260917,default,primary,2026-09-06T13:58:22.339617+00:00,2026-09-06T13:58:22.442259+00:00,0.103,VALID,valid,,1b2dd830befbb58e3949b03deca6592ca395cd7b,a1d260b660c93e47a466deb9c00f26c880973356f7da4eda00cb8ec57cab044d,raw/E11-independent-20260917-20260906T135822372292Z
a000912,E11-independent-20260918-20260906T135822487731Z,E11,independent,20260918,default,primary,2026-09-06T13:58:22.454851+00:00,2026-09-06T13:58:22.569293+00:00,0.114,VALID,valid,,1b2dd830befbb58e3949b03deca6592ca395cd7b,a1d260b660c93e47a466deb9c00f26c880973356f7da4eda00cb8ec57cab044d,raw/E11-independent-20260918-20260906T135822487731Z
a000913,E11-independent-20260919-20260906T135822615557Z,E11,independent,20260919,default,primary,2026-09-06T13:58:22.581839+00:00,2026-09-06T13:58:22.696539+00:00,0.115,VALID,valid,,1b2dd830befbb58e3949b03deca6592ca395cd7b,a1d260b660c93e47a466deb9c00f26c880973356f7da4eda00cb8ec57cab044d,raw/E11-independent-20260919-20260906T135822615557Z
a000914,E11-independent-20260920-20260906T135822741703Z,E11,independent,20260920,default,primary,2026-09-06T13:58:22.709225+00:00,2026-09-06T13:58:22.824097+00:00,0.115,VALID,valid,,1b2dd830befbb58e3949b03deca6592ca395cd7b,a1d260b660c93e47a466deb9c00f26c880973356f7da4eda00cb8ec57cab044d,raw/E11-independent-20260920-20260906T135822741703Z
a000915,E11-independent-20260921-20260906T135822868993Z,E11,independent,20260921,default,primary,2026-09-06T13:58:22.836150+00:00,2026-09-06T13:58:22.953941+00:00,0.118,VALID,valid,,1b2dd830befbb58e3949b03deca6592ca395cd7b,a1d260b660c93e47a466deb9c00f26c880973356f7da4eda00cb8ec57cab044d,raw/E11-independent-20260921-20260906T135822868993Z
a000916,E11-independent-20260922-20260906T135822999165Z,E11,independent,20260922,default,primary,2026-09-06T13:58:22.966672+00:00,2026-09-06T13:58:23.069800+00:00,0.103,VALID,valid,,1b2dd830befbb58e3949b03deca6592ca395cd7b,a1d260b660c93e47a466deb9c00f26c880973356f7da4eda00cb8ec57cab044d,raw/E11-independent-20260922-20260906T135822999165Z
a000917,E11-independent-20260923-20260906T135823114979Z,E11,independent,20260923,default,primary,2026-09-06T13:58:23.082213+00:00,2026-09-06T13:58:23.197680+00:00,0.115,VALID,valid,,1b2dd830befbb58e3949b03deca6592ca395cd7b,a1d260b660c93e47a466deb9c00f26c880973356f7da4eda00cb8ec57cab044d,raw/E11-independent-20260923-20260906T135823114979Z
a000918,E11-independent-20260924-20260906T135823242883Z,E11,independent,20260924,default,primary,2026-09-06T13:58:23.210059+00:00,2026-09-06T13:58:23.317350+00:00,0.107,VALID,valid,,1b2dd830befbb58e3949b03deca6592ca395cd7b,a1d260b660c93e47a466deb9c00f26c880973356f7da4eda00cb8ec57cab044d,raw/E11-independent-20260924-20260906T135823242883Z
a000919,E11-independent-20260925-20260906T135823362966Z,E11,independent,20260925,default,primary,2026-09-06T13:58:23.329793+00:00,2026-09-06T13:58:23.437541+00:00,0.108,VALID,valid,,1b2dd830befbb58e3949b03deca6592ca395cd7b,a1d260b660c93e47a466deb9c00f26c880973356f7da4eda00cb8ec57cab044d,raw/E11-independent-20260925-20260906T135823362966Z
a000920,E11-independent-20260926-20260906T135823481471Z,E11,independent,20260926,default,primary,2026-09-06T13:58:23.449275+00:00,2026-09-06T13:58:23.565434+00:00,0.116,VALID,valid,,1b2dd830befbb58e3949b03deca6592ca395cd7b,a1d260b660c93e47a466deb9c00f26c880973356f7da4eda00cb8ec57cab044d,raw/E11-independent-20260926-20260906T135823481471Z
a000921,E11-independent-20260927-20260906T135823610486Z,E11,independent,20260927,default,primary,2026-09-06T13:58:23.577738+00:00,2026-09-06T13:58:23.714912+00:00,0.137,VALID,valid,,1b2dd830befbb58e3949b03deca6592ca395cd7b,a1d260b660c93e47a466deb9c00f26c880973356f7da4eda00cb8ec57cab044d,raw/E11-independent-20260927-20260906T135823610486Z
a000922,E11-independent-20260928-20260906T135823761818Z,E11,independent,20260928,default,primary,2026-09-06T13:58:23.728227+00:00,2026-09-06T13:58:23.841561+00:00,0.113,VALID,valid,,1b2dd830befbb58e3949b03deca6592ca395cd7b,a1d260b660c93e47a466deb9c00f26c880973356f7da4eda00cb8ec57cab044d,raw/E11-independent-20260928-20260906T135823761818Z
a000923,E11-independent-20260929-20260906T135823885888Z,E11,independent,20260929,default,primary,2026-09-06T13:58:23.853330+00:00,2026-09-06T13:58:23.973666+00:00,0.12,VALID,valid,,1b2dd830befbb58e3949b03deca6592ca395cd7b,a1d260b660c93e47a466deb9c00f26c880973356f7da4eda00cb8ec57cab044d,raw/E11-independent-20260929-20260906T135823885888Z
a000924,E11-independent-20260930-20260906T135824021357Z,E11,independent,20260930,default,primary,2026-09-06T13:58:23.986603+00:00,2026-09-06T13:58:24.101965+00:00,0.115,VALID,valid,,1b2dd830befbb58e3949b03deca6592ca395cd7b,a1d260b660c93e47a466deb9c00f26c880973356f7da4eda00cb8ec57cab044d,raw/E11-independent-20260930-20260906T135824021357Z
a000925,E11-independent-20260931-20260906T135824146733Z,E11,independent,20260931,default,primary,2026-09-06T13:58:24.114288+00:00,2026-09-06T13:58:24.224236+00:00,0.11,VALID,valid,,1b2dd830befbb58e3949b03deca6592ca395cd7b,a1d260b660c93e47a466deb9c00f26c880973356f7da4eda00cb8ec57cab044d,raw/E11-independent-20260931-20260906T135824146733Z
a000926,E11-independent-20260932-20260906T135824268804Z,E11,independent,20260932,default,primary,2026-09-06T13:58:24.236430+00:00,2026-09-06T13:58:24.347605+00:00,0.111,VALID,valid,,1b2dd830befbb58e3949b03deca6592ca395cd7b,a1d260b660c93e47a466deb9c00f26c880973356f7da4eda00cb8ec57cab044d,raw/E11-independent-20260932-20260906T135824268804Z
a000927,E11-independent-20260933-20260906T135824391511Z,E11,independent,20260933,default,primary,2026-09-06T13:58:24.359197+00:00,2026-09-06T13:58:24.469577+00:00,0.11,VALID,valid,,1b2dd830befbb58e3949b03deca6592ca395cd7b,a1d260b660c93e47a466deb9c00f26c880973356f7da4eda00cb8ec57cab044d,raw/E11-independent-20260933-20260906T135824391511Z
a000928,E11-independent-20260934-20260906T135824514730Z,E11,independent,20260934,default,primary,2026-09-06T13:58:24.481217+00:00,2026-09-06T13:58:24.596664+00:00,0.115,VALID,valid,,1b2dd830befbb58e3949b03deca6592ca395cd7b,a1d260b660c93e47a466deb9c00f26c880973356f7da4eda00cb8ec57cab044d,raw/E11-independent-20260934-20260906T135824514730Z
a000929,E11-independent-20260935-20260906T135824641584Z,E11,independent,20260935,default,primary,2026-09-06T13:58:24.608958+00:00,2026-09-06T13:58:24.725040+00:00,0.116,VALID,valid,,1b2dd830befbb58e3949b03deca6592ca395cd7b,a1d260b660c93e47a466deb9c00f26c880973356f7da4eda00cb8ec57cab044d,raw/E11-independent-20260935-20260906T135824641584Z
a000930,E11-independent-20260936-20260906T135824770515Z,E11,independent,20260936,default,primary,2026-09-06T13:58:24.737737+00:00,2026-09-06T13:58:24.852702+00:00,0.115,VALID,valid,,1b2dd830befbb58e3949b03deca6592ca395cd7b,a1d260b660c93e47a466deb9c00f26c880973356f7da4eda00cb8ec57cab044d,raw/E11-independent-20260936-20260906T135824770515Z
a000931,E11-static_continuity-20260907-20260906T135824896808Z,E11,static_continuity,20260907,default,primary,2026-09-06T13:58:24.864445+00:00,2026-09-06T13:58:24.984365+00:00,0.12,VALID,valid,,1b2dd830befbb58e3949b03deca6592ca395cd7b,a1d260b660c93e47a466deb9c00f26c880973356f7da4eda00cb8ec57cab044d,raw/E11-static_continuity-20260907-20260906T135824896808Z
a000932,E11-static_continuity-20260908-20260906T135825028181Z,E11,static_continuity,20260908,default,primary,2026-09-06T13:58:24.996131+00:00,2026-09-06T13:58:25.110909+00:00,0.115,VALID,valid,,1b2dd830befbb58e3949b03deca6592ca395cd7b,a1d260b660c93e47a466deb9c00f26c880973356f7da4eda00cb8ec57cab044d,raw/E11-static_continuity-20260908-20260906T135825028181Z
a000933,E11-static_continuity-20260909-20260906T135825155993Z,E11,static_continuity,20260909,default,primary,2026-09-06T13:58:25.122978+00:00,2026-09-06T13:58:25.235618+00:00,0.113,VALID,valid,,1b2dd830befbb58e3949b03deca6592ca395cd7b,a1d260b660c93e47a466deb9c00f26c880973356f7da4eda00cb8ec57cab044d,raw/E11-static_continuity-20260909-20260906T135825155993Z
a000934,E11-static_continuity-20260910-20260906T135825280316Z,E11,static_continuity,20260910,default,primary,2026-09-06T13:58:25.248216+00:00,2026-09-06T13:58:25.359572+00:00,0.111,VALID,valid,,1b2dd830befbb58e3949b03deca6592ca395cd7b,a1d260b660c93e47a466deb9c00f26c880973356f7da4eda00cb8ec57cab044d,raw/E11-static_continuity-20260910-20260906T135825280316Z
a000935,E11-static_continuity-20260911-20260906T135825404672Z,E11,static_continuity,20260911,default,primary,2026-09-06T13:58:25.372262+00:00,2026-09-06T13:58:25.486291+00:00,0.114,VALID,valid,,1b2dd830befbb58e3949b03deca6592ca395cd7b,a1d260b660c93e47a466deb9c00f26c880973356f7da4eda00cb8ec57cab044d,raw/E11-static_continuity-20260911-20260906T135825404672Z
a000936,E11-static_continuity-20260912-20260906T135825531412Z,E11,static_continuity,20260912,default,primary,2026-09-06T13:58:25.498581+00:00,2026-09-06T13:58:25.604554+00:00,0.106,VALID,valid,,1b2dd830befbb58e3949b03deca6592ca395cd7b,a1d260b660c93e47a466deb9c00f26c880973356f7da4eda00cb8ec57cab044d,raw/E11-static_continuity-20260912-20260906T135825531412Z
a000937,E11-static_continuity-20260913-20260906T135825648892Z,E11,static_continuity,20260913,default,primary,2026-09-06T13:58:25.616414+00:00,2026-09-06T13:58:25.734119+00:00,0.118,VALID,valid,,1b2dd830befbb58e3949b03deca6592ca395cd7b,a1d260b660c93e47a466deb9c00f26c880973356f7da4eda00cb8ec57cab044d,raw/E11-static_continuity-20260913-20260906T135825648892Z
a000938,E11-static_continuity-20260914-20260906T135825780100Z,E11,static_continuity,20260914,default,primary,2026-09-06T13:58:25.746864+00:00,2026-09-06T13:58:25.866593+00:00,0.12,VALID,valid,,1b2dd830befbb58e3949b03deca6592ca395cd7b,a1d260b660c93e47a466deb9c00f26c880973356f7da4eda00cb8ec57cab044d,raw/E11-static_continuity-20260914-20260906T135825780100Z
a000939,E11-static_continuity-20260915-20260906T135825913419Z,E11,static_continuity,20260915,default,primary,2026-09-06T13:58:25.878452+00:00,2026-09-06T13:58:26.004869+00:00,0.126,VALID,valid,,1b2dd830befbb58e3949b03deca6592ca395cd7b,a1d260b660c93e47a466deb9c00f26c880973356f7da4eda00cb8ec57cab044d,raw/E11-static_continuity-20260915-20260906T135825913419Z
a000940,E11-static_continuity-20260916-20260906T135826051009Z,E11,static_continuity,20260916,default,primary,2026-09-06T13:58:26.017791+00:00,2026-09-06T13:58:26.133057+00:00,0.115,VALID,valid,,1b2dd830befbb58e3949b03deca6592ca395cd7b,a1d260b660c93e47a466deb9c00f26c880973356f7da4eda00cb8ec57cab044d,raw/E11-static_continuity-20260916-20260906T135826051009Z
a000941,E11-static_continuity-20260917-20260906T135826178611Z,E11,static_continuity,20260917,default,primary,2026-09-06T13:58:26.145728+00:00,2026-09-06T13:58:26.243315+00:00,0.098,VALID,valid,,1b2dd830befbb58e3949b03deca6592ca395cd7b,a1d260b660c93e47a466deb9c00f26c880973356f7da4eda00cb8ec57cab044d,raw/E11-static_continuity-20260917-20260906T135826178611Z
a000942,E11-static_continuity-20260918-20260906T135826288141Z,E11,static_continuity,20260918,default,primary,2026-09-06T13:58:26.255955+00:00,2026-09-06T13:58:26.361233+00:00,0.105,VALID,valid,,1b2dd830befbb58e3949b03deca6592ca395cd7b,a1d260b660c93e47a466deb9c00f26c880973356f7da4eda00cb8ec57cab044d,raw/E11-static_continuity-20260918-20260906T135826288141Z
a000943,E11-static_continuity-20260919-20260906T135826406520Z,E11,static_continuity,20260919,default,primary,2026-09-06T13:58:26.374038+00:00,2026-09-06T13:58:26.472061+00:00,0.098,VALID,valid,,1b2dd830befbb58e3949b03deca6592ca395cd7b,a1d260b660c93e47a466deb9c00f26c880973356f7da4eda00cb8ec57cab044d,raw/E11-static_continuity-20260919-20260906T135826406520Z
a000944,E11-static_continuity-20260920-20260906T135826517038Z,E11,static_continuity,20260920,default,primary,2026-09-06T13:58:26.484267+00:00,2026-09-06T13:58:26.594841+00:00,0.111,VALID,valid,,1b2dd830befbb58e3949b03deca6592ca395cd7b,a1d260b660c93e47a466deb9c00f26c880973356f7da4eda00cb8ec57cab044d,raw/E11-static_continuity-20260920-20260906T135826517038Z
a000945,E11-static_continuity-20260921-20260906T135826640944Z,E11,static_continuity,20260921,default,primary,2026-09-06T13:58:26.607828+00:00,2026-09-06T13:58:26.711679+00:00,0.104,VALID,valid,,1b2dd830befbb58e3949b03deca6592ca395cd7b,a1d260b660c93e47a466deb9c00f26c880973356f7da4eda00cb8ec57cab044d,raw/E11-static_continuity-20260921-20260906T135826640944Z
a000946,E11-static_continuity-20260922-20260906T135826756143Z,E11,static_continuity,20260922,default,primary,2026-09-06T13:58:26.723633+00:00,2026-09-06T13:58:26.842501+00:00,0.119,VALID,valid,,1b2dd830befbb58e3949b03deca6592ca395cd7b,a1d260b660c93e47a466deb9c00f26c880973356f7da4eda00cb8ec57cab044d,raw/E11-static_continuity-20260922-20260906T135826756143Z
a000947,E11-static_continuity-20260923-20260906T135826886108Z,E11,static_continuity,20260923,default,primary,2026-09-06T13:58:26.854013+00:00,2026-09-06T13:58:26.975127+00:00,0.121,VALID,valid,,1b2dd830befbb58e3949b03deca6592ca395cd7b,a1d260b660c93e47a466deb9c00f26c880973356f7da4eda00cb8ec57cab044d,raw/E11-static_continuity-20260923-20260906T135826886108Z
a000948,E11-static_continuity-20260924-20260906T135827020032Z,E11,static_continuity,20260924,default,primary,2026-09-06T13:58:26.986867+00:00,2026-09-06T13:58:27.104157+00:00,0.117,VALID,valid,,1b2dd830befbb58e3949b03deca6592ca395cd7b,a1d260b660c93e47a466deb9c00f26c880973356f7da4eda00cb8ec57cab044d,raw/E11-static_continuity-20260924-20260906T135827020032Z
a000949,E11-static_continuity-20260925-20260906T135827148909Z,E11,static_continuity,20260925,default,primary,2026-09-06T13:58:27.116466+00:00,2026-09-06T13:58:27.220094+00:00,0.104,VALID,valid,,1b2dd830befbb58e3949b03deca6592ca395cd7b,a1d260b660c93e47a466deb9c00f26c880973356f7da4eda00cb8ec57cab044d,raw/E11-static_continuity-20260925-20260906T135827148909Z
a000950,E11-static_continuity-20260926-20260906T135827265586Z,E11,static_continuity,20260926,default,primary,2026-09-06T13:58:27.232182+00:00,2026-09-06T13:58:27.344142+00:00,0.112,VALID,valid,,1b2dd830befbb58e3949b03deca6592ca395cd7b,a1d260b660c93e47a466deb9c00f26c880973356f7da4eda00cb8ec57cab044d,raw/E11-static_continuity-20260926-20260906T135827265586Z
a000951,E11-static_continuity-20260927-20260906T135827388846Z,E11,static_continuity,20260927,default,primary,2026-09-06T13:58:27.356471+00:00,2026-09-06T13:58:27.467786+00:00,0.111,VALID,valid,,1b2dd830befbb58e3949b03deca6592ca395cd7b,a1d260b660c93e47a466deb9c00f26c880973356f7da4eda00cb8ec57cab044d,raw/E11-static_continuity-20260927-20260906T135827388846Z
a000952,E11-static_continuity-20260928-20260906T135827513302Z,E11,static_continuity,20260928,default,primary,2026-09-06T13:58:27.480511+00:00,2026-09-06T13:58:27.596211+00:00,0.116,VALID,valid,,1b2dd830befbb58e3949b03deca6592ca395cd7b,a1d260b660c93e47a466deb9c00f26c880973356f7da4eda00cb8ec57cab044d,raw/E11-static_continuity-20260928-20260906T135827513302Z
a000953,E11-static_continuity-20260929-20260906T135827641195Z,E11,static_continuity,20260929,default,primary,2026-09-06T13:58:27.608814+00:00,2026-09-06T13:58:27.717227+00:00,0.108,VALID,valid,,1b2dd830befbb58e3949b03deca6592ca395cd7b,a1d260b660c93e47a466deb9c00f26c880973356f7da4eda00cb8ec57cab044d,raw/E11-static_continuity-20260929-20260906T135827641195Z
a000954,E11-static_continuity-20260930-20260906T135827762069Z,E11,static_continuity,20260930,default,primary,2026-09-06T13:58:27.729325+00:00,2026-09-06T13:58:27.830676+00:00,0.101,VALID,valid,,1b2dd830befbb58e3949b03deca6592ca395cd7b,a1d260b660c93e47a466deb9c00f26c880973356f7da4eda00cb8ec57cab044d,raw/E11-static_continuity-20260930-20260906T135827762069Z
a000955,E11-static_continuity-20260931-20260906T135827874752Z,E11,static_continuity,20260931,default,primary,2026-09-06T13:58:27.842598+00:00,2026-09-06T13:58:27.956788+00:00,0.114,VALID,valid,,1b2dd830befbb58e3949b03deca6592ca395cd7b,a1d260b660c93e47a466deb9c00f26c880973356f7da4eda00cb8ec57cab044d,raw/E11-static_continuity-20260931-20260906T135827874752Z
a000956,E11-static_continuity-20260932-20260906T135828000597Z,E11,static_continuity,20260932,default,primary,2026-09-06T13:58:27.968216+00:00,2026-09-06T13:58:28.087023+00:00,0.119,VALID,valid,,1b2dd830befbb58e3949b03deca6592ca395cd7b,a1d260b660c93e47a466deb9c00f26c880973356f7da4eda00cb8ec57cab044d,raw/E11-static_continuity-20260932-20260906T135828000597Z
a000957,E11-static_continuity-20260933-20260906T135828130973Z,E11,static_continuity,20260933,default,primary,2026-09-06T13:58:28.098405+00:00,2026-09-06T13:58:28.215003+00:00,0.117,VALID,valid,,1b2dd830befbb58e3949b03deca6592ca395cd7b,a1d260b660c93e47a466deb9c00f26c880973356f7da4eda00cb8ec57cab044d,raw/E11-static_continuity-20260933-20260906T135828130973Z
a000958,E11-static_continuity-20260934-20260906T135828259997Z,E11,static_continuity,20260934,default,primary,2026-09-06T13:58:28.227263+00:00,2026-09-06T13:58:28.337291+00:00,0.11,VALID,valid,,1b2dd830befbb58e3949b03deca6592ca395cd7b,a1d260b660c93e47a466deb9c00f26c880973356f7da4eda00cb8ec57cab044d,raw/E11-static_continuity-20260934-20260906T135828259997Z
a000959,E11-static_continuity-20260935-20260906T135828381819Z,E11,static_continuity,20260935,default,primary,2026-09-06T13:58:28.349582+00:00,2026-09-06T13:58:28.459244+00:00,0.11,VALID,valid,,1b2dd830befbb58e3949b03deca6592ca395cd7b,a1d260b660c93e47a466deb9c00f26c880973356f7da4eda00cb8ec57cab044d,raw/E11-static_continuity-20260935-20260906T135828381819Z
a000960,E11-static_continuity-20260936-20260906T135828503715Z,E11,static_continuity,20260936,default,primary,2026-09-06T13:58:28.471219+00:00,2026-09-06T13:58:28.578856+00:00,0.108,VALID,valid,,1b2dd830befbb58e3949b03deca6592ca395cd7b,a1d260b660c93e47a466deb9c00f26c880973356f7da4eda00cb8ec57cab044d,raw/E11-static_continuity-20260936-20260906T135828503715Z
a000961,E11-ca_ztcf-20260907-20260906T135828623256Z,E11,ca_ztcf,20260907,default,primary,2026-09-06T13:58:28.590972+00:00,2026-09-06T13:58:28.699081+00:00,0.108,VALID,valid,,1b2dd830befbb58e3949b03deca6592ca395cd7b,a1d260b660c93e47a466deb9c00f26c880973356f7da4eda00cb8ec57cab044d,raw/E11-ca_ztcf-20260907-20260906T135828623256Z
a000962,E11-ca_ztcf-20260908-20260906T135828744242Z,E11,ca_ztcf,20260908,default,primary,2026-09-06T13:58:28.711072+00:00,2026-09-06T13:58:28.820797+00:00,0.11,VALID,valid,,1b2dd830befbb58e3949b03deca6592ca395cd7b,a1d260b660c93e47a466deb9c00f26c880973356f7da4eda00cb8ec57cab044d,raw/E11-ca_ztcf-20260908-20260906T135828744242Z
a000963,E11-ca_ztcf-20260909-20260906T135828865238Z,E11,ca_ztcf,20260909,default,primary,2026-09-06T13:58:28.832683+00:00,2026-09-06T13:58:28.946880+00:00,0.114,VALID,valid,,1b2dd830befbb58e3949b03deca6592ca395cd7b,a1d260b660c93e47a466deb9c00f26c880973356f7da4eda00cb8ec57cab044d,raw/E11-ca_ztcf-20260909-20260906T135828865238Z
a000964,E11-ca_ztcf-20260910-20260906T135828990990Z,E11,ca_ztcf,20260910,default,primary,2026-09-06T13:58:28.958650+00:00,2026-09-06T13:58:29.072999+00:00,0.114,VALID,valid,,1b2dd830befbb58e3949b03deca6592ca395cd7b,a1d260b660c93e47a466deb9c00f26c880973356f7da4eda00cb8ec57cab044d,raw/E11-ca_ztcf-20260910-20260906T135828990990Z
a000965,E11-ca_ztcf-20260911-20260906T135829116940Z,E11,ca_ztcf,20260911,default,primary,2026-09-06T13:58:29.084588+00:00,2026-09-06T13:58:29.188583+00:00,0.104,VALID,valid,,1b2dd830befbb58e3949b03deca6592ca395cd7b,a1d260b660c93e47a466deb9c00f26c880973356f7da4eda00cb8ec57cab044d,raw/E11-ca_ztcf-20260911-20260906T135829116940Z
a000966,E11-ca_ztcf-20260912-20260906T135829233084Z,E11,ca_ztcf,20260912,default,primary,2026-09-06T13:58:29.200713+00:00,2026-09-06T13:58:29.315811+00:00,0.115,VALID,valid,,1b2dd830befbb58e3949b03deca6592ca395cd7b,a1d260b660c93e47a466deb9c00f26c880973356f7da4eda00cb8ec57cab044d,raw/E11-ca_ztcf-20260912-20260906T135829233084Z
a000967,E11-ca_ztcf-20260913-20260906T135829360628Z,E11,ca_ztcf,20260913,default,primary,2026-09-06T13:58:29.328103+00:00,2026-09-06T13:58:29.443999+00:00,0.116,VALID,valid,,1b2dd830befbb58e3949b03deca6592ca395cd7b,a1d260b660c93e47a466deb9c00f26c880973356f7da4eda00cb8ec57cab044d,raw/E11-ca_ztcf-20260913-20260906T135829360628Z
a000968,E11-ca_ztcf-20260914-20260906T135829488834Z,E11,ca_ztcf,20260914,default,primary,2026-09-06T13:58:29.456491+00:00,2026-09-06T13:58:29.574719+00:00,0.118,VALID,valid,,1b2dd830befbb58e3949b03deca6592ca395cd7b,a1d260b660c93e47a466deb9c00f26c880973356f7da4eda00cb8ec57cab044d,raw/E11-ca_ztcf-20260914-20260906T135829488834Z
a000969,E11-ca_ztcf-20260915-20260906T135829618678Z,E11,ca_ztcf,20260915,default,primary,2026-09-06T13:58:29.586057+00:00,2026-09-06T13:58:29.703660+00:00,0.118,VALID,valid,,1b2dd830befbb58e3949b03deca6592ca395cd7b,a1d260b660c93e47a466deb9c00f26c880973356f7da4eda00cb8ec57cab044d,raw/E11-ca_ztcf-20260915-20260906T135829618678Z
a000970,E11-ca_ztcf-20260916-20260906T135829748527Z,E11,ca_ztcf,20260916,default,primary,2026-09-06T13:58:29.716229+00:00,2026-09-06T13:58:29.826862+00:00,0.111,VALID,valid,,1b2dd830befbb58e3949b03deca6592ca395cd7b,a1d260b660c93e47a466deb9c00f26c880973356f7da4eda00cb8ec57cab044d,raw/E11-ca_ztcf-20260916-20260906T135829748527Z
a000971,E11-ca_ztcf-20260917-20260906T135829870797Z,E11,ca_ztcf,20260917,default,primary,2026-09-06T13:58:29.838413+00:00,2026-09-06T13:58:29.938523+00:00,0.1,VALID,valid,,1b2dd830befbb58e3949b03deca6592ca395cd7b,a1d260b660c93e47a466deb9c00f26c880973356f7da4eda00cb8ec57cab044d,raw/E11-ca_ztcf-20260917-20260906T135829870797Z
a000972,E11-ca_ztcf-20260918-20260906T135829982983Z,E11,ca_ztcf,20260918,default,primary,2026-09-06T13:58:29.950675+00:00,2026-09-06T13:58:30.061825+00:00,0.111,VALID,valid,,1b2dd830befbb58e3949b03deca6592ca395cd7b,a1d260b660c93e47a466deb9c00f26c880973356f7da4eda00cb8ec57cab044d,raw/E11-ca_ztcf-20260918-20260906T135829982983Z
a000973,E11-ca_ztcf-20260919-20260906T135830105003Z,E11,ca_ztcf,20260919,default,primary,2026-09-06T13:58:30.073123+00:00,2026-09-06T13:58:30.192773+00:00,0.12,VALID,valid,,1b2dd830befbb58e3949b03deca6592ca395cd7b,a1d260b660c93e47a466deb9c00f26c880973356f7da4eda00cb8ec57cab044d,raw/E11-ca_ztcf-20260919-20260906T135830105003Z
a000974,E11-ca_ztcf-20260920-20260906T135830237492Z,E11,ca_ztcf,20260920,default,primary,2026-09-06T13:58:30.205536+00:00,2026-09-06T13:58:30.304442+00:00,0.099,VALID,valid,,1b2dd830befbb58e3949b03deca6592ca395cd7b,a1d260b660c93e47a466deb9c00f26c880973356f7da4eda00cb8ec57cab044d,raw/E11-ca_ztcf-20260920-20260906T135830237492Z
a000975,E11-ca_ztcf-20260921-20260906T135830350551Z,E11,ca_ztcf,20260921,default,primary,2026-09-06T13:58:30.316867+00:00,2026-09-06T13:58:30.488289+00:00,0.171,VALID,valid,,1b2dd830befbb58e3949b03deca6592ca395cd7b,a1d260b660c93e47a466deb9c00f26c880973356f7da4eda00cb8ec57cab044d,raw/E11-ca_ztcf-20260921-20260906T135830350551Z
a000976,E11-ca_ztcf-20260922-20260906T135830545901Z,E11,ca_ztcf,20260922,default,primary,2026-09-06T13:58:30.505810+00:00,2026-09-06T13:58:30.639807+00:00,0.134,VALID,valid,,1b2dd830befbb58e3949b03deca6592ca395cd7b,a1d260b660c93e47a466deb9c00f26c880973356f7da4eda00cb8ec57cab044d,raw/E11-ca_ztcf-20260922-20260906T135830545901Z
a000977,E11-ca_ztcf-20260923-20260906T135830685715Z,E11,ca_ztcf,20260923,default,primary,2026-09-06T13:58:30.651916+00:00,2026-09-06T13:58:30.770410+00:00,0.118,VALID,valid,,1b2dd830befbb58e3949b03deca6592ca395cd7b,a1d260b660c93e47a466deb9c00f26c880973356f7da4eda00cb8ec57cab044d,raw/E11-ca_ztcf-20260923-20260906T135830685715Z
a000978,E11-ca_ztcf-20260924-20260906T135830819311Z,E11,ca_ztcf,20260924,default,primary,2026-09-06T13:58:30.783342+00:00,2026-09-06T13:58:30.902852+00:00,0.119,VALID,valid,,1b2dd830befbb58e3949b03deca6592ca395cd7b,a1d260b660c93e47a466deb9c00f26c880973356f7da4eda00cb8ec57cab044d,raw/E11-ca_ztcf-20260924-20260906T135830819311Z
a000979,E11-ca_ztcf-20260925-20260906T135830948706Z,E11,ca_ztcf,20260925,default,primary,2026-09-06T13:58:30.915426+00:00,2026-09-06T13:58:31.038131+00:00,0.123,VALID,valid,,1b2dd830befbb58e3949b03deca6592ca395cd7b,a1d260b660c93e47a466deb9c00f26c880973356f7da4eda00cb8ec57cab044d,raw/E11-ca_ztcf-20260925-20260906T135830948706Z
a000980,E11-ca_ztcf-20260926-20260906T135831083136Z,E11,ca_ztcf,20260926,default,primary,2026-09-06T13:58:31.050119+00:00,2026-09-06T13:58:31.168804+00:00,0.119,VALID,valid,,1b2dd830befbb58e3949b03deca6592ca395cd7b,a1d260b660c93e47a466deb9c00f26c880973356f7da4eda00cb8ec57cab044d,raw/E11-ca_ztcf-20260926-20260906T135831083136Z
a000981,E11-ca_ztcf-20260927-20260906T135831213942Z,E11,ca_ztcf,20260927,default,primary,2026-09-06T13:58:31.181198+00:00,2026-09-06T13:58:31.296435+00:00,0.115,VALID,valid,,1b2dd830befbb58e3949b03deca6592ca395cd7b,a1d260b660c93e47a466deb9c00f26c880973356f7da4eda00cb8ec57cab044d,raw/E11-ca_ztcf-20260927-20260906T135831213942Z
a000982,E11-ca_ztcf-20260928-20260906T135831358900Z,E11,ca_ztcf,20260928,default,primary,2026-09-06T13:58:31.310296+00:00,2026-09-06T13:58:31.443502+00:00,0.133,VALID,valid,,1b2dd830befbb58e3949b03deca6592ca395cd7b,a1d260b660c93e47a466deb9c00f26c880973356f7da4eda00cb8ec57cab044d,raw/E11-ca_ztcf-20260928-20260906T135831358900Z
a000983,E11-ca_ztcf-20260929-20260906T135831495546Z,E11,ca_ztcf,20260929,default,primary,2026-09-06T13:58:31.457640+00:00,2026-09-06T13:58:31.584609+00:00,0.127,VALID,valid,,1b2dd830befbb58e3949b03deca6592ca395cd7b,a1d260b660c93e47a466deb9c00f26c880973356f7da4eda00cb8ec57cab044d,raw/E11-ca_ztcf-20260929-20260906T135831495546Z
a000984,E11-ca_ztcf-20260930-20260906T135831633501Z,E11,ca_ztcf,20260930,default,primary,2026-09-06T13:58:31.598053+00:00,2026-09-06T13:58:31.714614+00:00,0.117,VALID,valid,,1b2dd830befbb58e3949b03deca6592ca395cd7b,a1d260b660c93e47a466deb9c00f26c880973356f7da4eda00cb8ec57cab044d,raw/E11-ca_ztcf-20260930-20260906T135831633501Z
a000985,E11-ca_ztcf-20260931-20260906T135831762645Z,E11,ca_ztcf,20260931,default,primary,2026-09-06T13:58:31.727669+00:00,2026-09-06T13:58:31.839878+00:00,0.112,VALID,valid,,1b2dd830befbb58e3949b03deca6592ca395cd7b,a1d260b660c93e47a466deb9c00f26c880973356f7da4eda00cb8ec57cab044d,raw/E11-ca_ztcf-20260931-20260906T135831762645Z
a000986,E11-ca_ztcf-20260932-20260906T135831885919Z,E11,ca_ztcf,20260932,default,primary,2026-09-06T13:58:31.852277+00:00,2026-09-06T13:58:31.957580+00:00,0.105,VALID,valid,,1b2dd830befbb58e3949b03deca6592ca395cd7b,a1d260b660c93e47a466deb9c00f26c880973356f7da4eda00cb8ec57cab044d,raw/E11-ca_ztcf-20260932-20260906T135831885919Z
a000987,E11-ca_ztcf-20260933-20260906T135832002208Z,E11,ca_ztcf,20260933,default,primary,2026-09-06T13:58:31.969315+00:00,2026-09-06T13:58:32.082664+00:00,0.113,VALID,valid,,1b2dd830befbb58e3949b03deca6592ca395cd7b,a1d260b660c93e47a466deb9c00f26c880973356f7da4eda00cb8ec57cab044d,raw/E11-ca_ztcf-20260933-20260906T135832002208Z
a000988,E11-ca_ztcf-20260934-20260906T135832129553Z,E11,ca_ztcf,20260934,default,primary,2026-09-06T13:58:32.095724+00:00,2026-09-06T13:58:32.214804+00:00,0.119,VALID,valid,,1b2dd830befbb58e3949b03deca6592ca395cd7b,a1d260b660c93e47a466deb9c00f26c880973356f7da4eda00cb8ec57cab044d,raw/E11-ca_ztcf-20260934-20260906T135832129553Z
a000989,E11-ca_ztcf-20260935-20260906T135832260615Z,E11,ca_ztcf,20260935,default,primary,2026-09-06T13:58:32.226934+00:00,2026-09-06T13:58:32.343075+00:00,0.116,VALID,valid,,1b2dd830befbb58e3949b03deca6592ca395cd7b,a1d260b660c93e47a466deb9c00f26c880973356f7da4eda00cb8ec57cab044d,raw/E11-ca_ztcf-20260935-20260906T135832260615Z
a000990,E11-ca_ztcf-20260936-20260906T135832389012Z,E11,ca_ztcf,20260936,default,primary,2026-09-06T13:58:32.355905+00:00,2026-09-06T13:58:32.462686+00:00,0.107,VALID,valid,,1b2dd830befbb58e3949b03deca6592ca395cd7b,a1d260b660c93e47a466deb9c00f26c880973356f7da4eda00cb8ec57cab044d,raw/E11-ca_ztcf-20260936-20260906T135832389012Z
a000991,E12-independent-20260907-20260906T135832506762Z,E12,independent,20260907,default,primary,2026-09-06T13:58:32.474336+00:00,2026-09-06T13:58:32.598240+00:00,0.124,VALID,valid,,1b2dd830befbb58e3949b03deca6592ca395cd7b,a1d260b660c93e47a466deb9c00f26c880973356f7da4eda00cb8ec57cab044d,raw/E12-independent-20260907-20260906T135832506762Z
a000992,E12-independent-20260908-20260906T135832645726Z,E12,independent,20260908,default,primary,2026-09-06T13:58:32.610768+00:00,2026-09-06T13:58:32.730321+00:00,0.12,VALID,valid,,1b2dd830befbb58e3949b03deca6592ca395cd7b,a1d260b660c93e47a466deb9c00f26c880973356f7da4eda00cb8ec57cab044d,raw/E12-independent-20260908-20260906T135832645726Z
a000993,E12-independent-20260909-20260906T135832774705Z,E12,independent,20260909,default,primary,2026-09-06T13:58:32.742392+00:00,2026-09-06T13:58:32.863177+00:00,0.121,VALID,valid,,1b2dd830befbb58e3949b03deca6592ca395cd7b,a1d260b660c93e47a466deb9c00f26c880973356f7da4eda00cb8ec57cab044d,raw/E12-independent-20260909-20260906T135832774705Z
a000994,E12-independent-20260910-20260906T135832908465Z,E12,independent,20260910,default,primary,2026-09-06T13:58:32.875676+00:00,2026-09-06T13:58:32.994610+00:00,0.119,VALID,valid,,1b2dd830befbb58e3949b03deca6592ca395cd7b,a1d260b660c93e47a466deb9c00f26c880973356f7da4eda00cb8ec57cab044d,raw/E12-independent-20260910-20260906T135832908465Z
a000995,E12-independent-20260911-20260906T135833038432Z,E12,independent,20260911,default,primary,2026-09-06T13:58:33.006140+00:00,2026-09-06T13:58:33.122995+00:00,0.117,VALID,valid,,1b2dd830befbb58e3949b03deca6592ca395cd7b,a1d260b660c93e47a466deb9c00f26c880973356f7da4eda00cb8ec57cab044d,raw/E12-independent-20260911-20260906T135833038432Z
a000996,E12-independent-20260912-20260906T135833167659Z,E12,independent,20260912,default,primary,2026-09-06T13:58:33.135475+00:00,2026-09-06T13:58:33.257433+00:00,0.122,VALID,valid,,1b2dd830befbb58e3949b03deca6592ca395cd7b,a1d260b660c93e47a466deb9c00f26c880973356f7da4eda00cb8ec57cab044d,raw/E12-independent-20260912-20260906T135833167659Z
a000997,E12-independent-20260913-20260906T135833301812Z,E12,independent,20260913,default,primary,2026-09-06T13:58:33.269419+00:00,2026-09-06T13:58:33.392336+00:00,0.123,VALID,valid,,1b2dd830befbb58e3949b03deca6592ca395cd7b,a1d260b660c93e47a466deb9c00f26c880973356f7da4eda00cb8ec57cab044d,raw/E12-independent-20260913-20260906T135833301812Z
a000998,E12-independent-20260914-20260906T135833437123Z,E12,independent,20260914,default,primary,2026-09-06T13:58:33.404172+00:00,2026-09-06T13:58:33.531649+00:00,0.127,VALID,valid,,1b2dd830befbb58e3949b03deca6592ca395cd7b,a1d260b660c93e47a466deb9c00f26c880973356f7da4eda00cb8ec57cab044d,raw/E12-independent-20260914-20260906T135833437123Z
a000999,E12-independent-20260915-20260906T135833577205Z,E12,independent,20260915,default,primary,2026-09-06T13:58:33.544197+00:00,2026-09-06T13:58:33.656571+00:00,0.112,VALID,valid,,1b2dd830befbb58e3949b03deca6592ca395cd7b,a1d260b660c93e47a466deb9c00f26c880973356f7da4eda00cb8ec57cab044d,raw/E12-independent-20260915-20260906T135833577205Z
a001000,E12-independent-20260916-20260906T135833701407Z,E12,independent,20260916,default,primary,2026-09-06T13:58:33.668945+00:00,2026-09-06T13:58:33.807260+00:00,0.138,VALID,valid,,1b2dd830befbb58e3949b03deca6592ca395cd7b,a1d260b660c93e47a466deb9c00f26c880973356f7da4eda00cb8ec57cab044d,raw/E12-independent-20260916-20260906T135833701407Z
a001001,E12-independent-20260917-20260906T135833853753Z,E12,independent,20260917,default,primary,2026-09-06T13:58:33.820072+00:00,2026-09-06T13:58:33.943195+00:00,0.123,VALID,valid,,1b2dd830befbb58e3949b03deca6592ca395cd7b,a1d260b660c93e47a466deb9c00f26c880973356f7da4eda00cb8ec57cab044d,raw/E12-independent-20260917-20260906T135833853753Z
a001002,E12-independent-20260918-20260906T135833987528Z,E12,independent,20260918,default,primary,2026-09-06T13:58:33.954892+00:00,2026-09-06T13:58:34.079587+00:00,0.125,VALID,valid,,1b2dd830befbb58e3949b03deca6592ca395cd7b,a1d260b660c93e47a466deb9c00f26c880973356f7da4eda00cb8ec57cab044d,raw/E12-independent-20260918-20260906T135833987528Z
a001003,E12-independent-20260919-20260906T135834124888Z,E12,independent,20260919,default,primary,2026-09-06T13:58:34.092138+00:00,2026-09-06T13:58:34.214164+00:00,0.122,VALID,valid,,1b2dd830befbb58e3949b03deca6592ca395cd7b,a1d260b660c93e47a466deb9c00f26c880973356f7da4eda00cb8ec57cab044d,raw/E12-independent-20260919-20260906T135834124888Z
a001004,E12-independent-20260920-20260906T135834259260Z,E12,independent,20260920,default,primary,2026-09-06T13:58:34.225997+00:00,2026-09-06T13:58:34.345089+00:00,0.119,VALID,valid,,1b2dd830befbb58e3949b03deca6592ca395cd7b,a1d260b660c93e47a466deb9c00f26c880973356f7da4eda00cb8ec57cab044d,raw/E12-independent-20260920-20260906T135834259260Z
a001005,E12-independent-20260921-20260906T135834389593Z,E12,independent,20260921,default,primary,2026-09-06T13:58:34.357581+00:00,2026-09-06T13:58:34.476587+00:00,0.119,VALID,valid,,1b2dd830befbb58e3949b03deca6592ca395cd7b,a1d260b660c93e47a466deb9c00f26c880973356f7da4eda00cb8ec57cab044d,raw/E12-independent-20260921-20260906T135834389593Z
a001006,E12-independent-20260922-20260906T135834520739Z,E12,independent,20260922,default,primary,2026-09-06T13:58:34.488259+00:00,2026-09-06T13:58:34.595067+00:00,0.107,VALID,valid,,1b2dd830befbb58e3949b03deca6592ca395cd7b,a1d260b660c93e47a466deb9c00f26c880973356f7da4eda00cb8ec57cab044d,raw/E12-independent-20260922-20260906T135834520739Z
a001007,E12-independent-20260923-20260906T135834640314Z,E12,independent,20260923,default,primary,2026-09-06T13:58:34.607283+00:00,2026-09-06T13:58:34.737837+00:00,0.131,VALID,valid,,1b2dd830befbb58e3949b03deca6592ca395cd7b,a1d260b660c93e47a466deb9c00f26c880973356f7da4eda00cb8ec57cab044d,raw/E12-independent-20260923-20260906T135834640314Z
a001008,E12-independent-20260924-20260906T135834784493Z,E12,independent,20260924,default,primary,2026-09-06T13:58:34.750119+00:00,2026-09-06T13:58:34.866686+00:00,0.117,VALID,valid,,1b2dd830befbb58e3949b03deca6592ca395cd7b,a1d260b660c93e47a466deb9c00f26c880973356f7da4eda00cb8ec57cab044d,raw/E12-independent-20260924-20260906T135834784493Z
a001009,E12-independent-20260925-20260906T135834911134Z,E12,independent,20260925,default,primary,2026-09-06T13:58:34.878361+00:00,2026-09-06T13:58:34.999154+00:00,0.121,VALID,valid,,1b2dd830befbb58e3949b03deca6592ca395cd7b,a1d260b660c93e47a466deb9c00f26c880973356f7da4eda00cb8ec57cab044d,raw/E12-independent-20260925-20260906T135834911134Z
a001010,E12-independent-20260926-20260906T135835045481Z,E12,independent,20260926,default,primary,2026-09-06T13:58:35.012724+00:00,2026-09-06T13:58:35.131062+00:00,0.118,VALID,valid,,1b2dd830befbb58e3949b03deca6592ca395cd7b,a1d260b660c93e47a466deb9c00f26c880973356f7da4eda00cb8ec57cab044d,raw/E12-independent-20260926-20260906T135835045481Z
a001011,E12-independent-20260927-20260906T135835175210Z,E12,independent,20260927,default,primary,2026-09-06T13:58:35.142839+00:00,2026-09-06T13:58:35.264749+00:00,0.122,VALID,valid,,1b2dd830befbb58e3949b03deca6592ca395cd7b,a1d260b660c93e47a466deb9c00f26c880973356f7da4eda00cb8ec57cab044d,raw/E12-independent-20260927-20260906T135835175210Z
a001012,E12-independent-20260928-20260906T135835309053Z,E12,independent,20260928,default,primary,2026-09-06T13:58:35.276335+00:00,2026-09-06T13:58:35.401200+00:00,0.125,VALID,valid,,1b2dd830befbb58e3949b03deca6592ca395cd7b,a1d260b660c93e47a466deb9c00f26c880973356f7da4eda00cb8ec57cab044d,raw/E12-independent-20260928-20260906T135835309053Z
a001013,E12-independent-20260929-20260906T135835448772Z,E12,independent,20260929,default,primary,2026-09-06T13:58:35.414194+00:00,2026-09-06T13:58:35.542490+00:00,0.128,VALID,valid,,1b2dd830befbb58e3949b03deca6592ca395cd7b,a1d260b660c93e47a466deb9c00f26c880973356f7da4eda00cb8ec57cab044d,raw/E12-independent-20260929-20260906T135835448772Z
a001014,E12-independent-20260930-20260906T135835587865Z,E12,independent,20260930,default,primary,2026-09-06T13:58:35.554705+00:00,2026-09-06T13:58:35.677089+00:00,0.122,VALID,valid,,1b2dd830befbb58e3949b03deca6592ca395cd7b,a1d260b660c93e47a466deb9c00f26c880973356f7da4eda00cb8ec57cab044d,raw/E12-independent-20260930-20260906T135835587865Z
a001015,E12-independent-20260931-20260906T135835722252Z,E12,independent,20260931,default,primary,2026-09-06T13:58:35.689762+00:00,2026-09-06T13:58:35.820647+00:00,0.131,VALID,valid,,1b2dd830befbb58e3949b03deca6592ca395cd7b,a1d260b660c93e47a466deb9c00f26c880973356f7da4eda00cb8ec57cab044d,raw/E12-independent-20260931-20260906T135835722252Z
a001016,E12-independent-20260932-20260906T135835868904Z,E12,independent,20260932,default,primary,2026-09-06T13:58:35.833242+00:00,2026-09-06T13:58:35.964476+00:00,0.131,VALID,valid,,1b2dd830befbb58e3949b03deca6592ca395cd7b,a1d260b660c93e47a466deb9c00f26c880973356f7da4eda00cb8ec57cab044d,raw/E12-independent-20260932-20260906T135835868904Z
a001017,E12-independent-20260933-20260906T135836012526Z,E12,independent,20260933,default,primary,2026-09-06T13:58:35.976824+00:00,2026-09-06T13:58:36.095683+00:00,0.119,VALID,valid,,1b2dd830befbb58e3949b03deca6592ca395cd7b,a1d260b660c93e47a466deb9c00f26c880973356f7da4eda00cb8ec57cab044d,raw/E12-independent-20260933-20260906T135836012526Z
a001018,E12-independent-20260934-20260906T135836140868Z,E12,independent,20260934,default,primary,2026-09-06T13:58:36.107747+00:00,2026-09-06T13:58:36.235078+00:00,0.127,VALID,valid,,1b2dd830befbb58e3949b03deca6592ca395cd7b,a1d260b660c93e47a466deb9c00f26c880973356f7da4eda00cb8ec57cab044d,raw/E12-independent-20260934-20260906T135836140868Z
a001019,E12-independent-20260935-20260906T135836279362Z,E12,independent,20260935,default,primary,2026-09-06T13:58:36.246780+00:00,2026-09-06T13:58:36.373714+00:00,0.127,VALID,valid,,1b2dd830befbb58e3949b03deca6592ca395cd7b,a1d260b660c93e47a466deb9c00f26c880973356f7da4eda00cb8ec57cab044d,raw/E12-independent-20260935-20260906T135836279362Z
a001020,E12-independent-20260936-20260906T135836420082Z,E12,independent,20260936,default,primary,2026-09-06T13:58:36.386439+00:00,2026-09-06T13:58:36.507191+00:00,0.121,VALID,valid,,1b2dd830befbb58e3949b03deca6592ca395cd7b,a1d260b660c93e47a466deb9c00f26c880973356f7da4eda00cb8ec57cab044d,raw/E12-independent-20260936-20260906T135836420082Z
a001021,E12-static_continuity-20260907-20260906T135836552875Z,E12,static_continuity,20260907,default,primary,2026-09-06T13:58:36.520149+00:00,2026-09-06T13:58:36.646730+00:00,0.127,VALID,valid,,1b2dd830befbb58e3949b03deca6592ca395cd7b,a1d260b660c93e47a466deb9c00f26c880973356f7da4eda00cb8ec57cab044d,raw/E12-static_continuity-20260907-20260906T135836552875Z
a001022,E12-static_continuity-20260908-20260906T135836691703Z,E12,static_continuity,20260908,default,primary,2026-09-06T13:58:36.658636+00:00,2026-09-06T13:58:36.780208+00:00,0.122,VALID,valid,,1b2dd830befbb58e3949b03deca6592ca395cd7b,a1d260b660c93e47a466deb9c00f26c880973356f7da4eda00cb8ec57cab044d,raw/E12-static_continuity-20260908-20260906T135836691703Z
a001023,E12-static_continuity-20260909-20260906T135836824592Z,E12,static_continuity,20260909,default,primary,2026-09-06T13:58:36.792254+00:00,2026-09-06T13:58:36.904678+00:00,0.112,VALID,valid,,1b2dd830befbb58e3949b03deca6592ca395cd7b,a1d260b660c93e47a466deb9c00f26c880973356f7da4eda00cb8ec57cab044d,raw/E12-static_continuity-20260909-20260906T135836824592Z
a001024,E12-static_continuity-20260910-20260906T135836949129Z,E12,static_continuity,20260910,default,primary,2026-09-06T13:58:36.916648+00:00,2026-09-06T13:58:37.041253+00:00,0.125,VALID,valid,,1b2dd830befbb58e3949b03deca6592ca395cd7b,a1d260b660c93e47a466deb9c00f26c880973356f7da4eda00cb8ec57cab044d,raw/E12-static_continuity-20260910-20260906T135836949129Z
a001025,E12-static_continuity-20260911-20260906T135837087787Z,E12,static_continuity,20260911,default,primary,2026-09-06T13:58:37.053664+00:00,2026-09-06T13:58:37.176800+00:00,0.123,VALID,valid,,1b2dd830befbb58e3949b03deca6592ca395cd7b,a1d260b660c93e47a466deb9c00f26c880973356f7da4eda00cb8ec57cab044d,raw/E12-static_continuity-20260911-20260906T135837087787Z
a001026,E12-static_continuity-20260912-20260906T135837220582Z,E12,static_continuity,20260912,default,primary,2026-09-06T13:58:37.188608+00:00,2026-09-06T13:58:37.306973+00:00,0.118,VALID,valid,,1b2dd830befbb58e3949b03deca6592ca395cd7b,a1d260b660c93e47a466deb9c00f26c880973356f7da4eda00cb8ec57cab044d,raw/E12-static_continuity-20260912-20260906T135837220582Z
a001027,E12-static_continuity-20260913-20260906T135837353717Z,E12,static_continuity,20260913,default,primary,2026-09-06T13:58:37.318654+00:00,2026-09-06T13:58:37.469929+00:00,0.151,VALID,valid,,1b2dd830befbb58e3949b03deca6592ca395cd7b,a1d260b660c93e47a466deb9c00f26c880973356f7da4eda00cb8ec57cab044d,raw/E12-static_continuity-20260913-20260906T135837353717Z
a001028,E12-static_continuity-20260914-20260906T135837526437Z,E12,static_continuity,20260914,default,primary,2026-09-06T13:58:37.483360+00:00,2026-09-06T13:58:37.626565+00:00,0.143,VALID,valid,,1b2dd830befbb58e3949b03deca6592ca395cd7b,a1d260b660c93e47a466deb9c00f26c880973356f7da4eda00cb8ec57cab044d,raw/E12-static_continuity-20260914-20260906T135837526437Z
a001029,E12-static_continuity-20260915-20260906T135837676626Z,E12,static_continuity,20260915,default,primary,2026-09-06T13:58:37.639317+00:00,2026-09-06T13:58:37.769452+00:00,0.13,VALID,valid,,1b2dd830befbb58e3949b03deca6592ca395cd7b,a1d260b660c93e47a466deb9c00f26c880973356f7da4eda00cb8ec57cab044d,raw/E12-static_continuity-20260915-20260906T135837676626Z
a001030,E12-static_continuity-20260916-20260906T135837815851Z,E12,static_continuity,20260916,default,primary,2026-09-06T13:58:37.782208+00:00,2026-09-06T13:58:37.914698+00:00,0.132,VALID,valid,,1b2dd830befbb58e3949b03deca6592ca395cd7b,a1d260b660c93e47a466deb9c00f26c880973356f7da4eda00cb8ec57cab044d,raw/E12-static_continuity-20260916-20260906T135837815851Z
a001031,E12-static_continuity-20260917-20260906T135837962950Z,E12,static_continuity,20260917,default,primary,2026-09-06T13:58:37.927982+00:00,2026-09-06T13:58:38.052943+00:00,0.125,VALID,valid,,1b2dd830befbb58e3949b03deca6592ca395cd7b,a1d260b660c93e47a466deb9c00f26c880973356f7da4eda00cb8ec57cab044d,raw/E12-static_continuity-20260917-20260906T135837962950Z
a001032,E12-static_continuity-20260918-20260906T135838098508Z,E12,static_continuity,20260918,default,primary,2026-09-06T13:58:38.065596+00:00,2026-09-06T13:58:38.188490+00:00,0.123,VALID,valid,,1b2dd830befbb58e3949b03deca6592ca395cd7b,a1d260b660c93e47a466deb9c00f26c880973356f7da4eda00cb8ec57cab044d,raw/E12-static_continuity-20260918-20260906T135838098508Z
a001033,E12-static_continuity-20260919-20260906T135838232274Z,E12,static_continuity,20260919,default,primary,2026-09-06T13:58:38.200198+00:00,2026-09-06T13:58:38.317391+00:00,0.117,VALID,valid,,1b2dd830befbb58e3949b03deca6592ca395cd7b,a1d260b660c93e47a466deb9c00f26c880973356f7da4eda00cb8ec57cab044d,raw/E12-static_continuity-20260919-20260906T135838232274Z
a001034,E12-static_continuity-20260920-20260906T135838362297Z,E12,static_continuity,20260920,default,primary,2026-09-06T13:58:38.329734+00:00,2026-09-06T13:58:38.351860+00:00,0.143,VALID,valid,,1b2dd830befbb58e3949b03deca6592ca395cd7b,a1d260b660c93e47a466deb9c00f26c880973356f7da4eda00cb8ec57cab044d,raw/E12-static_continuity-20260920-20260906T135838362297Z
a001035,E12-static_continuity-20260921-20260906T135838398420Z,E12,static_continuity,20260921,default,primary,2026-09-06T13:58:38.364268+00:00,2026-09-06T13:58:38.486683+00:00,0.122,VALID,valid,,1b2dd830befbb58e3949b03deca6592ca395cd7b,a1d260b660c93e47a466deb9c00f26c880973356f7da4eda00cb8ec57cab044d,raw/E12-static_continuity-20260921-20260906T135838398420Z
a001036,E12-static_continuity-20260922-20260906T135838532146Z,E12,static_continuity,20260922,default,primary,2026-09-06T13:58:38.499070+00:00,2026-09-06T13:58:38.643523+00:00,0.144,VALID,valid,,1b2dd830befbb58e3949b03deca6592ca395cd7b,a1d260b660c93e47a466deb9c00f26c880973356f7da4eda00cb8ec57cab044d,raw/E12-static_continuity-20260922-20260906T135838532146Z
a001037,E12-static_continuity-20260923-20260906T135838692740Z,E12,static_continuity,20260923,default,primary,2026-09-06T13:58:38.656498+00:00,2026-09-06T13:58:38.792988+00:00,0.136,VALID,valid,,1b2dd830befbb58e3949b03deca6592ca395cd7b,a1d260b660c93e47a466deb9c00f26c880973356f7da4eda00cb8ec57cab044d,raw/E12-static_continuity-20260923-20260906T135838692740Z
a001038,E12-static_continuity-20260924-20260906T135838841799Z,E12,static_continuity,20260924,default,primary,2026-09-06T13:58:38.805698+00:00,2026-09-06T13:58:38.935147+00:00,0.129,VALID,valid,,1b2dd830befbb58e3949b03deca6592ca395cd7b,a1d260b660c93e47a466deb9c00f26c880973356f7da4eda00cb8ec57cab044d,raw/E12-static_continuity-20260924-20260906T135838841799Z
a001039,E12-static_continuity-20260925-20260906T135838979173Z,E12,static_continuity,20260925,default,primary,2026-09-06T13:58:38.946532+00:00,2026-09-06T13:58:39.077283+00:00,0.131,VALID,valid,,1b2dd830befbb58e3949b03deca6592ca395cd7b,a1d260b660c93e47a466deb9c00f26c880973356f7da4eda00cb8ec57cab044d,raw/E12-static_continuity-20260925-20260906T135838979173Z
a001040,E12-static_continuity-20260926-20260906T135839127696Z,E12,static_continuity,20260926,default,primary,2026-09-06T13:58:39.090288+00:00,2026-09-06T13:58:39.235831+00:00,0.146,VALID,valid,,1b2dd830befbb58e3949b03deca6592ca395cd7b,a1d260b660c93e47a466deb9c00f26c880973356f7da4eda00cb8ec57cab044d,raw/E12-static_continuity-20260926-20260906T135839127696Z
a001041,E12-static_continuity-20260927-20260906T135839289834Z,E12,static_continuity,20260927,default,primary,2026-09-06T13:58:39.250487+00:00,2026-09-06T13:58:39.397531+00:00,0.147,VALID,valid,,1b2dd830befbb58e3949b03deca6592ca395cd7b,a1d260b660c93e47a466deb9c00f26c880973356f7da4eda00cb8ec57cab044d,raw/E12-static_continuity-20260927-20260906T135839289834Z
a001042,E12-static_continuity-20260928-20260906T135839446491Z,E12,static_continuity,20260928,default,primary,2026-09-06T13:58:39.410574+00:00,2026-09-06T13:58:39.538678+00:00,0.128,VALID,valid,,1b2dd830befbb58e3949b03deca6592ca395cd7b,a1d260b660c93e47a466deb9c00f26c880973356f7da4eda00cb8ec57cab044d,raw/E12-static_continuity-20260928-20260906T135839446491Z
a001043,E12-static_continuity-20260929-20260906T135839589245Z,E12,static_continuity,20260929,default,primary,2026-09-06T13:58:39.551044+00:00,2026-09-06T13:58:39.690983+00:00,0.14,VALID,valid,,1b2dd830befbb58e3949b03deca6592ca395cd7b,a1d260b660c93e47a466deb9c00f26c880973356f7da4eda00cb8ec57cab044d,raw/E12-static_continuity-20260929-20260906T135839589245Z
a001044,E12-static_continuity-20260930-20260906T135839740903Z,E12,static_continuity,20260930,default,primary,2026-09-06T13:58:39.703884+00:00,2026-09-06T13:58:39.831582+00:00,0.128,VALID,valid,,1b2dd830befbb58e3949b03deca6592ca395cd7b,a1d260b660c93e47a466deb9c00f26c880973356f7da4eda00cb8ec57cab044d,raw/E12-static_continuity-20260930-20260906T135839740903Z
a001045,E12-static_continuity-20260931-20260906T135839881875Z,E12,static_continuity,20260931,default,primary,2026-09-06T13:58:39.844439+00:00,2026-09-06T13:58:39.978450+00:00,0.134,VALID,valid,,1b2dd830befbb58e3949b03deca6592ca395cd7b,a1d260b660c93e47a466deb9c00f26c880973356f7da4eda00cb8ec57cab044d,raw/E12-static_continuity-20260931-20260906T135839881875Z
a001046,E12-static_continuity-20260932-20260906T135840024398Z,E12,static_continuity,20260932,default,primary,2026-09-06T13:58:39.990978+00:00,2026-09-06T13:58:40.120153+00:00,0.129,VALID,valid,,1b2dd830befbb58e3949b03deca6592ca395cd7b,a1d260b660c93e47a466deb9c00f26c880973356f7da4eda00cb8ec57cab044d,raw/E12-static_continuity-20260932-20260906T135840024398Z
a001047,E12-static_continuity-20260933-20260906T135840165756Z,E12,static_continuity,20260933,default,primary,2026-09-06T13:58:40.131970+00:00,2026-09-06T13:58:40.256349+00:00,0.124,VALID,valid,,1b2dd830befbb58e3949b03deca6592ca395cd7b,a1d260b660c93e47a466deb9c00f26c880973356f7da4eda00cb8ec57cab044d,raw/E12-static_continuity-20260933-20260906T135840165756Z
a001048,E12-static_continuity-20260934-20260906T135840306708Z,E12,static_continuity,20260934,default,primary,2026-09-06T13:58:40.268362+00:00,2026-09-06T13:58:40.404866+00:00,0.136,VALID,valid,,1b2dd830befbb58e3949b03deca6592ca395cd7b,a1d260b660c93e47a466deb9c00f26c880973356f7da4eda00cb8ec57cab044d,raw/E12-static_continuity-20260934-20260906T135840306708Z
a001049,E12-static_continuity-20260935-20260906T135840455884Z,E12,static_continuity,20260935,default,primary,2026-09-06T13:58:40.418979+00:00,2026-09-06T13:58:40.556620+00:00,0.138,VALID,valid,,1b2dd830befbb58e3949b03deca6592ca395cd7b,a1d260b660c93e47a466deb9c00f26c880973356f7da4eda00cb8ec57cab044d,raw/E12-static_continuity-20260935-20260906T135840455884Z
a001050,E12-static_continuity-20260936-20260906T135840602781Z,E12,static_continuity,20260936,default,primary,2026-09-06T13:58:40.569336+00:00,2026-09-06T13:58:40.689395+00:00,0.12,VALID,valid,,1b2dd830befbb58e3949b03deca6592ca395cd7b,a1d260b660c93e47a466deb9c00f26c880973356f7da4eda00cb8ec57cab044d,raw/E12-static_continuity-20260936-20260906T135840602781Z
a001051,E12-ca_ztcf-20260907-20260906T135840736723Z,E12,ca_ztcf,20260907,default,primary,2026-09-06T13:58:40.702473+00:00,2026-09-06T13:58:40.846210+00:00,0.144,VALID,valid,,1b2dd830befbb58e3949b03deca6592ca395cd7b,a1d260b660c93e47a466deb9c00f26c880973356f7da4eda00cb8ec57cab044d,raw/E12-ca_ztcf-20260907-20260906T135840736723Z
a001052,E12-ca_ztcf-20260908-20260906T135840891936Z,E12,ca_ztcf,20260908,default,primary,2026-09-06T13:58:40.858777+00:00,2026-09-06T13:58:41.007323+00:00,0.149,VALID,valid,,1b2dd830befbb58e3949b03deca6592ca395cd7b,a1d260b660c93e47a466deb9c00f26c880973356f7da4eda00cb8ec57cab044d,raw/E12-ca_ztcf-20260908-20260906T135840891936Z
a001053,E12-ca_ztcf-20260909-20260906T135841053005Z,E12,ca_ztcf,20260909,default,primary,2026-09-06T13:58:41.019732+00:00,2026-09-06T13:58:41.155892+00:00,0.136,VALID,valid,,1b2dd830befbb58e3949b03deca6592ca395cd7b,a1d260b660c93e47a466deb9c00f26c880973356f7da4eda00cb8ec57cab044d,raw/E12-ca_ztcf-20260909-20260906T135841053005Z
a001054,E12-ca_ztcf-20260910-20260906T135841200495Z,E12,ca_ztcf,20260910,default,primary,2026-09-06T13:58:41.167531+00:00,2026-09-06T13:58:41.301005+00:00,0.133,VALID,valid,,1b2dd830befbb58e3949b03deca6592ca395cd7b,a1d260b660c93e47a466deb9c00f26c880973356f7da4eda00cb8ec57cab044d,raw/E12-ca_ztcf-20260910-20260906T135841200495Z
a001055,E12-ca_ztcf-20260911-20260906T135841346385Z,E12,ca_ztcf,20260911,default,primary,2026-09-06T13:58:41.312996+00:00,2026-09-06T13:58:41.452995+00:00,0.14,VALID,valid,,1b2dd830befbb58e3949b03deca6592ca395cd7b,a1d260b660c93e47a466deb9c00f26c880973356f7da4eda00cb8ec57cab044d,raw/E12-ca_ztcf-20260911-20260906T135841346385Z
a001056,E12-ca_ztcf-20260912-20260906T135841497340Z,E12,ca_ztcf,20260912,default,primary,2026-09-06T13:58:41.464557+00:00,2026-09-06T13:58:41.600167+00:00,0.136,VALID,valid,,1b2dd830befbb58e3949b03deca6592ca395cd7b,a1d260b660c93e47a466deb9c00f26c880973356f7da4eda00cb8ec57cab044d,raw/E12-ca_ztcf-20260912-20260906T135841497340Z
a001057,E12-ca_ztcf-20260913-20260906T135841646232Z,E12,ca_ztcf,20260913,default,primary,2026-09-06T13:58:41.612359+00:00,2026-09-06T13:58:41.753765+00:00,0.141,VALID,valid,,1b2dd830befbb58e3949b03deca6592ca395cd7b,a1d260b660c93e47a466deb9c00f26c880973356f7da4eda00cb8ec57cab044d,raw/E12-ca_ztcf-20260913-20260906T135841646232Z
a001058,E12-ca_ztcf-20260914-20260906T135841805174Z,E12,ca_ztcf,20260914,default,primary,2026-09-06T13:58:41.766701+00:00,2026-09-06T13:58:41.910421+00:00,0.144,VALID,valid,,1b2dd830befbb58e3949b03deca6592ca395cd7b,a1d260b660c93e47a466deb9c00f26c880973356f7da4eda00cb8ec57cab044d,raw/E12-ca_ztcf-20260914-20260906T135841805174Z
a001059,E12-ca_ztcf-20260915-20260906T135841955698Z,E12,ca_ztcf,20260915,default,primary,2026-09-06T13:58:41.922526+00:00,2026-09-06T13:58:42.059976+00:00,0.137,VALID,valid,,1b2dd830befbb58e3949b03deca6592ca395cd7b,a1d260b660c93e47a466deb9c00f26c880973356f7da4eda00cb8ec57cab044d,raw/E12-ca_ztcf-20260915-20260906T135841955698Z
a001060,E12-ca_ztcf-20260916-20260906T135842106516Z,E12,ca_ztcf,20260916,default,primary,2026-09-06T13:58:42.072424+00:00,2026-09-06T13:58:42.200067+00:00,0.128,VALID,valid,,1b2dd830befbb58e3949b03deca6592ca395cd7b,a1d260b660c93e47a466deb9c00f26c880973356f7da4eda00cb8ec57cab044d,raw/E12-ca_ztcf-20260916-20260906T135842106516Z
a001061,E12-ca_ztcf-20260917-20260906T135842246396Z,E12,ca_ztcf,20260917,default,primary,2026-09-06T13:58:42.212092+00:00,2026-09-06T13:58:42.350535+00:00,0.138,VALID,valid,,1b2dd830befbb58e3949b03deca6592ca395cd7b,a1d260b660c93e47a466deb9c00f26c880973356f7da4eda00cb8ec57cab044d,raw/E12-ca_ztcf-20260917-20260906T135842246396Z
a001062,E12-ca_ztcf-20260918-20260906T135842395241Z,E12,ca_ztcf,20260918,default,primary,2026-09-06T13:58:42.362219+00:00,2026-09-06T13:58:42.498918+00:00,0.137,VALID,valid,,1b2dd830befbb58e3949b03deca6592ca395cd7b,a1d260b660c93e47a466deb9c00f26c880973356f7da4eda00cb8ec57cab044d,raw/E12-ca_ztcf-20260918-20260906T135842395241Z
a001063,E12-ca_ztcf-20260919-20260906T135842544625Z,E12,ca_ztcf,20260919,default,primary,2026-09-06T13:58:42.510433+00:00,2026-09-06T13:58:42.640252+00:00,0.13,VALID,valid,,1b2dd830befbb58e3949b03deca6592ca395cd7b,a1d260b660c93e47a466deb9c00f26c880973356f7da4eda00cb8ec57cab044d,raw/E12-ca_ztcf-20260919-20260906T135842544625Z
a001064,E12-ca_ztcf-20260920-20260906T135842687685Z,E12,ca_ztcf,20260920,default,primary,2026-09-06T13:58:42.653226+00:00,2026-09-06T13:58:42.793355+00:00,0.14,VALID,valid,,1b2dd830befbb58e3949b03deca6592ca395cd7b,a1d260b660c93e47a466deb9c00f26c880973356f7da4eda00cb8ec57cab044d,raw/E12-ca_ztcf-20260920-20260906T135842687685Z
a001065,E12-ca_ztcf-20260921-20260906T135842838480Z,E12,ca_ztcf,20260921,default,primary,2026-09-06T13:58:42.805338+00:00,2026-09-06T13:58:42.944573+00:00,0.139,VALID,valid,,1b2dd830befbb58e3949b03deca6592ca395cd7b,a1d260b660c93e47a466deb9c00f26c880973356f7da4eda00cb8ec57cab044d,raw/E12-ca_ztcf-20260921-20260906T135842838480Z
a001066,E12-ca_ztcf-20260922-20260906T135842989022Z,E12,ca_ztcf,20260922,default,primary,2026-09-06T13:58:42.956169+00:00,2026-09-06T13:58:43.083812+00:00,0.128,VALID,valid,,1b2dd830befbb58e3949b03deca6592ca395cd7b,a1d260b660c93e47a466deb9c00f26c880973356f7da4eda00cb8ec57cab044d,raw/E12-ca_ztcf-20260922-20260906T135842989022Z
a001067,E12-ca_ztcf-20260923-20260906T135843129786Z,E12,ca_ztcf,20260923,default,primary,2026-09-06T13:58:43.095588+00:00,2026-09-06T13:58:43.236669+00:00,0.141,VALID,valid,,1b2dd830befbb58e3949b03deca6592ca395cd7b,a1d260b660c93e47a466deb9c00f26c880973356f7da4eda00cb8ec57cab044d,raw/E12-ca_ztcf-20260923-20260906T135843129786Z
a001068,E12-ca_ztcf-20260924-20260906T135843281054Z,E12,ca_ztcf,20260924,default,primary,2026-09-06T13:58:43.248430+00:00,2026-09-06T13:58:43.380955+00:00,0.133,VALID,valid,,1b2dd830befbb58e3949b03deca6592ca395cd7b,a1d260b660c93e47a466deb9c00f26c880973356f7da4eda00cb8ec57cab044d,raw/E12-ca_ztcf-20260924-20260906T135843281054Z
a001069,E12-ca_ztcf-20260925-20260906T135843427735Z,E12,ca_ztcf,20260925,default,primary,2026-09-06T13:58:43.393660+00:00,2026-09-06T13:58:43.531556+00:00,0.138,VALID,valid,,1b2dd830befbb58e3949b03deca6592ca395cd7b,a1d260b660c93e47a466deb9c00f26c880973356f7da4eda00cb8ec57cab044d,raw/E12-ca_ztcf-20260925-20260906T135843427735Z
a001070,E12-ca_ztcf-20260926-20260906T135843577376Z,E12,ca_ztcf,20260926,default,primary,2026-09-06T13:58:43.543382+00:00,2026-09-06T13:58:43.677513+00:00,0.134,VALID,valid,,1b2dd830befbb58e3949b03deca6592ca395cd7b,a1d260b660c93e47a466deb9c00f26c880973356f7da4eda00cb8ec57cab044d,raw/E12-ca_ztcf-20260926-20260906T135843577376Z
a001071,E12-ca_ztcf-20260927-20260906T135843751020Z,E12,ca_ztcf,20260927,default,primary,2026-09-06T13:58:43.690539+00:00,2026-09-06T13:58:43.858102+00:00,0.168,VALID,valid,,1b2dd830befbb58e3949b03deca6592ca395cd7b,a1d260b660c93e47a466deb9c00f26c880973356f7da4eda00cb8ec57cab044d,raw/E12-ca_ztcf-20260927-20260906T135843751020Z
a001072,E12-ca_ztcf-20260928-20260906T135843904541Z,E12,ca_ztcf,20260928,default,primary,2026-09-06T13:58:43.870656+00:00,2026-09-06T13:58:44.006029+00:00,0.135,VALID,valid,,1b2dd830befbb58e3949b03deca6592ca395cd7b,a1d260b660c93e47a466deb9c00f26c880973356f7da4eda00cb8ec57cab044d,raw/E12-ca_ztcf-20260928-20260906T135843904541Z
a001073,E12-ca_ztcf-20260929-20260906T135844051150Z,E12,ca_ztcf,20260929,default,primary,2026-09-06T13:58:44.018297+00:00,2026-09-06T13:58:44.152525+00:00,0.134,VALID,valid,,1b2dd830befbb58e3949b03deca6592ca395cd7b,a1d260b660c93e47a466deb9c00f26c880973356f7da4eda00cb8ec57cab044d,raw/E12-ca_ztcf-20260929-20260906T135844051150Z
a001074,E12-ca_ztcf-20260930-20260906T135844198338Z,E12,ca_ztcf,20260930,default,primary,2026-09-06T13:58:44.164752+00:00,2026-09-06T13:58:44.304717+00:00,0.14,VALID,valid,,1b2dd830befbb58e3949b03deca6592ca395cd7b,a1d260b660c93e47a466deb9c00f26c880973356f7da4eda00cb8ec57cab044d,raw/E12-ca_ztcf-20260930-20260906T135844198338Z
a001075,E12-ca_ztcf-20260931-20260906T135844350288Z,E12,ca_ztcf,20260931,default,primary,2026-09-06T13:58:44.316744+00:00,2026-09-06T13:58:44.453902+00:00,0.137,VALID,valid,,1b2dd830befbb58e3949b03deca6592ca395cd7b,a1d260b660c93e47a466deb9c00f26c880973356f7da4eda00cb8ec57cab044d,raw/E12-ca_ztcf-20260931-20260906T135844350288Z
a001076,E12-ca_ztcf-20260932-20260906T135844499721Z,E12,ca_ztcf,20260932,default,primary,2026-09-06T13:58:44.466697+00:00,2026-09-06T13:58:44.603487+00:00,0.137,VALID,valid,,1b2dd830befbb58e3949b03deca6592ca395cd7b,a1d260b660c93e47a466deb9c00f26c880973356f7da4eda00cb8ec57cab044d,raw/E12-ca_ztcf-20260932-20260906T135844499721Z
a001077,E12-ca_ztcf-20260933-20260906T135844650542Z,E12,ca_ztcf,20260933,default,primary,2026-09-06T13:58:44.615581+00:00,2026-09-06T13:58:44.753151+00:00,0.138,VALID,valid,,1b2dd830befbb58e3949b03deca6592ca395cd7b,a1d260b660c93e47a466deb9c00f26c880973356f7da4eda00cb8ec57cab044d,raw/E12-ca_ztcf-20260933-20260906T135844650542Z
a001078,E12-ca_ztcf-20260934-20260906T135844802626Z,E12,ca_ztcf,20260934,default,primary,2026-09-06T13:58:44.765343+00:00,2026-09-06T13:58:44.907151+00:00,0.142,VALID,valid,,1b2dd830befbb58e3949b03deca6592ca395cd7b,a1d260b660c93e47a466deb9c00f26c880973356f7da4eda00cb8ec57cab044d,raw/E12-ca_ztcf-20260934-20260906T135844802626Z
a001079,E12-ca_ztcf-20260935-20260906T135844955420Z,E12,ca_ztcf,20260935,default,primary,2026-09-06T13:58:44.918881+00:00,2026-09-06T13:58:45.055180+00:00,0.136,VALID,valid,,1b2dd830befbb58e3949b03deca6592ca395cd7b,a1d260b660c93e47a466deb9c00f26c880973356f7da4eda00cb8ec57cab044d,raw/E12-ca_ztcf-20260935-20260906T135844955420Z
a001080,E12-ca_ztcf-20260936-20260906T135845101266Z,E12,ca_ztcf,20260936,default,primary,2026-09-06T13:58:45.067186+00:00,2026-09-06T13:58:45.207876+00:00,0.141,VALID,valid,,1b2dd830befbb58e3949b03deca6592ca395cd7b,a1d260b660c93e47a466deb9c00f26c880973356f7da4eda00cb8ec57cab044d,raw/E12-ca_ztcf-20260936-20260906T135845101266Z
a001081,E13-independent-20260907-20260906T135845253574Z,E13,independent,20260907,devices=1,primary,2026-09-06T13:58:45.220204+00:00,2026-09-06T13:58:45.333748+00:00,0.114,VALID,valid,,1b2dd830befbb58e3949b03deca6592ca395cd7b,a1d260b660c93e47a466deb9c00f26c880973356f7da4eda00cb8ec57cab044d,raw/E13-independent-20260907-20260906T135845253574Z
a001082,E13-independent-20260908-20260906T135845379552Z,E13,independent,20260908,devices=1,primary,2026-09-06T13:58:45.346017+00:00,2026-09-06T13:58:45.456020+00:00,0.11,VALID,valid,,1b2dd830befbb58e3949b03deca6592ca395cd7b,a1d260b660c93e47a466deb9c00f26c880973356f7da4eda00cb8ec57cab044d,raw/E13-independent-20260908-20260906T135845379552Z
a001083,E13-independent-20260909-20260906T135845501179Z,E13,independent,20260909,devices=1,primary,2026-09-06T13:58:45.467823+00:00,2026-09-06T13:58:45.587880+00:00,0.12,VALID,valid,,1b2dd830befbb58e3949b03deca6592ca395cd7b,a1d260b660c93e47a466deb9c00f26c880973356f7da4eda00cb8ec57cab044d,raw/E13-independent-20260909-20260906T135845501179Z
a001084,E13-independent-20260910-20260906T135845634184Z,E13,independent,20260910,devices=1,primary,2026-09-06T13:58:45.600207+00:00,2026-09-06T13:58:45.714784+00:00,0.115,VALID,valid,,1b2dd830befbb58e3949b03deca6592ca395cd7b,a1d260b660c93e47a466deb9c00f26c880973356f7da4eda00cb8ec57cab044d,raw/E13-independent-20260910-20260906T135845634184Z
a001085,E13-independent-20260911-20260906T135845761584Z,E13,independent,20260911,devices=1,primary,2026-09-06T13:58:45.726563+00:00,2026-09-06T13:58:45.844708+00:00,0.118,VALID,valid,,1b2dd830befbb58e3949b03deca6592ca395cd7b,a1d260b660c93e47a466deb9c00f26c880973356f7da4eda00cb8ec57cab044d,raw/E13-independent-20260911-20260906T135845761584Z
a001086,E13-independent-20260912-20260906T135845894960Z,E13,independent,20260912,devices=1,primary,2026-09-06T13:58:45.858471+00:00,2026-09-06T13:58:45.973487+00:00,0.115,VALID,valid,,1b2dd830befbb58e3949b03deca6592ca395cd7b,a1d260b660c93e47a466deb9c00f26c880973356f7da4eda00cb8ec57cab044d,raw/E13-independent-20260912-20260906T135845894960Z
a001087,E13-independent-20260913-20260906T135846021760Z,E13,independent,20260913,devices=1,primary,2026-09-06T13:58:45.986220+00:00,2026-09-06T13:58:46.100496+00:00,0.114,VALID,valid,,1b2dd830befbb58e3949b03deca6592ca395cd7b,a1d260b660c93e47a466deb9c00f26c880973356f7da4eda00cb8ec57cab044d,raw/E13-independent-20260913-20260906T135846021760Z
a001088,E13-independent-20260914-20260906T135846146971Z,E13,independent,20260914,devices=1,primary,2026-09-06T13:58:46.113591+00:00,2026-09-06T13:58:46.232097+00:00,0.118,VALID,valid,,1b2dd830befbb58e3949b03deca6592ca395cd7b,a1d260b660c93e47a466deb9c00f26c880973356f7da4eda00cb8ec57cab044d,raw/E13-independent-20260914-20260906T135846146971Z
a001089,E13-independent-20260915-20260906T135846278482Z,E13,independent,20260915,devices=1,primary,2026-09-06T13:58:46.244920+00:00,2026-09-06T13:58:46.360066+00:00,0.115,VALID,valid,,1b2dd830befbb58e3949b03deca6592ca395cd7b,a1d260b660c93e47a466deb9c00f26c880973356f7da4eda00cb8ec57cab044d,raw/E13-independent-20260915-20260906T135846278482Z
a001090,E13-independent-20260916-20260906T135846404873Z,E13,independent,20260916,devices=1,primary,2026-09-06T13:58:46.372090+00:00,2026-09-06T13:58:46.488744+00:00,0.117,VALID,valid,,1b2dd830befbb58e3949b03deca6592ca395cd7b,a1d260b660c93e47a466deb9c00f26c880973356f7da4eda00cb8ec57cab044d,raw/E13-independent-20260916-20260906T135846404873Z
a001091,E13-independent-20260917-20260906T135846533584Z,E13,independent,20260917,devices=1,primary,2026-09-06T13:58:46.500320+00:00,2026-09-06T13:58:46.616378+00:00,0.116,VALID,valid,,1b2dd830befbb58e3949b03deca6592ca395cd7b,a1d260b660c93e47a466deb9c00f26c880973356f7da4eda00cb8ec57cab044d,raw/E13-independent-20260917-20260906T135846533584Z
a001092,E13-independent-20260918-20260906T135846663437Z,E13,independent,20260918,devices=1,primary,2026-09-06T13:58:46.628489+00:00,2026-09-06T13:58:46.745136+00:00,0.117,VALID,valid,,1b2dd830befbb58e3949b03deca6592ca395cd7b,a1d260b660c93e47a466deb9c00f26c880973356f7da4eda00cb8ec57cab044d,raw/E13-independent-20260918-20260906T135846663437Z
a001093,E13-independent-20260919-20260906T135846791125Z,E13,independent,20260919,devices=1,primary,2026-09-06T13:58:46.758225+00:00,2026-09-06T13:58:46.874285+00:00,0.116,VALID,valid,,1b2dd830befbb58e3949b03deca6592ca395cd7b,a1d260b660c93e47a466deb9c00f26c880973356f7da4eda00cb8ec57cab044d,raw/E13-independent-20260919-20260906T135846791125Z
a001094,E13-independent-20260920-20260906T135846925137Z,E13,independent,20260920,devices=1,primary,2026-09-06T13:58:46.887836+00:00,2026-09-06T13:58:47.003306+00:00,0.115,VALID,valid,,1b2dd830befbb58e3949b03deca6592ca395cd7b,a1d260b660c93e47a466deb9c00f26c880973356f7da4eda00cb8ec57cab044d,raw/E13-independent-20260920-20260906T135846925137Z
a001095,E13-independent-20260921-20260906T135847054066Z,E13,independent,20260921,devices=1,primary,2026-09-06T13:58:47.016861+00:00,2026-09-06T13:58:47.145274+00:00,0.128,VALID,valid,,1b2dd830befbb58e3949b03deca6592ca395cd7b,a1d260b660c93e47a466deb9c00f26c880973356f7da4eda00cb8ec57cab044d,raw/E13-independent-20260921-20260906T135847054066Z
a001096,E13-independent-20260922-20260906T135847198476Z,E13,independent,20260922,devices=1,primary,2026-09-06T13:58:47.160516+00:00,2026-09-06T13:58:47.282527+00:00,0.122,VALID,valid,,1b2dd830befbb58e3949b03deca6592ca395cd7b,a1d260b660c93e47a466deb9c00f26c880973356f7da4eda00cb8ec57cab044d,raw/E13-independent-20260922-20260906T135847198476Z
a001097,E13-independent-20260923-20260906T135847339146Z,E13,independent,20260923,devices=1,primary,2026-09-06T13:58:47.299026+00:00,2026-09-06T13:58:47.428385+00:00,0.129,VALID,valid,,1b2dd830befbb58e3949b03deca6592ca395cd7b,a1d260b660c93e47a466deb9c00f26c880973356f7da4eda00cb8ec57cab044d,raw/E13-independent-20260923-20260906T135847339146Z
a001098,E13-independent-20260924-20260906T135847475429Z,E13,independent,20260924,devices=1,primary,2026-09-06T13:58:47.441552+00:00,2026-09-06T13:58:47.549533+00:00,0.108,VALID,valid,,1b2dd830befbb58e3949b03deca6592ca395cd7b,a1d260b660c93e47a466deb9c00f26c880973356f7da4eda00cb8ec57cab044d,raw/E13-independent-20260924-20260906T135847475429Z
a001099,E13-independent-20260925-20260906T135847594373Z,E13,independent,20260925,devices=1,primary,2026-09-06T13:58:47.561384+00:00,2026-09-06T13:58:47.682575+00:00,0.121,VALID,valid,,1b2dd830befbb58e3949b03deca6592ca395cd7b,a1d260b660c93e47a466deb9c00f26c880973356f7da4eda00cb8ec57cab044d,raw/E13-independent-20260925-20260906T135847594373Z
a001100,E13-independent-20260926-20260906T135847728143Z,E13,independent,20260926,devices=1,primary,2026-09-06T13:58:47.695216+00:00,2026-09-06T13:58:47.811221+00:00,0.116,VALID,valid,,1b2dd830befbb58e3949b03deca6592ca395cd7b,a1d260b660c93e47a466deb9c00f26c880973356f7da4eda00cb8ec57cab044d,raw/E13-independent-20260926-20260906T135847728143Z
a001101,E13-independent-20260927-20260906T135847856244Z,E13,independent,20260927,devices=1,primary,2026-09-06T13:58:47.823591+00:00,2026-09-06T13:58:47.935786+00:00,0.112,VALID,valid,,1b2dd830befbb58e3949b03deca6592ca395cd7b,a1d260b660c93e47a466deb9c00f26c880973356f7da4eda00cb8ec57cab044d,raw/E13-independent-20260927-20260906T135847856244Z
a001102,E13-independent-20260928-20260906T135847980656Z,E13,independent,20260928,devices=1,primary,2026-09-06T13:58:47.947680+00:00,2026-09-06T13:58:48.048124+00:00,0.1,VALID,valid,,1b2dd830befbb58e3949b03deca6592ca395cd7b,a1d260b660c93e47a466deb9c00f26c880973356f7da4eda00cb8ec57cab044d,raw/E13-independent-20260928-20260906T135847980656Z
a001103,E13-independent-20260929-20260906T135848092297Z,E13,independent,20260929,devices=1,primary,2026-09-06T13:58:48.059556+00:00,2026-09-06T13:58:48.168518+00:00,0.109,VALID,valid,,1b2dd830befbb58e3949b03deca6592ca395cd7b,a1d260b660c93e47a466deb9c00f26c880973356f7da4eda00cb8ec57cab044d,raw/E13-independent-20260929-20260906T135848092297Z
a001104,E13-independent-20260930-20260906T135848214191Z,E13,independent,20260930,devices=1,primary,2026-09-06T13:58:48.181386+00:00,2026-09-06T13:58:48.294676+00:00,0.113,VALID,valid,,1b2dd830befbb58e3949b03deca6592ca395cd7b,a1d260b660c93e47a466deb9c00f26c880973356f7da4eda00cb8ec57cab044d,raw/E13-independent-20260930-20260906T135848214191Z
a001105,E13-independent-20260931-20260906T135848339997Z,E13,independent,20260931,devices=1,primary,2026-09-06T13:58:48.307022+00:00,2026-09-06T13:58:48.426176+00:00,0.119,VALID,valid,,1b2dd830befbb58e3949b03deca6592ca395cd7b,a1d260b660c93e47a466deb9c00f26c880973356f7da4eda00cb8ec57cab044d,raw/E13-independent-20260931-20260906T135848339997Z
a001106,E13-independent-20260932-20260906T135848473135Z,E13,independent,20260932,devices=1,primary,2026-09-06T13:58:48.438680+00:00,2026-09-06T13:58:48.412069+00:00,0.118,VALID,valid,,1b2dd830befbb58e3949b03deca6592ca395cd7b,a1d260b660c93e47a466deb9c00f26c880973356f7da4eda00cb8ec57cab044d,raw/E13-independent-20260932-20260906T135848473135Z
a001107,E13-independent-20260933-20260906T135848458093Z,E13,independent,20260933,devices=1,primary,2026-09-06T13:58:48.424781+00:00,2026-09-06T13:58:48.532025+00:00,0.107,VALID,valid,,1b2dd830befbb58e3949b03deca6592ca395cd7b,a1d260b660c93e47a466deb9c00f26c880973356f7da4eda00cb8ec57cab044d,raw/E13-independent-20260933-20260906T135848458093Z
a001108,E13-independent-20260934-20260906T135848576872Z,E13,independent,20260934,devices=1,primary,2026-09-06T13:58:48.544160+00:00,2026-09-06T13:58:48.660024+00:00,0.116,VALID,valid,,1b2dd830befbb58e3949b03deca6592ca395cd7b,a1d260b660c93e47a466deb9c00f26c880973356f7da4eda00cb8ec57cab044d,raw/E13-independent-20260934-20260906T135848576872Z
a001109,E13-independent-20260935-20260906T135848704578Z,E13,independent,20260935,devices=1,primary,2026-09-06T13:58:48.672104+00:00,2026-09-06T13:58:48.783927+00:00,0.112,VALID,valid,,1b2dd830befbb58e3949b03deca6592ca395cd7b,a1d260b660c93e47a466deb9c00f26c880973356f7da4eda00cb8ec57cab044d,raw/E13-independent-20260935-20260906T135848704578Z
a001110,E13-independent-20260936-20260906T135848827507Z,E13,independent,20260936,devices=1,primary,2026-09-06T13:58:48.795606+00:00,2026-09-06T13:58:48.910001+00:00,0.114,VALID,valid,,1b2dd830befbb58e3949b03deca6592ca395cd7b,a1d260b660c93e47a466deb9c00f26c880973356f7da4eda00cb8ec57cab044d,raw/E13-independent-20260936-20260906T135848827507Z
a001111,E13-static_continuity-20260907-20260906T135848953774Z,E13,static_continuity,20260907,devices=1,primary,2026-09-06T13:58:48.921303+00:00,2026-09-06T13:58:49.034869+00:00,0.114,VALID,valid,,1b2dd830befbb58e3949b03deca6592ca395cd7b,a1d260b660c93e47a466deb9c00f26c880973356f7da4eda00cb8ec57cab044d,raw/E13-static_continuity-20260907-20260906T135848953774Z
a001112,E13-static_continuity-20260908-20260906T135849080447Z,E13,static_continuity,20260908,devices=1,primary,2026-09-06T13:58:49.047576+00:00,2026-09-06T13:58:49.160722+00:00,0.113,VALID,valid,,1b2dd830befbb58e3949b03deca6592ca395cd7b,a1d260b660c93e47a466deb9c00f26c880973356f7da4eda00cb8ec57cab044d,raw/E13-static_continuity-20260908-20260906T135849080447Z
a001113,E13-static_continuity-20260909-20260906T135849206561Z,E13,static_continuity,20260909,devices=1,primary,2026-09-06T13:58:49.172672+00:00,2026-09-06T13:58:49.290407+00:00,0.118,VALID,valid,,1b2dd830befbb58e3949b03deca6592ca395cd7b,a1d260b660c93e47a466deb9c00f26c880973356f7da4eda00cb8ec57cab044d,raw/E13-static_continuity-20260909-20260906T135849206561Z
a001114,E13-static_continuity-20260910-20260906T135849336324Z,E13,static_continuity,20260910,devices=1,primary,2026-09-06T13:58:49.302418+00:00,2026-09-06T13:58:49.420087+00:00,0.118,VALID,valid,,1b2dd830befbb58e3949b03deca6592ca395cd7b,a1d260b660c93e47a466deb9c00f26c880973356f7da4eda00cb8ec57cab044d,raw/E13-static_continuity-20260910-20260906T135849336324Z
a001115,E13-static_continuity-20260911-20260906T135849467212Z,E13,static_continuity,20260911,devices=1,primary,2026-09-06T13:58:49.432643+00:00,2026-09-06T13:58:49.557285+00:00,0.125,VALID,valid,,1b2dd830befbb58e3949b03deca6592ca395cd7b,a1d260b660c93e47a466deb9c00f26c880973356f7da4eda00cb8ec57cab044d,raw/E13-static_continuity-20260911-20260906T135849467212Z
a001116,E13-static_continuity-20260912-20260906T135849602972Z,E13,static_continuity,20260912,devices=1,primary,2026-09-06T13:58:49.569615+00:00,2026-09-06T13:58:49.689332+00:00,0.12,VALID,valid,,1b2dd830befbb58e3949b03deca6592ca395cd7b,a1d260b660c93e47a466deb9c00f26c880973356f7da4eda00cb8ec57cab044d,raw/E13-static_continuity-20260912-20260906T135849602972Z
a001117,E13-static_continuity-20260913-20260906T135849735979Z,E13,static_continuity,20260913,devices=1,primary,2026-09-06T13:58:49.702506+00:00,2026-09-06T13:58:49.815394+00:00,0.113,VALID,valid,,1b2dd830befbb58e3949b03deca6592ca395cd7b,a1d260b660c93e47a466deb9c00f26c880973356f7da4eda00cb8ec57cab044d,raw/E13-static_continuity-20260913-20260906T135849735979Z
a001118,E13-static_continuity-20260914-20260906T135849861037Z,E13,static_continuity,20260914,devices=1,primary,2026-09-06T13:58:49.827429+00:00,2026-09-06T13:58:49.943136+00:00,0.116,VALID,valid,,1b2dd830befbb58e3949b03deca6592ca395cd7b,a1d260b660c93e47a466deb9c00f26c880973356f7da4eda00cb8ec57cab044d,raw/E13-static_continuity-20260914-20260906T135849861037Z
a001119,E13-static_continuity-20260915-20260906T135849988907Z,E13,static_continuity,20260915,devices=1,primary,2026-09-06T13:58:49.955905+00:00,2026-09-06T13:58:50.074165+00:00,0.118,VALID,valid,,1b2dd830befbb58e3949b03deca6592ca395cd7b,a1d260b660c93e47a466deb9c00f26c880973356f7da4eda00cb8ec57cab044d,raw/E13-static_continuity-20260915-20260906T135849988907Z
a001120,E13-static_continuity-20260916-20260906T135850118979Z,E13,static_continuity,20260916,devices=1,primary,2026-09-06T13:58:50.086485+00:00,2026-09-06T13:58:50.199555+00:00,0.113,VALID,valid,,1b2dd830befbb58e3949b03deca6592ca395cd7b,a1d260b660c93e47a466deb9c00f26c880973356f7da4eda00cb8ec57cab044d,raw/E13-static_continuity-20260916-20260906T135850118979Z
a001121,E13-static_continuity-20260917-20260906T135850244854Z,E13,static_continuity,20260917,devices=1,primary,2026-09-06T13:58:50.211882+00:00,2026-09-06T13:58:50.324809+00:00,0.113,VALID,valid,,1b2dd830befbb58e3949b03deca6592ca395cd7b,a1d260b660c93e47a466deb9c00f26c880973356f7da4eda00cb8ec57cab044d,raw/E13-static_continuity-20260917-20260906T135850244854Z
a001122,E13-static_continuity-20260918-20260906T135850370023Z,E13,static_continuity,20260918,devices=1,primary,2026-09-06T13:58:50.336819+00:00,2026-09-06T13:58:50.451943+00:00,0.115,VALID,valid,,1b2dd830befbb58e3949b03deca6592ca395cd7b,a1d260b660c93e47a466deb9c00f26c880973356f7da4eda00cb8ec57cab044d,raw/E13-static_continuity-20260918-20260906T135850370023Z
a001123,E13-static_continuity-20260919-20260906T135850497415Z,E13,static_continuity,20260919,devices=1,primary,2026-09-06T13:58:50.464500+00:00,2026-09-06T13:58:50.591714+00:00,0.127,VALID,valid,,1b2dd830befbb58e3949b03deca6592ca395cd7b,a1d260b660c93e47a466deb9c00f26c880973356f7da4eda00cb8ec57cab044d,raw/E13-static_continuity-20260919-20260906T135850497415Z
a001124,E13-static_continuity-20260920-20260906T135850638849Z,E13,static_continuity,20260920,devices=1,primary,2026-09-06T13:58:50.604386+00:00,2026-09-06T13:58:50.724494+00:00,0.12,VALID,valid,,1b2dd830befbb58e3949b03deca6592ca395cd7b,a1d260b660c93e47a466deb9c00f26c880973356f7da4eda00cb8ec57cab044d,raw/E13-static_continuity-20260920-20260906T135850638849Z
a001125,E13-static_continuity-20260921-20260906T135850770930Z,E13,static_continuity,20260921,devices=1,primary,2026-09-06T13:58:50.737464+00:00,2026-09-06T13:58:50.858402+00:00,0.121,VALID,valid,,1b2dd830befbb58e3949b03deca6592ca395cd7b,a1d260b660c93e47a466deb9c00f26c880973356f7da4eda00cb8ec57cab044d,raw/E13-static_continuity-20260921-20260906T135850770930Z
a001126,E13-static_continuity-20260922-20260906T135850905864Z,E13,static_continuity,20260922,devices=1,primary,2026-09-06T13:58:50.870632+00:00,2026-09-06T13:58:50.993427+00:00,0.123,VALID,valid,,1b2dd830befbb58e3949b03deca6592ca395cd7b,a1d260b660c93e47a466deb9c00f26c880973356f7da4eda00cb8ec57cab044d,raw/E13-static_continuity-20260922-20260906T135850905864Z
a001127,E13-static_continuity-20260923-20260906T135851040623Z,E13,static_continuity,20260923,devices=1,primary,2026-09-06T13:58:51.006486+00:00,2026-09-06T13:58:51.124973+00:00,0.118,VALID,valid,,1b2dd830befbb58e3949b03deca6592ca395cd7b,a1d260b660c93e47a466deb9c00f26c880973356f7da4eda00cb8ec57cab044d,raw/E13-static_continuity-20260923-20260906T135851040623Z
a001128,E13-static_continuity-20260924-20260906T135851170510Z,E13,static_continuity,20260924,devices=1,primary,2026-09-06T13:58:51.137141+00:00,2026-09-06T13:58:51.249294+00:00,0.112,VALID,valid,,1b2dd830befbb58e3949b03deca6592ca395cd7b,a1d260b660c93e47a466deb9c00f26c880973356f7da4eda00cb8ec57cab044d,raw/E13-static_continuity-20260924-20260906T135851170510Z
a001129,E13-static_continuity-20260925-20260906T135851297831Z,E13,static_continuity,20260925,devices=1,primary,2026-09-06T13:58:51.262454+00:00,2026-09-06T13:58:51.379957+00:00,0.117,VALID,valid,,1b2dd830befbb58e3949b03deca6592ca395cd7b,a1d260b660c93e47a466deb9c00f26c880973356f7da4eda00cb8ec57cab044d,raw/E13-static_continuity-20260925-20260906T135851297831Z
a001130,E13-static_continuity-20260926-20260906T135851429628Z,E13,static_continuity,20260926,devices=1,primary,2026-09-06T13:58:51.393052+00:00,2026-09-06T13:58:51.522036+00:00,0.129,VALID,valid,,1b2dd830befbb58e3949b03deca6592ca395cd7b,a1d260b660c93e47a466deb9c00f26c880973356f7da4eda00cb8ec57cab044d,raw/E13-static_continuity-20260926-20260906T135851429628Z
a001131,E13-static_continuity-20260927-20260906T135851575579Z,E13,static_continuity,20260927,devices=1,primary,2026-09-06T13:58:51.536598+00:00,2026-09-06T13:58:51.677056+00:00,0.14,VALID,valid,,1b2dd830befbb58e3949b03deca6592ca395cd7b,a1d260b660c93e47a466deb9c00f26c880973356f7da4eda00cb8ec57cab044d,raw/E13-static_continuity-20260927-20260906T135851575579Z
a001132,E13-static_continuity-20260928-20260906T135851733203Z,E13,static_continuity,20260928,devices=1,primary,2026-09-06T13:58:51.691630+00:00,2026-09-06T13:58:51.828898+00:00,0.137,VALID,valid,,1b2dd830befbb58e3949b03deca6592ca395cd7b,a1d260b660c93e47a466deb9c00f26c880973356f7da4eda00cb8ec57cab044d,raw/E13-static_continuity-20260928-20260906T135851733203Z
a001133,E13-static_continuity-20260929-20260906T135851875764Z,E13,static_continuity,20260929,devices=1,primary,2026-09-06T13:58:51.842055+00:00,2026-09-06T13:58:51.958897+00:00,0.117,VALID,valid,,1b2dd830befbb58e3949b03deca6592ca395cd7b,a1d260b660c93e47a466deb9c00f26c880973356f7da4eda00cb8ec57cab044d,raw/E13-static_continuity-20260929-20260906T135851875764Z
a001134,E13-static_continuity-20260930-20260906T135852004894Z,E13,static_continuity,20260930,devices=1,primary,2026-09-06T13:58:51.971778+00:00,2026-09-06T13:58:52.080022+00:00,0.108,VALID,valid,,1b2dd830befbb58e3949b03deca6592ca395cd7b,a1d260b660c93e47a466deb9c00f26c880973356f7da4eda00cb8ec57cab044d,raw/E13-static_continuity-20260930-20260906T135852004894Z
a001135,E13-static_continuity-20260931-20260906T135852125929Z,E13,static_continuity,20260931,devices=1,primary,2026-09-06T13:58:52.092661+00:00,2026-09-06T13:58:52.192719+00:00,0.1,VALID,valid,,1b2dd830befbb58e3949b03deca6592ca395cd7b,a1d260b660c93e47a466deb9c00f26c880973356f7da4eda00cb8ec57cab044d,raw/E13-static_continuity-20260931-20260906T135852125929Z
a001136,E13-static_continuity-20260932-20260906T135852237285Z,E13,static_continuity,20260932,devices=1,primary,2026-09-06T13:58:52.204267+00:00,2026-09-06T13:58:52.320398+00:00,0.116,VALID,valid,,1b2dd830befbb58e3949b03deca6592ca395cd7b,a1d260b660c93e47a466deb9c00f26c880973356f7da4eda00cb8ec57cab044d,raw/E13-static_continuity-20260932-20260906T135852237285Z
a001137,E13-static_continuity-20260933-20260906T135852369565Z,E13,static_continuity,20260933,devices=1,primary,2026-09-06T13:58:52.333221+00:00,2026-09-06T13:58:52.451116+00:00,0.118,VALID,valid,,1b2dd830befbb58e3949b03deca6592ca395cd7b,a1d260b660c93e47a466deb9c00f26c880973356f7da4eda00cb8ec57cab044d,raw/E13-static_continuity-20260933-20260906T135852369565Z
a001138,E13-static_continuity-20260934-20260906T135852499652Z,E13,static_continuity,20260934,devices=1,primary,2026-09-06T13:58:52.464247+00:00,2026-09-06T13:58:52.580627+00:00,0.116,VALID,valid,,1b2dd830befbb58e3949b03deca6592ca395cd7b,a1d260b660c93e47a466deb9c00f26c880973356f7da4eda00cb8ec57cab044d,raw/E13-static_continuity-20260934-20260906T135852499652Z
a001139,E13-static_continuity-20260935-20260906T135852628808Z,E13,static_continuity,20260935,devices=1,primary,2026-09-06T13:58:52.594885+00:00,2026-09-06T13:58:52.704391+00:00,0.109,VALID,valid,,1b2dd830befbb58e3949b03deca6592ca395cd7b,a1d260b660c93e47a466deb9c00f26c880973356f7da4eda00cb8ec57cab044d,raw/E13-static_continuity-20260935-20260906T135852628808Z
a001140,E13-static_continuity-20260936-20260906T135852750037Z,E13,static_continuity,20260936,devices=1,primary,2026-09-06T13:58:52.717481+00:00,2026-09-06T13:58:52.834796+00:00,0.117,VALID,valid,,1b2dd830befbb58e3949b03deca6592ca395cd7b,a1d260b660c93e47a466deb9c00f26c880973356f7da4eda00cb8ec57cab044d,raw/E13-static_continuity-20260936-20260906T135852750037Z
a001141,E13-ca_ztcf-20260907-20260906T135852880340Z,E13,ca_ztcf,20260907,devices=1,primary,2026-09-06T13:58:52.846913+00:00,2026-09-06T13:58:52.957381+00:00,0.11,VALID,valid,,1b2dd830befbb58e3949b03deca6592ca395cd7b,a1d260b660c93e47a466deb9c00f26c880973356f7da4eda00cb8ec57cab044d,raw/E13-ca_ztcf-20260907-20260906T135852880340Z
a001142,E13-ca_ztcf-20260908-20260906T135853002675Z,E13,ca_ztcf,20260908,devices=1,primary,2026-09-06T13:58:52.969930+00:00,2026-09-06T13:58:53.086468+00:00,0.117,VALID,valid,,1b2dd830befbb58e3949b03deca6592ca395cd7b,a1d260b660c93e47a466deb9c00f26c880973356f7da4eda00cb8ec57cab044d,raw/E13-ca_ztcf-20260908-20260906T135853002675Z
a001143,E13-ca_ztcf-20260909-20260906T135853131995Z,E13,ca_ztcf,20260909,devices=1,primary,2026-09-06T13:58:53.098160+00:00,2026-09-06T13:58:53.214363+00:00,0.116,VALID,valid,,1b2dd830befbb58e3949b03deca6592ca395cd7b,a1d260b660c93e47a466deb9c00f26c880973356f7da4eda00cb8ec57cab044d,raw/E13-ca_ztcf-20260909-20260906T135853131995Z
a001144,E13-ca_ztcf-20260910-20260906T135853259820Z,E13,ca_ztcf,20260910,devices=1,primary,2026-09-06T13:58:53.227269+00:00,2026-09-06T13:58:53.342488+00:00,0.115,VALID,valid,,1b2dd830befbb58e3949b03deca6592ca395cd7b,a1d260b660c93e47a466deb9c00f26c880973356f7da4eda00cb8ec57cab044d,raw/E13-ca_ztcf-20260910-20260906T135853259820Z
a001145,E13-ca_ztcf-20260911-20260906T135853387970Z,E13,ca_ztcf,20260911,devices=1,primary,2026-09-06T13:58:53.355325+00:00,2026-09-06T13:58:53.470647+00:00,0.115,VALID,valid,,1b2dd830befbb58e3949b03deca6592ca395cd7b,a1d260b660c93e47a466deb9c00f26c880973356f7da4eda00cb8ec57cab044d,raw/E13-ca_ztcf-20260911-20260906T135853387970Z
a001146,E13-ca_ztcf-20260912-20260906T135853516072Z,E13,ca_ztcf,20260912,devices=1,primary,2026-09-06T13:58:53.483464+00:00,2026-09-06T13:58:53.599093+00:00,0.116,VALID,valid,,1b2dd830befbb58e3949b03deca6592ca395cd7b,a1d260b660c93e47a466deb9c00f26c880973356f7da4eda00cb8ec57cab044d,raw/E13-ca_ztcf-20260912-20260906T135853516072Z
a001147,E13-ca_ztcf-20260913-20260906T135853643608Z,E13,ca_ztcf,20260913,devices=1,primary,2026-09-06T13:58:53.610880+00:00,2026-09-06T13:58:53.760859+00:00,0.15,VALID,valid,,1b2dd830befbb58e3949b03deca6592ca395cd7b,a1d260b660c93e47a466deb9c00f26c880973356f7da4eda00cb8ec57cab044d,raw/E13-ca_ztcf-20260913-20260906T135853643608Z
a001148,E13-ca_ztcf-20260914-20260906T135853808306Z,E13,ca_ztcf,20260914,devices=1,primary,2026-09-06T13:58:53.773834+00:00,2026-09-06T13:58:53.891635+00:00,0.118,VALID,valid,,1b2dd830befbb58e3949b03deca6592ca395cd7b,a1d260b660c93e47a466deb9c00f26c880973356f7da4eda00cb8ec57cab044d,raw/E13-ca_ztcf-20260914-20260906T135853808306Z
a001149,E13-ca_ztcf-20260915-20260906T135853939885Z,E13,ca_ztcf,20260915,devices=1,primary,2026-09-06T13:58:53.903987+00:00,2026-09-06T13:58:54.011907+00:00,0.108,VALID,valid,,1b2dd830befbb58e3949b03deca6592ca395cd7b,a1d260b660c93e47a466deb9c00f26c880973356f7da4eda00cb8ec57cab044d,raw/E13-ca_ztcf-20260915-20260906T135853939885Z
a001150,E13-ca_ztcf-20260916-20260906T135854058502Z,E13,ca_ztcf,20260916,devices=1,primary,2026-09-06T13:58:54.025170+00:00,2026-09-06T13:58:54.126383+00:00,0.101,VALID,valid,,1b2dd830befbb58e3949b03deca6592ca395cd7b,a1d260b660c93e47a466deb9c00f26c880973356f7da4eda00cb8ec57cab044d,raw/E13-ca_ztcf-20260916-20260906T135854058502Z
a001151,E13-ca_ztcf-20260917-20260906T135854171749Z,E13,ca_ztcf,20260917,devices=1,primary,2026-09-06T13:58:54.138544+00:00,2026-09-06T13:58:54.254261+00:00,0.116,VALID,valid,,1b2dd830befbb58e3949b03deca6592ca395cd7b,a1d260b660c93e47a466deb9c00f26c880973356f7da4eda00cb8ec57cab044d,raw/E13-ca_ztcf-20260917-20260906T135854171749Z
a001152,E13-ca_ztcf-20260918-20260906T135854299600Z,E13,ca_ztcf,20260918,devices=1,primary,2026-09-06T13:58:54.266074+00:00,2026-09-06T13:58:54.386496+00:00,0.12,VALID,valid,,1b2dd830befbb58e3949b03deca6592ca395cd7b,a1d260b660c93e47a466deb9c00f26c880973356f7da4eda00cb8ec57cab044d,raw/E13-ca_ztcf-20260918-20260906T135854299600Z
a001153,E13-ca_ztcf-20260919-20260906T135854433037Z,E13,ca_ztcf,20260919,devices=1,primary,2026-09-06T13:58:54.398546+00:00,2026-09-06T13:58:54.512965+00:00,0.114,VALID,valid,,1b2dd830befbb58e3949b03deca6592ca395cd7b,a1d260b660c93e47a466deb9c00f26c880973356f7da4eda00cb8ec57cab044d,raw/E13-ca_ztcf-20260919-20260906T135854433037Z
a001154,E13-ca_ztcf-20260920-20260906T135854558994Z,E13,ca_ztcf,20260920,devices=1,primary,2026-09-06T13:58:54.524651+00:00,2026-09-06T13:58:54.639039+00:00,0.114,VALID,valid,,1b2dd830befbb58e3949b03deca6592ca395cd7b,a1d260b660c93e47a466deb9c00f26c880973356f7da4eda00cb8ec57cab044d,raw/E13-ca_ztcf-20260920-20260906T135854558994Z
a001155,E13-ca_ztcf-20260921-20260906T135854684712Z,E13,ca_ztcf,20260921,devices=1,primary,2026-09-06T13:58:54.651358+00:00,2026-09-06T13:58:54.774468+00:00,0.123,VALID,valid,,1b2dd830befbb58e3949b03deca6592ca395cd7b,a1d260b660c93e47a466deb9c00f26c880973356f7da4eda00cb8ec57cab044d,raw/E13-ca_ztcf-20260921-20260906T135854684712Z
a001156,E13-ca_ztcf-20260922-20260906T135854819791Z,E13,ca_ztcf,20260922,devices=1,primary,2026-09-06T13:58:54.787154+00:00,2026-09-06T13:58:54.912512+00:00,0.125,VALID,valid,,1b2dd830befbb58e3949b03deca6592ca395cd7b,a1d260b660c93e47a466deb9c00f26c880973356f7da4eda00cb8ec57cab044d,raw/E13-ca_ztcf-20260922-20260906T135854819791Z
a001157,E13-ca_ztcf-20260923-20260906T135854967489Z,E13,ca_ztcf,20260923,devices=1,primary,2026-09-06T13:58:54.928933+00:00,2026-09-06T13:58:55.060176+00:00,0.131,VALID,valid,,1b2dd830befbb58e3949b03deca6592ca395cd7b,a1d260b660c93e47a466deb9c00f26c880973356f7da4eda00cb8ec57cab044d,raw/E13-ca_ztcf-20260923-20260906T135854967489Z
a001158,E13-ca_ztcf-20260924-20260906T135855108789Z,E13,ca_ztcf,20260924,devices=1,primary,2026-09-06T13:58:55.072961+00:00,2026-09-06T13:58:55.196345+00:00,0.123,VALID,valid,,1b2dd830befbb58e3949b03deca6592ca395cd7b,a1d260b660c93e47a466deb9c00f26c880973356f7da4eda00cb8ec57cab044d,raw/E13-ca_ztcf-20260924-20260906T135855108789Z
a001159,E13-ca_ztcf-20260925-20260906T135855245750Z,E13,ca_ztcf,20260925,devices=1,primary,2026-09-06T13:58:55.209210+00:00,2026-09-06T13:58:55.331013+00:00,0.122,VALID,valid,,1b2dd830befbb58e3949b03deca6592ca395cd7b,a1d260b660c93e47a466deb9c00f26c880973356f7da4eda00cb8ec57cab044d,raw/E13-ca_ztcf-20260925-20260906T135855245750Z
a001160,E13-ca_ztcf-20260926-20260906T135855378886Z,E13,ca_ztcf,20260926,devices=1,primary,2026-09-06T13:58:55.344475+00:00,2026-09-06T13:58:55.461228+00:00,0.117,VALID,valid,,1b2dd830befbb58e3949b03deca6592ca395cd7b,a1d260b660c93e47a466deb9c00f26c880973356f7da4eda00cb8ec57cab044d,raw/E13-ca_ztcf-20260926-20260906T135855378886Z
a001161,E13-ca_ztcf-20260927-20260906T135855505465Z,E13,ca_ztcf,20260927,devices=1,primary,2026-09-06T13:58:55.473086+00:00,2026-09-06T13:58:55.590361+00:00,0.117,VALID,valid,,1b2dd830befbb58e3949b03deca6592ca395cd7b,a1d260b660c93e47a466deb9c00f26c880973356f7da4eda00cb8ec57cab044d,raw/E13-ca_ztcf-20260927-20260906T135855505465Z
a001162,E13-ca_ztcf-20260928-20260906T135855636797Z,E13,ca_ztcf,20260928,devices=1,primary,2026-09-06T13:58:55.603514+00:00,2026-09-06T13:58:55.725006+00:00,0.121,VALID,valid,,1b2dd830befbb58e3949b03deca6592ca395cd7b,a1d260b660c93e47a466deb9c00f26c880973356f7da4eda00cb8ec57cab044d,raw/E13-ca_ztcf-20260928-20260906T135855636797Z
a001163,E13-ca_ztcf-20260929-20260906T135855775918Z,E13,ca_ztcf,20260929,devices=1,primary,2026-09-06T13:58:55.740974+00:00,2026-09-06T13:58:55.856697+00:00,0.116,VALID,valid,,1b2dd830befbb58e3949b03deca6592ca395cd7b,a1d260b660c93e47a466deb9c00f26c880973356f7da4eda00cb8ec57cab044d,raw/E13-ca_ztcf-20260929-20260906T135855775918Z
a001164,E13-ca_ztcf-20260930-20260906T135855907773Z,E13,ca_ztcf,20260930,devices=1,primary,2026-09-06T13:58:55.870919+00:00,2026-09-06T13:58:55.992054+00:00,0.121,VALID,valid,,1b2dd830befbb58e3949b03deca6592ca395cd7b,a1d260b660c93e47a466deb9c00f26c880973356f7da4eda00cb8ec57cab044d,raw/E13-ca_ztcf-20260930-20260906T135855907773Z
a001165,E13-ca_ztcf-20260931-20260906T135856039953Z,E13,ca_ztcf,20260931,devices=1,primary,2026-09-06T13:58:56.004594+00:00,2026-09-06T13:58:56.128661+00:00,0.124,VALID,valid,,1b2dd830befbb58e3949b03deca6592ca395cd7b,a1d260b660c93e47a466deb9c00f26c880973356f7da4eda00cb8ec57cab044d,raw/E13-ca_ztcf-20260931-20260906T135856039953Z
a001166,E13-ca_ztcf-20260932-20260906T135856179831Z,E13,ca_ztcf,20260932,devices=1,primary,2026-09-06T13:58:56.142329+00:00,2026-09-06T13:58:56.255947+00:00,0.114,VALID,valid,,1b2dd830befbb58e3949b03deca6592ca395cd7b,a1d260b660c93e47a466deb9c00f26c880973356f7da4eda00cb8ec57cab044d,raw/E13-ca_ztcf-20260932-20260906T135856179831Z
a001167,E13-ca_ztcf-20260933-20260906T135856306366Z,E13,ca_ztcf,20260933,devices=1,primary,2026-09-06T13:58:56.269934+00:00,2026-09-06T13:58:56.395990+00:00,0.126,VALID,valid,,1b2dd830befbb58e3949b03deca6592ca395cd7b,a1d260b660c93e47a466deb9c00f26c880973356f7da4eda00cb8ec57cab044d,raw/E13-ca_ztcf-20260933-20260906T135856306366Z
a001168,E13-ca_ztcf-20260934-20260906T135856444862Z,E13,ca_ztcf,20260934,devices=1,primary,2026-09-06T13:58:56.408698+00:00,2026-09-06T13:58:56.534703+00:00,0.126,VALID,valid,,1b2dd830befbb58e3949b03deca6592ca395cd7b,a1d260b660c93e47a466deb9c00f26c880973356f7da4eda00cb8ec57cab044d,raw/E13-ca_ztcf-20260934-20260906T135856444862Z
a001169,E13-ca_ztcf-20260935-20260906T135856580426Z,E13,ca_ztcf,20260935,devices=1,primary,2026-09-06T13:58:56.546936+00:00,2026-09-06T13:58:56.657612+00:00,0.111,VALID,valid,,1b2dd830befbb58e3949b03deca6592ca395cd7b,a1d260b660c93e47a466deb9c00f26c880973356f7da4eda00cb8ec57cab044d,raw/E13-ca_ztcf-20260935-20260906T135856580426Z
a001170,E13-ca_ztcf-20260936-20260906T135856704630Z,E13,ca_ztcf,20260936,devices=1,primary,2026-09-06T13:58:56.670151+00:00,2026-09-06T13:58:56.798049+00:00,0.128,VALID,valid,,1b2dd830befbb58e3949b03deca6592ca395cd7b,a1d260b660c93e47a466deb9c00f26c880973356f7da4eda00cb8ec57cab044d,raw/E13-ca_ztcf-20260936-20260906T135856704630Z
a001171,E13-independent-20260907-20260906T135856844752Z,E13,independent,20260907,devices=5,primary,2026-09-06T13:58:56.810564+00:00,2026-09-06T13:58:56.932079+00:00,0.122,VALID,valid,,1b2dd830befbb58e3949b03deca6592ca395cd7b,a1d260b660c93e47a466deb9c00f26c880973356f7da4eda00cb8ec57cab044d,raw/E13-independent-20260907-20260906T135856844752Z
a001172,E13-independent-20260908-20260906T135856979685Z,E13,independent,20260908,devices=5,primary,2026-09-06T13:58:56.945419+00:00,2026-09-06T13:58:57.065753+00:00,0.12,VALID,valid,,1b2dd830befbb58e3949b03deca6592ca395cd7b,a1d260b660c93e47a466deb9c00f26c880973356f7da4eda00cb8ec57cab044d,raw/E13-independent-20260908-20260906T135856979685Z
a001173,E13-independent-20260909-20260906T135857112052Z,E13,independent,20260909,devices=5,primary,2026-09-06T13:58:57.078384+00:00,2026-09-06T13:58:57.195180+00:00,0.117,VALID,valid,,1b2dd830befbb58e3949b03deca6592ca395cd7b,a1d260b660c93e47a466deb9c00f26c880973356f7da4eda00cb8ec57cab044d,raw/E13-independent-20260909-20260906T135857112052Z
a001174,E13-independent-20260910-20260906T135857240791Z,E13,independent,20260910,devices=5,primary,2026-09-06T13:58:57.207228+00:00,2026-09-06T13:58:57.312377+00:00,0.105,VALID,valid,,1b2dd830befbb58e3949b03deca6592ca395cd7b,a1d260b660c93e47a466deb9c00f26c880973356f7da4eda00cb8ec57cab044d,raw/E13-independent-20260910-20260906T135857240791Z
a001175,E13-independent-20260911-20260906T135857359402Z,E13,independent,20260911,devices=5,primary,2026-09-06T13:58:57.324763+00:00,2026-09-06T13:58:57.440856+00:00,0.116,VALID,valid,,1b2dd830befbb58e3949b03deca6592ca395cd7b,a1d260b660c93e47a466deb9c00f26c880973356f7da4eda00cb8ec57cab044d,raw/E13-independent-20260911-20260906T135857359402Z
a001176,E13-independent-20260912-20260906T135857486035Z,E13,independent,20260912,devices=5,primary,2026-09-06T13:58:57.453182+00:00,2026-09-06T13:58:57.567827+00:00,0.115,VALID,valid,,1b2dd830befbb58e3949b03deca6592ca395cd7b,a1d260b660c93e47a466deb9c00f26c880973356f7da4eda00cb8ec57cab044d,raw/E13-independent-20260912-20260906T135857486035Z
a001177,E13-independent-20260913-20260906T135857615624Z,E13,independent,20260913,devices=5,primary,2026-09-06T13:58:57.580881+00:00,2026-09-06T13:58:57.700689+00:00,0.12,VALID,valid,,1b2dd830befbb58e3949b03deca6592ca395cd7b,a1d260b660c93e47a466deb9c00f26c880973356f7da4eda00cb8ec57cab044d,raw/E13-independent-20260913-20260906T135857615624Z
a001178,E13-independent-20260914-20260906T135857746720Z,E13,independent,20260914,devices=5,primary,2026-09-06T13:58:57.713595+00:00,2026-09-06T13:58:57.830999+00:00,0.117,VALID,valid,,1b2dd830befbb58e3949b03deca6592ca395cd7b,a1d260b660c93e47a466deb9c00f26c880973356f7da4eda00cb8ec57cab044d,raw/E13-independent-20260914-20260906T135857746720Z
a001179,E13-independent-20260915-20260906T135857876698Z,E13,independent,20260915,devices=5,primary,2026-09-06T13:58:57.843801+00:00,2026-09-06T13:58:57.967122+00:00,0.123,VALID,valid,,1b2dd830befbb58e3949b03deca6592ca395cd7b,a1d260b660c93e47a466deb9c00f26c880973356f7da4eda00cb8ec57cab044d,raw/E13-independent-20260915-20260906T135857876698Z
a001180,E13-independent-20260916-20260906T135858016673Z,E13,independent,20260916,devices=5,primary,2026-09-06T13:58:57.979907+00:00,2026-09-06T13:58:58.102721+00:00,0.123,VALID,valid,,1b2dd830befbb58e3949b03deca6592ca395cd7b,a1d260b660c93e47a466deb9c00f26c880973356f7da4eda00cb8ec57cab044d,raw/E13-independent-20260916-20260906T135858016673Z
a001181,E13-independent-20260917-20260906T135858155627Z,E13,independent,20260917,devices=5,primary,2026-09-06T13:58:58.115749+00:00,2026-09-06T13:58:58.261386+00:00,0.146,VALID,valid,,1b2dd830befbb58e3949b03deca6592ca395cd7b,a1d260b660c93e47a466deb9c00f26c880973356f7da4eda00cb8ec57cab044d,raw/E13-independent-20260917-20260906T135858155627Z
a001182,E13-independent-20260918-20260906T135858310440Z,E13,independent,20260918,devices=5,primary,2026-09-06T13:58:58.275445+00:00,2026-09-06T13:58:58.402677+00:00,0.127,VALID,valid,,1b2dd830befbb58e3949b03deca6592ca395cd7b,a1d260b660c93e47a466deb9c00f26c880973356f7da4eda00cb8ec57cab044d,raw/E13-independent-20260918-20260906T135858310440Z
a001183,E13-independent-20260919-20260906T135858451415Z,E13,independent,20260919,devices=5,primary,2026-09-06T13:58:58.415473+00:00,2026-09-06T13:58:58.435016+00:00,0.158,VALID,valid,,1b2dd830befbb58e3949b03deca6592ca395cd7b,a1d260b660c93e47a466deb9c00f26c880973356f7da4eda00cb8ec57cab044d,raw/E13-independent-20260919-20260906T135858451415Z
a001184,E13-independent-20260920-20260906T135858488378Z,E13,independent,20260920,devices=5,primary,2026-09-06T13:58:58.448734+00:00,2026-09-06T13:58:58.577864+00:00,0.129,VALID,valid,,1b2dd830befbb58e3949b03deca6592ca395cd7b,a1d260b660c93e47a466deb9c00f26c880973356f7da4eda00cb8ec57cab044d,raw/E13-independent-20260920-20260906T135858488378Z
a001185,E13-independent-20260921-20260906T135858627605Z,E13,independent,20260921,devices=5,primary,2026-09-06T13:58:58.591419+00:00,2026-09-06T13:58:58.726423+00:00,0.135,VALID,valid,,1b2dd830befbb58e3949b03deca6592ca395cd7b,a1d260b660c93e47a466deb9c00f26c880973356f7da4eda00cb8ec57cab044d,raw/E13-independent-20260921-20260906T135858627605Z
a001186,E13-independent-20260922-20260906T135858776392Z,E13,independent,20260922,devices=5,primary,2026-09-06T13:58:58.739122+00:00,2026-09-06T13:58:58.864535+00:00,0.125,VALID,valid,,1b2dd830befbb58e3949b03deca6592ca395cd7b,a1d260b660c93e47a466deb9c00f26c880973356f7da4eda00cb8ec57cab044d,raw/E13-independent-20260922-20260906T135858776392Z
a001187,E13-independent-20260923-20260906T135858915583Z,E13,independent,20260923,devices=5,primary,2026-09-06T13:58:58.877493+00:00,2026-09-06T13:58:59.005049+00:00,0.128,VALID,valid,,1b2dd830befbb58e3949b03deca6592ca395cd7b,a1d260b660c93e47a466deb9c00f26c880973356f7da4eda00cb8ec57cab044d,raw/E13-independent-20260923-20260906T135858915583Z
a001188,E13-independent-20260924-20260906T135859054182Z,E13,independent,20260924,devices=5,primary,2026-09-06T13:58:59.017935+00:00,2026-09-06T13:58:59.142070+00:00,0.124,VALID,valid,,1b2dd830befbb58e3949b03deca6592ca395cd7b,a1d260b660c93e47a466deb9c00f26c880973356f7da4eda00cb8ec57cab044d,raw/E13-independent-20260924-20260906T135859054182Z
a001189,E13-independent-20260925-20260906T135859187194Z,E13,independent,20260925,devices=5,primary,2026-09-06T13:58:59.153890+00:00,2026-09-06T13:58:59.259396+00:00,0.105,VALID,valid,,1b2dd830befbb58e3949b03deca6592ca395cd7b,a1d260b660c93e47a466deb9c00f26c880973356f7da4eda00cb8ec57cab044d,raw/E13-independent-20260925-20260906T135859187194Z
a001190,E13-independent-20260926-20260906T135859303358Z,E13,independent,20260926,devices=5,primary,2026-09-06T13:58:59.271036+00:00,2026-09-06T13:58:59.388485+00:00,0.117,VALID,valid,,1b2dd830befbb58e3949b03deca6592ca395cd7b,a1d260b660c93e47a466deb9c00f26c880973356f7da4eda00cb8ec57cab044d,raw/E13-independent-20260926-20260906T135859303358Z
a001191,E13-independent-20260927-20260906T135859436603Z,E13,independent,20260927,devices=5,primary,2026-09-06T13:58:59.401618+00:00,2026-09-06T13:58:59.523679+00:00,0.122,VALID,valid,,1b2dd830befbb58e3949b03deca6592ca395cd7b,a1d260b660c93e47a466deb9c00f26c880973356f7da4eda00cb8ec57cab044d,raw/E13-independent-20260927-20260906T135859436603Z
a001192,E13-independent-20260928-20260906T135859571253Z,E13,independent,20260928,devices=5,primary,2026-09-06T13:58:59.535978+00:00,2026-09-06T13:58:59.644312+00:00,0.108,VALID,valid,,1b2dd830befbb58e3949b03deca6592ca395cd7b,a1d260b660c93e47a466deb9c00f26c880973356f7da4eda00cb8ec57cab044d,raw/E13-independent-20260928-20260906T135859571253Z
a001193,E13-independent-20260929-20260906T135859689210Z,E13,independent,20260929,devices=5,primary,2026-09-06T13:58:59.656217+00:00,2026-09-06T13:58:59.766741+00:00,0.111,VALID,valid,,1b2dd830befbb58e3949b03deca6592ca395cd7b,a1d260b660c93e47a466deb9c00f26c880973356f7da4eda00cb8ec57cab044d,raw/E13-independent-20260929-20260906T135859689210Z
a001194,E13-independent-20260930-20260906T135859811920Z,E13,independent,20260930,devices=5,primary,2026-09-06T13:58:59.778587+00:00,2026-09-06T13:58:59.889781+00:00,0.111,VALID,valid,,1b2dd830befbb58e3949b03deca6592ca395cd7b,a1d260b660c93e47a466deb9c00f26c880973356f7da4eda00cb8ec57cab044d,raw/E13-independent-20260930-20260906T135859811920Z
a001195,E13-independent-20260931-20260906T135859937931Z,E13,independent,20260931,devices=5,primary,2026-09-06T13:58:59.901950+00:00,2026-09-06T13:59:00.020455+00:00,0.118,VALID,valid,,1b2dd830befbb58e3949b03deca6592ca395cd7b,a1d260b660c93e47a466deb9c00f26c880973356f7da4eda00cb8ec57cab044d,raw/E13-independent-20260931-20260906T135859937931Z
a001196,E13-independent-20260932-20260906T135900065661Z,E13,independent,20260932,devices=5,primary,2026-09-06T13:59:00.032677+00:00,2026-09-06T13:59:00.135954+00:00,0.103,VALID,valid,,1b2dd830befbb58e3949b03deca6592ca395cd7b,a1d260b660c93e47a466deb9c00f26c880973356f7da4eda00cb8ec57cab044d,raw/E13-independent-20260932-20260906T135900065661Z
a001197,E13-independent-20260933-20260906T135900180654Z,E13,independent,20260933,devices=5,primary,2026-09-06T13:59:00.147866+00:00,2026-09-06T13:59:00.263983+00:00,0.116,VALID,valid,,1b2dd830befbb58e3949b03deca6592ca395cd7b,a1d260b660c93e47a466deb9c00f26c880973356f7da4eda00cb8ec57cab044d,raw/E13-independent-20260933-20260906T135900180654Z
a001198,E13-independent-20260934-20260906T135900310941Z,E13,independent,20260934,devices=5,primary,2026-09-06T13:59:00.277003+00:00,2026-09-06T13:59:00.392337+00:00,0.115,VALID,valid,,1b2dd830befbb58e3949b03deca6592ca395cd7b,a1d260b660c93e47a466deb9c00f26c880973356f7da4eda00cb8ec57cab044d,raw/E13-independent-20260934-20260906T135900310941Z
a001199,E13-independent-20260935-20260906T135900436020Z,E13,independent,20260935,devices=5,primary,2026-09-06T13:59:00.403603+00:00,2026-09-06T13:59:00.539042+00:00,0.135,VALID,valid,,1b2dd830befbb58e3949b03deca6592ca395cd7b,a1d260b660c93e47a466deb9c00f26c880973356f7da4eda00cb8ec57cab044d,raw/E13-independent-20260935-20260906T135900436020Z
a001200,E13-independent-20260936-20260906T135900586867Z,E13,independent,20260936,devices=5,primary,2026-09-06T13:59:00.551454+00:00,2026-09-06T13:59:00.672979+00:00,0.122,VALID,valid,,1b2dd830befbb58e3949b03deca6592ca395cd7b,a1d260b660c93e47a466deb9c00f26c880973356f7da4eda00cb8ec57cab044d,raw/E13-independent-20260936-20260906T135900586867Z
a001201,E13-static_continuity-20260907-20260906T135900719193Z,E13,static_continuity,20260907,devices=5,primary,2026-09-06T13:59:00.685238+00:00,2026-09-06T13:59:00.808178+00:00,0.123,VALID,valid,,1b2dd830befbb58e3949b03deca6592ca395cd7b,a1d260b660c93e47a466deb9c00f26c880973356f7da4eda00cb8ec57cab044d,raw/E13-static_continuity-20260907-20260906T135900719193Z
a001202,E13-static_continuity-20260908-20260906T135900852000Z,E13,static_continuity,20260908,devices=5,primary,2026-09-06T13:59:00.819816+00:00,2026-09-06T13:59:00.931347+00:00,0.112,VALID,valid,,1b2dd830befbb58e3949b03deca6592ca395cd7b,a1d260b660c93e47a466deb9c00f26c880973356f7da4eda00cb8ec57cab044d,raw/E13-static_continuity-20260908-20260906T135900852000Z
a001203,E13-static_continuity-20260909-20260906T135900978160Z,E13,static_continuity,20260909,devices=5,primary,2026-09-06T13:59:00.943955+00:00,2026-09-06T13:59:01.050964+00:00,0.107,VALID,valid,,1b2dd830befbb58e3949b03deca6592ca395cd7b,a1d260b660c93e47a466deb9c00f26c880973356f7da4eda00cb8ec57cab044d,raw/E13-static_continuity-20260909-20260906T135900978160Z
a001204,E13-static_continuity-20260910-20260906T135901096020Z,E13,static_continuity,20260910,devices=5,primary,2026-09-06T13:59:01.062863+00:00,2026-09-06T13:59:01.177290+00:00,0.114,VALID,valid,,1b2dd830befbb58e3949b03deca6592ca395cd7b,a1d260b660c93e47a466deb9c00f26c880973356f7da4eda00cb8ec57cab044d,raw/E13-static_continuity-20260910-20260906T135901096020Z
a001205,E13-static_continuity-20260911-20260906T135901222449Z,E13,static_continuity,20260911,devices=5,primary,2026-09-06T13:59:01.189128+00:00,2026-09-06T13:59:01.302812+00:00,0.114,VALID,valid,,1b2dd830befbb58e3949b03deca6592ca395cd7b,a1d260b660c93e47a466deb9c00f26c880973356f7da4eda00cb8ec57cab044d,raw/E13-static_continuity-20260911-20260906T135901222449Z
a001206,E13-static_continuity-20260912-20260906T135901348289Z,E13,static_continuity,20260912,devices=5,primary,2026-09-06T13:59:01.315007+00:00,2026-09-06T13:59:01.428254+00:00,0.113,VALID,valid,,1b2dd830befbb58e3949b03deca6592ca395cd7b,a1d260b660c93e47a466deb9c00f26c880973356f7da4eda00cb8ec57cab044d,raw/E13-static_continuity-20260912-20260906T135901348289Z
a001207,E13-static_continuity-20260913-20260906T135901471931Z,E13,static_continuity,20260913,devices=5,primary,2026-09-06T13:59:01.439610+00:00,2026-09-06T13:59:01.553507+00:00,0.114,VALID,valid,,1b2dd830befbb58e3949b03deca6592ca395cd7b,a1d260b660c93e47a466deb9c00f26c880973356f7da4eda00cb8ec57cab044d,raw/E13-static_continuity-20260913-20260906T135901471931Z
a001208,E13-static_continuity-20260914-20260906T135901598671Z,E13,static_continuity,20260914,devices=5,primary,2026-09-06T13:59:01.565260+00:00,2026-09-06T13:59:01.684807+00:00,0.12,VALID,valid,,1b2dd830befbb58e3949b03deca6592ca395cd7b,a1d260b660c93e47a466deb9c00f26c880973356f7da4eda00cb8ec57cab044d,raw/E13-static_continuity-20260914-20260906T135901598671Z
a001209,E13-static_continuity-20260915-20260906T135901731040Z,E13,static_continuity,20260915,devices=5,primary,2026-09-06T13:59:01.697612+00:00,2026-09-06T13:59:01.816335+00:00,0.119,VALID,valid,,1b2dd830befbb58e3949b03deca6592ca395cd7b,a1d260b660c93e47a466deb9c00f26c880973356f7da4eda00cb8ec57cab044d,raw/E13-static_continuity-20260915-20260906T135901731040Z
a001210,E13-static_continuity-20260916-20260906T135901860650Z,E13,static_continuity,20260916,devices=5,primary,2026-09-06T13:59:01.828083+00:00,2026-09-06T13:59:01.960657+00:00,0.133,VALID,valid,,1b2dd830befbb58e3949b03deca6592ca395cd7b,a1d260b660c93e47a466deb9c00f26c880973356f7da4eda00cb8ec57cab044d,raw/E13-static_continuity-20260916-20260906T135901860650Z
a001211,E13-static_continuity-20260917-20260906T135902005770Z,E13,static_continuity,20260917,devices=5,primary,2026-09-06T13:59:01.972881+00:00,2026-09-06T13:59:02.084694+00:00,0.112,VALID,valid,,1b2dd830befbb58e3949b03deca6592ca395cd7b,a1d260b660c93e47a466deb9c00f26c880973356f7da4eda00cb8ec57cab044d,raw/E13-static_continuity-20260917-20260906T135902005770Z
a001212,E13-static_continuity-20260918-20260906T135902129661Z,E13,static_continuity,20260918,devices=5,primary,2026-09-06T13:59:02.096942+00:00,2026-09-06T13:59:02.211675+00:00,0.115,VALID,valid,,1b2dd830befbb58e3949b03deca6592ca395cd7b,a1d260b660c93e47a466deb9c00f26c880973356f7da4eda00cb8ec57cab044d,raw/E13-static_continuity-20260918-20260906T135902129661Z
a001213,E13-static_continuity-20260919-20260906T135902256290Z,E13,static_continuity,20260919,devices=5,primary,2026-09-06T13:59:02.223453+00:00,2026-09-06T13:59:02.340841+00:00,0.117,VALID,valid,,1b2dd830befbb58e3949b03deca6592ca395cd7b,a1d260b660c93e47a466deb9c00f26c880973356f7da4eda00cb8ec57cab044d,raw/E13-static_continuity-20260919-20260906T135902256290Z
a001214,E13-static_continuity-20260920-20260906T135902385994Z,E13,static_continuity,20260920,devices=5,primary,2026-09-06T13:59:02.353104+00:00,2026-09-06T13:59:02.456595+00:00,0.103,VALID,valid,,1b2dd830befbb58e3949b03deca6592ca395cd7b,a1d260b660c93e47a466deb9c00f26c880973356f7da4eda00cb8ec57cab044d,raw/E13-static_continuity-20260920-20260906T135902385994Z
a001215,E13-static_continuity-20260921-20260906T135902501813Z,E13,static_continuity,20260921,devices=5,primary,2026-09-06T13:59:02.468513+00:00,2026-09-06T13:59:02.590746+00:00,0.122,VALID,valid,,1b2dd830befbb58e3949b03deca6592ca395cd7b,a1d260b660c93e47a466deb9c00f26c880973356f7da4eda00cb8ec57cab044d,raw/E13-static_continuity-20260921-20260906T135902501813Z
a001216,E13-static_continuity-20260922-20260906T135902637414Z,E13,static_continuity,20260922,devices=5,primary,2026-09-06T13:59:02.604152+00:00,2026-09-06T13:59:02.723023+00:00,0.119,VALID,valid,,1b2dd830befbb58e3949b03deca6592ca395cd7b,a1d260b660c93e47a466deb9c00f26c880973356f7da4eda00cb8ec57cab044d,raw/E13-static_continuity-20260922-20260906T135902637414Z
a001217,E13-static_continuity-20260923-20260906T135902768545Z,E13,static_continuity,20260923,devices=5,primary,2026-09-06T13:59:02.735129+00:00,2026-09-06T13:59:02.855524+00:00,0.12,VALID,valid,,1b2dd830befbb58e3949b03deca6592ca395cd7b,a1d260b660c93e47a466deb9c00f26c880973356f7da4eda00cb8ec57cab044d,raw/E13-static_continuity-20260923-20260906T135902768545Z
a001218,E13-static_continuity-20260924-20260906T135902901455Z,E13,static_continuity,20260924,devices=5,primary,2026-09-06T13:59:02.867342+00:00,2026-09-06T13:59:02.987337+00:00,0.12,VALID,valid,,1b2dd830befbb58e3949b03deca6592ca395cd7b,a1d260b660c93e47a466deb9c00f26c880973356f7da4eda00cb8ec57cab044d,raw/E13-static_continuity-20260924-20260906T135902901455Z
a001219,E13-static_continuity-20260925-20260906T135903036218Z,E13,static_continuity,20260925,devices=5,primary,2026-09-06T13:59:03.001045+00:00,2026-09-06T13:59:03.124489+00:00,0.123,VALID,valid,,1b2dd830befbb58e3949b03deca6592ca395cd7b,a1d260b660c93e47a466deb9c00f26c880973356f7da4eda00cb8ec57cab044d,raw/E13-static_continuity-20260925-20260906T135903036218Z
a001220,E13-static_continuity-20260926-20260906T135903172386Z,E13,static_continuity,20260926,devices=5,primary,2026-09-06T13:59:03.137791+00:00,2026-09-06T13:59:03.282030+00:00,0.144,VALID,valid,,1b2dd830befbb58e3949b03deca6592ca395cd7b,a1d260b660c93e47a466deb9c00f26c880973356f7da4eda00cb8ec57cab044d,raw/E13-static_continuity-20260926-20260906T135903172386Z
a001221,E13-static_continuity-20260927-20260906T135903544742Z,E13,static_continuity,20260927,devices=5,primary,2026-09-06T13:59:03.484440+00:00,2026-09-06T13:59:03.667255+00:00,0.182,VALID,valid,,1b2dd830befbb58e3949b03deca6592ca395cd7b,a1d260b660c93e47a466deb9c00f26c880973356f7da4eda00cb8ec57cab044d,raw/E13-static_continuity-20260927-20260906T135903544742Z
a001222,E13-static_continuity-20260928-20260906T135903723745Z,E13,static_continuity,20260928,devices=5,primary,2026-09-06T13:59:03.680896+00:00,2026-09-06T13:59:03.817828+00:00,0.137,VALID,valid,,1b2dd830befbb58e3949b03deca6592ca395cd7b,a1d260b660c93e47a466deb9c00f26c880973356f7da4eda00cb8ec57cab044d,raw/E13-static_continuity-20260928-20260906T135903723745Z
a001223,E13-static_continuity-20260929-20260906T135903869834Z,E13,static_continuity,20260929,devices=5,primary,2026-09-06T13:59:03.831653+00:00,2026-09-06T13:59:03.952033+00:00,0.12,VALID,valid,,1b2dd830befbb58e3949b03deca6592ca395cd7b,a1d260b660c93e47a466deb9c00f26c880973356f7da4eda00cb8ec57cab044d,raw/E13-static_continuity-20260929-20260906T135903869834Z
a001224,E13-static_continuity-20260930-20260906T135903999350Z,E13,static_continuity,20260930,devices=5,primary,2026-09-06T13:59:03.964721+00:00,2026-09-06T13:59:04.077849+00:00,0.113,VALID,valid,,1b2dd830befbb58e3949b03deca6592ca395cd7b,a1d260b660c93e47a466deb9c00f26c880973356f7da4eda00cb8ec57cab044d,raw/E13-static_continuity-20260930-20260906T135903999350Z
a001225,E13-static_continuity-20260931-20260906T135904124775Z,E13,static_continuity,20260931,devices=5,primary,2026-09-06T13:59:04.090516+00:00,2026-09-06T13:59:04.207760+00:00,0.117,VALID,valid,,1b2dd830befbb58e3949b03deca6592ca395cd7b,a1d260b660c93e47a466deb9c00f26c880973356f7da4eda00cb8ec57cab044d,raw/E13-static_continuity-20260931-20260906T135904124775Z
a001226,E13-static_continuity-20260932-20260906T135904253250Z,E13,static_continuity,20260932,devices=5,primary,2026-09-06T13:59:04.220019+00:00,2026-09-06T13:59:04.332769+00:00,0.113,VALID,valid,,1b2dd830befbb58e3949b03deca6592ca395cd7b,a1d260b660c93e47a466deb9c00f26c880973356f7da4eda00cb8ec57cab044d,raw/E13-static_continuity-20260932-20260906T135904253250Z
a001227,E13-static_continuity-20260933-20260906T135904379826Z,E13,static_continuity,20260933,devices=5,primary,2026-09-06T13:59:04.345635+00:00,2026-09-06T13:59:04.480822+00:00,0.135,VALID,valid,,1b2dd830befbb58e3949b03deca6592ca395cd7b,a1d260b660c93e47a466deb9c00f26c880973356f7da4eda00cb8ec57cab044d,raw/E13-static_continuity-20260933-20260906T135904379826Z
a001228,E13-static_continuity-20260934-20260906T135904527288Z,E13,static_continuity,20260934,devices=5,primary,2026-09-06T13:59:04.493071+00:00,2026-09-06T13:59:04.605302+00:00,0.112,VALID,valid,,1b2dd830befbb58e3949b03deca6592ca395cd7b,a1d260b660c93e47a466deb9c00f26c880973356f7da4eda00cb8ec57cab044d,raw/E13-static_continuity-20260934-20260906T135904527288Z
a001229,E13-static_continuity-20260935-20260906T135904653646Z,E13,static_continuity,20260935,devices=5,primary,2026-09-06T13:59:04.618355+00:00,2026-09-06T13:59:04.755921+00:00,0.138,VALID,valid,,1b2dd830befbb58e3949b03deca6592ca395cd7b,a1d260b660c93e47a466deb9c00f26c880973356f7da4eda00cb8ec57cab044d,raw/E13-static_continuity-20260935-20260906T135904653646Z
a001230,E13-static_continuity-20260936-20260906T135904805799Z,E13,static_continuity,20260936,devices=5,primary,2026-09-06T13:59:04.771510+00:00,2026-09-06T13:59:04.898714+00:00,0.127,VALID,valid,,1b2dd830befbb58e3949b03deca6592ca395cd7b,a1d260b660c93e47a466deb9c00f26c880973356f7da4eda00cb8ec57cab044d,raw/E13-static_continuity-20260936-20260906T135904805799Z
a001231,E13-ca_ztcf-20260907-20260906T135904944286Z,E13,ca_ztcf,20260907,devices=5,primary,2026-09-06T13:59:04.910833+00:00,2026-09-06T13:59:05.049717+00:00,0.139,VALID,valid,,1b2dd830befbb58e3949b03deca6592ca395cd7b,a1d260b660c93e47a466deb9c00f26c880973356f7da4eda00cb8ec57cab044d,raw/E13-ca_ztcf-20260907-20260906T135904944286Z
a001232,E13-ca_ztcf-20260908-20260906T135905099043Z,E13,ca_ztcf,20260908,devices=5,primary,2026-09-06T13:59:05.061960+00:00,2026-09-06T13:59:05.189045+00:00,0.127,VALID,valid,,1b2dd830befbb58e3949b03deca6592ca395cd7b,a1d260b660c93e47a466deb9c00f26c880973356f7da4eda00cb8ec57cab044d,raw/E13-ca_ztcf-20260908-20260906T135905099043Z
a001233,E13-ca_ztcf-20260909-20260906T135905233689Z,E13,ca_ztcf,20260909,devices=5,primary,2026-09-06T13:59:05.200759+00:00,2026-09-06T13:59:05.340467+00:00,0.14,VALID,valid,,1b2dd830befbb58e3949b03deca6592ca395cd7b,a1d260b660c93e47a466deb9c00f26c880973356f7da4eda00cb8ec57cab044d,raw/E13-ca_ztcf-20260909-20260906T135905233689Z
a001234,E13-ca_ztcf-20260910-20260906T135905385589Z,E13,ca_ztcf,20260910,devices=5,primary,2026-09-06T13:59:05.352988+00:00,2026-09-06T13:59:05.469706+00:00,0.117,VALID,valid,,1b2dd830befbb58e3949b03deca6592ca395cd7b,a1d260b660c93e47a466deb9c00f26c880973356f7da4eda00cb8ec57cab044d,raw/E13-ca_ztcf-20260910-20260906T135905385589Z
a001235,E13-ca_ztcf-20260911-20260906T135905515203Z,E13,ca_ztcf,20260911,devices=5,primary,2026-09-06T13:59:05.482823+00:00,2026-09-06T13:59:05.601815+00:00,0.119,VALID,valid,,1b2dd830befbb58e3949b03deca6592ca395cd7b,a1d260b660c93e47a466deb9c00f26c880973356f7da4eda00cb8ec57cab044d,raw/E13-ca_ztcf-20260911-20260906T135905515203Z
a001236,E13-ca_ztcf-20260912-20260906T135905646394Z,E13,ca_ztcf,20260912,devices=5,primary,2026-09-06T13:59:05.613443+00:00,2026-09-06T13:59:05.738251+00:00,0.125,VALID,valid,,1b2dd830befbb58e3949b03deca6592ca395cd7b,a1d260b660c93e47a466deb9c00f26c880973356f7da4eda00cb8ec57cab044d,raw/E13-ca_ztcf-20260912-20260906T135905646394Z
a001237,E13-ca_ztcf-20260913-20260906T135905784720Z,E13,ca_ztcf,20260913,devices=5,primary,2026-09-06T13:59:05.750270+00:00,2026-09-06T13:59:05.874422+00:00,0.124,VALID,valid,,1b2dd830befbb58e3949b03deca6592ca395cd7b,a1d260b660c93e47a466deb9c00f26c880973356f7da4eda00cb8ec57cab044d,raw/E13-ca_ztcf-20260913-20260906T135905784720Z
a001238,E13-ca_ztcf-20260914-20260906T135905920718Z,E13,ca_ztcf,20260914,devices=5,primary,2026-09-06T13:59:05.887059+00:00,2026-09-06T13:59:06.008829+00:00,0.122,VALID,valid,,1b2dd830befbb58e3949b03deca6592ca395cd7b,a1d260b660c93e47a466deb9c00f26c880973356f7da4eda00cb8ec57cab044d,raw/E13-ca_ztcf-20260914-20260906T135905920718Z
a001239,E13-ca_ztcf-20260915-20260906T135906054899Z,E13,ca_ztcf,20260915,devices=5,primary,2026-09-06T13:59:06.021112+00:00,2026-09-06T13:59:06.145510+00:00,0.124,VALID,valid,,1b2dd830befbb58e3949b03deca6592ca395cd7b,a1d260b660c93e47a466deb9c00f26c880973356f7da4eda00cb8ec57cab044d,raw/E13-ca_ztcf-20260915-20260906T135906054899Z
a001240,E13-ca_ztcf-20260916-20260906T135906193482Z,E13,ca_ztcf,20260916,devices=5,primary,2026-09-06T13:59:06.157895+00:00,2026-09-06T13:59:06.283845+00:00,0.126,VALID,valid,,1b2dd830befbb58e3949b03deca6592ca395cd7b,a1d260b660c93e47a466deb9c00f26c880973356f7da4eda00cb8ec57cab044d,raw/E13-ca_ztcf-20260916-20260906T135906193482Z
a001241,E13-ca_ztcf-20260917-20260906T135906329808Z,E13,ca_ztcf,20260917,devices=5,primary,2026-09-06T13:59:06.296192+00:00,2026-09-06T13:59:06.421040+00:00,0.125,VALID,valid,,1b2dd830befbb58e3949b03deca6592ca395cd7b,a1d260b660c93e47a466deb9c00f26c880973356f7da4eda00cb8ec57cab044d,raw/E13-ca_ztcf-20260917-20260906T135906329808Z
a001242,E13-ca_ztcf-20260918-20260906T135906466844Z,E13,ca_ztcf,20260918,devices=5,primary,2026-09-06T13:59:06.433119+00:00,2026-09-06T13:59:06.549392+00:00,0.116,VALID,valid,,1b2dd830befbb58e3949b03deca6592ca395cd7b,a1d260b660c93e47a466deb9c00f26c880973356f7da4eda00cb8ec57cab044d,raw/E13-ca_ztcf-20260918-20260906T135906466844Z
a001243,E13-ca_ztcf-20260919-20260906T135906596183Z,E13,ca_ztcf,20260919,devices=5,primary,2026-09-06T13:59:06.562755+00:00,2026-09-06T13:59:06.687067+00:00,0.124,VALID,valid,,1b2dd830befbb58e3949b03deca6592ca395cd7b,a1d260b660c93e47a466deb9c00f26c880973356f7da4eda00cb8ec57cab044d,raw/E13-ca_ztcf-20260919-20260906T135906596183Z
a001244,E13-ca_ztcf-20260920-20260906T135906732810Z,E13,ca_ztcf,20260920,devices=5,primary,2026-09-06T13:59:06.699881+00:00,2026-09-06T13:59:06.820358+00:00,0.12,VALID,valid,,1b2dd830befbb58e3949b03deca6592ca395cd7b,a1d260b660c93e47a466deb9c00f26c880973356f7da4eda00cb8ec57cab044d,raw/E13-ca_ztcf-20260920-20260906T135906732810Z
a001245,E13-ca_ztcf-20260921-20260906T135906865600Z,E13,ca_ztcf,20260921,devices=5,primary,2026-09-06T13:59:06.832876+00:00,2026-09-06T13:59:06.952361+00:00,0.119,VALID,valid,,1b2dd830befbb58e3949b03deca6592ca395cd7b,a1d260b660c93e47a466deb9c00f26c880973356f7da4eda00cb8ec57cab044d,raw/E13-ca_ztcf-20260921-20260906T135906865600Z
a001246,E13-ca_ztcf-20260922-20260906T135906998217Z,E13,ca_ztcf,20260922,devices=5,primary,2026-09-06T13:59:06.964404+00:00,2026-09-06T13:59:07.072599+00:00,0.108,VALID,valid,,1b2dd830befbb58e3949b03deca6592ca395cd7b,a1d260b660c93e47a466deb9c00f26c880973356f7da4eda00cb8ec57cab044d,raw/E13-ca_ztcf-20260922-20260906T135906998217Z
a001247,E13-ca_ztcf-20260923-20260906T135907117183Z,E13,ca_ztcf,20260923,devices=5,primary,2026-09-06T13:59:07.084897+00:00,2026-09-06T13:59:07.206847+00:00,0.122,VALID,valid,,1b2dd830befbb58e3949b03deca6592ca395cd7b,a1d260b660c93e47a466deb9c00f26c880973356f7da4eda00cb8ec57cab044d,raw/E13-ca_ztcf-20260923-20260906T135907117183Z
a001248,E13-ca_ztcf-20260924-20260906T135907251573Z,E13,ca_ztcf,20260924,devices=5,primary,2026-09-06T13:59:07.218609+00:00,2026-09-06T13:59:07.335156+00:00,0.117,VALID,valid,,1b2dd830befbb58e3949b03deca6592ca395cd7b,a1d260b660c93e47a466deb9c00f26c880973356f7da4eda00cb8ec57cab044d,raw/E13-ca_ztcf-20260924-20260906T135907251573Z
a001249,E13-ca_ztcf-20260925-20260906T135907380550Z,E13,ca_ztcf,20260925,devices=5,primary,2026-09-06T13:59:07.347616+00:00,2026-09-06T13:59:07.482886+00:00,0.135,VALID,valid,,1b2dd830befbb58e3949b03deca6592ca395cd7b,a1d260b660c93e47a466deb9c00f26c880973356f7da4eda00cb8ec57cab044d,raw/E13-ca_ztcf-20260925-20260906T135907380550Z
a001250,E13-ca_ztcf-20260926-20260906T135907531625Z,E13,ca_ztcf,20260926,devices=5,primary,2026-09-06T13:59:07.495449+00:00,2026-09-06T13:59:07.616068+00:00,0.121,VALID,valid,,1b2dd830befbb58e3949b03deca6592ca395cd7b,a1d260b660c93e47a466deb9c00f26c880973356f7da4eda00cb8ec57cab044d,raw/E13-ca_ztcf-20260926-20260906T135907531625Z
a001251,E13-ca_ztcf-20260927-20260906T135907662871Z,E13,ca_ztcf,20260927,devices=5,primary,2026-09-06T13:59:07.628112+00:00,2026-09-06T13:59:07.749411+00:00,0.121,VALID,valid,,1b2dd830befbb58e3949b03deca6592ca395cd7b,a1d260b660c93e47a466deb9c00f26c880973356f7da4eda00cb8ec57cab044d,raw/E13-ca_ztcf-20260927-20260906T135907662871Z
a001252,E13-ca_ztcf-20260928-20260906T135907795132Z,E13,ca_ztcf,20260928,devices=5,primary,2026-09-06T13:59:07.761576+00:00,2026-09-06T13:59:07.875343+00:00,0.114,VALID,valid,,1b2dd830befbb58e3949b03deca6592ca395cd7b,a1d260b660c93e47a466deb9c00f26c880973356f7da4eda00cb8ec57cab044d,raw/E13-ca_ztcf-20260928-20260906T135907795132Z
a001253,E13-ca_ztcf-20260929-20260906T135907921308Z,E13,ca_ztcf,20260929,devices=5,primary,2026-09-06T13:59:07.887336+00:00,2026-09-06T13:59:08.015665+00:00,0.128,VALID,valid,,1b2dd830befbb58e3949b03deca6592ca395cd7b,a1d260b660c93e47a466deb9c00f26c880973356f7da4eda00cb8ec57cab044d,raw/E13-ca_ztcf-20260929-20260906T135907921308Z
a001254,E13-ca_ztcf-20260930-20260906T135908061147Z,E13,ca_ztcf,20260930,devices=5,primary,2026-09-06T13:59:08.027635+00:00,2026-09-06T13:59:08.149613+00:00,0.122,VALID,valid,,1b2dd830befbb58e3949b03deca6592ca395cd7b,a1d260b660c93e47a466deb9c00f26c880973356f7da4eda00cb8ec57cab044d,raw/E13-ca_ztcf-20260930-20260906T135908061147Z
a001255,E13-ca_ztcf-20260931-20260906T135908194506Z,E13,ca_ztcf,20260931,devices=5,primary,2026-09-06T13:59:08.161403+00:00,2026-09-06T13:59:08.275493+00:00,0.114,VALID,valid,,1b2dd830befbb58e3949b03deca6592ca395cd7b,a1d260b660c93e47a466deb9c00f26c880973356f7da4eda00cb8ec57cab044d,raw/E13-ca_ztcf-20260931-20260906T135908194506Z
a001256,E13-ca_ztcf-20260932-20260906T135908323227Z,E13,ca_ztcf,20260932,devices=5,primary,2026-09-06T13:59:08.288281+00:00,2026-09-06T13:59:08.417074+00:00,0.129,VALID,valid,,1b2dd830befbb58e3949b03deca6592ca395cd7b,a1d260b660c93e47a466deb9c00f26c880973356f7da4eda00cb8ec57cab044d,raw/E13-ca_ztcf-20260932-20260906T135908323227Z
a001257,E13-ca_ztcf-20260933-20260906T135908462172Z,E13,ca_ztcf,20260933,devices=5,primary,2026-09-06T13:59:08.429068+00:00,2026-09-06T13:59:08.549913+00:00,0.121,VALID,valid,,1b2dd830befbb58e3949b03deca6592ca395cd7b,a1d260b660c93e47a466deb9c00f26c880973356f7da4eda00cb8ec57cab044d,raw/E13-ca_ztcf-20260933-20260906T135908462172Z
a001258,E13-ca_ztcf-20260934-20260906T135908596981Z,E13,ca_ztcf,20260934,devices=5,primary,2026-09-06T13:59:08.562490+00:00,2026-09-06T13:59:08.689632+00:00,0.127,VALID,valid,,1b2dd830befbb58e3949b03deca6592ca395cd7b,a1d260b660c93e47a466deb9c00f26c880973356f7da4eda00cb8ec57cab044d,raw/E13-ca_ztcf-20260934-20260906T135908596981Z
a001259,E13-ca_ztcf-20260935-20260906T135908738555Z,E13,ca_ztcf,20260935,devices=5,primary,2026-09-06T13:59:08.704298+00:00,2026-09-06T13:59:08.825941+00:00,0.122,VALID,valid,,1b2dd830befbb58e3949b03deca6592ca395cd7b,a1d260b660c93e47a466deb9c00f26c880973356f7da4eda00cb8ec57cab044d,raw/E13-ca_ztcf-20260935-20260906T135908738555Z
a001260,E13-ca_ztcf-20260936-20260906T135908872460Z,E13,ca_ztcf,20260936,devices=5,primary,2026-09-06T13:59:08.838075+00:00,2026-09-06T13:59:08.964377+00:00,0.126,VALID,valid,,1b2dd830befbb58e3949b03deca6592ca395cd7b,a1d260b660c93e47a466deb9c00f26c880973356f7da4eda00cb8ec57cab044d,raw/E13-ca_ztcf-20260936-20260906T135908872460Z
a001261,E13-independent-20260907-20260906T135909009763Z,E13,independent,20260907,devices=10,primary,2026-09-06T13:59:08.976435+00:00,2026-09-06T13:59:09.109591+00:00,0.133,VALID,valid,,1b2dd830befbb58e3949b03deca6592ca395cd7b,a1d260b660c93e47a466deb9c00f26c880973356f7da4eda00cb8ec57cab044d,raw/E13-independent-20260907-20260906T135909009763Z
a001262,E13-independent-20260908-20260906T135909156429Z,E13,independent,20260908,devices=10,primary,2026-09-06T13:59:09.121600+00:00,2026-09-06T13:59:09.243141+00:00,0.122,VALID,valid,,1b2dd830befbb58e3949b03deca6592ca395cd7b,a1d260b660c93e47a466deb9c00f26c880973356f7da4eda00cb8ec57cab044d,raw/E13-independent-20260908-20260906T135909156429Z
a001263,E13-independent-20260909-20260906T135909289286Z,E13,independent,20260909,devices=10,primary,2026-09-06T13:59:09.255296+00:00,2026-09-06T13:59:09.382422+00:00,0.127,VALID,valid,,1b2dd830befbb58e3949b03deca6592ca395cd7b,a1d260b660c93e47a466deb9c00f26c880973356f7da4eda00cb8ec57cab044d,raw/E13-independent-20260909-20260906T135909289286Z
a001264,E13-independent-20260910-20260906T135909428845Z,E13,independent,20260910,devices=10,primary,2026-09-06T13:59:09.395570+00:00,2026-09-06T13:59:09.521310+00:00,0.126,VALID,valid,,1b2dd830befbb58e3949b03deca6592ca395cd7b,a1d260b660c93e47a466deb9c00f26c880973356f7da4eda00cb8ec57cab044d,raw/E13-independent-20260910-20260906T135909428845Z
a001265,E13-independent-20260911-20260906T135909566412Z,E13,independent,20260911,devices=10,primary,2026-09-06T13:59:09.533030+00:00,2026-09-06T13:59:09.652189+00:00,0.119,VALID,valid,,1b2dd830befbb58e3949b03deca6592ca395cd7b,a1d260b660c93e47a466deb9c00f26c880973356f7da4eda00cb8ec57cab044d,raw/E13-independent-20260911-20260906T135909566412Z
a001266,E13-independent-20260912-20260906T135909699916Z,E13,independent,20260912,devices=10,primary,2026-09-06T13:59:09.665623+00:00,2026-09-06T13:59:09.794708+00:00,0.129,VALID,valid,,1b2dd830befbb58e3949b03deca6592ca395cd7b,a1d260b660c93e47a466deb9c00f26c880973356f7da4eda00cb8ec57cab044d,raw/E13-independent-20260912-20260906T135909699916Z
a001267,E13-independent-20260913-20260906T135909840860Z,E13,independent,20260913,devices=10,primary,2026-09-06T13:59:09.807437+00:00,2026-09-06T13:59:09.917541+00:00,0.11,VALID,valid,,1b2dd830befbb58e3949b03deca6592ca395cd7b,a1d260b660c93e47a466deb9c00f26c880973356f7da4eda00cb8ec57cab044d,raw/E13-independent-20260913-20260906T135909840860Z
a001268,E13-independent-20260914-20260906T135909962443Z,E13,independent,20260914,devices=10,primary,2026-09-06T13:59:09.929190+00:00,2026-09-06T13:59:10.053867+00:00,0.125,VALID,valid,,1b2dd830befbb58e3949b03deca6592ca395cd7b,a1d260b660c93e47a466deb9c00f26c880973356f7da4eda00cb8ec57cab044d,raw/E13-independent-20260914-20260906T135909962443Z
a001269,E13-independent-20260915-20260906T135910099716Z,E13,independent,20260915,devices=10,primary,2026-09-06T13:59:10.066370+00:00,2026-09-06T13:59:10.208668+00:00,0.142,VALID,valid,,1b2dd830befbb58e3949b03deca6592ca395cd7b,a1d260b660c93e47a466deb9c00f26c880973356f7da4eda00cb8ec57cab044d,raw/E13-independent-20260915-20260906T135910099716Z
a001270,E13-independent-20260916-20260906T135910253994Z,E13,independent,20260916,devices=10,primary,2026-09-06T13:59:10.220470+00:00,2026-09-06T13:59:10.341514+00:00,0.121,VALID,valid,,1b2dd830befbb58e3949b03deca6592ca395cd7b,a1d260b660c93e47a466deb9c00f26c880973356f7da4eda00cb8ec57cab044d,raw/E13-independent-20260916-20260906T135910253994Z
a001271,E13-independent-20260917-20260906T135910387619Z,E13,independent,20260917,devices=10,primary,2026-09-06T13:59:10.354435+00:00,2026-09-06T13:59:10.481547+00:00,0.127,VALID,valid,,1b2dd830befbb58e3949b03deca6592ca395cd7b,a1d260b660c93e47a466deb9c00f26c880973356f7da4eda00cb8ec57cab044d,raw/E13-independent-20260917-20260906T135910387619Z
a001272,E13-independent-20260918-20260906T135910543003Z,E13,independent,20260918,devices=10,primary,2026-09-06T13:59:10.494768+00:00,2026-09-06T13:59:10.623108+00:00,0.128,VALID,valid,,1b2dd830befbb58e3949b03deca6592ca395cd7b,a1d260b660c93e47a466deb9c00f26c880973356f7da4eda00cb8ec57cab044d,raw/E13-independent-20260918-20260906T135910543003Z
a001273,E13-independent-20260919-20260906T135910669210Z,E13,independent,20260919,devices=10,primary,2026-09-06T13:59:10.635267+00:00,2026-09-06T13:59:10.755175+00:00,0.12,VALID,valid,,1b2dd830befbb58e3949b03deca6592ca395cd7b,a1d260b660c93e47a466deb9c00f26c880973356f7da4eda00cb8ec57cab044d,raw/E13-independent-20260919-20260906T135910669210Z
a001274,E13-independent-20260920-20260906T135910800409Z,E13,independent,20260920,devices=10,primary,2026-09-06T13:59:10.767288+00:00,2026-09-06T13:59:10.888327+00:00,0.121,VALID,valid,,1b2dd830befbb58e3949b03deca6592ca395cd7b,a1d260b660c93e47a466deb9c00f26c880973356f7da4eda00cb8ec57cab044d,raw/E13-independent-20260920-20260906T135910800409Z
a001275,E13-independent-20260921-20260906T135910935839Z,E13,independent,20260921,devices=10,primary,2026-09-06T13:59:10.901042+00:00,2026-09-06T13:59:11.026687+00:00,0.126,VALID,valid,,1b2dd830befbb58e3949b03deca6592ca395cd7b,a1d260b660c93e47a466deb9c00f26c880973356f7da4eda00cb8ec57cab044d,raw/E13-independent-20260921-20260906T135910935839Z
a001276,E13-independent-20260922-20260906T135911071383Z,E13,independent,20260922,devices=10,primary,2026-09-06T13:59:11.038672+00:00,2026-09-06T13:59:11.149095+00:00,0.11,VALID,valid,,1b2dd830befbb58e3949b03deca6592ca395cd7b,a1d260b660c93e47a466deb9c00f26c880973356f7da4eda00cb8ec57cab044d,raw/E13-independent-20260922-20260906T135911071383Z
a001277,E13-independent-20260923-20260906T135911193875Z,E13,independent,20260923,devices=10,primary,2026-09-06T13:59:11.161091+00:00,2026-09-06T13:59:11.293702+00:00,0.133,VALID,valid,,1b2dd830befbb58e3949b03deca6592ca395cd7b,a1d260b660c93e47a466deb9c00f26c880973356f7da4eda00cb8ec57cab044d,raw/E13-independent-20260923-20260906T135911193875Z
a001278,E13-independent-20260924-20260906T135911338771Z,E13,independent,20260924,devices=10,primary,2026-09-06T13:59:11.306185+00:00,2026-09-06T13:59:11.415298+00:00,0.109,VALID,valid,,1b2dd830befbb58e3949b03deca6592ca395cd7b,a1d260b660c93e47a466deb9c00f26c880973356f7da4eda00cb8ec57cab044d,raw/E13-independent-20260924-20260906T135911338771Z
a001279,E13-independent-20260925-20260906T135911460191Z,E13,independent,20260925,devices=10,primary,2026-09-06T13:59:11.427051+00:00,2026-09-06T13:59:11.550362+00:00,0.123,VALID,valid,,1b2dd830befbb58e3949b03deca6592ca395cd7b,a1d260b660c93e47a466deb9c00f26c880973356f7da4eda00cb8ec57cab044d,raw/E13-independent-20260925-20260906T135911460191Z
a001280,E13-independent-20260926-20260906T135911595945Z,E13,independent,20260926,devices=10,primary,2026-09-06T13:59:11.562620+00:00,2026-09-06T13:59:11.695002+00:00,0.132,VALID,valid,,1b2dd830befbb58e3949b03deca6592ca395cd7b,a1d260b660c93e47a466deb9c00f26c880973356f7da4eda00cb8ec57cab044d,raw/E13-independent-20260926-20260906T135911595945Z
a001281,E13-independent-20260927-20260906T135911743250Z,E13,independent,20260927,devices=10,primary,2026-09-06T13:59:11.707521+00:00,2026-09-06T13:59:11.830138+00:00,0.123,VALID,valid,,1b2dd830befbb58e3949b03deca6592ca395cd7b,a1d260b660c93e47a466deb9c00f26c880973356f7da4eda00cb8ec57cab044d,raw/E13-independent-20260927-20260906T135911743250Z
a001282,E13-independent-20260928-20260906T135911875191Z,E13,independent,20260928,devices=10,primary,2026-09-06T13:59:11.842214+00:00,2026-09-06T13:59:11.959493+00:00,0.117,VALID,valid,,1b2dd830befbb58e3949b03deca6592ca395cd7b,a1d260b660c93e47a466deb9c00f26c880973356f7da4eda00cb8ec57cab044d,raw/E13-independent-20260928-20260906T135911875191Z
a001283,E13-independent-20260929-20260906T135912005573Z,E13,independent,20260929,devices=10,primary,2026-09-06T13:59:11.971521+00:00,2026-09-06T13:59:12.095204+00:00,0.124,VALID,valid,,1b2dd830befbb58e3949b03deca6592ca395cd7b,a1d260b660c93e47a466deb9c00f26c880973356f7da4eda00cb8ec57cab044d,raw/E13-independent-20260929-20260906T135912005573Z
a001284,E13-independent-20260930-20260906T135912141531Z,E13,independent,20260930,devices=10,primary,2026-09-06T13:59:12.108113+00:00,2026-09-06T13:59:12.228106+00:00,0.12,VALID,valid,,1b2dd830befbb58e3949b03deca6592ca395cd7b,a1d260b660c93e47a466deb9c00f26c880973356f7da4eda00cb8ec57cab044d,raw/E13-independent-20260930-20260906T135912141531Z
a001285,E13-independent-20260931-20260906T135912274332Z,E13,independent,20260931,devices=10,primary,2026-09-06T13:59:12.239982+00:00,2026-09-06T13:59:12.368875+00:00,0.129,VALID,valid,,1b2dd830befbb58e3949b03deca6592ca395cd7b,a1d260b660c93e47a466deb9c00f26c880973356f7da4eda00cb8ec57cab044d,raw/E13-independent-20260931-20260906T135912274332Z
a001286,E13-independent-20260932-20260906T135912413358Z,E13,independent,20260932,devices=10,primary,2026-09-06T13:59:12.380674+00:00,2026-09-06T13:59:12.499344+00:00,0.119,VALID,valid,,1b2dd830befbb58e3949b03deca6592ca395cd7b,a1d260b660c93e47a466deb9c00f26c880973356f7da4eda00cb8ec57cab044d,raw/E13-independent-20260932-20260906T135912413358Z
a001287,E13-independent-20260933-20260906T135912547592Z,E13,independent,20260933,devices=10,primary,2026-09-06T13:59:12.511551+00:00,2026-09-06T13:59:12.621740+00:00,0.11,VALID,valid,,1b2dd830befbb58e3949b03deca6592ca395cd7b,a1d260b660c93e47a466deb9c00f26c880973356f7da4eda00cb8ec57cab044d,raw/E13-independent-20260933-20260906T135912547592Z
a001288,E13-independent-20260934-20260906T135912668088Z,E13,independent,20260934,devices=10,primary,2026-09-06T13:59:12.633921+00:00,2026-09-06T13:59:12.752209+00:00,0.118,VALID,valid,,1b2dd830befbb58e3949b03deca6592ca395cd7b,a1d260b660c93e47a466deb9c00f26c880973356f7da4eda00cb8ec57cab044d,raw/E13-independent-20260934-20260906T135912668088Z
a001289,E13-independent-20260935-20260906T135912797614Z,E13,independent,20260935,devices=10,primary,2026-09-06T13:59:12.763980+00:00,2026-09-06T13:59:12.884038+00:00,0.12,VALID,valid,,1b2dd830befbb58e3949b03deca6592ca395cd7b,a1d260b660c93e47a466deb9c00f26c880973356f7da4eda00cb8ec57cab044d,raw/E13-independent-20260935-20260906T135912797614Z
a001290,E13-independent-20260936-20260906T135912932281Z,E13,independent,20260936,devices=10,primary,2026-09-06T13:59:12.896808+00:00,2026-09-06T13:59:13.019150+00:00,0.122,VALID,valid,,1b2dd830befbb58e3949b03deca6592ca395cd7b,a1d260b660c93e47a466deb9c00f26c880973356f7da4eda00cb8ec57cab044d,raw/E13-independent-20260936-20260906T135912932281Z
a001291,E13-static_continuity-20260907-20260906T135913065316Z,E13,static_continuity,20260907,devices=10,primary,2026-09-06T13:59:13.031276+00:00,2026-09-06T13:59:13.162856+00:00,0.132,VALID,valid,,1b2dd830befbb58e3949b03deca6592ca395cd7b,a1d260b660c93e47a466deb9c00f26c880973356f7da4eda00cb8ec57cab044d,raw/E13-static_continuity-20260907-20260906T135913065316Z
a001292,E13-static_continuity-20260908-20260906T135913210194Z,E13,static_continuity,20260908,devices=10,primary,2026-09-06T13:59:13.175726+00:00,2026-09-06T13:59:13.294580+00:00,0.119,VALID,valid,,1b2dd830befbb58e3949b03deca6592ca395cd7b,a1d260b660c93e47a466deb9c00f26c880973356f7da4eda00cb8ec57cab044d,raw/E13-static_continuity-20260908-20260906T135913210194Z
a001293,E13-static_continuity-20260909-20260906T135913341381Z,E13,static_continuity,20260909,devices=10,primary,2026-09-06T13:59:13.306350+00:00,2026-09-06T13:59:13.434368+00:00,0.128,VALID,valid,,1b2dd830befbb58e3949b03deca6592ca395cd7b,a1d260b660c93e47a466deb9c00f26c880973356f7da4eda00cb8ec57cab044d,raw/E13-static_continuity-20260909-20260906T135913341381Z
a001294,E13-static_continuity-20260910-20260906T135913482629Z,E13,static_continuity,20260910,devices=10,primary,2026-09-06T13:59:13.446921+00:00,2026-09-06T13:59:13.573648+00:00,0.127,VALID,valid,,1b2dd830befbb58e3949b03deca6592ca395cd7b,a1d260b660c93e47a466deb9c00f26c880973356f7da4eda00cb8ec57cab044d,raw/E13-static_continuity-20260910-20260906T135913482629Z
a001295,E13-static_continuity-20260911-20260906T135913647985Z,E13,static_continuity,20260911,devices=10,primary,2026-09-06T13:59:13.586194+00:00,2026-09-06T13:59:13.738697+00:00,0.152,VALID,valid,,1b2dd830befbb58e3949b03deca6592ca395cd7b,a1d260b660c93e47a466deb9c00f26c880973356f7da4eda00cb8ec57cab044d,raw/E13-static_continuity-20260911-20260906T135913647985Z
a001296,E13-static_continuity-20260912-20260906T135913784713Z,E13,static_continuity,20260912,devices=10,primary,2026-09-06T13:59:13.751329+00:00,2026-09-06T13:59:13.875147+00:00,0.124,VALID,valid,,1b2dd830befbb58e3949b03deca6592ca395cd7b,a1d260b660c93e47a466deb9c00f26c880973356f7da4eda00cb8ec57cab044d,raw/E13-static_continuity-20260912-20260906T135913784713Z
a001297,E13-static_continuity-20260913-20260906T135913921058Z,E13,static_continuity,20260913,devices=10,primary,2026-09-06T13:59:13.887194+00:00,2026-09-06T13:59:14.006067+00:00,0.119,VALID,valid,,1b2dd830befbb58e3949b03deca6592ca395cd7b,a1d260b660c93e47a466deb9c00f26c880973356f7da4eda00cb8ec57cab044d,raw/E13-static_continuity-20260913-20260906T135913921058Z
a001298,E13-static_continuity-20260914-20260906T135914052260Z,E13,static_continuity,20260914,devices=10,primary,2026-09-06T13:59:14.018422+00:00,2026-09-06T13:59:14.147403+00:00,0.129,VALID,valid,,1b2dd830befbb58e3949b03deca6592ca395cd7b,a1d260b660c93e47a466deb9c00f26c880973356f7da4eda00cb8ec57cab044d,raw/E13-static_continuity-20260914-20260906T135914052260Z
a001299,E13-static_continuity-20260915-20260906T135914192715Z,E13,static_continuity,20260915,devices=10,primary,2026-09-06T13:59:14.159279+00:00,2026-09-06T13:59:14.280640+00:00,0.121,VALID,valid,,1b2dd830befbb58e3949b03deca6592ca395cd7b,a1d260b660c93e47a466deb9c00f26c880973356f7da4eda00cb8ec57cab044d,raw/E13-static_continuity-20260915-20260906T135914192715Z
a001300,E13-static_continuity-20260916-20260906T135914330231Z,E13,static_continuity,20260916,devices=10,primary,2026-09-06T13:59:14.293616+00:00,2026-09-06T13:59:14.413133+00:00,0.12,VALID,valid,,1b2dd830befbb58e3949b03deca6592ca395cd7b,a1d260b660c93e47a466deb9c00f26c880973356f7da4eda00cb8ec57cab044d,raw/E13-static_continuity-20260916-20260906T135914330231Z
a001301,E13-static_continuity-20260917-20260906T135914460420Z,E13,static_continuity,20260917,devices=10,primary,2026-09-06T13:59:14.425495+00:00,2026-09-06T13:59:14.547729+00:00,0.122,VALID,valid,,1b2dd830befbb58e3949b03deca6592ca395cd7b,a1d260b660c93e47a466deb9c00f26c880973356f7da4eda00cb8ec57cab044d,raw/E13-static_continuity-20260917-20260906T135914460420Z
a001302,E13-static_continuity-20260918-20260906T135914595144Z,E13,static_continuity,20260918,devices=10,primary,2026-09-06T13:59:14.561419+00:00,2026-09-06T13:59:14.686430+00:00,0.125,VALID,valid,,1b2dd830befbb58e3949b03deca6592ca395cd7b,a1d260b660c93e47a466deb9c00f26c880973356f7da4eda00cb8ec57cab044d,raw/E13-static_continuity-20260918-20260906T135914595144Z
a001303,E13-static_continuity-20260919-20260906T135914733168Z,E13,static_continuity,20260919,devices=10,primary,2026-09-06T13:59:14.698269+00:00,2026-09-06T13:59:14.827643+00:00,0.129,VALID,valid,,1b2dd830befbb58e3949b03deca6592ca395cd7b,a1d260b660c93e47a466deb9c00f26c880973356f7da4eda00cb8ec57cab044d,raw/E13-static_continuity-20260919-20260906T135914733168Z
a001304,E13-static_continuity-20260920-20260906T135914877674Z,E13,static_continuity,20260920,devices=10,primary,2026-09-06T13:59:14.841528+00:00,2026-09-06T13:59:14.970916+00:00,0.129,VALID,valid,,1b2dd830befbb58e3949b03deca6592ca395cd7b,a1d260b660c93e47a466deb9c00f26c880973356f7da4eda00cb8ec57cab044d,raw/E13-static_continuity-20260920-20260906T135914877674Z
a001305,E13-static_continuity-20260921-20260906T135915017559Z,E13,static_continuity,20260921,devices=10,primary,2026-09-06T13:59:14.983196+00:00,2026-09-06T13:59:15.094256+00:00,0.111,VALID,valid,,1b2dd830befbb58e3949b03deca6592ca395cd7b,a1d260b660c93e47a466deb9c00f26c880973356f7da4eda00cb8ec57cab044d,raw/E13-static_continuity-20260921-20260906T135915017559Z
a001306,E13-static_continuity-20260922-20260906T135915142322Z,E13,static_continuity,20260922,devices=10,primary,2026-09-06T13:59:15.107371+00:00,2026-09-06T13:59:15.231407+00:00,0.124,VALID,valid,,1b2dd830befbb58e3949b03deca6592ca395cd7b,a1d260b660c93e47a466deb9c00f26c880973356f7da4eda00cb8ec57cab044d,raw/E13-static_continuity-20260922-20260906T135915142322Z
a001307,E13-static_continuity-20260923-20260906T135915277392Z,E13,static_continuity,20260923,devices=10,primary,2026-09-06T13:59:15.243472+00:00,2026-09-06T13:59:15.366875+00:00,0.123,VALID,valid,,1b2dd830befbb58e3949b03deca6592ca395cd7b,a1d260b660c93e47a466deb9c00f26c880973356f7da4eda00cb8ec57cab044d,raw/E13-static_continuity-20260923-20260906T135915277392Z
a001308,E13-static_continuity-20260924-20260906T135915412938Z,E13,static_continuity,20260924,devices=10,primary,2026-09-06T13:59:15.379556+00:00,2026-09-06T13:59:15.503043+00:00,0.123,VALID,valid,,1b2dd830befbb58e3949b03deca6592ca395cd7b,a1d260b660c93e47a466deb9c00f26c880973356f7da4eda00cb8ec57cab044d,raw/E13-static_continuity-20260924-20260906T135915412938Z
a001309,E13-static_continuity-20260925-20260906T135915553391Z,E13,static_continuity,20260925,devices=10,primary,2026-09-06T13:59:15.516872+00:00,2026-09-06T13:59:15.652856+00:00,0.136,VALID,valid,,1b2dd830befbb58e3949b03deca6592ca395cd7b,a1d260b660c93e47a466deb9c00f26c880973356f7da4eda00cb8ec57cab044d,raw/E13-static_continuity-20260925-20260906T135915553391Z
a001310,E13-static_continuity-20260926-20260906T135915705329Z,E13,static_continuity,20260926,devices=10,primary,2026-09-06T13:59:15.665611+00:00,2026-09-06T13:59:15.795812+00:00,0.13,VALID,valid,,1b2dd830befbb58e3949b03deca6592ca395cd7b,a1d260b660c93e47a466deb9c00f26c880973356f7da4eda00cb8ec57cab044d,raw/E13-static_continuity-20260926-20260906T135915705329Z
a001311,E13-static_continuity-20260927-20260906T135915842699Z,E13,static_continuity,20260927,devices=10,primary,2026-09-06T13:59:15.809341+00:00,2026-09-06T13:59:15.937182+00:00,0.128,VALID,valid,,1b2dd830befbb58e3949b03deca6592ca395cd7b,a1d260b660c93e47a466deb9c00f26c880973356f7da4eda00cb8ec57cab044d,raw/E13-static_continuity-20260927-20260906T135915842699Z
a001312,E13-static_continuity-20260928-20260906T135915985313Z,E13,static_continuity,20260928,devices=10,primary,2026-09-06T13:59:15.950600+00:00,2026-09-06T13:59:16.084846+00:00,0.134,VALID,valid,,1b2dd830befbb58e3949b03deca6592ca395cd7b,a1d260b660c93e47a466deb9c00f26c880973356f7da4eda00cb8ec57cab044d,raw/E13-static_continuity-20260928-20260906T135915985313Z
a001313,E13-static_continuity-20260929-20260906T135916131267Z,E13,static_continuity,20260929,devices=10,primary,2026-09-06T13:59:16.097063+00:00,2026-09-06T13:59:16.222493+00:00,0.125,VALID,valid,,1b2dd830befbb58e3949b03deca6592ca395cd7b,a1d260b660c93e47a466deb9c00f26c880973356f7da4eda00cb8ec57cab044d,raw/E13-static_continuity-20260929-20260906T135916131267Z
a001314,E13-static_continuity-20260930-20260906T135916267920Z,E13,static_continuity,20260930,devices=10,primary,2026-09-06T13:59:16.234632+00:00,2026-09-06T13:59:16.351382+00:00,0.117,VALID,valid,,1b2dd830befbb58e3949b03deca6592ca395cd7b,a1d260b660c93e47a466deb9c00f26c880973356f7da4eda00cb8ec57cab044d,raw/E13-static_continuity-20260930-20260906T135916267920Z
a001315,E13-static_continuity-20260931-20260906T135916400580Z,E13,static_continuity,20260931,devices=10,primary,2026-09-06T13:59:16.363787+00:00,2026-09-06T13:59:16.499346+00:00,0.136,VALID,valid,,1b2dd830befbb58e3949b03deca6592ca395cd7b,a1d260b660c93e47a466deb9c00f26c880973356f7da4eda00cb8ec57cab044d,raw/E13-static_continuity-20260931-20260906T135916400580Z
a001316,E13-static_continuity-20260932-20260906T135916546675Z,E13,static_continuity,20260932,devices=10,primary,2026-09-06T13:59:16.512482+00:00,2026-09-06T13:59:16.637365+00:00,0.125,VALID,valid,,1b2dd830befbb58e3949b03deca6592ca395cd7b,a1d260b660c93e47a466deb9c00f26c880973356f7da4eda00cb8ec57cab044d,raw/E13-static_continuity-20260932-20260906T135916546675Z
a001317,E13-static_continuity-20260933-20260906T135916686036Z,E13,static_continuity,20260933,devices=10,primary,2026-09-06T13:59:16.649758+00:00,2026-09-06T13:59:16.780244+00:00,0.13,VALID,valid,,1b2dd830befbb58e3949b03deca6592ca395cd7b,a1d260b660c93e47a466deb9c00f26c880973356f7da4eda00cb8ec57cab044d,raw/E13-static_continuity-20260933-20260906T135916686036Z
a001318,E13-static_continuity-20260934-20260906T135916829677Z,E13,static_continuity,20260934,devices=10,primary,2026-09-06T13:59:16.793703+00:00,2026-09-06T13:59:16.917421+00:00,0.124,VALID,valid,,1b2dd830befbb58e3949b03deca6592ca395cd7b,a1d260b660c93e47a466deb9c00f26c880973356f7da4eda00cb8ec57cab044d,raw/E13-static_continuity-20260934-20260906T135916829677Z
a001319,E13-static_continuity-20260935-20260906T135916974880Z,E13,static_continuity,20260935,devices=10,primary,2026-09-06T13:59:16.934190+00:00,2026-09-06T13:59:17.077205+00:00,0.143,VALID,valid,,1b2dd830befbb58e3949b03deca6592ca395cd7b,a1d260b660c93e47a466deb9c00f26c880973356f7da4eda00cb8ec57cab044d,raw/E13-static_continuity-20260935-20260906T135916974880Z
a001320,E13-static_continuity-20260936-20260906T135917129129Z,E13,static_continuity,20260936,devices=10,primary,2026-09-06T13:59:17.090448+00:00,2026-09-06T13:59:17.214209+00:00,0.124,VALID,valid,,1b2dd830befbb58e3949b03deca6592ca395cd7b,a1d260b660c93e47a466deb9c00f26c880973356f7da4eda00cb8ec57cab044d,raw/E13-static_continuity-20260936-20260906T135917129129Z
a001321,E13-ca_ztcf-20260907-20260906T135917263804Z,E13,ca_ztcf,20260907,devices=10,primary,2026-09-06T13:59:17.227757+00:00,2026-09-06T13:59:17.361589+00:00,0.134,VALID,valid,,1b2dd830befbb58e3949b03deca6592ca395cd7b,a1d260b660c93e47a466deb9c00f26c880973356f7da4eda00cb8ec57cab044d,raw/E13-ca_ztcf-20260907-20260906T135917263804Z
a001322,E13-ca_ztcf-20260908-20260906T135917408864Z,E13,ca_ztcf,20260908,devices=10,primary,2026-09-06T13:59:17.374859+00:00,2026-09-06T13:59:17.509645+00:00,0.135,VALID,valid,,1b2dd830befbb58e3949b03deca6592ca395cd7b,a1d260b660c93e47a466deb9c00f26c880973356f7da4eda00cb8ec57cab044d,raw/E13-ca_ztcf-20260908-20260906T135917408864Z
a001323,E13-ca_ztcf-20260909-20260906T135917558282Z,E13,ca_ztcf,20260909,devices=10,primary,2026-09-06T13:59:17.522415+00:00,2026-09-06T13:59:17.657326+00:00,0.135,VALID,valid,,1b2dd830befbb58e3949b03deca6592ca395cd7b,a1d260b660c93e47a466deb9c00f26c880973356f7da4eda00cb8ec57cab044d,raw/E13-ca_ztcf-20260909-20260906T135917558282Z
a001324,E13-ca_ztcf-20260910-20260906T135917702912Z,E13,ca_ztcf,20260910,devices=10,primary,2026-09-06T13:59:17.669636+00:00,2026-09-06T13:59:17.826293+00:00,0.157,VALID,valid,,1b2dd830befbb58e3949b03deca6592ca395cd7b,a1d260b660c93e47a466deb9c00f26c880973356f7da4eda00cb8ec57cab044d,raw/E13-ca_ztcf-20260910-20260906T135917702912Z
a001325,E13-ca_ztcf-20260911-20260906T135917873503Z,E13,ca_ztcf,20260911,devices=10,primary,2026-09-06T13:59:17.839673+00:00,2026-09-06T13:59:17.966968+00:00,0.127,VALID,valid,,1b2dd830befbb58e3949b03deca6592ca395cd7b,a1d260b660c93e47a466deb9c00f26c880973356f7da4eda00cb8ec57cab044d,raw/E13-ca_ztcf-20260911-20260906T135917873503Z
a001326,E13-ca_ztcf-20260912-20260906T135918013659Z,E13,ca_ztcf,20260912,devices=10,primary,2026-09-06T13:59:17.979144+00:00,2026-09-06T13:59:18.110423+00:00,0.131,VALID,valid,,1b2dd830befbb58e3949b03deca6592ca395cd7b,a1d260b660c93e47a466deb9c00f26c880973356f7da4eda00cb8ec57cab044d,raw/E13-ca_ztcf-20260912-20260906T135918013659Z
a001327,E13-ca_ztcf-20260913-20260906T135918157126Z,E13,ca_ztcf,20260913,devices=10,primary,2026-09-06T13:59:18.122616+00:00,2026-09-06T13:59:18.248473+00:00,0.126,VALID,valid,,1b2dd830befbb58e3949b03deca6592ca395cd7b,a1d260b660c93e47a466deb9c00f26c880973356f7da4eda00cb8ec57cab044d,raw/E13-ca_ztcf-20260913-20260906T135918157126Z
a001328,E13-ca_ztcf-20260914-20260906T135918296047Z,E13,ca_ztcf,20260914,devices=10,primary,2026-09-06T13:59:18.261567+00:00,2026-09-06T13:59:18.395578+00:00,0.134,VALID,valid,,1b2dd830befbb58e3949b03deca6592ca395cd7b,a1d260b660c93e47a466deb9c00f26c880973356f7da4eda00cb8ec57cab044d,raw/E13-ca_ztcf-20260914-20260906T135918296047Z
a001329,E13-ca_ztcf-20260915-20260906T135918445020Z,E13,ca_ztcf,20260915,devices=10,primary,2026-09-06T13:59:18.409634+00:00,2026-09-06T13:59:18.555777+00:00,0.146,VALID,valid,,1b2dd830befbb58e3949b03deca6592ca395cd7b,a1d260b660c93e47a466deb9c00f26c880973356f7da4eda00cb8ec57cab044d,raw/E13-ca_ztcf-20260915-20260906T135918445020Z
a001330,E13-ca_ztcf-20260916-20260906T135918603728Z,E13,ca_ztcf,20260916,devices=10,primary,2026-09-06T13:59:18.568651+00:00,2026-09-06T13:59:18.705796+00:00,0.137,VALID,valid,,1b2dd830befbb58e3949b03deca6592ca395cd7b,a1d260b660c93e47a466deb9c00f26c880973356f7da4eda00cb8ec57cab044d,raw/E13-ca_ztcf-20260916-20260906T135918603728Z
a001331,E13-ca_ztcf-20260917-20260906T135918755318Z,E13,ca_ztcf,20260917,devices=10,primary,2026-09-06T13:59:18.720025+00:00,2026-09-06T13:59:18.850067+00:00,0.13,VALID,valid,,1b2dd830befbb58e3949b03deca6592ca395cd7b,a1d260b660c93e47a466deb9c00f26c880973356f7da4eda00cb8ec57cab044d,raw/E13-ca_ztcf-20260917-20260906T135918755318Z
a001332,E13-ca_ztcf-20260918-20260906T135918896770Z,E13,ca_ztcf,20260918,devices=10,primary,2026-09-06T13:59:18.862329+00:00,2026-09-06T13:59:18.997813+00:00,0.135,VALID,valid,,1b2dd830befbb58e3949b03deca6592ca395cd7b,a1d260b660c93e47a466deb9c00f26c880973356f7da4eda00cb8ec57cab044d,raw/E13-ca_ztcf-20260918-20260906T135918896770Z
a001333,E13-ca_ztcf-20260919-20260906T135919044199Z,E13,ca_ztcf,20260919,devices=10,primary,2026-09-06T13:59:19.010196+00:00,2026-09-06T13:59:19.144672+00:00,0.134,VALID,valid,,1b2dd830befbb58e3949b03deca6592ca395cd7b,a1d260b660c93e47a466deb9c00f26c880973356f7da4eda00cb8ec57cab044d,raw/E13-ca_ztcf-20260919-20260906T135919044199Z
a001334,E13-ca_ztcf-20260920-20260906T135919191149Z,E13,ca_ztcf,20260920,devices=10,primary,2026-09-06T13:59:19.157011+00:00,2026-09-06T13:59:19.287555+00:00,0.131,VALID,valid,,1b2dd830befbb58e3949b03deca6592ca395cd7b,a1d260b660c93e47a466deb9c00f26c880973356f7da4eda00cb8ec57cab044d,raw/E13-ca_ztcf-20260920-20260906T135919191149Z
a001335,E13-ca_ztcf-20260921-20260906T135919334173Z,E13,ca_ztcf,20260921,devices=10,primary,2026-09-06T13:59:19.299839+00:00,2026-09-06T13:59:19.418111+00:00,0.118,VALID,valid,,1b2dd830befbb58e3949b03deca6592ca395cd7b,a1d260b660c93e47a466deb9c00f26c880973356f7da4eda00cb8ec57cab044d,raw/E13-ca_ztcf-20260921-20260906T135919334173Z
a001336,E13-ca_ztcf-20260922-20260906T135919464362Z,E13,ca_ztcf,20260922,devices=10,primary,2026-09-06T13:59:19.430407+00:00,2026-09-06T13:59:19.559697+00:00,0.129,VALID,valid,,1b2dd830befbb58e3949b03deca6592ca395cd7b,a1d260b660c93e47a466deb9c00f26c880973356f7da4eda00cb8ec57cab044d,raw/E13-ca_ztcf-20260922-20260906T135919464362Z
a001337,E13-ca_ztcf-20260923-20260906T135919607919Z,E13,ca_ztcf,20260923,devices=10,primary,2026-09-06T13:59:19.573099+00:00,2026-09-06T13:59:19.717379+00:00,0.144,VALID,valid,,1b2dd830befbb58e3949b03deca6592ca395cd7b,a1d260b660c93e47a466deb9c00f26c880973356f7da4eda00cb8ec57cab044d,raw/E13-ca_ztcf-20260923-20260906T135919607919Z
a001338,E13-ca_ztcf-20260924-20260906T135919767792Z,E13,ca_ztcf,20260924,devices=10,primary,2026-09-06T13:59:19.731405+00:00,2026-09-06T13:59:19.864107+00:00,0.133,VALID,valid,,1b2dd830befbb58e3949b03deca6592ca395cd7b,a1d260b660c93e47a466deb9c00f26c880973356f7da4eda00cb8ec57cab044d,raw/E13-ca_ztcf-20260924-20260906T135919767792Z
a001339,E13-ca_ztcf-20260925-20260906T135919912485Z,E13,ca_ztcf,20260925,devices=10,primary,2026-09-06T13:59:19.876530+00:00,2026-09-06T13:59:20.022631+00:00,0.146,VALID,valid,,1b2dd830befbb58e3949b03deca6592ca395cd7b,a1d260b660c93e47a466deb9c00f26c880973356f7da4eda00cb8ec57cab044d,raw/E13-ca_ztcf-20260925-20260906T135919912485Z
a001340,E13-ca_ztcf-20260926-20260906T135920068953Z,E13,ca_ztcf,20260926,devices=10,primary,2026-09-06T13:59:20.034986+00:00,2026-09-06T13:59:20.169711+00:00,0.135,VALID,valid,,1b2dd830befbb58e3949b03deca6592ca395cd7b,a1d260b660c93e47a466deb9c00f26c880973356f7da4eda00cb8ec57cab044d,raw/E13-ca_ztcf-20260926-20260906T135920068953Z
a001341,E13-ca_ztcf-20260927-20260906T135920216695Z,E13,ca_ztcf,20260927,devices=10,primary,2026-09-06T13:59:20.182618+00:00,2026-09-06T13:59:20.312218+00:00,0.13,VALID,valid,,1b2dd830befbb58e3949b03deca6592ca395cd7b,a1d260b660c93e47a466deb9c00f26c880973356f7da4eda00cb8ec57cab044d,raw/E13-ca_ztcf-20260927-20260906T135920216695Z
a001342,E13-ca_ztcf-20260928-20260906T135920359464Z,E13,ca_ztcf,20260928,devices=10,primary,2026-09-06T13:59:20.325069+00:00,2026-09-06T13:59:20.456796+00:00,0.132,VALID,valid,,1b2dd830befbb58e3949b03deca6592ca395cd7b,a1d260b660c93e47a466deb9c00f26c880973356f7da4eda00cb8ec57cab044d,raw/E13-ca_ztcf-20260928-20260906T135920359464Z
a001343,E13-ca_ztcf-20260929-20260906T135920502518Z,E13,ca_ztcf,20260929,devices=10,primary,2026-09-06T13:59:20.468829+00:00,2026-09-06T13:59:20.604894+00:00,0.136,VALID,valid,,1b2dd830befbb58e3949b03deca6592ca395cd7b,a1d260b660c93e47a466deb9c00f26c880973356f7da4eda00cb8ec57cab044d,raw/E13-ca_ztcf-20260929-20260906T135920502518Z
a001344,E13-ca_ztcf-20260930-20260906T135920661281Z,E13,ca_ztcf,20260930,devices=10,primary,2026-09-06T13:59:20.626551+00:00,2026-09-06T13:59:20.753507+00:00,0.127,VALID,valid,,1b2dd830befbb58e3949b03deca6592ca395cd7b,a1d260b660c93e47a466deb9c00f26c880973356f7da4eda00cb8ec57cab044d,raw/E13-ca_ztcf-20260930-20260906T135920661281Z
a001345,E13-ca_ztcf-20260931-20260906T135920800421Z,E13,ca_ztcf,20260931,devices=10,primary,2026-09-06T13:59:20.766039+00:00,2026-09-06T13:59:20.900851+00:00,0.135,VALID,valid,,1b2dd830befbb58e3949b03deca6592ca395cd7b,a1d260b660c93e47a466deb9c00f26c880973356f7da4eda00cb8ec57cab044d,raw/E13-ca_ztcf-20260931-20260906T135920800421Z
a001346,E13-ca_ztcf-20260932-20260906T135920948045Z,E13,ca_ztcf,20260932,devices=10,primary,2026-09-06T13:59:20.914012+00:00,2026-09-06T13:59:21.049060+00:00,0.135,VALID,valid,,1b2dd830befbb58e3949b03deca6592ca395cd7b,a1d260b660c93e47a466deb9c00f26c880973356f7da4eda00cb8ec57cab044d,raw/E13-ca_ztcf-20260932-20260906T135920948045Z
a001347,E13-ca_ztcf-20260933-20260906T135921095395Z,E13,ca_ztcf,20260933,devices=10,primary,2026-09-06T13:59:21.061547+00:00,2026-09-06T13:59:21.189805+00:00,0.128,VALID,valid,,1b2dd830befbb58e3949b03deca6592ca395cd7b,a1d260b660c93e47a466deb9c00f26c880973356f7da4eda00cb8ec57cab044d,raw/E13-ca_ztcf-20260933-20260906T135921095395Z
a001348,E13-ca_ztcf-20260934-20260906T135921235712Z,E13,ca_ztcf,20260934,devices=10,primary,2026-09-06T13:59:21.202200+00:00,2026-09-06T13:59:21.333723+00:00,0.132,VALID,valid,,1b2dd830befbb58e3949b03deca6592ca395cd7b,a1d260b660c93e47a466deb9c00f26c880973356f7da4eda00cb8ec57cab044d,raw/E13-ca_ztcf-20260934-20260906T135921235712Z
a001349,E13-ca_ztcf-20260935-20260906T135921379554Z,E13,ca_ztcf,20260935,devices=10,primary,2026-09-06T13:59:21.345642+00:00,2026-09-06T13:59:21.475039+00:00,0.129,VALID,valid,,1b2dd830befbb58e3949b03deca6592ca395cd7b,a1d260b660c93e47a466deb9c00f26c880973356f7da4eda00cb8ec57cab044d,raw/E13-ca_ztcf-20260935-20260906T135921379554Z
a001350,E13-ca_ztcf-20260936-20260906T135921521536Z,E13,ca_ztcf,20260936,devices=10,primary,2026-09-06T13:59:21.487833+00:00,2026-09-06T13:59:21.627111+00:00,0.139,VALID,valid,,1b2dd830befbb58e3949b03deca6592ca395cd7b,a1d260b660c93e47a466deb9c00f26c880973356f7da4eda00cb8ec57cab044d,raw/E13-ca_ztcf-20260936-20260906T135921521536Z
a001351,E13-independent-20260907-20260906T135921675196Z,E13,independent,20260907,devices=25,primary,2026-09-06T13:59:21.640346+00:00,2026-09-06T13:59:21.789740+00:00,0.149,VALID,valid,,1b2dd830befbb58e3949b03deca6592ca395cd7b,a1d260b660c93e47a466deb9c00f26c880973356f7da4eda00cb8ec57cab044d,raw/E13-independent-20260907-20260906T135921675196Z
a001352,E13-independent-20260908-20260906T135921837693Z,E13,independent,20260908,devices=25,primary,2026-09-06T13:59:21.802330+00:00,2026-09-06T13:59:21.940079+00:00,0.138,VALID,valid,,1b2dd830befbb58e3949b03deca6592ca395cd7b,a1d260b660c93e47a466deb9c00f26c880973356f7da4eda00cb8ec57cab044d,raw/E13-independent-20260908-20260906T135921837693Z
a001353,E13-independent-20260909-20260906T135921989261Z,E13,independent,20260909,devices=25,primary,2026-09-06T13:59:21.955105+00:00,2026-09-06T13:59:22.093634+00:00,0.139,VALID,valid,,1b2dd830befbb58e3949b03deca6592ca395cd7b,a1d260b660c93e47a466deb9c00f26c880973356f7da4eda00cb8ec57cab044d,raw/E13-independent-20260909-20260906T135921989261Z
a001354,E13-independent-20260910-20260906T135922141508Z,E13,independent,20260910,devices=25,primary,2026-09-06T13:59:22.106888+00:00,2026-09-06T13:59:22.230398+00:00,0.123,VALID,valid,,1b2dd830befbb58e3949b03deca6592ca395cd7b,a1d260b660c93e47a466deb9c00f26c880973356f7da4eda00cb8ec57cab044d,raw/E13-independent-20260910-20260906T135922141508Z
a001355,E13-independent-20260911-20260906T135922276454Z,E13,independent,20260911,devices=25,primary,2026-09-06T13:59:22.242471+00:00,2026-09-06T13:59:22.372788+00:00,0.13,VALID,valid,,1b2dd830befbb58e3949b03deca6592ca395cd7b,a1d260b660c93e47a466deb9c00f26c880973356f7da4eda00cb8ec57cab044d,raw/E13-independent-20260911-20260906T135922276454Z
a001356,E13-independent-20260912-20260906T135922420454Z,E13,independent,20260912,devices=25,primary,2026-09-06T13:59:22.384728+00:00,2026-09-06T13:59:22.506863+00:00,0.122,VALID,valid,,1b2dd830befbb58e3949b03deca6592ca395cd7b,a1d260b660c93e47a466deb9c00f26c880973356f7da4eda00cb8ec57cab044d,raw/E13-independent-20260912-20260906T135922420454Z
a001357,E13-independent-20260913-20260906T135922553493Z,E13,independent,20260913,devices=25,primary,2026-09-06T13:59:22.519139+00:00,2026-09-06T13:59:22.662540+00:00,0.143,VALID,valid,,1b2dd830befbb58e3949b03deca6592ca395cd7b,a1d260b660c93e47a466deb9c00f26c880973356f7da4eda00cb8ec57cab044d,raw/E13-independent-20260913-20260906T135922553493Z
a001358,E13-independent-20260914-20260906T135922713708Z,E13,independent,20260914,devices=25,primary,2026-09-06T13:59:22.675977+00:00,2026-09-06T13:59:22.809068+00:00,0.133,VALID,valid,,1b2dd830befbb58e3949b03deca6592ca395cd7b,a1d260b660c93e47a466deb9c00f26c880973356f7da4eda00cb8ec57cab044d,raw/E13-independent-20260914-20260906T135922713708Z
a001359,E13-independent-20260915-20260906T135922855877Z,E13,independent,20260915,devices=25,primary,2026-09-06T13:59:22.821748+00:00,2026-09-06T13:59:22.961677+00:00,0.14,VALID,valid,,1b2dd830befbb58e3949b03deca6592ca395cd7b,a1d260b660c93e47a466deb9c00f26c880973356f7da4eda00cb8ec57cab044d,raw/E13-independent-20260915-20260906T135922855877Z
a001360,E13-independent-20260916-20260906T135923007371Z,E13,independent,20260916,devices=25,primary,2026-09-06T13:59:22.973318+00:00,2026-09-06T13:59:23.105519+00:00,0.132,VALID,valid,,1b2dd830befbb58e3949b03deca6592ca395cd7b,a1d260b660c93e47a466deb9c00f26c880973356f7da4eda00cb8ec57cab044d,raw/E13-independent-20260916-20260906T135923007371Z
a001361,E13-independent-20260917-20260906T135923151324Z,E13,independent,20260917,devices=25,primary,2026-09-06T13:59:23.117482+00:00,2026-09-06T13:59:23.250218+00:00,0.133,VALID,valid,,1b2dd830befbb58e3949b03deca6592ca395cd7b,a1d260b660c93e47a466deb9c00f26c880973356f7da4eda00cb8ec57cab044d,raw/E13-independent-20260917-20260906T135923151324Z
a001362,E13-independent-20260918-20260906T135923295855Z,E13,independent,20260918,devices=25,primary,2026-09-06T13:59:23.262331+00:00,2026-09-06T13:59:23.385033+00:00,0.123,VALID,valid,,1b2dd830befbb58e3949b03deca6592ca395cd7b,a1d260b660c93e47a466deb9c00f26c880973356f7da4eda00cb8ec57cab044d,raw/E13-independent-20260918-20260906T135923295855Z
a001363,E13-independent-20260919-20260906T135923430310Z,E13,independent,20260919,devices=25,primary,2026-09-06T13:59:23.397107+00:00,2026-09-06T13:59:23.527316+00:00,0.13,VALID,valid,,1b2dd830befbb58e3949b03deca6592ca395cd7b,a1d260b660c93e47a466deb9c00f26c880973356f7da4eda00cb8ec57cab044d,raw/E13-independent-20260919-20260906T135923430310Z
a001364,E13-independent-20260920-20260906T135923573723Z,E13,independent,20260920,devices=25,primary,2026-09-06T13:59:23.539260+00:00,2026-09-06T13:59:23.678132+00:00,0.139,VALID,valid,,1b2dd830befbb58e3949b03deca6592ca395cd7b,a1d260b660c93e47a466deb9c00f26c880973356f7da4eda00cb8ec57cab044d,raw/E13-independent-20260920-20260906T135923573723Z
a001365,E13-independent-20260921-20260906T135923723558Z,E13,independent,20260921,devices=25,primary,2026-09-06T13:59:23.690474+00:00,2026-09-06T13:59:23.843445+00:00,0.153,VALID,valid,,1b2dd830befbb58e3949b03deca6592ca395cd7b,a1d260b660c93e47a466deb9c00f26c880973356f7da4eda00cb8ec57cab044d,raw/E13-independent-20260921-20260906T135923723558Z
a001366,E13-independent-20260922-20260906T135923890412Z,E13,independent,20260922,devices=25,primary,2026-09-06T13:59:23.855879+00:00,2026-09-06T13:59:23.994760+00:00,0.139,VALID,valid,,1b2dd830befbb58e3949b03deca6592ca395cd7b,a1d260b660c93e47a466deb9c00f26c880973356f7da4eda00cb8ec57cab044d,raw/E13-independent-20260922-20260906T135923890412Z
a001367,E13-independent-20260923-20260906T135924040468Z,E13,independent,20260923,devices=25,primary,2026-09-06T13:59:24.006957+00:00,2026-09-06T13:59:24.140640+00:00,0.134,VALID,valid,,1b2dd830befbb58e3949b03deca6592ca395cd7b,a1d260b660c93e47a466deb9c00f26c880973356f7da4eda00cb8ec57cab044d,raw/E13-independent-20260923-20260906T135924040468Z
a001368,E13-independent-20260924-20260906T135924185673Z,E13,independent,20260924,devices=25,primary,2026-09-06T13:59:24.152618+00:00,2026-09-06T13:59:24.284560+00:00,0.132,VALID,valid,,1b2dd830befbb58e3949b03deca6592ca395cd7b,a1d260b660c93e47a466deb9c00f26c880973356f7da4eda00cb8ec57cab044d,raw/E13-independent-20260924-20260906T135924185673Z
a001369,E13-independent-20260925-20260906T135924330990Z,E13,independent,20260925,devices=25,primary,2026-09-06T13:59:24.297147+00:00,2026-09-06T13:59:24.431270+00:00,0.134,VALID,valid,,1b2dd830befbb58e3949b03deca6592ca395cd7b,a1d260b660c93e47a466deb9c00f26c880973356f7da4eda00cb8ec57cab044d,raw/E13-independent-20260925-20260906T135924330990Z
a001370,E13-independent-20260926-20260906T135924477227Z,E13,independent,20260926,devices=25,primary,2026-09-06T13:59:24.443313+00:00,2026-09-06T13:59:24.576775+00:00,0.133,VALID,valid,,1b2dd830befbb58e3949b03deca6592ca395cd7b,a1d260b660c93e47a466deb9c00f26c880973356f7da4eda00cb8ec57cab044d,raw/E13-independent-20260926-20260906T135924477227Z
a001371,E13-independent-20260927-20260906T135924624706Z,E13,independent,20260927,devices=25,primary,2026-09-06T13:59:24.589357+00:00,2026-09-06T13:59:24.729488+00:00,0.14,VALID,valid,,1b2dd830befbb58e3949b03deca6592ca395cd7b,a1d260b660c93e47a466deb9c00f26c880973356f7da4eda00cb8ec57cab044d,raw/E13-independent-20260927-20260906T135924624706Z
a001372,E13-independent-20260928-20260906T135924776640Z,E13,independent,20260928,devices=25,primary,2026-09-06T13:59:24.742243+00:00,2026-09-06T13:59:24.876168+00:00,0.134,VALID,valid,,1b2dd830befbb58e3949b03deca6592ca395cd7b,a1d260b660c93e47a466deb9c00f26c880973356f7da4eda00cb8ec57cab044d,raw/E13-independent-20260928-20260906T135924776640Z
a001373,E13-independent-20260929-20260906T135924923890Z,E13,independent,20260929,devices=25,primary,2026-09-06T13:59:24.888401+00:00,2026-09-06T13:59:25.021179+00:00,0.133,VALID,valid,,1b2dd830befbb58e3949b03deca6592ca395cd7b,a1d260b660c93e47a466deb9c00f26c880973356f7da4eda00cb8ec57cab044d,raw/E13-independent-20260929-20260906T135924923890Z
a001374,E13-independent-20260930-20260906T135925066986Z,E13,independent,20260930,devices=25,primary,2026-09-06T13:59:25.032996+00:00,2026-09-06T13:59:25.170160+00:00,0.137,VALID,valid,,1b2dd830befbb58e3949b03deca6592ca395cd7b,a1d260b660c93e47a466deb9c00f26c880973356f7da4eda00cb8ec57cab044d,raw/E13-independent-20260930-20260906T135925066986Z
a001375,E13-independent-20260931-20260906T135925217576Z,E13,independent,20260931,devices=25,primary,2026-09-06T13:59:25.182945+00:00,2026-09-06T13:59:25.322870+00:00,0.14,VALID,valid,,1b2dd830befbb58e3949b03deca6592ca395cd7b,a1d260b660c93e47a466deb9c00f26c880973356f7da4eda00cb8ec57cab044d,raw/E13-independent-20260931-20260906T135925217576Z
a001376,E13-independent-20260932-20260906T135925368985Z,E13,independent,20260932,devices=25,primary,2026-09-06T13:59:25.335029+00:00,2026-09-06T13:59:25.459978+00:00,0.125,VALID,valid,,1b2dd830befbb58e3949b03deca6592ca395cd7b,a1d260b660c93e47a466deb9c00f26c880973356f7da4eda00cb8ec57cab044d,raw/E13-independent-20260932-20260906T135925368985Z
a001377,E13-independent-20260933-20260906T135925505617Z,E13,independent,20260933,devices=25,primary,2026-09-06T13:59:25.472099+00:00,2026-09-06T13:59:25.605425+00:00,0.133,VALID,valid,,1b2dd830befbb58e3949b03deca6592ca395cd7b,a1d260b660c93e47a466deb9c00f26c880973356f7da4eda00cb8ec57cab044d,raw/E13-independent-20260933-20260906T135925505617Z
a001378,E13-independent-20260934-20260906T135925652862Z,E13,independent,20260934,devices=25,primary,2026-09-06T13:59:25.617552+00:00,2026-09-06T13:59:25.758792+00:00,0.141,VALID,valid,,1b2dd830befbb58e3949b03deca6592ca395cd7b,a1d260b660c93e47a466deb9c00f26c880973356f7da4eda00cb8ec57cab044d,raw/E13-independent-20260934-20260906T135925652862Z
a001379,E13-independent-20260935-20260906T135925810019Z,E13,independent,20260935,devices=25,primary,2026-09-06T13:59:25.770897+00:00,2026-09-06T13:59:25.901984+00:00,0.131,VALID,valid,,1b2dd830befbb58e3949b03deca6592ca395cd7b,a1d260b660c93e47a466deb9c00f26c880973356f7da4eda00cb8ec57cab044d,raw/E13-independent-20260935-20260906T135925810019Z
a001380,E13-independent-20260936-20260906T135925949128Z,E13,independent,20260936,devices=25,primary,2026-09-06T13:59:25.915156+00:00,2026-09-06T13:59:26.061264+00:00,0.146,VALID,valid,,1b2dd830befbb58e3949b03deca6592ca395cd7b,a1d260b660c93e47a466deb9c00f26c880973356f7da4eda00cb8ec57cab044d,raw/E13-independent-20260936-20260906T135925949128Z
a001381,E13-static_continuity-20260907-20260906T135926108356Z,E13,static_continuity,20260907,devices=25,primary,2026-09-06T13:59:26.073913+00:00,2026-09-06T13:59:26.216622+00:00,0.143,VALID,valid,,1b2dd830befbb58e3949b03deca6592ca395cd7b,a1d260b660c93e47a466deb9c00f26c880973356f7da4eda00cb8ec57cab044d,raw/E13-static_continuity-20260907-20260906T135926108356Z
a001382,E13-static_continuity-20260908-20260906T135926263624Z,E13,static_continuity,20260908,devices=25,primary,2026-09-06T13:59:26.229015+00:00,2026-09-06T13:59:26.364219+00:00,0.135,VALID,valid,,1b2dd830befbb58e3949b03deca6592ca395cd7b,a1d260b660c93e47a466deb9c00f26c880973356f7da4eda00cb8ec57cab044d,raw/E13-static_continuity-20260908-20260906T135926263624Z
a001383,E13-static_continuity-20260909-20260906T135926411063Z,E13,static_continuity,20260909,devices=25,primary,2026-09-06T13:59:26.377187+00:00,2026-09-06T13:59:26.497940+00:00,0.121,VALID,valid,,1b2dd830befbb58e3949b03deca6592ca395cd7b,a1d260b660c93e47a466deb9c00f26c880973356f7da4eda00cb8ec57cab044d,raw/E13-static_continuity-20260909-20260906T135926411063Z
a001384,E13-static_continuity-20260910-20260906T135926543917Z,E13,static_continuity,20260910,devices=25,primary,2026-09-06T13:59:26.510242+00:00,2026-09-06T13:59:26.647526+00:00,0.137,VALID,valid,,1b2dd830befbb58e3949b03deca6592ca395cd7b,a1d260b660c93e47a466deb9c00f26c880973356f7da4eda00cb8ec57cab044d,raw/E13-static_continuity-20260910-20260906T135926543917Z
a001385,E13-static_continuity-20260911-20260906T135926693840Z,E13,static_continuity,20260911,devices=25,primary,2026-09-06T13:59:26.660501+00:00,2026-09-06T13:59:26.799058+00:00,0.139,VALID,valid,,1b2dd830befbb58e3949b03deca6592ca395cd7b,a1d260b660c93e47a466deb9c00f26c880973356f7da4eda00cb8ec57cab044d,raw/E13-static_continuity-20260911-20260906T135926693840Z
a001386,E13-static_continuity-20260912-20260906T135926846041Z,E13,static_continuity,20260912,devices=25,primary,2026-09-06T13:59:26.811211+00:00,2026-09-06T13:59:26.939518+00:00,0.128,VALID,valid,,1b2dd830befbb58e3949b03deca6592ca395cd7b,a1d260b660c93e47a466deb9c00f26c880973356f7da4eda00cb8ec57cab044d,raw/E13-static_continuity-20260912-20260906T135926846041Z
a001387,E13-static_continuity-20260913-20260906T135926985866Z,E13,static_continuity,20260913,devices=25,primary,2026-09-06T13:59:26.952171+00:00,2026-09-06T13:59:27.088119+00:00,0.136,VALID,valid,,1b2dd830befbb58e3949b03deca6592ca395cd7b,a1d260b660c93e47a466deb9c00f26c880973356f7da4eda00cb8ec57cab044d,raw/E13-static_continuity-20260913-20260906T135926985866Z
a001388,E13-static_continuity-20260914-20260906T135927136108Z,E13,static_continuity,20260914,devices=25,primary,2026-09-06T13:59:27.100151+00:00,2026-09-06T13:59:27.225491+00:00,0.125,VALID,valid,,1b2dd830befbb58e3949b03deca6592ca395cd7b,a1d260b660c93e47a466deb9c00f26c880973356f7da4eda00cb8ec57cab044d,raw/E13-static_continuity-20260914-20260906T135927136108Z
a001389,E13-static_continuity-20260915-20260906T135927270427Z,E13,static_continuity,20260915,devices=25,primary,2026-09-06T13:59:27.237450+00:00,2026-09-06T13:59:27.369834+00:00,0.132,VALID,valid,,1b2dd830befbb58e3949b03deca6592ca395cd7b,a1d260b660c93e47a466deb9c00f26c880973356f7da4eda00cb8ec57cab044d,raw/E13-static_continuity-20260915-20260906T135927270427Z
a001390,E13-static_continuity-20260916-20260906T135927416561Z,E13,static_continuity,20260916,devices=25,primary,2026-09-06T13:59:27.382534+00:00,2026-09-06T13:59:27.508880+00:00,0.126,VALID,valid,,1b2dd830befbb58e3949b03deca6592ca395cd7b,a1d260b660c93e47a466deb9c00f26c880973356f7da4eda00cb8ec57cab044d,raw/E13-static_continuity-20260916-20260906T135927416561Z
a001391,E13-static_continuity-20260917-20260906T135927554912Z,E13,static_continuity,20260917,devices=25,primary,2026-09-06T13:59:27.521355+00:00,2026-09-06T13:59:27.658463+00:00,0.137,VALID,valid,,1b2dd830befbb58e3949b03deca6592ca395cd7b,a1d260b660c93e47a466deb9c00f26c880973356f7da4eda00cb8ec57cab044d,raw/E13-static_continuity-20260917-20260906T135927554912Z
a001392,E13-static_continuity-20260918-20260906T135927705567Z,E13,static_continuity,20260918,devices=25,primary,2026-09-06T13:59:27.670702+00:00,2026-09-06T13:59:27.810924+00:00,0.14,VALID,valid,,1b2dd830befbb58e3949b03deca6592ca395cd7b,a1d260b660c93e47a466deb9c00f26c880973356f7da4eda00cb8ec57cab044d,raw/E13-static_continuity-20260918-20260906T135927705567Z
a001393,E13-static_continuity-20260919-20260906T135927857649Z,E13,static_continuity,20260919,devices=25,primary,2026-09-06T13:59:27.823648+00:00,2026-09-06T13:59:27.959062+00:00,0.135,VALID,valid,,1b2dd830befbb58e3949b03deca6592ca395cd7b,a1d260b660c93e47a466deb9c00f26c880973356f7da4eda00cb8ec57cab044d,raw/E13-static_continuity-20260919-20260906T135927857649Z
a001394,E13-static_continuity-20260920-20260906T135928012002Z,E13,static_continuity,20260920,devices=25,primary,2026-09-06T13:59:27.972596+00:00,2026-09-06T13:59:28.121770+00:00,0.149,VALID,valid,,1b2dd830befbb58e3949b03deca6592ca395cd7b,a1d260b660c93e47a466deb9c00f26c880973356f7da4eda00cb8ec57cab044d,raw/E13-static_continuity-20260920-20260906T135928012002Z
a001395,E13-static_continuity-20260921-20260906T135928169425Z,E13,static_continuity,20260921,devices=25,primary,2026-09-06T13:59:28.133939+00:00,2026-09-06T13:59:28.267649+00:00,0.134,VALID,valid,,1b2dd830befbb58e3949b03deca6592ca395cd7b,a1d260b660c93e47a466deb9c00f26c880973356f7da4eda00cb8ec57cab044d,raw/E13-static_continuity-20260921-20260906T135928169425Z
a001396,E13-static_continuity-20260922-20260906T135928313977Z,E13,static_continuity,20260922,devices=25,primary,2026-09-06T13:59:28.279576+00:00,2026-09-06T13:59:28.411541+00:00,0.132,VALID,valid,,1b2dd830befbb58e3949b03deca6592ca395cd7b,a1d260b660c93e47a466deb9c00f26c880973356f7da4eda00cb8ec57cab044d,raw/E13-static_continuity-20260922-20260906T135928313977Z
a001397,E13-static_continuity-20260923-20260906T135928459630Z,E13,static_continuity,20260923,devices=25,primary,2026-09-06T13:59:28.424448+00:00,2026-09-06T13:59:28.433711+00:00,0.179,VALID,valid,,1b2dd830befbb58e3949b03deca6592ca395cd7b,a1d260b660c93e47a466deb9c00f26c880973356f7da4eda00cb8ec57cab044d,raw/E13-static_continuity-20260923-20260906T135928459630Z
a001398,E13-static_continuity-20260924-20260906T135928482000Z,E13,static_continuity,20260924,devices=25,primary,2026-09-06T13:59:28.446059+00:00,2026-09-06T13:59:28.589857+00:00,0.144,VALID,valid,,1b2dd830befbb58e3949b03deca6592ca395cd7b,a1d260b660c93e47a466deb9c00f26c880973356f7da4eda00cb8ec57cab044d,raw/E13-static_continuity-20260924-20260906T135928482000Z
a001399,E13-static_continuity-20260925-20260906T135928636156Z,E13,static_continuity,20260925,devices=25,primary,2026-09-06T13:59:28.602354+00:00,2026-09-06T13:59:28.742652+00:00,0.14,VALID,valid,,1b2dd830befbb58e3949b03deca6592ca395cd7b,a1d260b660c93e47a466deb9c00f26c880973356f7da4eda00cb8ec57cab044d,raw/E13-static_continuity-20260925-20260906T135928636156Z
a001400,E13-static_continuity-20260926-20260906T135928789037Z,E13,static_continuity,20260926,devices=25,primary,2026-09-06T13:59:28.754706+00:00,2026-09-06T13:59:28.878465+00:00,0.124,VALID,valid,,1b2dd830befbb58e3949b03deca6592ca395cd7b,a1d260b660c93e47a466deb9c00f26c880973356f7da4eda00cb8ec57cab044d,raw/E13-static_continuity-20260926-20260906T135928789037Z
a001401,E13-static_continuity-20260927-20260906T135928924236Z,E13,static_continuity,20260927,devices=25,primary,2026-09-06T13:59:28.890560+00:00,2026-09-06T13:59:29.030167+00:00,0.14,VALID,valid,,1b2dd830befbb58e3949b03deca6592ca395cd7b,a1d260b660c93e47a466deb9c00f26c880973356f7da4eda00cb8ec57cab044d,raw/E13-static_continuity-20260927-20260906T135928924236Z
a001402,E13-static_continuity-20260928-20260906T135929077910Z,E13,static_continuity,20260928,devices=25,primary,2026-09-06T13:59:29.042883+00:00,2026-09-06T13:59:29.182359+00:00,0.139,VALID,valid,,1b2dd830befbb58e3949b03deca6592ca395cd7b,a1d260b660c93e47a466deb9c00f26c880973356f7da4eda00cb8ec57cab044d,raw/E13-static_continuity-20260928-20260906T135929077910Z
a001403,E13-static_continuity-20260929-20260906T135929230495Z,E13,static_continuity,20260929,devices=25,primary,2026-09-06T13:59:29.195203+00:00,2026-09-06T13:59:29.333441+00:00,0.138,VALID,valid,,1b2dd830befbb58e3949b03deca6592ca395cd7b,a1d260b660c93e47a466deb9c00f26c880973356f7da4eda00cb8ec57cab044d,raw/E13-static_continuity-20260929-20260906T135929230495Z
a001404,E13-static_continuity-20260930-20260906T135929380502Z,E13,static_continuity,20260930,devices=25,primary,2026-09-06T13:59:29.345824+00:00,2026-09-06T13:59:29.483844+00:00,0.138,VALID,valid,,1b2dd830befbb58e3949b03deca6592ca395cd7b,a1d260b660c93e47a466deb9c00f26c880973356f7da4eda00cb8ec57cab044d,raw/E13-static_continuity-20260930-20260906T135929380502Z
a001405,E13-static_continuity-20260931-20260906T135929531787Z,E13,static_continuity,20260931,devices=25,primary,2026-09-06T13:59:29.496794+00:00,2026-09-06T13:59:29.635881+00:00,0.139,VALID,valid,,1b2dd830befbb58e3949b03deca6592ca395cd7b,a1d260b660c93e47a466deb9c00f26c880973356f7da4eda00cb8ec57cab044d,raw/E13-static_continuity-20260931-20260906T135929531787Z
a001406,E13-static_continuity-20260932-20260906T135929683375Z,E13,static_continuity,20260932,devices=25,primary,2026-09-06T13:59:29.649068+00:00,2026-09-06T13:59:29.784915+00:00,0.136,VALID,valid,,1b2dd830befbb58e3949b03deca6592ca395cd7b,a1d260b660c93e47a466deb9c00f26c880973356f7da4eda00cb8ec57cab044d,raw/E13-static_continuity-20260932-20260906T135929683375Z
a001407,E13-static_continuity-20260933-20260906T135929831225Z,E13,static_continuity,20260933,devices=25,primary,2026-09-06T13:59:29.796942+00:00,2026-09-06T13:59:29.934710+00:00,0.138,VALID,valid,,1b2dd830befbb58e3949b03deca6592ca395cd7b,a1d260b660c93e47a466deb9c00f26c880973356f7da4eda00cb8ec57cab044d,raw/E13-static_continuity-20260933-20260906T135929831225Z
a001408,E13-static_continuity-20260934-20260906T135929982664Z,E13,static_continuity,20260934,devices=25,primary,2026-09-06T13:59:29.947954+00:00,2026-09-06T13:59:30.081577+00:00,0.134,VALID,valid,,1b2dd830befbb58e3949b03deca6592ca395cd7b,a1d260b660c93e47a466deb9c00f26c880973356f7da4eda00cb8ec57cab044d,raw/E13-static_continuity-20260934-20260906T135929982664Z
a001409,E13-static_continuity-20260935-20260906T135930127908Z,E13,static_continuity,20260935,devices=25,primary,2026-09-06T13:59:30.093981+00:00,2026-09-06T13:59:30.223849+00:00,0.13,VALID,valid,,1b2dd830befbb58e3949b03deca6592ca395cd7b,a1d260b660c93e47a466deb9c00f26c880973356f7da4eda00cb8ec57cab044d,raw/E13-static_continuity-20260935-20260906T135930127908Z
a001410,E13-static_continuity-20260936-20260906T135930270932Z,E13,static_continuity,20260936,devices=25,primary,2026-09-06T13:59:30.236298+00:00,2026-09-06T13:59:30.375046+00:00,0.139,VALID,valid,,1b2dd830befbb58e3949b03deca6592ca395cd7b,a1d260b660c93e47a466deb9c00f26c880973356f7da4eda00cb8ec57cab044d,raw/E13-static_continuity-20260936-20260906T135930270932Z
a001411,E13-ca_ztcf-20260907-20260906T135930422732Z,E13,ca_ztcf,20260907,devices=25,primary,2026-09-06T13:59:30.387847+00:00,2026-09-06T13:59:30.535342+00:00,0.147,VALID,valid,,1b2dd830befbb58e3949b03deca6592ca395cd7b,a1d260b660c93e47a466deb9c00f26c880973356f7da4eda00cb8ec57cab044d,raw/E13-ca_ztcf-20260907-20260906T135930422732Z
a001412,E13-ca_ztcf-20260908-20260906T135930600529Z,E13,ca_ztcf,20260908,devices=25,primary,2026-09-06T13:59:30.551278+00:00,2026-09-06T13:59:30.730322+00:00,0.179,VALID,valid,,1b2dd830befbb58e3949b03deca6592ca395cd7b,a1d260b660c93e47a466deb9c00f26c880973356f7da4eda00cb8ec57cab044d,raw/E13-ca_ztcf-20260908-20260906T135930600529Z
a001413,E13-ca_ztcf-20260909-20260906T135930780400Z,E13,ca_ztcf,20260909,devices=25,primary,2026-09-06T13:59:30.743842+00:00,2026-09-06T13:59:30.911915+00:00,0.168,VALID,valid,,1b2dd830befbb58e3949b03deca6592ca395cd7b,a1d260b660c93e47a466deb9c00f26c880973356f7da4eda00cb8ec57cab044d,raw/E13-ca_ztcf-20260909-20260906T135930780400Z
a001414,E13-ca_ztcf-20260910-20260906T135930959149Z,E13,ca_ztcf,20260910,devices=25,primary,2026-09-06T13:59:30.924481+00:00,2026-09-06T13:59:31.079712+00:00,0.155,VALID,valid,,1b2dd830befbb58e3949b03deca6592ca395cd7b,a1d260b660c93e47a466deb9c00f26c880973356f7da4eda00cb8ec57cab044d,raw/E13-ca_ztcf-20260910-20260906T135930959149Z
a001415,E13-ca_ztcf-20260911-20260906T135931126313Z,E13,ca_ztcf,20260911,devices=25,primary,2026-09-06T13:59:31.092058+00:00,2026-09-06T13:59:31.247563+00:00,0.155,VALID,valid,,1b2dd830befbb58e3949b03deca6592ca395cd7b,a1d260b660c93e47a466deb9c00f26c880973356f7da4eda00cb8ec57cab044d,raw/E13-ca_ztcf-20260911-20260906T135931126313Z
a001416,E13-ca_ztcf-20260912-20260906T135931295048Z,E13,ca_ztcf,20260912,devices=25,primary,2026-09-06T13:59:31.260005+00:00,2026-09-06T13:59:31.420925+00:00,0.161,VALID,valid,,1b2dd830befbb58e3949b03deca6592ca395cd7b,a1d260b660c93e47a466deb9c00f26c880973356f7da4eda00cb8ec57cab044d,raw/E13-ca_ztcf-20260912-20260906T135931295048Z
a001417,E13-ca_ztcf-20260913-20260906T135931467422Z,E13,ca_ztcf,20260913,devices=25,primary,2026-09-06T13:59:31.433386+00:00,2026-09-06T13:59:31.593666+00:00,0.16,VALID,valid,,1b2dd830befbb58e3949b03deca6592ca395cd7b,a1d260b660c93e47a466deb9c00f26c880973356f7da4eda00cb8ec57cab044d,raw/E13-ca_ztcf-20260913-20260906T135931467422Z
a001418,E13-ca_ztcf-20260914-20260906T135931642870Z,E13,ca_ztcf,20260914,devices=25,primary,2026-09-06T13:59:31.607245+00:00,2026-09-06T13:59:31.774331+00:00,0.167,VALID,valid,,1b2dd830befbb58e3949b03deca6592ca395cd7b,a1d260b660c93e47a466deb9c00f26c880973356f7da4eda00cb8ec57cab044d,raw/E13-ca_ztcf-20260914-20260906T135931642870Z
a001419,E13-ca_ztcf-20260915-20260906T135931822727Z,E13,ca_ztcf,20260915,devices=25,primary,2026-09-06T13:59:31.787118+00:00,2026-09-06T13:59:31.955727+00:00,0.169,VALID,valid,,1b2dd830befbb58e3949b03deca6592ca395cd7b,a1d260b660c93e47a466deb9c00f26c880973356f7da4eda00cb8ec57cab044d,raw/E13-ca_ztcf-20260915-20260906T135931822727Z
a001420,E13-ca_ztcf-20260916-20260906T135932002351Z,E13,ca_ztcf,20260916,devices=25,primary,2026-09-06T13:59:31.967949+00:00,2026-09-06T13:59:32.131654+00:00,0.164,VALID,valid,,1b2dd830befbb58e3949b03deca6592ca395cd7b,a1d260b660c93e47a466deb9c00f26c880973356f7da4eda00cb8ec57cab044d,raw/E13-ca_ztcf-20260916-20260906T135932002351Z
a001421,E13-ca_ztcf-20260917-20260906T135932179427Z,E13,ca_ztcf,20260917,devices=25,primary,2026-09-06T13:59:32.144882+00:00,2026-09-06T13:59:32.293194+00:00,0.148,VALID,valid,,1b2dd830befbb58e3949b03deca6592ca395cd7b,a1d260b660c93e47a466deb9c00f26c880973356f7da4eda00cb8ec57cab044d,raw/E13-ca_ztcf-20260917-20260906T135932179427Z
a001422,E13-ca_ztcf-20260918-20260906T135932339869Z,E13,ca_ztcf,20260918,devices=25,primary,2026-09-06T13:59:32.305586+00:00,2026-09-06T13:59:32.462031+00:00,0.156,VALID,valid,,1b2dd830befbb58e3949b03deca6592ca395cd7b,a1d260b660c93e47a466deb9c00f26c880973356f7da4eda00cb8ec57cab044d,raw/E13-ca_ztcf-20260918-20260906T135932339869Z
a001423,E13-ca_ztcf-20260919-20260906T135932507652Z,E13,ca_ztcf,20260919,devices=25,primary,2026-09-06T13:59:32.474357+00:00,2026-09-06T13:59:32.631381+00:00,0.157,VALID,valid,,1b2dd830befbb58e3949b03deca6592ca395cd7b,a1d260b660c93e47a466deb9c00f26c880973356f7da4eda00cb8ec57cab044d,raw/E13-ca_ztcf-20260919-20260906T135932507652Z
a001424,E13-ca_ztcf-20260920-20260906T135932680103Z,E13,ca_ztcf,20260920,devices=25,primary,2026-09-06T13:59:32.644342+00:00,2026-09-06T13:59:32.798439+00:00,0.154,VALID,valid,,1b2dd830befbb58e3949b03deca6592ca395cd7b,a1d260b660c93e47a466deb9c00f26c880973356f7da4eda00cb8ec57cab044d,raw/E13-ca_ztcf-20260920-20260906T135932680103Z
a001425,E13-ca_ztcf-20260921-20260906T135932844702Z,E13,ca_ztcf,20260921,devices=25,primary,2026-09-06T13:59:32.810362+00:00,2026-09-06T13:59:32.970525+00:00,0.16,VALID,valid,,1b2dd830befbb58e3949b03deca6592ca395cd7b,a1d260b660c93e47a466deb9c00f26c880973356f7da4eda00cb8ec57cab044d,raw/E13-ca_ztcf-20260921-20260906T135932844702Z
a001426,E13-ca_ztcf-20260922-20260906T135933016327Z,E13,ca_ztcf,20260922,devices=25,primary,2026-09-06T13:59:32.982699+00:00,2026-09-06T13:59:33.132239+00:00,0.15,VALID,valid,,1b2dd830befbb58e3949b03deca6592ca395cd7b,a1d260b660c93e47a466deb9c00f26c880973356f7da4eda00cb8ec57cab044d,raw/E13-ca_ztcf-20260922-20260906T135933016327Z
a001427,E13-ca_ztcf-20260923-20260906T135933179671Z,E13,ca_ztcf,20260923,devices=25,primary,2026-09-06T13:59:33.145348+00:00,2026-09-06T13:59:33.302488+00:00,0.157,VALID,valid,,1b2dd830befbb58e3949b03deca6592ca395cd7b,a1d260b660c93e47a466deb9c00f26c880973356f7da4eda00cb8ec57cab044d,raw/E13-ca_ztcf-20260923-20260906T135933179671Z
a001428,E13-ca_ztcf-20260924-20260906T135933349247Z,E13,ca_ztcf,20260924,devices=25,primary,2026-09-06T13:59:33.314790+00:00,2026-09-06T13:59:33.465506+00:00,0.151,VALID,valid,,1b2dd830befbb58e3949b03deca6592ca395cd7b,a1d260b660c93e47a466deb9c00f26c880973356f7da4eda00cb8ec57cab044d,raw/E13-ca_ztcf-20260924-20260906T135933349247Z
a001429,E13-ca_ztcf-20260925-20260906T135933512424Z,E13,ca_ztcf,20260925,devices=25,primary,2026-09-06T13:59:33.478181+00:00,2026-09-06T13:59:33.633288+00:00,0.155,VALID,valid,,1b2dd830befbb58e3949b03deca6592ca395cd7b,a1d260b660c93e47a466deb9c00f26c880973356f7da4eda00cb8ec57cab044d,raw/E13-ca_ztcf-20260925-20260906T135933512424Z
a001430,E13-ca_ztcf-20260926-20260906T135933680493Z,E13,ca_ztcf,20260926,devices=25,primary,2026-09-06T13:59:33.646502+00:00,2026-09-06T13:59:33.830795+00:00,0.184,VALID,valid,,1b2dd830befbb58e3949b03deca6592ca395cd7b,a1d260b660c93e47a466deb9c00f26c880973356f7da4eda00cb8ec57cab044d,raw/E13-ca_ztcf-20260926-20260906T135933680493Z
a001431,E13-ca_ztcf-20260927-20260906T135933880570Z,E13,ca_ztcf,20260927,devices=25,primary,2026-09-06T13:59:33.843526+00:00,2026-09-06T13:59:34.006525+00:00,0.163,VALID,valid,,1b2dd830befbb58e3949b03deca6592ca395cd7b,a1d260b660c93e47a466deb9c00f26c880973356f7da4eda00cb8ec57cab044d,raw/E13-ca_ztcf-20260927-20260906T135933880570Z
a001432,E13-ca_ztcf-20260928-20260906T135934054215Z,E13,ca_ztcf,20260928,devices=25,primary,2026-09-06T13:59:34.019280+00:00,2026-09-06T13:59:34.175621+00:00,0.156,VALID,valid,,1b2dd830befbb58e3949b03deca6592ca395cd7b,a1d260b660c93e47a466deb9c00f26c880973356f7da4eda00cb8ec57cab044d,raw/E13-ca_ztcf-20260928-20260906T135934054215Z
a001433,E13-ca_ztcf-20260929-20260906T135934222676Z,E13,ca_ztcf,20260929,devices=25,primary,2026-09-06T13:59:34.188153+00:00,2026-09-06T13:59:34.335031+00:00,0.147,VALID,valid,,1b2dd830befbb58e3949b03deca6592ca395cd7b,a1d260b660c93e47a466deb9c00f26c880973356f7da4eda00cb8ec57cab044d,raw/E13-ca_ztcf-20260929-20260906T135934222676Z
a001434,E13-ca_ztcf-20260930-20260906T135934381700Z,E13,ca_ztcf,20260930,devices=25,primary,2026-09-06T13:59:34.347910+00:00,2026-09-06T13:59:34.502839+00:00,0.155,VALID,valid,,1b2dd830befbb58e3949b03deca6592ca395cd7b,a1d260b660c93e47a466deb9c00f26c880973356f7da4eda00cb8ec57cab044d,raw/E13-ca_ztcf-20260930-20260906T135934381700Z
a001435,E13-ca_ztcf-20260931-20260906T135934550239Z,E13,ca_ztcf,20260931,devices=25,primary,2026-09-06T13:59:34.516146+00:00,2026-09-06T13:59:34.673239+00:00,0.157,VALID,valid,,1b2dd830befbb58e3949b03deca6592ca395cd7b,a1d260b660c93e47a466deb9c00f26c880973356f7da4eda00cb8ec57cab044d,raw/E13-ca_ztcf-20260931-20260906T135934550239Z
a001436,E13-ca_ztcf-20260932-20260906T135934719973Z,E13,ca_ztcf,20260932,devices=25,primary,2026-09-06T13:59:34.685647+00:00,2026-09-06T13:59:34.850108+00:00,0.164,VALID,valid,,1b2dd830befbb58e3949b03deca6592ca395cd7b,a1d260b660c93e47a466deb9c00f26c880973356f7da4eda00cb8ec57cab044d,raw/E13-ca_ztcf-20260932-20260906T135934719973Z
a001437,E13-ca_ztcf-20260933-20260906T135934897389Z,E13,ca_ztcf,20260933,devices=25,primary,2026-09-06T13:59:34.863222+00:00,2026-09-06T13:59:35.020335+00:00,0.157,VALID,valid,,1b2dd830befbb58e3949b03deca6592ca395cd7b,a1d260b660c93e47a466deb9c00f26c880973356f7da4eda00cb8ec57cab044d,raw/E13-ca_ztcf-20260933-20260906T135934897389Z
a001438,E13-ca_ztcf-20260934-20260906T135935066830Z,E13,ca_ztcf,20260934,devices=25,primary,2026-09-06T13:59:35.032814+00:00,2026-09-06T13:59:35.178613+00:00,0.146,VALID,valid,,1b2dd830befbb58e3949b03deca6592ca395cd7b,a1d260b660c93e47a466deb9c00f26c880973356f7da4eda00cb8ec57cab044d,raw/E13-ca_ztcf-20260934-20260906T135935066830Z
a001439,E13-ca_ztcf-20260935-20260906T135935224931Z,E13,ca_ztcf,20260935,devices=25,primary,2026-09-06T13:59:35.190902+00:00,2026-09-06T13:59:35.344331+00:00,0.153,VALID,valid,,1b2dd830befbb58e3949b03deca6592ca395cd7b,a1d260b660c93e47a466deb9c00f26c880973356f7da4eda00cb8ec57cab044d,raw/E13-ca_ztcf-20260935-20260906T135935224931Z
a001440,E13-ca_ztcf-20260936-20260906T135935391388Z,E13,ca_ztcf,20260936,devices=25,primary,2026-09-06T13:59:35.356471+00:00,2026-09-06T13:59:35.513751+00:00,0.157,VALID,valid,,1b2dd830befbb58e3949b03deca6592ca395cd7b,a1d260b660c93e47a466deb9c00f26c880973356f7da4eda00cb8ec57cab044d,raw/E13-ca_ztcf-20260936-20260906T135935391388Z
a001441,E14-independent-20260907-20260906T135935560607Z,E14,independent,20260907,default,primary,2026-09-06T13:59:35.526534+00:00,2026-09-06T13:59:35.658677+00:00,0.132,VALID,valid,,1b2dd830befbb58e3949b03deca6592ca395cd7b,a1d260b660c93e47a466deb9c00f26c880973356f7da4eda00cb8ec57cab044d,raw/E14-independent-20260907-20260906T135935560607Z
a001442,E14-independent-20260908-20260906T135935705425Z,E14,independent,20260908,default,primary,2026-09-06T13:59:35.670495+00:00,2026-09-06T13:59:35.790980+00:00,0.12,VALID,valid,,1b2dd830befbb58e3949b03deca6592ca395cd7b,a1d260b660c93e47a466deb9c00f26c880973356f7da4eda00cb8ec57cab044d,raw/E14-independent-20260908-20260906T135935705425Z
a001443,E14-independent-20260909-20260906T135935838465Z,E14,independent,20260909,default,primary,2026-09-06T13:59:35.802925+00:00,2026-09-06T13:59:35.937067+00:00,0.134,VALID,valid,,1b2dd830befbb58e3949b03deca6592ca395cd7b,a1d260b660c93e47a466deb9c00f26c880973356f7da4eda00cb8ec57cab044d,raw/E14-independent-20260909-20260906T135935838465Z
a001444,E14-independent-20260910-20260906T135935984558Z,E14,independent,20260910,default,primary,2026-09-06T13:59:35.949267+00:00,2026-09-06T13:59:36.084316+00:00,0.135,VALID,valid,,1b2dd830befbb58e3949b03deca6592ca395cd7b,a1d260b660c93e47a466deb9c00f26c880973356f7da4eda00cb8ec57cab044d,raw/E14-independent-20260910-20260906T135935984558Z
a001445,E14-independent-20260911-20260906T135936133283Z,E14,independent,20260911,default,primary,2026-09-06T13:59:36.098440+00:00,2026-09-06T13:59:36.237230+00:00,0.139,VALID,valid,,1b2dd830befbb58e3949b03deca6592ca395cd7b,a1d260b660c93e47a466deb9c00f26c880973356f7da4eda00cb8ec57cab044d,raw/E14-independent-20260911-20260906T135936133283Z
a001446,E14-independent-20260912-20260906T135936286257Z,E14,independent,20260912,default,primary,2026-09-06T13:59:36.251310+00:00,2026-09-06T13:59:36.388072+00:00,0.137,VALID,valid,,1b2dd830befbb58e3949b03deca6592ca395cd7b,a1d260b660c93e47a466deb9c00f26c880973356f7da4eda00cb8ec57cab044d,raw/E14-independent-20260912-20260906T135936286257Z
a001447,E14-independent-20260913-20260906T135936435133Z,E14,independent,20260913,default,primary,2026-09-06T13:59:36.400591+00:00,2026-09-06T13:59:36.532626+00:00,0.132,VALID,valid,,1b2dd830befbb58e3949b03deca6592ca395cd7b,a1d260b660c93e47a466deb9c00f26c880973356f7da4eda00cb8ec57cab044d,raw/E14-independent-20260913-20260906T135936435133Z
a001448,E14-independent-20260914-20260906T135936579800Z,E14,independent,20260914,default,primary,2026-09-06T13:59:36.545703+00:00,2026-09-06T13:59:36.682041+00:00,0.136,VALID,valid,,1b2dd830befbb58e3949b03deca6592ca395cd7b,a1d260b660c93e47a466deb9c00f26c880973356f7da4eda00cb8ec57cab044d,raw/E14-independent-20260914-20260906T135936579800Z
a001449,E14-independent-20260915-20260906T135936728441Z,E14,independent,20260915,default,primary,2026-09-06T13:59:36.694171+00:00,2026-09-06T13:59:36.818148+00:00,0.124,VALID,valid,,1b2dd830befbb58e3949b03deca6592ca395cd7b,a1d260b660c93e47a466deb9c00f26c880973356f7da4eda00cb8ec57cab044d,raw/E14-independent-20260915-20260906T135936728441Z
a001450,E14-independent-20260916-20260906T135936867143Z,E14,independent,20260916,default,primary,2026-09-06T13:59:36.830510+00:00,2026-09-06T13:59:36.964774+00:00,0.134,VALID,valid,,1b2dd830befbb58e3949b03deca6592ca395cd7b,a1d260b660c93e47a466deb9c00f26c880973356f7da4eda00cb8ec57cab044d,raw/E14-independent-20260916-20260906T135936867143Z
a001451,E14-independent-20260917-20260906T135937010452Z,E14,independent,20260917,default,primary,2026-09-06T13:59:36.976883+00:00,2026-09-06T13:59:37.117158+00:00,0.14,VALID,valid,,1b2dd830befbb58e3949b03deca6592ca395cd7b,a1d260b660c93e47a466deb9c00f26c880973356f7da4eda00cb8ec57cab044d,raw/E14-independent-20260917-20260906T135937010452Z
a001452,E14-independent-20260918-20260906T135937165935Z,E14,independent,20260918,default,primary,2026-09-06T13:59:37.129702+00:00,2026-09-06T13:59:37.267029+00:00,0.137,VALID,valid,,1b2dd830befbb58e3949b03deca6592ca395cd7b,a1d260b660c93e47a466deb9c00f26c880973356f7da4eda00cb8ec57cab044d,raw/E14-independent-20260918-20260906T135937165935Z
a001453,E14-independent-20260919-20260906T135937313110Z,E14,independent,20260919,default,primary,2026-09-06T13:59:37.279240+00:00,2026-09-06T13:59:37.408663+00:00,0.129,VALID,valid,,1b2dd830befbb58e3949b03deca6592ca395cd7b,a1d260b660c93e47a466deb9c00f26c880973356f7da4eda00cb8ec57cab044d,raw/E14-independent-20260919-20260906T135937313110Z
a001454,E14-independent-20260920-20260906T135937455001Z,E14,independent,20260920,default,primary,2026-09-06T13:59:37.421423+00:00,2026-09-06T13:59:37.557632+00:00,0.136,VALID,valid,,1b2dd830befbb58e3949b03deca6592ca395cd7b,a1d260b660c93e47a466deb9c00f26c880973356f7da4eda00cb8ec57cab044d,raw/E14-independent-20260920-20260906T135937455001Z
a001455,E14-independent-20260921-20260906T135937603888Z,E14,independent,20260921,default,primary,2026-09-06T13:59:37.569759+00:00,2026-09-06T13:59:37.696162+00:00,0.126,VALID,valid,,1b2dd830befbb58e3949b03deca6592ca395cd7b,a1d260b660c93e47a466deb9c00f26c880973356f7da4eda00cb8ec57cab044d,raw/E14-independent-20260921-20260906T135937603888Z
a001456,E14-independent-20260922-20260906T135937742466Z,E14,independent,20260922,default,primary,2026-09-06T13:59:37.708503+00:00,2026-09-06T13:59:37.843060+00:00,0.135,VALID,valid,,1b2dd830befbb58e3949b03deca6592ca395cd7b,a1d260b660c93e47a466deb9c00f26c880973356f7da4eda00cb8ec57cab044d,raw/E14-independent-20260922-20260906T135937742466Z
a001457,E14-independent-20260923-20260906T135937890011Z,E14,independent,20260923,default,primary,2026-09-06T13:59:37.855204+00:00,2026-09-06T13:59:37.990995+00:00,0.136,VALID,valid,,1b2dd830befbb58e3949b03deca6592ca395cd7b,a1d260b660c93e47a466deb9c00f26c880973356f7da4eda00cb8ec57cab044d,raw/E14-independent-20260923-20260906T135937890011Z
a001458,E14-independent-20260924-20260906T135938037456Z,E14,independent,20260924,default,primary,2026-09-06T13:59:38.003170+00:00,2026-09-06T13:59:38.133028+00:00,0.13,VALID,valid,,1b2dd830befbb58e3949b03deca6592ca395cd7b,a1d260b660c93e47a466deb9c00f26c880973356f7da4eda00cb8ec57cab044d,raw/E14-independent-20260924-20260906T135938037456Z
a001459,E14-independent-20260925-20260906T135938179306Z,E14,independent,20260925,default,primary,2026-09-06T13:59:38.145451+00:00,2026-09-06T13:59:38.277064+00:00,0.132,VALID,valid,,1b2dd830befbb58e3949b03deca6592ca395cd7b,a1d260b660c93e47a466deb9c00f26c880973356f7da4eda00cb8ec57cab044d,raw/E14-independent-20260925-20260906T135938179306Z
a001460,E14-independent-20260926-20260906T135938323717Z,E14,independent,20260926,default,primary,2026-09-06T13:59:38.289574+00:00,2026-09-06T13:59:38.423899+00:00,0.134,VALID,valid,,1b2dd830befbb58e3949b03deca6592ca395cd7b,a1d260b660c93e47a466deb9c00f26c880973356f7da4eda00cb8ec57cab044d,raw/E14-independent-20260926-20260906T135938323717Z
a001461,E14-independent-20260927-20260906T135938470008Z,E14,independent,20260927,default,primary,2026-09-06T13:59:38.436142+00:00,2026-09-06T13:59:38.370399+00:00,0.155,VALID,valid,,1b2dd830befbb58e3949b03deca6592ca395cd7b,a1d260b660c93e47a466deb9c00f26c880973356f7da4eda00cb8ec57cab044d,raw/E14-independent-20260927-20260906T135938470008Z
a001462,E14-independent-20260928-20260906T135938416385Z,E14,independent,20260928,default,primary,2026-09-06T13:59:38.382608+00:00,2026-09-06T13:59:38.516862+00:00,0.134,VALID,valid,,1b2dd830befbb58e3949b03deca6592ca395cd7b,a1d260b660c93e47a466deb9c00f26c880973356f7da4eda00cb8ec57cab044d,raw/E14-independent-20260928-20260906T135938416385Z
a001463,E14-independent-20260929-20260906T135938562193Z,E14,independent,20260929,default,primary,2026-09-06T13:59:38.528613+00:00,2026-09-06T13:59:38.643965+00:00,0.115,VALID,valid,,1b2dd830befbb58e3949b03deca6592ca395cd7b,a1d260b660c93e47a466deb9c00f26c880973356f7da4eda00cb8ec57cab044d,raw/E14-independent-20260929-20260906T135938562193Z
a001464,E14-independent-20260930-20260906T135938690461Z,E14,independent,20260930,default,primary,2026-09-06T13:59:38.656442+00:00,2026-09-06T13:59:38.792506+00:00,0.136,VALID,valid,,1b2dd830befbb58e3949b03deca6592ca395cd7b,a1d260b660c93e47a466deb9c00f26c880973356f7da4eda00cb8ec57cab044d,raw/E14-independent-20260930-20260906T135938690461Z
a001465,E14-independent-20260931-20260906T135938837728Z,E14,independent,20260931,default,primary,2026-09-06T13:59:38.804154+00:00,2026-09-06T13:59:38.944772+00:00,0.141,VALID,valid,,1b2dd830befbb58e3949b03deca6592ca395cd7b,a1d260b660c93e47a466deb9c00f26c880973356f7da4eda00cb8ec57cab044d,raw/E14-independent-20260931-20260906T135938837728Z
a001466,E14-independent-20260932-20260906T135938989643Z,E14,independent,20260932,default,primary,2026-09-06T13:59:38.956766+00:00,2026-09-06T13:59:39.071832+00:00,0.115,VALID,valid,,1b2dd830befbb58e3949b03deca6592ca395cd7b,a1d260b660c93e47a466deb9c00f26c880973356f7da4eda00cb8ec57cab044d,raw/E14-independent-20260932-20260906T135938989643Z
a001467,E14-independent-20260933-20260906T135939118206Z,E14,independent,20260933,default,primary,2026-09-06T13:59:39.084078+00:00,2026-09-06T13:59:39.208421+00:00,0.124,VALID,valid,,1b2dd830befbb58e3949b03deca6592ca395cd7b,a1d260b660c93e47a466deb9c00f26c880973356f7da4eda00cb8ec57cab044d,raw/E14-independent-20260933-20260906T135939118206Z
a001468,E14-independent-20260934-20260906T135939254801Z,E14,independent,20260934,default,primary,2026-09-06T13:59:39.220506+00:00,2026-09-06T13:59:39.352062+00:00,0.132,VALID,valid,,1b2dd830befbb58e3949b03deca6592ca395cd7b,a1d260b660c93e47a466deb9c00f26c880973356f7da4eda00cb8ec57cab044d,raw/E14-independent-20260934-20260906T135939254801Z
a001469,E14-independent-20260935-20260906T135939399681Z,E14,independent,20260935,default,primary,2026-09-06T13:59:39.365139+00:00,2026-09-06T13:59:39.500461+00:00,0.135,VALID,valid,,1b2dd830befbb58e3949b03deca6592ca395cd7b,a1d260b660c93e47a466deb9c00f26c880973356f7da4eda00cb8ec57cab044d,raw/E14-independent-20260935-20260906T135939399681Z
a001470,E14-independent-20260936-20260906T135939546599Z,E14,independent,20260936,default,primary,2026-09-06T13:59:39.512768+00:00,2026-09-06T13:59:39.655624+00:00,0.143,VALID,valid,,1b2dd830befbb58e3949b03deca6592ca395cd7b,a1d260b660c93e47a466deb9c00f26c880973356f7da4eda00cb8ec57cab044d,raw/E14-independent-20260936-20260906T135939546599Z
a001471,E14-static_continuity-20260907-20260906T135939703242Z,E14,static_continuity,20260907,default,primary,2026-09-06T13:59:39.668895+00:00,2026-09-06T13:59:39.790826+00:00,0.122,VALID,valid,,1b2dd830befbb58e3949b03deca6592ca395cd7b,a1d260b660c93e47a466deb9c00f26c880973356f7da4eda00cb8ec57cab044d,raw/E14-static_continuity-20260907-20260906T135939703242Z
a001472,E14-static_continuity-20260908-20260906T135939837604Z,E14,static_continuity,20260908,default,primary,2026-09-06T13:59:39.803172+00:00,2026-09-06T13:59:39.944340+00:00,0.141,VALID,valid,,1b2dd830befbb58e3949b03deca6592ca395cd7b,a1d260b660c93e47a466deb9c00f26c880973356f7da4eda00cb8ec57cab044d,raw/E14-static_continuity-20260908-20260906T135939837604Z
a001473,E14-static_continuity-20260909-20260906T135939990628Z,E14,static_continuity,20260909,default,primary,2026-09-06T13:59:39.956522+00:00,2026-09-06T13:59:40.095247+00:00,0.139,VALID,valid,,1b2dd830befbb58e3949b03deca6592ca395cd7b,a1d260b660c93e47a466deb9c00f26c880973356f7da4eda00cb8ec57cab044d,raw/E14-static_continuity-20260909-20260906T135939990628Z
a001474,E14-static_continuity-20260910-20260906T135940141920Z,E14,static_continuity,20260910,default,primary,2026-09-06T13:59:40.107789+00:00,2026-09-06T13:59:40.237090+00:00,0.129,VALID,valid,,1b2dd830befbb58e3949b03deca6592ca395cd7b,a1d260b660c93e47a466deb9c00f26c880973356f7da4eda00cb8ec57cab044d,raw/E14-static_continuity-20260910-20260906T135940141920Z
a001475,E14-static_continuity-20260911-20260906T135940284958Z,E14,static_continuity,20260911,default,primary,2026-09-06T13:59:40.249315+00:00,2026-09-06T13:59:40.384134+00:00,0.135,VALID,valid,,1b2dd830befbb58e3949b03deca6592ca395cd7b,a1d260b660c93e47a466deb9c00f26c880973356f7da4eda00cb8ec57cab044d,raw/E14-static_continuity-20260911-20260906T135940284958Z
a001476,E14-static_continuity-20260912-20260906T135940430491Z,E14,static_continuity,20260912,default,primary,2026-09-06T13:59:40.396449+00:00,2026-09-06T13:59:40.524088+00:00,0.128,VALID,valid,,1b2dd830befbb58e3949b03deca6592ca395cd7b,a1d260b660c93e47a466deb9c00f26c880973356f7da4eda00cb8ec57cab044d,raw/E14-static_continuity-20260912-20260906T135940430491Z
a001477,E14-static_continuity-20260913-20260906T135940582329Z,E14,static_continuity,20260913,default,primary,2026-09-06T13:59:40.545923+00:00,2026-09-06T13:59:40.683094+00:00,0.137,VALID,valid,,1b2dd830befbb58e3949b03deca6592ca395cd7b,a1d260b660c93e47a466deb9c00f26c880973356f7da4eda00cb8ec57cab044d,raw/E14-static_continuity-20260913-20260906T135940582329Z
a001478,E14-static_continuity-20260914-20260906T135940731248Z,E14,static_continuity,20260914,default,primary,2026-09-06T13:59:40.696298+00:00,2026-09-06T13:59:40.830474+00:00,0.134,VALID,valid,,1b2dd830befbb58e3949b03deca6592ca395cd7b,a1d260b660c93e47a466deb9c00f26c880973356f7da4eda00cb8ec57cab044d,raw/E14-static_continuity-20260914-20260906T135940731248Z
a001479,E14-static_continuity-20260915-20260906T135940877617Z,E14,static_continuity,20260915,default,primary,2026-09-06T13:59:40.842808+00:00,2026-09-06T13:59:40.983895+00:00,0.141,VALID,valid,,1b2dd830befbb58e3949b03deca6592ca395cd7b,a1d260b660c93e47a466deb9c00f26c880973356f7da4eda00cb8ec57cab044d,raw/E14-static_continuity-20260915-20260906T135940877617Z
a001480,E14-static_continuity-20260916-20260906T135941030376Z,E14,static_continuity,20260916,default,primary,2026-09-06T13:59:40.996122+00:00,2026-09-06T13:59:41.125056+00:00,0.129,VALID,valid,,1b2dd830befbb58e3949b03deca6592ca395cd7b,a1d260b660c93e47a466deb9c00f26c880973356f7da4eda00cb8ec57cab044d,raw/E14-static_continuity-20260916-20260906T135941030376Z
a001481,E14-static_continuity-20260917-20260906T135941172080Z,E14,static_continuity,20260917,default,primary,2026-09-06T13:59:41.137413+00:00,2026-09-06T13:59:41.273929+00:00,0.137,VALID,valid,,1b2dd830befbb58e3949b03deca6592ca395cd7b,a1d260b660c93e47a466deb9c00f26c880973356f7da4eda00cb8ec57cab044d,raw/E14-static_continuity-20260917-20260906T135941172080Z
a001482,E14-static_continuity-20260918-20260906T135941320229Z,E14,static_continuity,20260918,default,primary,2026-09-06T13:59:41.286188+00:00,2026-09-06T13:59:41.420661+00:00,0.134,VALID,valid,,1b2dd830befbb58e3949b03deca6592ca395cd7b,a1d260b660c93e47a466deb9c00f26c880973356f7da4eda00cb8ec57cab044d,raw/E14-static_continuity-20260918-20260906T135941320229Z
a001483,E14-static_continuity-20260919-20260906T135941466338Z,E14,static_continuity,20260919,default,primary,2026-09-06T13:59:41.432899+00:00,2026-09-06T13:59:41.568815+00:00,0.136,VALID,valid,,1b2dd830befbb58e3949b03deca6592ca395cd7b,a1d260b660c93e47a466deb9c00f26c880973356f7da4eda00cb8ec57cab044d,raw/E14-static_continuity-20260919-20260906T135941466338Z
a001484,E14-static_continuity-20260920-20260906T135941620664Z,E14,static_continuity,20260920,default,primary,2026-09-06T13:59:41.582175+00:00,2026-09-06T13:59:41.726449+00:00,0.144,VALID,valid,,1b2dd830befbb58e3949b03deca6592ca395cd7b,a1d260b660c93e47a466deb9c00f26c880973356f7da4eda00cb8ec57cab044d,raw/E14-static_continuity-20260920-20260906T135941620664Z
a001485,E14-static_continuity-20260921-20260906T135941773784Z,E14,static_continuity,20260921,default,primary,2026-09-06T13:59:41.738768+00:00,2026-09-06T13:59:41.876912+00:00,0.138,VALID,valid,,1b2dd830befbb58e3949b03deca6592ca395cd7b,a1d260b660c93e47a466deb9c00f26c880973356f7da4eda00cb8ec57cab044d,raw/E14-static_continuity-20260921-20260906T135941773784Z
a001486,E14-static_continuity-20260922-20260906T135941924037Z,E14,static_continuity,20260922,default,primary,2026-09-06T13:59:41.889727+00:00,2026-09-06T13:59:42.016058+00:00,0.126,VALID,valid,,1b2dd830befbb58e3949b03deca6592ca395cd7b,a1d260b660c93e47a466deb9c00f26c880973356f7da4eda00cb8ec57cab044d,raw/E14-static_continuity-20260922-20260906T135941924037Z
a001487,E14-static_continuity-20260923-20260906T135942062419Z,E14,static_continuity,20260923,default,primary,2026-09-06T13:59:42.028888+00:00,2026-09-06T13:59:42.161687+00:00,0.133,VALID,valid,,1b2dd830befbb58e3949b03deca6592ca395cd7b,a1d260b660c93e47a466deb9c00f26c880973356f7da4eda00cb8ec57cab044d,raw/E14-static_continuity-20260923-20260906T135942062419Z
a001488,E14-static_continuity-20260924-20260906T135942207224Z,E14,static_continuity,20260924,default,primary,2026-09-06T13:59:42.173625+00:00,2026-09-06T13:59:42.304641+00:00,0.131,VALID,valid,,1b2dd830befbb58e3949b03deca6592ca395cd7b,a1d260b660c93e47a466deb9c00f26c880973356f7da4eda00cb8ec57cab044d,raw/E14-static_continuity-20260924-20260906T135942207224Z
a001489,E14-static_continuity-20260925-20260906T135942351312Z,E14,static_continuity,20260925,default,primary,2026-09-06T13:59:42.317252+00:00,2026-09-06T13:59:42.455714+00:00,0.138,VALID,valid,,1b2dd830befbb58e3949b03deca6592ca395cd7b,a1d260b660c93e47a466deb9c00f26c880973356f7da4eda00cb8ec57cab044d,raw/E14-static_continuity-20260925-20260906T135942351312Z
a001490,E14-static_continuity-20260926-20260906T135942502778Z,E14,static_continuity,20260926,default,primary,2026-09-06T13:59:42.468555+00:00,2026-09-06T13:59:42.600672+00:00,0.132,VALID,valid,,1b2dd830befbb58e3949b03deca6592ca395cd7b,a1d260b660c93e47a466deb9c00f26c880973356f7da4eda00cb8ec57cab044d,raw/E14-static_continuity-20260926-20260906T135942502778Z
a001491,E14-static_continuity-20260927-20260906T135942648743Z,E14,static_continuity,20260927,default,primary,2026-09-06T13:59:42.613099+00:00,2026-09-06T13:59:42.755078+00:00,0.142,VALID,valid,,1b2dd830befbb58e3949b03deca6592ca395cd7b,a1d260b660c93e47a466deb9c00f26c880973356f7da4eda00cb8ec57cab044d,raw/E14-static_continuity-20260927-20260906T135942648743Z
a001492,E14-static_continuity-20260928-20260906T135942801929Z,E14,static_continuity,20260928,default,primary,2026-09-06T13:59:42.767257+00:00,2026-09-06T13:59:42.902553+00:00,0.135,VALID,valid,,1b2dd830befbb58e3949b03deca6592ca395cd7b,a1d260b660c93e47a466deb9c00f26c880973356f7da4eda00cb8ec57cab044d,raw/E14-static_continuity-20260928-20260906T135942801929Z
a001493,E14-static_continuity-20260929-20260906T135942949806Z,E14,static_continuity,20260929,default,primary,2026-09-06T13:59:42.915848+00:00,2026-09-06T13:59:43.054929+00:00,0.139,VALID,valid,,1b2dd830befbb58e3949b03deca6592ca395cd7b,a1d260b660c93e47a466deb9c00f26c880973356f7da4eda00cb8ec57cab044d,raw/E14-static_continuity-20260929-20260906T135942949806Z
a001494,E14-static_continuity-20260930-20260906T135943101305Z,E14,static_continuity,20260930,default,primary,2026-09-06T13:59:43.067444+00:00,2026-09-06T13:59:43.209879+00:00,0.142,VALID,valid,,1b2dd830befbb58e3949b03deca6592ca395cd7b,a1d260b660c93e47a466deb9c00f26c880973356f7da4eda00cb8ec57cab044d,raw/E14-static_continuity-20260930-20260906T135943101305Z
a001495,E14-static_continuity-20260931-20260906T135943255671Z,E14,static_continuity,20260931,default,primary,2026-09-06T13:59:43.221990+00:00,2026-09-06T13:59:43.353125+00:00,0.131,VALID,valid,,1b2dd830befbb58e3949b03deca6592ca395cd7b,a1d260b660c93e47a466deb9c00f26c880973356f7da4eda00cb8ec57cab044d,raw/E14-static_continuity-20260931-20260906T135943255671Z
a001496,E14-static_continuity-20260932-20260906T135943399422Z,E14,static_continuity,20260932,default,primary,2026-09-06T13:59:43.365586+00:00,2026-09-06T13:59:43.497322+00:00,0.132,VALID,valid,,1b2dd830befbb58e3949b03deca6592ca395cd7b,a1d260b660c93e47a466deb9c00f26c880973356f7da4eda00cb8ec57cab044d,raw/E14-static_continuity-20260932-20260906T135943399422Z
a001497,E14-static_continuity-20260933-20260906T135943543685Z,E14,static_continuity,20260933,default,primary,2026-09-06T13:59:43.509471+00:00,2026-09-06T13:59:43.639676+00:00,0.13,VALID,valid,,1b2dd830befbb58e3949b03deca6592ca395cd7b,a1d260b660c93e47a466deb9c00f26c880973356f7da4eda00cb8ec57cab044d,raw/E14-static_continuity-20260933-20260906T135943543685Z
a001498,E14-static_continuity-20260934-20260906T135943685796Z,E14,static_continuity,20260934,default,primary,2026-09-06T13:59:43.651708+00:00,2026-09-06T13:59:43.801062+00:00,0.149,VALID,valid,,1b2dd830befbb58e3949b03deca6592ca395cd7b,a1d260b660c93e47a466deb9c00f26c880973356f7da4eda00cb8ec57cab044d,raw/E14-static_continuity-20260934-20260906T135943685796Z
a001499,E14-static_continuity-20260935-20260906T135943849713Z,E14,static_continuity,20260935,default,primary,2026-09-06T13:59:43.814753+00:00,2026-09-06T13:59:43.955153+00:00,0.14,VALID,valid,,1b2dd830befbb58e3949b03deca6592ca395cd7b,a1d260b660c93e47a466deb9c00f26c880973356f7da4eda00cb8ec57cab044d,raw/E14-static_continuity-20260935-20260906T135943849713Z
a001500,E14-static_continuity-20260936-20260906T135944001889Z,E14,static_continuity,20260936,default,primary,2026-09-06T13:59:43.967651+00:00,2026-09-06T13:59:44.095964+00:00,0.128,VALID,valid,,1b2dd830befbb58e3949b03deca6592ca395cd7b,a1d260b660c93e47a466deb9c00f26c880973356f7da4eda00cb8ec57cab044d,raw/E14-static_continuity-20260936-20260906T135944001889Z
a001501,E14-ca_ztcf-20260907-20260906T135944142980Z,E14,ca_ztcf,20260907,default,primary,2026-09-06T13:59:44.108860+00:00,2026-09-06T13:59:44.247827+00:00,0.139,VALID,valid,,1b2dd830befbb58e3949b03deca6592ca395cd7b,a1d260b660c93e47a466deb9c00f26c880973356f7da4eda00cb8ec57cab044d,raw/E14-ca_ztcf-20260907-20260906T135944142980Z
a001502,E14-ca_ztcf-20260908-20260906T135944293832Z,E14,ca_ztcf,20260908,default,primary,2026-09-06T13:59:44.260049+00:00,2026-09-06T13:59:44.416339+00:00,0.156,VALID,valid,,1b2dd830befbb58e3949b03deca6592ca395cd7b,a1d260b660c93e47a466deb9c00f26c880973356f7da4eda00cb8ec57cab044d,raw/E14-ca_ztcf-20260908-20260906T135944293832Z
a001503,E14-ca_ztcf-20260909-20260906T135944462277Z,E14,ca_ztcf,20260909,default,primary,2026-09-06T13:59:44.428330+00:00,2026-09-06T13:59:44.586005+00:00,0.158,VALID,valid,,1b2dd830befbb58e3949b03deca6592ca395cd7b,a1d260b660c93e47a466deb9c00f26c880973356f7da4eda00cb8ec57cab044d,raw/E14-ca_ztcf-20260909-20260906T135944462277Z
a001504,E14-ca_ztcf-20260910-20260906T135944633072Z,E14,ca_ztcf,20260910,default,primary,2026-09-06T13:59:44.598643+00:00,2026-09-06T13:59:44.763900+00:00,0.165,VALID,valid,,1b2dd830befbb58e3949b03deca6592ca395cd7b,a1d260b660c93e47a466deb9c00f26c880973356f7da4eda00cb8ec57cab044d,raw/E14-ca_ztcf-20260910-20260906T135944633072Z
a001505,E14-ca_ztcf-20260911-20260906T135944809692Z,E14,ca_ztcf,20260911,default,primary,2026-09-06T13:59:44.776130+00:00,2026-09-06T13:59:44.932403+00:00,0.156,VALID,valid,,1b2dd830befbb58e3949b03deca6592ca395cd7b,a1d260b660c93e47a466deb9c00f26c880973356f7da4eda00cb8ec57cab044d,raw/E14-ca_ztcf-20260911-20260906T135944809692Z
a001506,E14-ca_ztcf-20260912-20260906T135944979789Z,E14,ca_ztcf,20260912,default,primary,2026-09-06T13:59:44.944470+00:00,2026-09-06T13:59:45.079565+00:00,0.135,VALID,valid,,1b2dd830befbb58e3949b03deca6592ca395cd7b,a1d260b660c93e47a466deb9c00f26c880973356f7da4eda00cb8ec57cab044d,raw/E14-ca_ztcf-20260912-20260906T135944979789Z
a001507,E14-ca_ztcf-20260913-20260906T135945143677Z,E14,ca_ztcf,20260913,default,primary,2026-09-06T13:59:45.093084+00:00,2026-09-06T13:59:45.269455+00:00,0.176,VALID,valid,,1b2dd830befbb58e3949b03deca6592ca395cd7b,a1d260b660c93e47a466deb9c00f26c880973356f7da4eda00cb8ec57cab044d,raw/E14-ca_ztcf-20260913-20260906T135945143677Z
a001508,E14-ca_ztcf-20260914-20260906T135945318442Z,E14,ca_ztcf,20260914,default,primary,2026-09-06T13:59:45.282116+00:00,2026-09-06T13:59:45.441956+00:00,0.16,VALID,valid,,1b2dd830befbb58e3949b03deca6592ca395cd7b,a1d260b660c93e47a466deb9c00f26c880973356f7da4eda00cb8ec57cab044d,raw/E14-ca_ztcf-20260914-20260906T135945318442Z
a001509,E14-ca_ztcf-20260915-20260906T135945489174Z,E14,ca_ztcf,20260915,default,primary,2026-09-06T13:59:45.454296+00:00,2026-09-06T13:59:45.608783+00:00,0.154,VALID,valid,,1b2dd830befbb58e3949b03deca6592ca395cd7b,a1d260b660c93e47a466deb9c00f26c880973356f7da4eda00cb8ec57cab044d,raw/E14-ca_ztcf-20260915-20260906T135945489174Z
a001510,E14-ca_ztcf-20260916-20260906T135945656550Z,E14,ca_ztcf,20260916,default,primary,2026-09-06T13:59:45.621269+00:00,2026-09-06T13:59:45.791413+00:00,0.17,VALID,valid,,1b2dd830befbb58e3949b03deca6592ca395cd7b,a1d260b660c93e47a466deb9c00f26c880973356f7da4eda00cb8ec57cab044d,raw/E14-ca_ztcf-20260916-20260906T135945656550Z
a001511,E14-ca_ztcf-20260917-20260906T135945840079Z,E14,ca_ztcf,20260917,default,primary,2026-09-06T13:59:45.804729+00:00,2026-09-06T13:59:45.961137+00:00,0.156,VALID,valid,,1b2dd830befbb58e3949b03deca6592ca395cd7b,a1d260b660c93e47a466deb9c00f26c880973356f7da4eda00cb8ec57cab044d,raw/E14-ca_ztcf-20260917-20260906T135945840079Z
a001512,E14-ca_ztcf-20260918-20260906T135946010629Z,E14,ca_ztcf,20260918,default,primary,2026-09-06T13:59:45.973028+00:00,2026-09-06T13:59:46.138620+00:00,0.166,VALID,valid,,1b2dd830befbb58e3949b03deca6592ca395cd7b,a1d260b660c93e47a466deb9c00f26c880973356f7da4eda00cb8ec57cab044d,raw/E14-ca_ztcf-20260918-20260906T135946010629Z
a001513,E14-ca_ztcf-20260919-20260906T135946184574Z,E14,ca_ztcf,20260919,default,primary,2026-09-06T13:59:46.150968+00:00,2026-09-06T13:59:46.313330+00:00,0.162,VALID,valid,,1b2dd830befbb58e3949b03deca6592ca395cd7b,a1d260b660c93e47a466deb9c00f26c880973356f7da4eda00cb8ec57cab044d,raw/E14-ca_ztcf-20260919-20260906T135946184574Z
a001514,E14-ca_ztcf-20260920-20260906T135946359836Z,E14,ca_ztcf,20260920,default,primary,2026-09-06T13:59:46.325690+00:00,2026-09-06T13:59:46.483573+00:00,0.158,VALID,valid,,1b2dd830befbb58e3949b03deca6592ca395cd7b,a1d260b660c93e47a466deb9c00f26c880973356f7da4eda00cb8ec57cab044d,raw/E14-ca_ztcf-20260920-20260906T135946359836Z
a001515,E14-ca_ztcf-20260921-20260906T135946529962Z,E14,ca_ztcf,20260921,default,primary,2026-09-06T13:59:46.495879+00:00,2026-09-06T13:59:46.652091+00:00,0.156,VALID,valid,,1b2dd830befbb58e3949b03deca6592ca395cd7b,a1d260b660c93e47a466deb9c00f26c880973356f7da4eda00cb8ec57cab044d,raw/E14-ca_ztcf-20260921-20260906T135946529962Z
a001516,E14-ca_ztcf-20260922-20260906T135946699491Z,E14,ca_ztcf,20260922,default,primary,2026-09-06T13:59:46.664826+00:00,2026-09-06T13:59:46.830850+00:00,0.166,VALID,valid,,1b2dd830befbb58e3949b03deca6592ca395cd7b,a1d260b660c93e47a466deb9c00f26c880973356f7da4eda00cb8ec57cab044d,raw/E14-ca_ztcf-20260922-20260906T135946699491Z
a001517,E14-ca_ztcf-20260923-20260906T135946877742Z,E14,ca_ztcf,20260923,default,primary,2026-09-06T13:59:46.843875+00:00,2026-09-06T13:59:47.001723+00:00,0.158,VALID,valid,,1b2dd830befbb58e3949b03deca6592ca395cd7b,a1d260b660c93e47a466deb9c00f26c880973356f7da4eda00cb8ec57cab044d,raw/E14-ca_ztcf-20260923-20260906T135946877742Z
a001518,E14-ca_ztcf-20260924-20260906T135947049411Z,E14,ca_ztcf,20260924,default,primary,2026-09-06T13:59:47.014171+00:00,2026-09-06T13:59:47.176077+00:00,0.162,VALID,valid,,1b2dd830befbb58e3949b03deca6592ca395cd7b,a1d260b660c93e47a466deb9c00f26c880973356f7da4eda00cb8ec57cab044d,raw/E14-ca_ztcf-20260924-20260906T135947049411Z
a001519,E14-ca_ztcf-20260925-20260906T135947221798Z,E14,ca_ztcf,20260925,default,primary,2026-09-06T13:59:47.187743+00:00,2026-09-06T13:59:47.350028+00:00,0.162,VALID,valid,,1b2dd830befbb58e3949b03deca6592ca395cd7b,a1d260b660c93e47a466deb9c00f26c880973356f7da4eda00cb8ec57cab044d,raw/E14-ca_ztcf-20260925-20260906T135947221798Z
a001520,E14-ca_ztcf-20260926-20260906T135947396275Z,E14,ca_ztcf,20260926,default,primary,2026-09-06T13:59:47.362094+00:00,2026-09-06T13:59:47.517549+00:00,0.155,VALID,valid,,1b2dd830befbb58e3949b03deca6592ca395cd7b,a1d260b660c93e47a466deb9c00f26c880973356f7da4eda00cb8ec57cab044d,raw/E14-ca_ztcf-20260926-20260906T135947396275Z
a001521,E14-ca_ztcf-20260927-20260906T135947563330Z,E14,ca_ztcf,20260927,default,primary,2026-09-06T13:59:47.529776+00:00,2026-09-06T13:59:47.681499+00:00,0.152,VALID,valid,,1b2dd830befbb58e3949b03deca6592ca395cd7b,a1d260b660c93e47a466deb9c00f26c880973356f7da4eda00cb8ec57cab044d,raw/E14-ca_ztcf-20260927-20260906T135947563330Z
a001522,E14-ca_ztcf-20260928-20260906T135947727218Z,E14,ca_ztcf,20260928,default,primary,2026-09-06T13:59:47.693343+00:00,2026-09-06T13:59:47.848370+00:00,0.155,VALID,valid,,1b2dd830befbb58e3949b03deca6592ca395cd7b,a1d260b660c93e47a466deb9c00f26c880973356f7da4eda00cb8ec57cab044d,raw/E14-ca_ztcf-20260928-20260906T135947727218Z
a001523,E14-ca_ztcf-20260929-20260906T135947893557Z,E14,ca_ztcf,20260929,default,primary,2026-09-06T13:59:47.860433+00:00,2026-09-06T13:59:48.017263+00:00,0.157,VALID,valid,,1b2dd830befbb58e3949b03deca6592ca395cd7b,a1d260b660c93e47a466deb9c00f26c880973356f7da4eda00cb8ec57cab044d,raw/E14-ca_ztcf-20260929-20260906T135947893557Z
a001524,E14-ca_ztcf-20260930-20260906T135948064711Z,E14,ca_ztcf,20260930,default,primary,2026-09-06T13:59:48.030264+00:00,2026-09-06T13:59:48.178445+00:00,0.148,VALID,valid,,1b2dd830befbb58e3949b03deca6592ca395cd7b,a1d260b660c93e47a466deb9c00f26c880973356f7da4eda00cb8ec57cab044d,raw/E14-ca_ztcf-20260930-20260906T135948064711Z
a001525,E14-ca_ztcf-20260931-20260906T135948224773Z,E14,ca_ztcf,20260931,default,primary,2026-09-06T13:59:48.190605+00:00,2026-09-06T13:59:48.347960+00:00,0.157,VALID,valid,,1b2dd830befbb58e3949b03deca6592ca395cd7b,a1d260b660c93e47a466deb9c00f26c880973356f7da4eda00cb8ec57cab044d,raw/E14-ca_ztcf-20260931-20260906T135948224773Z
a001526,E14-ca_ztcf-20260932-20260906T135948394463Z,E14,ca_ztcf,20260932,default,primary,2026-09-06T13:59:48.360120+00:00,2026-09-06T13:59:48.383352+00:00,0.16,VALID,valid,,1b2dd830befbb58e3949b03deca6592ca395cd7b,a1d260b660c93e47a466deb9c00f26c880973356f7da4eda00cb8ec57cab044d,raw/E14-ca_ztcf-20260932-20260906T135948394463Z
a001527,E14-ca_ztcf-20260933-20260906T135948429155Z,E14,ca_ztcf,20260933,default,primary,2026-09-06T13:59:48.395672+00:00,2026-09-06T13:59:48.552643+00:00,0.157,VALID,valid,,1b2dd830befbb58e3949b03deca6592ca395cd7b,a1d260b660c93e47a466deb9c00f26c880973356f7da4eda00cb8ec57cab044d,raw/E14-ca_ztcf-20260933-20260906T135948429155Z
a001528,E14-ca_ztcf-20260934-20260906T135948598769Z,E14,ca_ztcf,20260934,default,primary,2026-09-06T13:59:48.564823+00:00,2026-09-06T13:59:48.722101+00:00,0.157,VALID,valid,,1b2dd830befbb58e3949b03deca6592ca395cd7b,a1d260b660c93e47a466deb9c00f26c880973356f7da4eda00cb8ec57cab044d,raw/E14-ca_ztcf-20260934-20260906T135948598769Z
a001529,E14-ca_ztcf-20260935-20260906T135948768613Z,E14,ca_ztcf,20260935,default,primary,2026-09-06T13:59:48.734522+00:00,2026-09-06T13:59:48.887816+00:00,0.153,VALID,valid,,1b2dd830befbb58e3949b03deca6592ca395cd7b,a1d260b660c93e47a466deb9c00f26c880973356f7da4eda00cb8ec57cab044d,raw/E14-ca_ztcf-20260935-20260906T135948768613Z
a001530,E14-ca_ztcf-20260936-20260906T135948933640Z,E14,ca_ztcf,20260936,default,primary,2026-09-06T13:59:48.899883+00:00,2026-09-06T13:59:49.058302+00:00,0.158,VALID,valid,,1b2dd830befbb58e3949b03deca6592ca395cd7b,a1d260b660c93e47a466deb9c00f26c880973356f7da4eda00cb8ec57cab044d,raw/E14-ca_ztcf-20260936-20260906T135948933640Z
a001531,E15-independent-20260907-20260906T135949105221Z,E15,independent,20260907,default,primary,2026-09-06T13:59:49.070593+00:00,2026-09-06T13:59:49.212478+00:00,0.142,VALID,valid,,1b2dd830befbb58e3949b03deca6592ca395cd7b,a1d260b660c93e47a466deb9c00f26c880973356f7da4eda00cb8ec57cab044d,raw/E15-independent-20260907-20260906T135949105221Z
a001532,E15-independent-20260908-20260906T135949260170Z,E15,independent,20260908,default,primary,2026-09-06T13:59:49.225441+00:00,2026-09-06T13:59:49.373972+00:00,0.149,VALID,valid,,1b2dd830befbb58e3949b03deca6592ca395cd7b,a1d260b660c93e47a466deb9c00f26c880973356f7da4eda00cb8ec57cab044d,raw/E15-independent-20260908-20260906T135949260170Z
a001533,E15-independent-20260909-20260906T135949422100Z,E15,independent,20260909,default,primary,2026-09-06T13:59:49.387181+00:00,2026-09-06T13:59:49.534223+00:00,0.147,VALID,valid,,1b2dd830befbb58e3949b03deca6592ca395cd7b,a1d260b660c93e47a466deb9c00f26c880973356f7da4eda00cb8ec57cab044d,raw/E15-independent-20260909-20260906T135949422100Z
a001534,E15-independent-20260910-20260906T135949582311Z,E15,independent,20260910,default,primary,2026-09-06T13:59:49.547421+00:00,2026-09-06T13:59:49.679849+00:00,0.132,VALID,valid,,1b2dd830befbb58e3949b03deca6592ca395cd7b,a1d260b660c93e47a466deb9c00f26c880973356f7da4eda00cb8ec57cab044d,raw/E15-independent-20260910-20260906T135949582311Z
a001535,E15-independent-20260911-20260906T135949727145Z,E15,independent,20260911,default,primary,2026-09-06T13:59:49.692281+00:00,2026-09-06T13:59:49.838400+00:00,0.146,VALID,valid,,1b2dd830befbb58e3949b03deca6592ca395cd7b,a1d260b660c93e47a466deb9c00f26c880973356f7da4eda00cb8ec57cab044d,raw/E15-independent-20260911-20260906T135949727145Z
a001536,E15-independent-20260912-20260906T135949888243Z,E15,independent,20260912,default,primary,2026-09-06T13:59:49.851903+00:00,2026-09-06T13:59:49.998126+00:00,0.146,VALID,valid,,1b2dd830befbb58e3949b03deca6592ca395cd7b,a1d260b660c93e47a466deb9c00f26c880973356f7da4eda00cb8ec57cab044d,raw/E15-independent-20260912-20260906T135949888243Z
a001537,E15-independent-20260913-20260906T135950046311Z,E15,independent,20260913,default,primary,2026-09-06T13:59:50.011034+00:00,2026-09-06T13:59:50.151938+00:00,0.141,VALID,valid,,1b2dd830befbb58e3949b03deca6592ca395cd7b,a1d260b660c93e47a466deb9c00f26c880973356f7da4eda00cb8ec57cab044d,raw/E15-independent-20260913-20260906T135950046311Z
a001538,E15-independent-20260914-20260906T135950198899Z,E15,independent,20260914,default,primary,2026-09-06T13:59:50.164224+00:00,2026-09-06T13:59:50.305947+00:00,0.142,VALID,valid,,1b2dd830befbb58e3949b03deca6592ca395cd7b,a1d260b660c93e47a466deb9c00f26c880973356f7da4eda00cb8ec57cab044d,raw/E15-independent-20260914-20260906T135950198899Z
a001539,E15-independent-20260915-20260906T135950354918Z,E15,independent,20260915,default,primary,2026-09-06T13:59:50.319585+00:00,2026-09-06T13:59:50.465056+00:00,0.145,VALID,valid,,1b2dd830befbb58e3949b03deca6592ca395cd7b,a1d260b660c93e47a466deb9c00f26c880973356f7da4eda00cb8ec57cab044d,raw/E15-independent-20260915-20260906T135950354918Z
a001540,E15-independent-20260916-20260906T135950511681Z,E15,independent,20260916,default,primary,2026-09-06T13:59:50.477029+00:00,2026-09-06T13:59:50.628658+00:00,0.152,VALID,valid,,1b2dd830befbb58e3949b03deca6592ca395cd7b,a1d260b660c93e47a466deb9c00f26c880973356f7da4eda00cb8ec57cab044d,raw/E15-independent-20260916-20260906T135950511681Z
a001541,E15-independent-20260917-20260906T135950676047Z,E15,independent,20260917,default,primary,2026-09-06T13:59:50.641041+00:00,2026-09-06T13:59:50.781667+00:00,0.141,VALID,valid,,1b2dd830befbb58e3949b03deca6592ca395cd7b,a1d260b660c93e47a466deb9c00f26c880973356f7da4eda00cb8ec57cab044d,raw/E15-independent-20260917-20260906T135950676047Z
a001542,E15-independent-20260918-20260906T135950829910Z,E15,independent,20260918,default,primary,2026-09-06T13:59:50.793880+00:00,2026-09-06T13:59:50.930300+00:00,0.136,VALID,valid,,1b2dd830befbb58e3949b03deca6592ca395cd7b,a1d260b660c93e47a466deb9c00f26c880973356f7da4eda00cb8ec57cab044d,raw/E15-independent-20260918-20260906T135950829910Z
a001543,E15-independent-20260919-20260906T135950976813Z,E15,independent,20260919,default,primary,2026-09-06T13:59:50.942765+00:00,2026-09-06T13:59:51.089792+00:00,0.147,VALID,valid,,1b2dd830befbb58e3949b03deca6592ca395cd7b,a1d260b660c93e47a466deb9c00f26c880973356f7da4eda00cb8ec57cab044d,raw/E15-independent-20260919-20260906T135950976813Z
a001544,E15-independent-20260920-20260906T135951137345Z,E15,independent,20260920,default,primary,2026-09-06T13:59:51.103075+00:00,2026-09-06T13:59:51.252661+00:00,0.15,VALID,valid,,1b2dd830befbb58e3949b03deca6592ca395cd7b,a1d260b660c93e47a466deb9c00f26c880973356f7da4eda00cb8ec57cab044d,raw/E15-independent-20260920-20260906T135951137345Z
a001545,E15-independent-20260921-20260906T135951300764Z,E15,independent,20260921,default,primary,2026-09-06T13:59:51.265155+00:00,2026-09-06T13:59:51.416000+00:00,0.151,VALID,valid,,1b2dd830befbb58e3949b03deca6592ca395cd7b,a1d260b660c93e47a466deb9c00f26c880973356f7da4eda00cb8ec57cab044d,raw/E15-independent-20260921-20260906T135951300764Z
a001546,E15-independent-20260922-20260906T135951462473Z,E15,independent,20260922,default,primary,2026-09-06T13:59:51.428116+00:00,2026-09-06T13:59:51.573241+00:00,0.145,VALID,valid,,1b2dd830befbb58e3949b03deca6592ca395cd7b,a1d260b660c93e47a466deb9c00f26c880973356f7da4eda00cb8ec57cab044d,raw/E15-independent-20260922-20260906T135951462473Z
a001547,E15-independent-20260923-20260906T135951622191Z,E15,independent,20260923,default,primary,2026-09-06T13:59:51.586638+00:00,2026-09-06T13:59:51.741245+00:00,0.155,VALID,valid,,1b2dd830befbb58e3949b03deca6592ca395cd7b,a1d260b660c93e47a466deb9c00f26c880973356f7da4eda00cb8ec57cab044d,raw/E15-independent-20260923-20260906T135951622191Z
a001548,E15-independent-20260924-20260906T135951788549Z,E15,independent,20260924,default,primary,2026-09-06T13:59:51.753411+00:00,2026-09-06T13:59:51.881667+00:00,0.128,VALID,valid,,1b2dd830befbb58e3949b03deca6592ca395cd7b,a1d260b660c93e47a466deb9c00f26c880973356f7da4eda00cb8ec57cab044d,raw/E15-independent-20260924-20260906T135951788549Z
a001549,E15-independent-20260925-20260906T135951929012Z,E15,independent,20260925,default,primary,2026-09-06T13:59:51.894179+00:00,2026-09-06T13:59:52.044416+00:00,0.15,VALID,valid,,1b2dd830befbb58e3949b03deca6592ca395cd7b,a1d260b660c93e47a466deb9c00f26c880973356f7da4eda00cb8ec57cab044d,raw/E15-independent-20260925-20260906T135951929012Z
a001550,E15-independent-20260926-20260906T135952091006Z,E15,independent,20260926,default,primary,2026-09-06T13:59:52.056711+00:00,2026-09-06T13:59:52.201758+00:00,0.145,VALID,valid,,1b2dd830befbb58e3949b03deca6592ca395cd7b,a1d260b660c93e47a466deb9c00f26c880973356f7da4eda00cb8ec57cab044d,raw/E15-independent-20260926-20260906T135952091006Z
a001551,E15-independent-20260927-20260906T135952248738Z,E15,independent,20260927,default,primary,2026-09-06T13:59:52.214082+00:00,2026-09-06T13:59:52.354782+00:00,0.141,VALID,valid,,1b2dd830befbb58e3949b03deca6592ca395cd7b,a1d260b660c93e47a466deb9c00f26c880973356f7da4eda00cb8ec57cab044d,raw/E15-independent-20260927-20260906T135952248738Z
a001552,E15-independent-20260928-20260906T135952401501Z,E15,independent,20260928,default,primary,2026-09-06T13:59:52.367263+00:00,2026-09-06T13:59:52.496017+00:00,0.129,VALID,valid,,1b2dd830befbb58e3949b03deca6592ca395cd7b,a1d260b660c93e47a466deb9c00f26c880973356f7da4eda00cb8ec57cab044d,raw/E15-independent-20260928-20260906T135952401501Z
a001553,E15-independent-20260929-20260906T135952543028Z,E15,independent,20260929,default,primary,2026-09-06T13:59:52.508365+00:00,2026-09-06T13:59:52.656449+00:00,0.148,VALID,valid,,1b2dd830befbb58e3949b03deca6592ca395cd7b,a1d260b660c93e47a466deb9c00f26c880973356f7da4eda00cb8ec57cab044d,raw/E15-independent-20260929-20260906T135952543028Z
a001554,E15-independent-20260930-20260906T135952704239Z,E15,independent,20260930,default,primary,2026-09-06T13:59:52.668700+00:00,2026-09-06T13:59:52.811560+00:00,0.143,VALID,valid,,1b2dd830befbb58e3949b03deca6592ca395cd7b,a1d260b660c93e47a466deb9c00f26c880973356f7da4eda00cb8ec57cab044d,raw/E15-independent-20260930-20260906T135952704239Z
a001555,E15-independent-20260931-20260906T135952860317Z,E15,independent,20260931,default,primary,2026-09-06T13:59:52.824700+00:00,2026-09-06T13:59:52.965773+00:00,0.141,VALID,valid,,1b2dd830befbb58e3949b03deca6592ca395cd7b,a1d260b660c93e47a466deb9c00f26c880973356f7da4eda00cb8ec57cab044d,raw/E15-independent-20260931-20260906T135952860317Z
a001556,E15-independent-20260932-20260906T135953012973Z,E15,independent,20260932,default,primary,2026-09-06T13:59:52.978167+00:00,2026-09-06T13:59:53.133330+00:00,0.155,VALID,valid,,1b2dd830befbb58e3949b03deca6592ca395cd7b,a1d260b660c93e47a466deb9c00f26c880973356f7da4eda00cb8ec57cab044d,raw/E15-independent-20260932-20260906T135953012973Z
a001557,E15-independent-20260933-20260906T135953179905Z,E15,independent,20260933,default,primary,2026-09-06T13:59:53.145486+00:00,2026-09-06T13:59:53.283019+00:00,0.138,VALID,valid,,1b2dd830befbb58e3949b03deca6592ca395cd7b,a1d260b660c93e47a466deb9c00f26c880973356f7da4eda00cb8ec57cab044d,raw/E15-independent-20260933-20260906T135953179905Z
a001558,E15-independent-20260934-20260906T135953329021Z,E15,independent,20260934,default,primary,2026-09-06T13:59:53.295166+00:00,2026-09-06T13:59:53.433507+00:00,0.138,VALID,valid,,1b2dd830befbb58e3949b03deca6592ca395cd7b,a1d260b660c93e47a466deb9c00f26c880973356f7da4eda00cb8ec57cab044d,raw/E15-independent-20260934-20260906T135953329021Z
a001559,E15-independent-20260935-20260906T135953478853Z,E15,independent,20260935,default,primary,2026-09-06T13:59:53.445302+00:00,2026-09-06T13:59:53.584478+00:00,0.139,VALID,valid,,1b2dd830befbb58e3949b03deca6592ca395cd7b,a1d260b660c93e47a466deb9c00f26c880973356f7da4eda00cb8ec57cab044d,raw/E15-independent-20260935-20260906T135953478853Z
a001560,E15-independent-20260936-20260906T135953630671Z,E15,independent,20260936,default,primary,2026-09-06T13:59:53.596688+00:00,2026-09-06T13:59:53.759332+00:00,0.163,VALID,valid,,1b2dd830befbb58e3949b03deca6592ca395cd7b,a1d260b660c93e47a466deb9c00f26c880973356f7da4eda00cb8ec57cab044d,raw/E15-independent-20260936-20260906T135953630671Z
a001561,E15-static_continuity-20260907-20260906T135953808296Z,E15,static_continuity,20260907,default,primary,2026-09-06T13:59:53.771571+00:00,2026-09-06T13:59:53.904024+00:00,0.132,VALID,valid,,1b2dd830befbb58e3949b03deca6592ca395cd7b,a1d260b660c93e47a466deb9c00f26c880973356f7da4eda00cb8ec57cab044d,raw/E15-static_continuity-20260907-20260906T135953808296Z
a001562,E15-static_continuity-20260908-20260906T135953951803Z,E15,static_continuity,20260908,default,primary,2026-09-06T13:59:53.916691+00:00,2026-09-06T13:59:54.045784+00:00,0.129,VALID,valid,,1b2dd830befbb58e3949b03deca6592ca395cd7b,a1d260b660c93e47a466deb9c00f26c880973356f7da4eda00cb8ec57cab044d,raw/E15-static_continuity-20260908-20260906T135953951803Z
a001563,E15-static_continuity-20260909-20260906T135954092134Z,E15,static_continuity,20260909,default,primary,2026-09-06T13:59:54.058349+00:00,2026-09-06T13:59:54.184346+00:00,0.126,VALID,valid,,1b2dd830befbb58e3949b03deca6592ca395cd7b,a1d260b660c93e47a466deb9c00f26c880973356f7da4eda00cb8ec57cab044d,raw/E15-static_continuity-20260909-20260906T135954092134Z
a001564,E15-static_continuity-20260910-20260906T135954229415Z,E15,static_continuity,20260910,default,primary,2026-09-06T13:59:54.196239+00:00,2026-09-06T13:59:54.324437+00:00,0.128,VALID,valid,,1b2dd830befbb58e3949b03deca6592ca395cd7b,a1d260b660c93e47a466deb9c00f26c880973356f7da4eda00cb8ec57cab044d,raw/E15-static_continuity-20260910-20260906T135954229415Z
a001565,E15-static_continuity-20260911-20260906T135954370761Z,E15,static_continuity,20260911,default,primary,2026-09-06T13:59:54.336675+00:00,2026-09-06T13:59:54.470719+00:00,0.134,VALID,valid,,1b2dd830befbb58e3949b03deca6592ca395cd7b,a1d260b660c93e47a466deb9c00f26c880973356f7da4eda00cb8ec57cab044d,raw/E15-static_continuity-20260911-20260906T135954370761Z
a001566,E15-static_continuity-20260912-20260906T135954517356Z,E15,static_continuity,20260912,default,primary,2026-09-06T13:59:54.482977+00:00,2026-09-06T13:59:54.608213+00:00,0.125,VALID,valid,,1b2dd830befbb58e3949b03deca6592ca395cd7b,a1d260b660c93e47a466deb9c00f26c880973356f7da4eda00cb8ec57cab044d,raw/E15-static_continuity-20260912-20260906T135954517356Z
a001567,E15-static_continuity-20260913-20260906T135954654510Z,E15,static_continuity,20260913,default,primary,2026-09-06T13:59:54.620441+00:00,2026-09-06T13:59:54.758838+00:00,0.138,VALID,valid,,1b2dd830befbb58e3949b03deca6592ca395cd7b,a1d260b660c93e47a466deb9c00f26c880973356f7da4eda00cb8ec57cab044d,raw/E15-static_continuity-20260913-20260906T135954654510Z
a001568,E15-static_continuity-20260914-20260906T135954806184Z,E15,static_continuity,20260914,default,primary,2026-09-06T13:59:54.771523+00:00,2026-09-06T13:59:54.902175+00:00,0.131,VALID,valid,,1b2dd830befbb58e3949b03deca6592ca395cd7b,a1d260b660c93e47a466deb9c00f26c880973356f7da4eda00cb8ec57cab044d,raw/E15-static_continuity-20260914-20260906T135954806184Z
a001569,E15-static_continuity-20260915-20260906T135954948812Z,E15,static_continuity,20260915,default,primary,2026-09-06T13:59:54.914584+00:00,2026-09-06T13:59:55.058675+00:00,0.144,VALID,valid,,1b2dd830befbb58e3949b03deca6592ca395cd7b,a1d260b660c93e47a466deb9c00f26c880973356f7da4eda00cb8ec57cab044d,raw/E15-static_continuity-20260915-20260906T135954948812Z
a001570,E15-static_continuity-20260916-20260906T135955105515Z,E15,static_continuity,20260916,default,primary,2026-09-06T13:59:55.071173+00:00,2026-09-06T13:59:55.207307+00:00,0.136,VALID,valid,,1b2dd830befbb58e3949b03deca6592ca395cd7b,a1d260b660c93e47a466deb9c00f26c880973356f7da4eda00cb8ec57cab044d,raw/E15-static_continuity-20260916-20260906T135955105515Z
a001571,E15-static_continuity-20260917-20260906T135955254574Z,E15,static_continuity,20260917,default,primary,2026-09-06T13:59:55.220316+00:00,2026-09-06T13:59:55.357249+00:00,0.137,VALID,valid,,1b2dd830befbb58e3949b03deca6592ca395cd7b,a1d260b660c93e47a466deb9c00f26c880973356f7da4eda00cb8ec57cab044d,raw/E15-static_continuity-20260917-20260906T135955254574Z
a001572,E15-static_continuity-20260918-20260906T135955403339Z,E15,static_continuity,20260918,default,primary,2026-09-06T13:59:55.369424+00:00,2026-09-06T13:59:55.503778+00:00,0.134,VALID,valid,,1b2dd830befbb58e3949b03deca6592ca395cd7b,a1d260b660c93e47a466deb9c00f26c880973356f7da4eda00cb8ec57cab044d,raw/E15-static_continuity-20260918-20260906T135955403339Z
a001573,E15-static_continuity-20260919-20260906T135955550112Z,E15,static_continuity,20260919,default,primary,2026-09-06T13:59:55.515876+00:00,2026-09-06T13:59:55.661019+00:00,0.145,VALID,valid,,1b2dd830befbb58e3949b03deca6592ca395cd7b,a1d260b660c93e47a466deb9c00f26c880973356f7da4eda00cb8ec57cab044d,raw/E15-static_continuity-20260919-20260906T135955550112Z
a001574,E15-static_continuity-20260920-20260906T135955708040Z,E15,static_continuity,20260920,default,primary,2026-09-06T13:59:55.673599+00:00,2026-09-06T13:59:55.818884+00:00,0.145,VALID,valid,,1b2dd830befbb58e3949b03deca6592ca395cd7b,a1d260b660c93e47a466deb9c00f26c880973356f7da4eda00cb8ec57cab044d,raw/E15-static_continuity-20260920-20260906T135955708040Z
a001575,E15-static_continuity-20260921-20260906T135955867248Z,E15,static_continuity,20260921,default,primary,2026-09-06T13:59:55.832152+00:00,2026-09-06T13:59:55.968199+00:00,0.136,VALID,valid,,1b2dd830befbb58e3949b03deca6592ca395cd7b,a1d260b660c93e47a466deb9c00f26c880973356f7da4eda00cb8ec57cab044d,raw/E15-static_continuity-20260921-20260906T135955867248Z
a001576,E15-static_continuity-20260922-20260906T135956016764Z,E15,static_continuity,20260922,default,primary,2026-09-06T13:59:55.980671+00:00,2026-09-06T13:59:56.117342+00:00,0.137,VALID,valid,,1b2dd830befbb58e3949b03deca6592ca395cd7b,a1d260b660c93e47a466deb9c00f26c880973356f7da4eda00cb8ec57cab044d,raw/E15-static_continuity-20260922-20260906T135956016764Z
a001577,E15-static_continuity-20260923-20260906T135956165051Z,E15,static_continuity,20260923,default,primary,2026-09-06T13:59:56.130282+00:00,2026-09-06T13:59:56.265692+00:00,0.135,VALID,valid,,1b2dd830befbb58e3949b03deca6592ca395cd7b,a1d260b660c93e47a466deb9c00f26c880973356f7da4eda00cb8ec57cab044d,raw/E15-static_continuity-20260923-20260906T135956165051Z
a001578,E15-static_continuity-20260924-20260906T135956312054Z,E15,static_continuity,20260924,default,primary,2026-09-06T13:59:56.277959+00:00,2026-09-06T13:59:56.414605+00:00,0.137,VALID,valid,,1b2dd830befbb58e3949b03deca6592ca395cd7b,a1d260b660c93e47a466deb9c00f26c880973356f7da4eda00cb8ec57cab044d,raw/E15-static_continuity-20260924-20260906T135956312054Z
a001579,E15-static_continuity-20260925-20260906T135956461747Z,E15,static_continuity,20260925,default,primary,2026-09-06T13:59:56.427432+00:00,2026-09-06T13:59:56.557999+00:00,0.131,VALID,valid,,1b2dd830befbb58e3949b03deca6592ca395cd7b,a1d260b660c93e47a466deb9c00f26c880973356f7da4eda00cb8ec57cab044d,raw/E15-static_continuity-20260925-20260906T135956461747Z
a001580,E15-static_continuity-20260926-20260906T135956604721Z,E15,static_continuity,20260926,default,primary,2026-09-06T13:59:56.570715+00:00,2026-09-06T13:59:56.702222+00:00,0.131,VALID,valid,,1b2dd830befbb58e3949b03deca6592ca395cd7b,a1d260b660c93e47a466deb9c00f26c880973356f7da4eda00cb8ec57cab044d,raw/E15-static_continuity-20260926-20260906T135956604721Z
a001581,E15-static_continuity-20260927-20260906T135956747916Z,E15,static_continuity,20260927,default,primary,2026-09-06T13:59:56.714345+00:00,2026-09-06T13:59:56.852490+00:00,0.138,VALID,valid,,1b2dd830befbb58e3949b03deca6592ca395cd7b,a1d260b660c93e47a466deb9c00f26c880973356f7da4eda00cb8ec57cab044d,raw/E15-static_continuity-20260927-20260906T135956747916Z
a001582,E15-static_continuity-20260928-20260906T135956898157Z,E15,static_continuity,20260928,default,primary,2026-09-06T13:59:56.864642+00:00,2026-09-06T13:59:56.996128+00:00,0.131,VALID,valid,,1b2dd830befbb58e3949b03deca6592ca395cd7b,a1d260b660c93e47a466deb9c00f26c880973356f7da4eda00cb8ec57cab044d,raw/E15-static_continuity-20260928-20260906T135956898157Z
a001583,E15-static_continuity-20260929-20260906T135957042139Z,E15,static_continuity,20260929,default,primary,2026-09-06T13:59:57.008506+00:00,2026-09-06T13:59:57.136620+00:00,0.128,VALID,valid,,1b2dd830befbb58e3949b03deca6592ca395cd7b,a1d260b660c93e47a466deb9c00f26c880973356f7da4eda00cb8ec57cab044d,raw/E15-static_continuity-20260929-20260906T135957042139Z
a001584,E15-static_continuity-20260930-20260906T135957182544Z,E15,static_continuity,20260930,default,primary,2026-09-06T13:59:57.149273+00:00,2026-09-06T13:59:57.276580+00:00,0.127,VALID,valid,,1b2dd830befbb58e3949b03deca6592ca395cd7b,a1d260b660c93e47a466deb9c00f26c880973356f7da4eda00cb8ec57cab044d,raw/E15-static_continuity-20260930-20260906T135957182544Z
a001585,E15-static_continuity-20260931-20260906T135957322435Z,E15,static_continuity,20260931,default,primary,2026-09-06T13:59:57.288293+00:00,2026-09-06T13:59:57.425328+00:00,0.137,VALID,valid,,1b2dd830befbb58e3949b03deca6592ca395cd7b,a1d260b660c93e47a466deb9c00f26c880973356f7da4eda00cb8ec57cab044d,raw/E15-static_continuity-20260931-20260906T135957322435Z
a001586,E15-static_continuity-20260932-20260906T135957471089Z,E15,static_continuity,20260932,default,primary,2026-09-06T13:59:57.437452+00:00,2026-09-06T13:59:57.571736+00:00,0.134,VALID,valid,,1b2dd830befbb58e3949b03deca6592ca395cd7b,a1d260b660c93e47a466deb9c00f26c880973356f7da4eda00cb8ec57cab044d,raw/E15-static_continuity-20260932-20260906T135957471089Z
a001587,E15-static_continuity-20260933-20260906T135957618990Z,E15,static_continuity,20260933,default,primary,2026-09-06T13:59:57.583738+00:00,2026-09-06T13:59:57.711639+00:00,0.128,VALID,valid,,1b2dd830befbb58e3949b03deca6592ca395cd7b,a1d260b660c93e47a466deb9c00f26c880973356f7da4eda00cb8ec57cab044d,raw/E15-static_continuity-20260933-20260906T135957618990Z
a001588,E15-static_continuity-20260934-20260906T135957757650Z,E15,static_continuity,20260934,default,primary,2026-09-06T13:59:57.723896+00:00,2026-09-06T13:59:57.865629+00:00,0.142,VALID,valid,,1b2dd830befbb58e3949b03deca6592ca395cd7b,a1d260b660c93e47a466deb9c00f26c880973356f7da4eda00cb8ec57cab044d,raw/E15-static_continuity-20260934-20260906T135957757650Z
a001589,E15-static_continuity-20260935-20260906T135957911620Z,E15,static_continuity,20260935,default,primary,2026-09-06T13:59:57.877772+00:00,2026-09-06T13:59:58.000930+00:00,0.123,VALID,valid,,1b2dd830befbb58e3949b03deca6592ca395cd7b,a1d260b660c93e47a466deb9c00f26c880973356f7da4eda00cb8ec57cab044d,raw/E15-static_continuity-20260935-20260906T135957911620Z
a001590,E15-static_continuity-20260936-20260906T135958046420Z,E15,static_continuity,20260936,default,primary,2026-09-06T13:59:58.013050+00:00,2026-09-06T13:59:58.145682+00:00,0.133,VALID,valid,,1b2dd830befbb58e3949b03deca6592ca395cd7b,a1d260b660c93e47a466deb9c00f26c880973356f7da4eda00cb8ec57cab044d,raw/E15-static_continuity-20260936-20260906T135958046420Z
a001591,E15-ca_ztcf-20260907-20260906T135958191680Z,E15,ca_ztcf,20260907,default,primary,2026-09-06T13:59:58.157951+00:00,2026-09-06T13:59:58.313064+00:00,0.155,VALID,valid,,1b2dd830befbb58e3949b03deca6592ca395cd7b,a1d260b660c93e47a466deb9c00f26c880973356f7da4eda00cb8ec57cab044d,raw/E15-ca_ztcf-20260907-20260906T135958191680Z
a001592,E15-ca_ztcf-20260908-20260906T135958359626Z,E15,ca_ztcf,20260908,default,primary,2026-09-06T13:59:58.325154+00:00,2026-09-06T13:59:58.361503+00:00,0.177,VALID,valid,,1b2dd830befbb58e3949b03deca6592ca395cd7b,a1d260b660c93e47a466deb9c00f26c880973356f7da4eda00cb8ec57cab044d,raw/E15-ca_ztcf-20260908-20260906T135958359626Z
a001593,E15-ca_ztcf-20260909-20260906T135958408214Z,E15,ca_ztcf,20260909,default,primary,2026-09-06T13:59:58.374070+00:00,2026-09-06T13:59:58.524039+00:00,0.15,VALID,valid,,1b2dd830befbb58e3949b03deca6592ca395cd7b,a1d260b660c93e47a466deb9c00f26c880973356f7da4eda00cb8ec57cab044d,raw/E15-ca_ztcf-20260909-20260906T135958408214Z
a001594,E15-ca_ztcf-20260910-20260906T135958571021Z,E15,ca_ztcf,20260910,default,primary,2026-09-06T13:59:58.535996+00:00,2026-09-06T13:59:58.692234+00:00,0.156,VALID,valid,,1b2dd830befbb58e3949b03deca6592ca395cd7b,a1d260b660c93e47a466deb9c00f26c880973356f7da4eda00cb8ec57cab044d,raw/E15-ca_ztcf-20260910-20260906T135958571021Z
a001595,E15-ca_ztcf-20260911-20260906T135958738295Z,E15,ca_ztcf,20260911,default,primary,2026-09-06T13:59:58.704454+00:00,2026-09-06T13:59:58.865262+00:00,0.161,VALID,valid,,1b2dd830befbb58e3949b03deca6592ca395cd7b,a1d260b660c93e47a466deb9c00f26c880973356f7da4eda00cb8ec57cab044d,raw/E15-ca_ztcf-20260911-20260906T135958738295Z
a001596,E15-ca_ztcf-20260912-20260906T135958910899Z,E15,ca_ztcf,20260912,default,primary,2026-09-06T13:59:58.877347+00:00,2026-09-06T13:59:59.033505+00:00,0.156,VALID,valid,,1b2dd830befbb58e3949b03deca6592ca395cd7b,a1d260b660c93e47a466deb9c00f26c880973356f7da4eda00cb8ec57cab044d,raw/E15-ca_ztcf-20260912-20260906T135958910899Z
a001597,E15-ca_ztcf-20260913-20260906T135959079705Z,E15,ca_ztcf,20260913,default,primary,2026-09-06T13:59:59.045763+00:00,2026-09-06T13:59:59.210432+00:00,0.165,VALID,valid,,1b2dd830befbb58e3949b03deca6592ca395cd7b,a1d260b660c93e47a466deb9c00f26c880973356f7da4eda00cb8ec57cab044d,raw/E15-ca_ztcf-20260913-20260906T135959079705Z
a001598,E15-ca_ztcf-20260914-20260906T135959257711Z,E15,ca_ztcf,20260914,default,primary,2026-09-06T13:59:59.223302+00:00,2026-09-06T13:59:59.369504+00:00,0.146,VALID,valid,,1b2dd830befbb58e3949b03deca6592ca395cd7b,a1d260b660c93e47a466deb9c00f26c880973356f7da4eda00cb8ec57cab044d,raw/E15-ca_ztcf-20260914-20260906T135959257711Z
a001599,E15-ca_ztcf-20260915-20260906T135959415640Z,E15,ca_ztcf,20260915,default,primary,2026-09-06T13:59:59.381794+00:00,2026-09-06T13:59:59.542070+00:00,0.16,VALID,valid,,1b2dd830befbb58e3949b03deca6592ca395cd7b,a1d260b660c93e47a466deb9c00f26c880973356f7da4eda00cb8ec57cab044d,raw/E15-ca_ztcf-20260915-20260906T135959415640Z
a001600,E15-ca_ztcf-20260916-20260906T135959591039Z,E15,ca_ztcf,20260916,default,primary,2026-09-06T13:59:59.554802+00:00,2026-09-06T13:59:59.724102+00:00,0.169,VALID,valid,,1b2dd830befbb58e3949b03deca6592ca395cd7b,a1d260b660c93e47a466deb9c00f26c880973356f7da4eda00cb8ec57cab044d,raw/E15-ca_ztcf-20260916-20260906T135959591039Z
a001601,E15-ca_ztcf-20260917-20260906T135959770600Z,E15,ca_ztcf,20260917,default,primary,2026-09-06T13:59:59.736446+00:00,2026-09-06T13:59:59.892872+00:00,0.156,VALID,valid,,1b2dd830befbb58e3949b03deca6592ca395cd7b,a1d260b660c93e47a466deb9c00f26c880973356f7da4eda00cb8ec57cab044d,raw/E15-ca_ztcf-20260917-20260906T135959770600Z
a001602,E15-ca_ztcf-20260918-20260906T135959938864Z,E15,ca_ztcf,20260918,default,primary,2026-09-06T13:59:59.905089+00:00,2026-09-06T14:00:00.062964+00:00,0.158,VALID,valid,,1b2dd830befbb58e3949b03deca6592ca395cd7b,a1d260b660c93e47a466deb9c00f26c880973356f7da4eda00cb8ec57cab044d,raw/E15-ca_ztcf-20260918-20260906T135959938864Z
a001603,E15-ca_ztcf-20260919-20260906T140000114142Z,E15,ca_ztcf,20260919,default,primary,2026-09-06T14:00:00.075731+00:00,2026-09-06T14:00:00.240800+00:00,0.165,VALID,valid,,1b2dd830befbb58e3949b03deca6592ca395cd7b,a1d260b660c93e47a466deb9c00f26c880973356f7da4eda00cb8ec57cab044d,raw/E15-ca_ztcf-20260919-20260906T140000114142Z
a001604,E15-ca_ztcf-20260920-20260906T140000288051Z,E15,ca_ztcf,20260920,default,primary,2026-09-06T14:00:00.252980+00:00,2026-09-06T14:00:00.424724+00:00,0.172,VALID,valid,,1b2dd830befbb58e3949b03deca6592ca395cd7b,a1d260b660c93e47a466deb9c00f26c880973356f7da4eda00cb8ec57cab044d,raw/E15-ca_ztcf-20260920-20260906T140000288051Z
a001605,E15-ca_ztcf-20260921-20260906T140000471299Z,E15,ca_ztcf,20260921,default,primary,2026-09-06T14:00:00.436993+00:00,2026-09-06T14:00:00.620567+00:00,0.184,VALID,valid,,1b2dd830befbb58e3949b03deca6592ca395cd7b,a1d260b660c93e47a466deb9c00f26c880973356f7da4eda00cb8ec57cab044d,raw/E15-ca_ztcf-20260921-20260906T140000471299Z
a001606,E15-ca_ztcf-20260922-20260906T140000669683Z,E15,ca_ztcf,20260922,default,primary,2026-09-06T14:00:00.634112+00:00,2026-09-06T14:00:00.800091+00:00,0.166,VALID,valid,,1b2dd830befbb58e3949b03deca6592ca395cd7b,a1d260b660c93e47a466deb9c00f26c880973356f7da4eda00cb8ec57cab044d,raw/E15-ca_ztcf-20260922-20260906T140000669683Z
a001607,E15-ca_ztcf-20260923-20260906T140000846931Z,E15,ca_ztcf,20260923,default,primary,2026-09-06T14:00:00.812503+00:00,2026-09-06T14:00:00.971976+00:00,0.159,VALID,valid,,1b2dd830befbb58e3949b03deca6592ca395cd7b,a1d260b660c93e47a466deb9c00f26c880973356f7da4eda00cb8ec57cab044d,raw/E15-ca_ztcf-20260923-20260906T140000846931Z
a001608,E15-ca_ztcf-20260924-20260906T140001019152Z,E15,ca_ztcf,20260924,default,primary,2026-09-06T14:00:00.984454+00:00,2026-09-06T14:00:01.141222+00:00,0.157,VALID,valid,,1b2dd830befbb58e3949b03deca6592ca395cd7b,a1d260b660c93e47a466deb9c00f26c880973356f7da4eda00cb8ec57cab044d,raw/E15-ca_ztcf-20260924-20260906T140001019152Z
a001609,E15-ca_ztcf-20260925-20260906T140001188783Z,E15,ca_ztcf,20260925,default,primary,2026-09-06T14:00:01.154269+00:00,2026-09-06T14:00:01.317336+00:00,0.163,VALID,valid,,1b2dd830befbb58e3949b03deca6592ca395cd7b,a1d260b660c93e47a466deb9c00f26c880973356f7da4eda00cb8ec57cab044d,raw/E15-ca_ztcf-20260925-20260906T140001188783Z
a001610,E15-ca_ztcf-20260926-20260906T140001363878Z,E15,ca_ztcf,20260926,default,primary,2026-09-06T14:00:01.329494+00:00,2026-09-06T14:00:01.495237+00:00,0.166,VALID,valid,,1b2dd830befbb58e3949b03deca6592ca395cd7b,a1d260b660c93e47a466deb9c00f26c880973356f7da4eda00cb8ec57cab044d,raw/E15-ca_ztcf-20260926-20260906T140001363878Z
a001611,E15-ca_ztcf-20260927-20260906T140001541746Z,E15,ca_ztcf,20260927,default,primary,2026-09-06T14:00:01.507523+00:00,2026-09-06T14:00:01.668446+00:00,0.161,VALID,valid,,1b2dd830befbb58e3949b03deca6592ca395cd7b,a1d260b660c93e47a466deb9c00f26c880973356f7da4eda00cb8ec57cab044d,raw/E15-ca_ztcf-20260927-20260906T140001541746Z
a001612,E15-ca_ztcf-20260928-20260906T140001717821Z,E15,ca_ztcf,20260928,default,primary,2026-09-06T14:00:01.681453+00:00,2026-09-06T14:00:01.851802+00:00,0.17,VALID,valid,,1b2dd830befbb58e3949b03deca6592ca395cd7b,a1d260b660c93e47a466deb9c00f26c880973356f7da4eda00cb8ec57cab044d,raw/E15-ca_ztcf-20260928-20260906T140001717821Z
a001613,E15-ca_ztcf-20260929-20260906T140001898355Z,E15,ca_ztcf,20260929,default,primary,2026-09-06T14:00:01.864060+00:00,2026-09-06T14:00:02.015144+00:00,0.151,VALID,valid,,1b2dd830befbb58e3949b03deca6592ca395cd7b,a1d260b660c93e47a466deb9c00f26c880973356f7da4eda00cb8ec57cab044d,raw/E15-ca_ztcf-20260929-20260906T140001898355Z
a001614,E15-ca_ztcf-20260930-20260906T140002061323Z,E15,ca_ztcf,20260930,default,primary,2026-09-06T14:00:02.027404+00:00,2026-09-06T14:00:02.178477+00:00,0.151,VALID,valid,,1b2dd830befbb58e3949b03deca6592ca395cd7b,a1d260b660c93e47a466deb9c00f26c880973356f7da4eda00cb8ec57cab044d,raw/E15-ca_ztcf-20260930-20260906T140002061323Z
a001615,E15-ca_ztcf-20260931-20260906T140002224127Z,E15,ca_ztcf,20260931,default,primary,2026-09-06T14:00:02.190484+00:00,2026-09-06T14:00:02.351594+00:00,0.161,VALID,valid,,1b2dd830befbb58e3949b03deca6592ca395cd7b,a1d260b660c93e47a466deb9c00f26c880973356f7da4eda00cb8ec57cab044d,raw/E15-ca_ztcf-20260931-20260906T140002224127Z
a001616,E15-ca_ztcf-20260932-20260906T140002397195Z,E15,ca_ztcf,20260932,default,primary,2026-09-06T14:00:02.363706+00:00,2026-09-06T14:00:02.528121+00:00,0.164,VALID,valid,,1b2dd830befbb58e3949b03deca6592ca395cd7b,a1d260b660c93e47a466deb9c00f26c880973356f7da4eda00cb8ec57cab044d,raw/E15-ca_ztcf-20260932-20260906T140002397195Z
a001617,E15-ca_ztcf-20260933-20260906T140002575123Z,E15,ca_ztcf,20260933,default,primary,2026-09-06T14:00:02.540860+00:00,2026-09-06T14:00:02.701866+00:00,0.161,VALID,valid,,1b2dd830befbb58e3949b03deca6592ca395cd7b,a1d260b660c93e47a466deb9c00f26c880973356f7da4eda00cb8ec57cab044d,raw/E15-ca_ztcf-20260933-20260906T140002575123Z
a001618,E15-ca_ztcf-20260934-20260906T140002749604Z,E15,ca_ztcf,20260934,default,primary,2026-09-06T14:00:02.715751+00:00,2026-09-06T14:00:02.866941+00:00,0.151,VALID,valid,,1b2dd830befbb58e3949b03deca6592ca395cd7b,a1d260b660c93e47a466deb9c00f26c880973356f7da4eda00cb8ec57cab044d,raw/E15-ca_ztcf-20260934-20260906T140002749604Z
a001619,E15-ca_ztcf-20260935-20260906T140002912987Z,E15,ca_ztcf,20260935,default,primary,2026-09-06T14:00:02.879139+00:00,2026-09-06T14:00:03.038433+00:00,0.159,VALID,valid,,1b2dd830befbb58e3949b03deca6592ca395cd7b,a1d260b660c93e47a466deb9c00f26c880973356f7da4eda00cb8ec57cab044d,raw/E15-ca_ztcf-20260935-20260906T140002912987Z
a001620,E15-ca_ztcf-20260936-20260906T140003084519Z,E15,ca_ztcf,20260936,default,primary,2026-09-06T14:00:03.051033+00:00,2026-09-06T14:00:03.210415+00:00,0.159,VALID,valid,,1b2dd830befbb58e3949b03deca6592ca395cd7b,a1d260b660c93e47a466deb9c00f26c880973356f7da4eda00cb8ec57cab044d,raw/E15-ca_ztcf-20260936-20260906T140003084519Z
