# FINAL THESIS EXPERIMENTAL EVIDENCE. Tier-2 live software-based testbed: real 5G NAS/NGAP/GTP-U via Open5GS and UERANSIM, and a real IEEE 802.11 association and EAP-TLS exchange via mac80211_hwsim, over simulated radios. Not an RF, propagation, interference, channel-quality, spectrum-coexistence or physical-handover measurement. Generated from results/final/raw/; no value was typed by hand.
run_id,campaign,scenario,strategy,strategy_label,seed,condition,device_count,decision_latency_ms_median,decision_latency_ms_p95,engine_time_us_median,nr_context_ms_median,wlan_context_ms_median,transition_ms_median,app_recovery_ms_median,reauthentications,step_ups,state_changes,messages,bytes,app_operations,cpu_seconds,cpu_percent,memory_mib_peak,wall_seconds,scenario_span_s,false_acceptance_rate,false_rejection_rate,confusion_adversarial_total,confusion_correct_acceptance,confusion_correct_rejection,confusion_correct_total,confusion_false_acceptance,confusion_false_negative,confusion_false_positive,confusion_false_rejection,confusion_illegitimate_total,confusion_labelled_total,confusion_legitimate_total,confusion_true_negative,confusion_true_positive
E01-ca_ztcf-20260907-20260906T142351507401Z,primary,E01,ca_ztcf,C CA-ZTCF,20260907,default,1,0.513236,0.5798882,7.087,0.0288685,,,,0,0,0,3,,2,0.01,62.286,57.67578125,0.016055,10.0,,0.0,0,4,0,4,0,0,0,0,0,4,4,4,0
E01-ca_ztcf-20260908-20260906T142351636944Z,primary,E01,ca_ztcf,C CA-ZTCF,20260908,default,1,0.5250330000000001,0.5879709000000001,5.336,0.036517999999999995,,,,0,0,0,3,,2,0.02,99.94,57.6875,0.020012,10.0,,0.0,0,4,0,4,0,0,0,0,0,4,4,4,0
E01-ca_ztcf-20260909-20260906T142351764581Z,primary,E01,ca_ztcf,C CA-ZTCF,20260909,default,1,0.44047000000000003,0.5266504,4.9399999999999995,0.027014,,,,0,0,0,3,,2,0.01,58.449,57.6953125,0.017109,10.0,,0.0,0,4,0,4,0,0,0,0,0,4,4,4,0
E01-ca_ztcf-20260910-20260906T142351894921Z,primary,E01,ca_ztcf,C CA-ZTCF,20260910,default,1,0.455144,0.5024930000000001,5.3145,0.029556,,,,0,0,0,3,,2,0.01,77.785,57.6953125,0.012856,10.0,,0.0,0,4,0,4,0,0,0,0,0,4,4,4,0
E01-ca_ztcf-20260911-20260906T142352024074Z,primary,E01,ca_ztcf,C CA-ZTCF,20260911,default,1,0.412644,0.5035332,4.398,0.0233655,,,,0,0,0,3,,2,0.01,63.339,57.6953125,0.015788,10.0,,0.0,0,4,0,4,0,0,0,0,0,4,4,4,0
E01-ca_ztcf-20260912-20260906T142352153659Z,primary,E01,ca_ztcf,C CA-ZTCF,20260912,default,1,0.47206899999999996,0.5427918999999999,5.211,0.027305,,,,0,0,0,3,,2,0.02,117.779,57.6953125,0.016981,10.0,,0.0,0,4,0,4,0,0,0,0,0,4,4,4,0
E01-ca_ztcf-20260913-20260906T142352272636Z,primary,E01,ca_ztcf,C CA-ZTCF,20260913,default,1,0.45045500000000005,0.5249858000000001,4.9399999999999995,0.027868,,,,0,0,0,3,,2,0.02,130.302,57.6953125,0.015349,10.0,,0.0,0,4,0,4,0,0,0,0,0,4,4,4,0
E01-ca_ztcf-20260914-20260906T142352405986Z,primary,E01,ca_ztcf,C CA-ZTCF,20260914,default,1,0.48520050000000003,0.5566366500000001,5.0865,0.03608,,,,0,0,0,3,,2,0.01,74.162,57.6953125,0.013484,10.0,,0.0,0,4,0,4,0,0,0,0,0,4,4,4,0
E01-ca_ztcf-20260915-20260906T142352541504Z,primary,E01,ca_ztcf,C CA-ZTCF,20260915,default,1,0.477405,0.5461767,5.7945,0.032933000000000004,,,,0,0,0,3,,2,0.01,70.567,57.6953125,0.014171,10.0,,0.0,0,4,0,4,0,0,0,0,0,4,4,4,0
E01-ca_ztcf-20260916-20260906T142352683479Z,primary,E01,ca_ztcf,C CA-ZTCF,20260916,default,1,0.4578745,0.56572195,4.9815000000000005,0.026367500000000002,,,,0,0,0,3,,2,0.01,66.707,57.703125,0.014991,10.0,,0.0,0,4,0,4,0,0,0,0,0,4,4,4,0
E01-ca_ztcf-20260917-20260906T142352826638Z,primary,E01,ca_ztcf,C CA-ZTCF,20260917,default,1,0.4513085,0.53527535,4.773,0.023469999999999998,,,,0,0,0,3,,2,0.01,72.854,57.7109375,0.013726,10.0,,0.0,0,4,0,4,0,0,0,0,0,4,4,4,0
E01-ca_ztcf-20260918-20260906T142352955217Z,primary,E01,ca_ztcf,C CA-ZTCF,20260918,default,1,0.4050145,0.47853235,8.8585,0.027430500000000003,,,,0,0,0,3,,2,0.01,64.986,57.7109375,0.015388,10.0,,0.0,0,4,0,4,0,0,0,0,0,4,4,4,0
E01-ca_ztcf-20260919-20260906T142353074839Z,primary,E01,ca_ztcf,C CA-ZTCF,20260919,default,1,0.43726,0.5041561,4.9815000000000005,0.026555000000000002,,,,0,0,0,3,,2,0.02,134.771,57.7265625,0.01484,10.0,,0.0,0,4,0,4,0,0,0,0,0,4,4,4,0
E01-ca_ztcf-20260920-20260906T142353204840Z,primary,E01,ca_ztcf,C CA-ZTCF,20260920,default,1,0.467004,0.5083689,5.3149999999999995,0.026993000000000003,,,,0,0,0,3,,2,0.01,75.301,57.7421875,0.01328,10.0,,0.0,0,4,0,4,0,0,0,0,0,4,4,4,0
E01-ca_ztcf-20260921-20260906T142353334060Z,primary,E01,ca_ztcf,C CA-ZTCF,20260921,default,1,0.429715,0.5388571,4.7940000000000005,0.026575500000000002,,,,0,0,0,3,,2,0.02,129.391,57.7421875,0.015457,10.0,,0.0,0,4,0,4,0,0,0,0,0,4,4,4,0
E01-ca_ztcf-20260922-20260906T142353465941Z,primary,E01,ca_ztcf,C CA-ZTCF,20260922,default,1,0.43582200000000004,0.4720461,5.419499999999999,0.031161,,,,0,0,0,3,,2,0.01,64.973,57.7421875,0.015391,10.0,,0.0,0,4,0,4,0,0,0,0,0,4,4,4,0
E01-ca_ztcf-20260923-20260906T142353584993Z,primary,E01,ca_ztcf,C CA-ZTCF,20260923,default,1,0.45026700000000003,0.5226036000000001,4.6899999999999995,0.031286,,,,0,0,0,3,,2,0.01,64.683,57.7421875,0.01546,10.0,,0.0,0,4,0,4,0,0,0,0,0,4,4,4,0
E01-ca_ztcf-20260924-20260906T142353715695Z,primary,E01,ca_ztcf,C CA-ZTCF,20260924,default,1,0.436176,0.47966039999999993,4.5855,0.033058,,,,0,0,0,3,,2,0.02,144.383,57.7421875,0.013852,10.0,,0.0,0,4,0,4,0,0,0,0,0,4,4,4,0
E01-ca_ztcf-20260925-20260906T142353867957Z,primary,E01,ca_ztcf,C CA-ZTCF,20260925,default,1,0.4458485,0.5246754499999999,4.8774999999999995,0.0269515,,,,0,0,0,3,,2,0.01,68.88,57.7421875,0.014518,10.0,,0.0,0,4,0,4,0,0,0,0,0,4,4,4,0
E01-ca_ztcf-20260926-20260906T142353997720Z,primary,E01,ca_ztcf,C CA-ZTCF,20260926,default,1,0.4323205,0.49825945,4.7945,0.027868,,,,0,0,0,3,,2,0.01,65.898,57.7421875,0.015175,10.0,,0.0,0,4,0,4,0,0,0,0,0,4,4,4,0
E01-ca_ztcf-20260927-20260906T142354126713Z,primary,E01,ca_ztcf,C CA-ZTCF,20260927,default,1,0.48390849999999996,0.5332082499999999,4.814500000000001,0.0274095,,,,0,0,0,3,,2,0.01,75.861,57.7421875,0.013182,10.0,,0.0,0,4,0,4,0,0,0,0,0,4,4,4,0
E01-ca_ztcf-20260928-20260906T142354254720Z,primary,E01,ca_ztcf,C CA-ZTCF,20260928,default,1,0.447057,0.5131278,5.023,0.0284935,,,,0,0,0,3,,2,0.01,74.272,57.7421875,0.013464,10.0,,0.0,0,4,0,4,0,0,0,0,0,4,4,4,0
E01-ca_ztcf-20260929-20260906T142354384612Z,primary,E01,ca_ztcf,C CA-ZTCF,20260929,default,1,0.433779,0.48313500000000004,4.8565000000000005,0.033204,,,,0,0,0,3,,2,0.02,157.555,57.7421875,0.012694,10.0,,0.0,0,4,0,4,0,0,0,0,0,4,4,4,0
E01-ca_ztcf-20260930-20260906T142354512888Z,primary,E01,ca_ztcf,C CA-ZTCF,20260930,default,1,0.4422415,0.47118775,4.6695,0.0219075,,,,0,0,0,3,,2,0.02,134.481,57.7421875,0.014872,10.0,,0.0,0,4,0,4,0,0,0,0,0,4,4,4,0
E01-ca_ztcf-20260931-20260906T142354642608Z,primary,E01,ca_ztcf,C CA-ZTCF,20260931,default,1,0.40805800000000003,0.49459480000000006,4.5649999999999995,0.022740499999999997,,,,0,0,0,3,,2,0.01,57.79,57.7421875,0.017304,10.0,,0.0,0,4,0,4,0,0,0,0,0,4,4,4,0
E01-ca_ztcf-20260932-20260906T142354778821Z,primary,E01,ca_ztcf,C CA-ZTCF,20260932,default,1,0.4544985,0.50655585,4.8565,0.0319115,,,,0,0,0,3,,2,0.01,69.027,57.7421875,0.014487,10.0,,0.0,0,4,0,4,0,0,0,0,0,4,4,4,0
E01-ca_ztcf-20260933-20260906T142354912430Z,primary,E01,ca_ztcf,C CA-ZTCF,20260933,default,1,0.4140195,0.46701465000000003,4.5645,0.0277635,,,,0,0,0,3,,2,0.01,65.432,57.7578125,0.015283,10.0,,0.0,0,4,0,4,0,0,0,0,0,4,4,4,0
E01-ca_ztcf-20260934-20260906T142355039845Z,primary,E01,ca_ztcf,C CA-ZTCF,20260934,default,1,0.433362,0.4855692,5.044499999999999,0.0283685,,,,0,0,0,3,,2,0.01,78.511,57.7578125,0.012737,10.0,,0.0,0,4,0,4,0,0,0,0,0,4,4,4,0
E01-ca_ztcf-20260935-20260906T142355168551Z,primary,E01,ca_ztcf,C CA-ZTCF,20260935,default,1,0.412685,0.4939694,4.627,0.0257005,,,,0,0,0,3,,2,0.02,131.813,57.76171875,0.015173,10.0,,0.0,0,4,0,4,0,0,0,0,0,4,4,4,0
E01-ca_ztcf-20260936-20260906T142355300663Z,primary,E01,ca_ztcf,C CA-ZTCF,20260936,default,1,0.4457225,0.52469975,4.9605,0.0232405,,,,0,0,0,3,,2,0.01,74.862,57.76171875,0.013358,10.0,,0.0,0,4,0,4,0,0,0,0,0,4,4,4,0
E01-independent-20260907-20260906T142343900785Z,primary,E01,independent,A independent,20260907,default,1,0.287875,0.3832768,,0.0467065,,,,0,0,0,3,,2,0.02,117.578,57.015625,0.01701,10.0,,0.0,0,4,0,4,0,0,0,0,0,4,4,4,0
E01-independent-20260908-20260906T142344069014Z,primary,E01,independent,A independent,20260908,default,1,0.148871,0.20723059999999996,,0.024654000000000002,,,,0,0,0,3,,2,0.01,80.802,57.40234375,0.012376,10.0,,0.0,0,4,0,4,0,0,0,0,0,4,4,4,0
E01-independent-20260909-20260906T142344200539Z,primary,E01,independent,A independent,20260909,default,1,0.1665655,0.22666165,,0.02912,,,,0,0,0,3,,2,0.01,68.837,57.43359375,0.014527,10.0,,0.0,0,4,0,4,0,0,0,0,0,4,4,4,0
E01-independent-20260910-20260906T142344326989Z,primary,E01,independent,A independent,20260910,default,1,0.170297,0.2335247,,0.0282395,,,,0,0,0,3,,2,0.01,63.375,57.46875,0.015779,10.0,,0.0,0,4,0,4,0,0,0,0,0,4,4,4,0
E01-independent-20260911-20260906T142344453777Z,primary,E01,independent,A independent,20260911,default,1,0.1563975,0.21888944999999999,,0.026500000000000003,,,,0,0,0,3,,2,0.01,72.48,57.48828125,0.013797,10.0,,0.0,0,4,0,4,0,0,0,0,0,4,4,4,0
E01-independent-20260912-20260906T142344582028Z,primary,E01,independent,A independent,20260912,default,1,0.1565865,0.21539925,,0.0254095,,,,0,0,0,3,,2,0.01,68.311,57.5,0.014639,10.0,,0.0,0,4,0,4,0,0,0,0,0,4,4,4,0
E01-independent-20260913-20260906T142344706927Z,primary,E01,independent,A independent,20260913,default,1,0.16975200000000001,0.203583,,0.0288895,,,,0,0,0,3,,2,0.01,71.139,57.51171875,0.014057,10.0,,0.0,0,4,0,4,0,0,0,0,0,4,4,4,0
E01-independent-20260914-20260906T142344835872Z,primary,E01,independent,A independent,20260914,default,1,0.1554125,0.22033804999999998,,0.0263315,,,,0,0,0,3,,2,0.01,68.395,57.515625,0.014621,10.0,,0.0,0,4,0,4,0,0,0,0,0,4,4,4,0
E01-independent-20260915-20260906T142344954354Z,primary,E01,independent,A independent,20260915,default,1,0.1683055,0.21340045,,0.028491,,,,0,0,0,3,,2,0.01,70.111,57.52734375,0.014263,10.0,,0.0,0,4,0,4,0,0,0,0,0,4,4,4,0
E01-independent-20260916-20260906T142345084183Z,primary,E01,independent,A independent,20260916,default,1,0.16389,0.19128599999999998,,0.027926,,,,0,0,0,3,,2,0.01,67.038,57.52734375,0.014917,10.0,,0.0,0,4,0,4,0,0,0,0,0,4,4,4,0
E01-independent-20260917-20260906T142345218820Z,primary,E01,independent,A independent,20260917,default,1,0.174385,0.2299312,,0.0256215,,,,0,0,0,3,,2,0.01,68.97,57.53125,0.014499,10.0,,0.0,0,4,0,4,0,0,0,0,0,4,4,4,0
E01-independent-20260918-20260906T142345347468Z,primary,E01,independent,A independent,20260918,default,1,0.1568715,0.20136885,,0.026271,,,,0,0,0,3,,2,0.01,63.996,57.53515625,0.015626,10.0,,0.0,0,4,0,4,0,0,0,0,0,4,4,4,0
E01-independent-20260919-20260906T142345476414Z,primary,E01,independent,A independent,20260919,default,1,0.1482405,0.19560344999999998,,0.0237575,,,,0,0,0,3,,2,0.01,75.25,57.546875,0.013289,10.0,,0.0,0,4,0,4,0,0,0,0,0,4,4,4,0
E01-independent-20260920-20260906T142345602425Z,primary,E01,independent,A independent,20260920,default,1,0.15274349999999998,0.21143834999999997,,0.023275499999999998,,,,0,0,0,3,,2,0.01,63.42,57.5625,0.015768,10.0,,0.0,0,4,0,4,0,0,0,0,0,4,4,4,0
E01-independent-20260921-20260906T142345741135Z,primary,E01,independent,A independent,20260921,default,1,0.1627795,0.21455425,,0.024134,,,,0,0,0,3,,2,0.01,59.207,57.5703125,0.01689,10.0,,0.0,0,4,0,4,0,0,0,0,0,4,4,4,0
E01-independent-20260922-20260906T142345873838Z,primary,E01,independent,A independent,20260922,default,1,0.153708,0.2134212,,0.024239,,,,0,0,0,3,,2,0.01,68.456,57.57421875,0.014608,10.0,,0.0,0,4,0,4,0,0,0,0,0,4,4,4,0
E01-independent-20260923-20260906T142345995817Z,primary,E01,independent,A independent,20260923,default,1,0.15756799999999999,0.22012610000000002,,0.028913,,,,0,0,0,3,,2,0.02,146.499,57.58203125,0.013652,10.0,,0.0,0,4,0,4,0,0,0,0,0,4,4,4,0
E01-independent-20260924-20260906T142346124827Z,primary,E01,independent,A independent,20260924,default,1,0.163325,0.20773729999999999,,0.036911,,,,0,0,0,3,,2,0.01,61.301,57.58984375,0.016313,10.0,,0.0,0,4,0,4,0,0,0,0,0,4,4,4,0
E01-independent-20260925-20260906T142346254161Z,primary,E01,independent,A independent,20260925,default,1,0.170841,0.2306856,,0.0267985,,,,0,0,0,3,,2,0.01,80.867,57.58984375,0.012366,10.0,,0.0,0,4,0,4,0,0,0,0,0,4,4,4,0
E01-independent-20260926-20260906T142346384482Z,primary,E01,independent,A independent,20260926,default,1,0.15256350000000002,0.19237815,,0.0255845,,,,0,0,0,3,,2,0.01,73.497,57.58984375,0.013606,10.0,,0.0,0,4,0,4,0,0,0,0,0,4,4,4,0
E01-independent-20260927-20260906T142346513909Z,primary,E01,independent,A independent,20260927,default,1,0.17544749999999998,0.22892415,,0.028997000000000002,,,,0,0,0,3,,2,0.01,72.506,57.58984375,0.013792,10.0,,0.0,0,4,0,4,0,0,0,0,0,4,4,4,0
E01-independent-20260928-20260906T142346642133Z,primary,E01,independent,A independent,20260928,default,1,0.1532125,0.20469114999999996,,0.023260000000000003,,,,0,0,0,3,,2,0.01,64.263,57.58984375,0.015561,10.0,,0.0,0,4,0,4,0,0,0,0,0,4,4,4,0
E01-independent-20260929-20260906T142346775487Z,primary,E01,independent,A independent,20260929,default,1,0.165356,0.21751279999999998,,0.034503,,,,0,0,0,3,,2,0.02,143.082,57.59375,0.013978,10.0,,0.0,0,4,0,4,0,0,0,0,0,4,4,4,0
E01-independent-20260930-20260906T142346907295Z,primary,E01,independent,A independent,20260930,default,1,0.1655025,0.22329374999999999,,0.027343,,,,0,0,0,3,,2,0.01,61.717,57.59765625,0.016203,10.0,,0.0,0,4,0,4,0,0,0,0,0,4,4,4,0
E01-independent-20260931-20260906T142347038354Z,primary,E01,independent,A independent,20260931,default,1,0.173237,0.2211656,,0.0263235,,,,0,0,0,3,,2,0.01,82.372,57.59765625,0.01214,10.0,,0.0,0,4,0,4,0,0,0,0,0,4,4,4,0
E01-independent-20260932-20260906T142347168073Z,primary,E01,independent,A independent,20260932,default,1,0.1474155,0.19447785,,0.028667,,,,0,0,0,3,,2,0.01,72.579,57.59765625,0.013778,10.0,,0.0,0,4,0,4,0,0,0,0,0,4,4,4,0
E01-independent-20260933-20260906T142347289552Z,primary,E01,independent,A independent,20260933,default,1,0.1603055,0.20488204999999998,,0.033668500000000004,,,,0,0,0,3,,2,0.02,154.619,57.59765625,0.012935,10.0,,0.0,0,4,0,4,0,0,0,0,0,4,4,4,0
E01-independent-20260934-20260906T142347420094Z,primary,E01,independent,A independent,20260934,default,1,0.1507635,0.19405934999999996,,0.0266375,,,,0,0,0,3,,2,0.01,81.533,57.6015625,0.012265,10.0,,0.0,0,4,0,4,0,0,0,0,0,4,4,4,0
E01-independent-20260935-20260906T142347547869Z,primary,E01,independent,A independent,20260935,default,1,0.157271,0.20793019999999998,,0.030153,,,,0,0,0,3,,2,0.01,80.736,57.61328125,0.012386,10.0,,0.0,0,4,0,4,0,0,0,0,0,4,4,4,0
E01-independent-20260936-20260906T142347681965Z,primary,E01,independent,A independent,20260936,default,1,0.17208600000000002,0.2279805,,0.033145,,,,0,0,0,3,,2,0.01,72.616,57.61328125,0.013771,10.0,,0.0,0,4,0,4,0,0,0,0,0,4,4,4,0
E01-static_continuity-20260907-20260906T142347813105Z,primary,E01,static_continuity,B300 static continuity,20260907,default,1,0.156539,0.2089118,,0.029901999999999998,,,,0,0,0,3,,2,0.01,53.746,57.61328125,0.018606,10.0,,0.0,0,4,0,4,0,0,0,0,0,4,4,4,0
E01-static_continuity-20260908-20260906T142347948318Z,primary,E01,static_continuity,B300 static continuity,20260908,default,1,0.16269050000000002,0.22139075,,0.029253,,,,0,0,0,3,,2,0.01,65.569,57.61328125,0.015251,10.0,,0.0,0,4,0,4,0,0,0,0,0,4,4,4,0
E01-static_continuity-20260909-20260906T142348066721Z,primary,E01,static_continuity,B300 static continuity,20260909,default,1,0.15466449999999998,0.19334605,,0.0288835,,,,0,0,0,3,,2,0.01,65.113,57.6171875,0.015358,10.0,,0.0,0,4,0,4,0,0,0,0,0,4,4,4,0
E01-static_continuity-20260910-20260906T142348197825Z,primary,E01,static_continuity,B300 static continuity,20260910,default,1,0.1543715,0.20559004999999997,,0.02355,,,,0,0,0,3,,2,0.01,77.334,57.62109375,0.012931,10.0,,0.0,0,4,0,4,0,0,0,0,0,4,4,4,0
E01-static_continuity-20260911-20260906T142348322480Z,primary,E01,static_continuity,B300 static continuity,20260911,default,1,0.1433915,0.19293425,,0.023215,,,,0,0,0,3,,2,0.01,61.102,57.62890625,0.016366,10.0,,0.0,0,4,0,4,0,0,0,0,0,4,4,4,0
E01-static_continuity-20260912-20260906T142348448403Z,primary,E01,static_continuity,B300 static continuity,20260912,default,1,0.155208,0.21519749999999999,,0.023153,,,,0,0,0,3,,2,0.01,76.173,57.62890625,0.013128,10.0,,0.0,0,4,0,4,0,0,0,0,0,4,4,4,0
E01-static_continuity-20260913-20260906T142348422497Z,primary,E01,static_continuity,B300 static continuity,20260913,default,1,0.150158,0.1939421,,0.034059,,,,0,0,0,3,,2,0.01,75.098,57.62890625,0.013316,10.0,,0.0,0,4,0,4,0,0,0,0,0,4,4,4,0
E01-static_continuity-20260914-20260906T142348555335Z,primary,E01,static_continuity,B300 static continuity,20260914,default,1,0.1625815,0.23101524999999998,,0.023908,,,,0,0,0,3,,2,0.01,81.653,57.6328125,0.012247,10.0,,0.0,0,4,0,4,0,0,0,0,0,4,4,4,0
E01-static_continuity-20260915-20260906T142348672714Z,primary,E01,static_continuity,B300 static continuity,20260915,default,1,0.15457700000000002,0.21216800000000002,,0.027346999999999996,,,,0,0,0,3,,2,0.02,138.908,57.6328125,0.014398,10.0,,0.0,0,4,0,4,0,0,0,0,0,4,4,4,0
E01-static_continuity-20260916-20260906T142348805055Z,primary,E01,static_continuity,B300 static continuity,20260916,default,1,0.1443015,0.20082375,,0.0255755,,,,0,0,0,3,,2,0.01,65.484,57.6328125,0.015271,10.0,,0.0,0,4,0,4,0,0,0,0,0,4,4,4,0
E01-static_continuity-20260917-20260906T142348934736Z,primary,E01,static_continuity,B300 static continuity,20260917,default,1,0.146344,0.1918732,,0.025659,,,,0,0,0,3,,2,0.01,65.833,57.63671875,0.01519,10.0,,0.0,0,4,0,4,0,0,0,0,0,4,4,4,0
E01-static_continuity-20260918-20260906T142349059241Z,primary,E01,static_continuity,B300 static continuity,20260918,default,1,0.1532015,0.20141315,,0.0314325,,,,0,0,0,3,,2,0.01,63.853,57.63671875,0.015661,10.0,,0.0,0,4,0,4,0,0,0,0,0,4,4,4,0
E01-static_continuity-20260919-20260906T142349191647Z,primary,E01,static_continuity,B300 static continuity,20260919,default,1,0.1502205,0.20227785,,0.026388500000000002,,,,0,0,0,3,,2,0.01,72.213,57.65234375,0.013848,10.0,,0.0,0,4,0,4,0,0,0,0,0,4,4,4,0
E01-static_continuity-20260920-20260906T142349320576Z,primary,E01,static_continuity,B300 static continuity,20260920,default,1,0.154139,0.1947902,,0.028806000000000002,,,,0,0,0,3,,2,0.01,69.585,57.65234375,0.014371,10.0,,0.0,0,4,0,4,0,0,0,0,0,4,4,4,0
E01-static_continuity-20260921-20260906T142349449789Z,primary,E01,static_continuity,B300 static continuity,20260921,default,1,0.165708,0.225963,,0.0282425,,,,0,0,0,3,,2,0.01,74.008,57.66796875,0.013512,10.0,,0.0,0,4,0,4,0,0,0,0,0,4,4,4,0
E01-static_continuity-20260922-20260906T142349579648Z,primary,E01,static_continuity,B300 static continuity,20260922,default,1,0.16066350000000001,0.19251675000000001,,0.02891,,,,0,0,0,3,,2,0.01,64.487,57.66796875,0.015507,10.0,,0.0,0,4,0,4,0,0,0,0,0,4,4,4,0
E01-static_continuity-20260923-20260906T142349711914Z,primary,E01,static_continuity,B300 static continuity,20260923,default,1,0.15422249999999998,0.19727535,,0.0273055,,,,0,0,0,3,,2,0.01,78.902,57.671875,0.012674,10.0,,0.0,0,4,0,4,0,0,0,0,0,4,4,4,0
E01-static_continuity-20260924-20260906T142349830263Z,primary,E01,static_continuity,B300 static continuity,20260924,default,1,0.186114,0.2390718,,0.0296395,,,,0,0,0,3,,2,0.01,69.046,57.671875,0.014483,10.0,,0.0,0,4,0,4,0,0,0,0,0,4,4,4,0
E01-static_continuity-20260925-20260906T142349960479Z,primary,E01,static_continuity,B300 static continuity,20260925,default,1,0.16229,0.19268030000000003,,0.0309115,,,,0,0,0,3,,2,0.01,60.303,57.671875,0.016583,10.0,,0.0,0,4,0,4,0,0,0,0,0,4,4,4,0
E01-static_continuity-20260926-20260906T142350092757Z,primary,E01,static_continuity,B300 static continuity,20260926,default,1,0.145489,0.1959142,,0.0249085,,,,0,0,0,3,,2,0.01,74.593,57.671875,0.013406,10.0,,0.0,0,4,0,4,0,0,0,0,0,4,4,4,0
E01-static_continuity-20260927-20260906T142350221257Z,primary,E01,static_continuity,B300 static continuity,20260927,default,1,0.15593200000000002,0.217519,,0.0265135,,,,0,0,0,3,,2,0.01,82.488,57.671875,0.012123,10.0,,0.0,0,4,0,4,0,0,0,0,0,4,4,4,0
E01-static_continuity-20260928-20260906T142350353930Z,primary,E01,static_continuity,B300 static continuity,20260928,default,1,0.1668955,0.22533114999999998,,0.028805499999999998,,,,0,0,0,3,,2,0.01,57.061,57.671875,0.017525,10.0,,0.0,0,4,0,4,0,0,0,0,0,4,4,4,0
E01-static_continuity-20260929-20260906T142350483305Z,primary,E01,static_continuity,B300 static continuity,20260929,default,1,0.170731,0.2140462,,0.029619,,,,0,0,0,3,,2,0.01,80.548,57.671875,0.012415,10.0,,0.0,0,4,0,4,0,0,0,0,0,4,4,4,0
E01-static_continuity-20260930-20260906T142350607178Z,primary,E01,static_continuity,B300 static continuity,20260930,default,1,0.1572865,0.20872464999999998,,0.0277225,,,,0,0,0,3,,2,0.02,121.966,57.67578125,0.016398,10.0,,0.0,0,4,0,4,0,0,0,0,0,4,4,4,0
E01-static_continuity-20260931-20260906T142350753801Z,primary,E01,static_continuity,B300 static continuity,20260931,default,1,0.16941799999999999,0.21657889999999996,,0.0272215,,,,0,0,0,3,,2,0.01,76.418,57.67578125,0.013086,10.0,,0.0,0,4,0,4,0,0,0,0,0,4,4,4,0
E01-static_continuity-20260932-20260906T142350879484Z,primary,E01,static_continuity,B300 static continuity,20260932,default,1,0.17492049999999998,0.24425514999999998,,0.0304315,,,,0,0,0,3,,2,0.01,66.56,57.67578125,0.015024,10.0,,0.0,0,4,0,4,0,0,0,0,0,4,4,4,0
E01-static_continuity-20260933-20260906T142350998049Z,primary,E01,static_continuity,B300 static continuity,20260933,default,1,0.15065900000000002,0.2037104,,0.0233655,,,,0,0,0,3,,2,0.01,71.073,57.67578125,0.01407,10.0,,0.0,0,4,0,4,0,0,0,0,0,4,4,4,0
E01-static_continuity-20260934-20260906T142351123962Z,primary,E01,static_continuity,B300 static continuity,20260934,default,1,0.1593085,0.21496764999999998,,0.028471999999999997,,,,0,0,0,3,,2,0.01,60.354,57.67578125,0.016569,10.0,,0.0,0,4,0,4,0,0,0,0,0,4,4,4,0
E01-static_continuity-20260935-20260906T142351257202Z,primary,E01,static_continuity,B300 static continuity,20260935,default,1,0.15309699999999998,0.2155471,,0.02349,,,,0,0,0,3,,2,0.01,69.886,57.67578125,0.014309,10.0,,0.0,0,4,0,4,0,0,0,0,0,4,4,4,0
E01-static_continuity-20260936-20260906T142351383833Z,primary,E01,static_continuity,B300 static continuity,20260936,default,1,0.1557235,0.18688285,,0.025888,,,,0,0,0,3,,2,0.01,70.726,57.67578125,0.014139,10.0,,0.0,0,4,0,4,0,0,0,0,0,4,4,4,0
E02-ca_ztcf-20260907-20260906T142403186674Z,primary,E02,ca_ztcf,C CA-ZTCF,20260907,default,1,0.4704435,0.52814745,4.6274999999999995,,0.0321825,,,0,0,0,3,,2,0.01,72.291,57.80859375,0.013833,10.0,,0.0,0,4,0,4,0,0,0,0,0,4,4,4,0
E02-ca_ztcf-20260908-20260906T142403317167Z,primary,E02,ca_ztcf,C CA-ZTCF,20260908,default,1,0.4145405,0.47104385000000004,4.731999999999999,,0.029598,,,0,0,0,3,,2,0.01,56.348,57.80859375,0.017747,10.0,,0.0,0,4,0,4,0,0,0,0,0,4,4,4,0
E02-ca_ztcf-20260909-20260906T142403450283Z,primary,E02,ca_ztcf,C CA-ZTCF,20260909,default,1,0.4211895,0.48836685,4.586,,0.0315365,,,0,0,0,3,,2,0.01,63.678,57.8125,0.015704,10.0,,0.0,0,4,0,4,0,0,0,0,0,4,4,4,0
E02-ca_ztcf-20260910-20260906T142403580709Z,primary,E02,ca_ztcf,C CA-ZTCF,20260910,default,1,0.4423045,0.49426824999999996,4.773,,0.0280975,,,0,0,0,3,,2,0.01,78.284,57.8125,0.012774,10.0,,0.0,0,4,0,4,0,0,0,0,0,4,4,4,0
E02-ca_ztcf-20260911-20260906T142403714635Z,primary,E02,ca_ztcf,C CA-ZTCF,20260911,default,1,0.4797605,0.53729525,5.4399999999999995,,0.032141,,,0,0,0,3,,2,0.02,111.198,57.82421875,0.017986,10.0,,0.0,0,4,0,4,0,0,0,0,0,4,4,4,0
E02-ca_ztcf-20260912-20260906T142403851170Z,primary,E02,ca_ztcf,C CA-ZTCF,20260912,default,1,0.411914,0.4753955,4.5645,,0.031224,,,0,0,0,3,,2,0.01,61.851,57.82421875,0.016168,10.0,,0.0,0,4,0,4,0,0,0,0,0,4,4,4,0
E02-ca_ztcf-20260913-20260906T142403976021Z,primary,E02,ca_ztcf,C CA-ZTCF,20260913,default,1,0.47390350000000003,0.55494355,6.2735,,0.033663,,,0,0,0,3,,2,0.01,58.679,57.82421875,0.017042,10.0,,0.0,0,4,0,4,0,0,0,0,0,4,4,4,0
E02-ca_ztcf-20260914-20260906T142404115106Z,primary,E02,ca_ztcf,C CA-ZTCF,20260914,default,1,0.5099635,0.57010645,5.5865,,0.043980000000000005,,,0,0,0,3,,2,0.01,66.578,57.82421875,0.01502,10.0,,0.0,0,4,0,4,0,0,0,0,0,4,4,4,0
E02-ca_ztcf-20260915-20260906T142404250000Z,primary,E02,ca_ztcf,C CA-ZTCF,20260915,default,1,0.4460355,0.53189685,5.0235,,0.0323495,,,0,0,0,3,,2,0.02,136.221,57.82421875,0.014682,10.0,,0.0,0,4,0,4,0,0,0,0,0,4,4,4,0
E02-ca_ztcf-20260916-20260906T142404373091Z,primary,E02,ca_ztcf,C CA-ZTCF,20260916,default,1,0.416541,0.4629891,4.6274999999999995,,0.0313905,,,0,0,0,3,,2,0.01,58.782,57.82421875,0.017012,10.0,,0.0,0,4,0,4,0,0,0,0,0,4,4,4,0
E02-ca_ztcf-20260917-20260906T142404503087Z,primary,E02,ca_ztcf,C CA-ZTCF,20260917,default,1,0.473174,0.5549462,5.2940000000000005,,0.032702999999999996,,,0,0,0,3,,2,0.01,64.115,57.82421875,0.015597,10.0,,0.0,0,4,0,4,0,0,0,0,0,4,4,4,0
E02-ca_ztcf-20260918-20260906T142404636657Z,primary,E02,ca_ztcf,C CA-ZTCF,20260918,default,1,0.4522255,0.52943875,4.711,,0.036643,,,0,0,0,3,,2,0.01,65.313,57.82421875,0.015311,10.0,,0.0,0,4,0,4,0,0,0,0,0,4,4,4,0
E02-ca_ztcf-20260919-20260906T142405473966Z,primary,E02,ca_ztcf,C CA-ZTCF,20260919,default,1,0.470069,0.5297615,4.961,,0.030182,,,0,0,0,3,,2,0.01,78.131,57.82421875,0.012799,10.0,,0.0,0,4,0,4,0,0,0,0,0,4,4,4,0
E02-ca_ztcf-20260920-20260906T142405598801Z,primary,E02,ca_ztcf,C CA-ZTCF,20260920,default,1,0.403139,0.46089919999999995,4.565,,0.030849,,,0,0,0,3,,2,0.01,61.267,57.82421875,0.016322,10.0,,0.0,0,4,0,4,0,0,0,0,0,4,4,4,0
E02-ca_ztcf-20260921-20260906T142405732604Z,primary,E02,ca_ztcf,C CA-ZTCF,20260921,default,1,0.4533725,0.51661055,5.3149999999999995,,0.0396865,,,0,0,0,3,,2,0.01,60.522,57.82421875,0.016523,10.0,,0.0,0,4,0,4,0,0,0,0,0,4,4,4,0
E02-ca_ztcf-20260922-20260906T142405865717Z,primary,E02,ca_ztcf,C CA-ZTCF,20260922,default,1,0.454894,0.5067448,4.669,,0.032828500000000004,,,0,0,0,3,,2,0.01,65.561,57.82421875,0.015253,10.0,,0.0,0,4,0,4,0,0,0,0,0,4,4,4,0
E02-ca_ztcf-20260923-20260906T142406001023Z,primary,E02,ca_ztcf,C CA-ZTCF,20260923,default,1,0.41404050000000003,0.48270015,4.7524999999999995,,0.02593,,,0,0,0,3,,2,0.01,66.993,57.82421875,0.014927,10.0,,0.0,0,4,0,4,0,0,0,0,0,4,4,4,0
E02-ca_ztcf-20260924-20260906T142406120223Z,primary,E02,ca_ztcf,C CA-ZTCF,20260924,default,1,0.451746,0.507555,4.9605,,0.0302025,,,0,0,0,3,,2,0.01,76.57,57.82421875,0.01306,10.0,,0.0,0,4,0,4,0,0,0,0,0,4,4,4,0
E02-ca_ztcf-20260925-20260906T142406245702Z,primary,E02,ca_ztcf,C CA-ZTCF,20260925,default,1,0.43338299999999996,0.484521,4.523,,0.0289525,,,0,0,0,3,,2,0.01,77.894,57.82421875,0.012838,10.0,,0.0,0,4,0,4,0,0,0,0,0,4,4,4,0
E02-ca_ztcf-20260926-20260906T142406370279Z,primary,E02,ca_ztcf,C CA-ZTCF,20260926,default,1,0.43744800000000006,0.5099907,4.8149999999999995,,0.030703,,,0,0,0,3,,2,0.01,64.437,57.82421875,0.015519,10.0,,0.0,0,4,0,4,0,0,0,0,0,4,4,4,0
E02-ca_ztcf-20260927-20260906T142406498543Z,primary,E02,ca_ztcf,C CA-ZTCF,20260927,default,1,0.437469,0.4856055,4.6485,,0.032329,,,0,0,0,3,,2,0.01,68.951,57.82421875,0.014503,10.0,,0.0,0,4,0,4,0,0,0,0,0,4,4,4,0
E02-ca_ztcf-20260928-20260906T142406629050Z,primary,E02,ca_ztcf,C CA-ZTCF,20260928,default,1,0.44303400000000004,0.4873626,4.419,,0.0337255,,,0,0,0,3,,2,0.01,56.558,57.828125,0.017681,10.0,,0.0,0,4,0,4,0,0,0,0,0,4,4,4,0
E02-ca_ztcf-20260929-20260906T142406758311Z,primary,E02,ca_ztcf,C CA-ZTCF,20260929,default,1,0.416625,0.4513677,4.4395,,0.038728,,,0,0,0,3,,2,0.01,56.303,57.828125,0.017761,10.0,,0.0,0,4,0,4,0,0,0,0,0,4,4,4,0
E02-ca_ztcf-20260930-20260906T142406883081Z,primary,E02,ca_ztcf,C CA-ZTCF,20260930,default,1,0.44440999999999997,0.4917401,5.378,,0.033600500000000005,,,0,0,0,3,,2,0.01,76.935,57.82421875,0.012998,10.0,,0.0,0,4,0,4,0,0,0,0,0,4,4,4,0
E02-ca_ztcf-20260931-20260906T142407018506Z,primary,E02,ca_ztcf,C CA-ZTCF,20260931,default,1,0.4371975,0.49146795,4.502,,0.032849500000000004,,,0,0,0,3,,2,0.01,60.857,57.82421875,0.016432,10.0,,0.0,0,4,0,4,0,0,0,0,0,4,4,4,0
E02-ca_ztcf-20260932-20260906T142407148968Z,primary,E02,ca_ztcf,C CA-ZTCF,20260932,default,1,0.4125395,0.47324495000000005,4.7525,,0.033016500000000004,,,0,0,0,3,,2,0.01,64.935,57.83984375,0.0154,10.0,,0.0,0,4,0,4,0,0,0,0,0,4,4,4,0
E02-ca_ztcf-20260933-20260906T142407279880Z,primary,E02,ca_ztcf,C CA-ZTCF,20260933,default,1,0.47594650000000005,0.5291855500000001,5.5445,,0.033308500000000005,,,0,0,0,3,,2,0.02,133.833,57.83984375,0.014944,10.0,,0.0,0,4,0,4,0,0,0,0,0,4,4,4,0
E02-ca_ztcf-20260934-20260906T142407416526Z,primary,E02,ca_ztcf,C CA-ZTCF,20260934,default,1,0.44545199999999996,0.4893675,5.1895,,0.033017,,,0,0,0,3,,2,0.02,147.091,57.83984375,0.013597,10.0,,0.0,0,4,0,4,0,0,0,0,0,4,4,4,0
E02-ca_ztcf-20260935-20260906T142407544499Z,primary,E02,ca_ztcf,C CA-ZTCF,20260935,default,1,0.41162200000000004,0.47566690000000006,4.5649999999999995,,0.026367,,,0,0,0,3,,2,0.01,64.855,57.83984375,0.015419,10.0,,0.0,0,4,0,4,0,0,0,0,0,4,4,4,0
E02-ca_ztcf-20260936-20260906T142407662923Z,primary,E02,ca_ztcf,C CA-ZTCF,20260936,default,1,0.4519135,0.53830045,5.3774999999999995,,0.0288895,,,0,0,0,3,,2,0.01,61.497,57.83984375,0.016261,10.0,,0.0,0,4,0,4,0,0,0,0,0,4,4,4,0
E02-independent-20260907-20260906T142355426275Z,primary,E02,independent,A independent,20260907,default,1,0.1642905,0.21340214999999998,,,0.0338085,,,0,0,0,3,,2,0.01,80.289,57.76171875,0.012455,10.0,,0.0,0,4,0,4,0,0,0,0,0,4,4,4,0
E02-independent-20260908-20260906T142355552661Z,primary,E02,independent,A independent,20260908,default,1,0.156808,0.2079271,,,0.02941,,,0,0,0,3,,2,0.01,77.948,57.77734375,0.012829,10.0,,0.0,0,4,0,4,0,0,0,0,0,4,4,4,0
E02-independent-20260909-20260906T142355677459Z,primary,E02,independent,A independent,20260909,default,1,0.14313399999999998,0.1932784,,,0.0264715,,,0,0,0,3,,2,0.01,78.703,57.77734375,0.012706,10.0,,0.0,0,4,0,4,0,0,0,0,0,4,4,4,0
E02-independent-20260910-20260906T142355802128Z,primary,E02,independent,A independent,20260910,default,1,0.1474485,0.19126995,,,0.039395,,,0,0,0,3,,2,0.01,64.371,57.77734375,0.015535,10.0,,0.0,0,4,0,4,0,0,0,0,0,4,4,4,0
E02-independent-20260911-20260906T142355940235Z,primary,E02,independent,A independent,20260911,default,1,0.163707,0.2196852,,,0.0293275,,,0,0,0,3,,2,0.01,64.7,57.77734375,0.015456,10.0,,0.0,0,4,0,4,0,0,0,0,0,4,4,4,0
E02-independent-20260912-20260906T142356070750Z,primary,E02,independent,A independent,20260912,default,1,0.151722,0.2074563,,,0.029952,,,0,0,0,3,,2,0.01,57.8,57.77734375,0.017301,10.0,,0.0,0,4,0,4,0,0,0,0,0,4,4,4,0
E02-independent-20260913-20260906T142356205370Z,primary,E02,independent,A independent,20260913,default,1,0.169793,0.2287727,,,0.031098999999999998,,,0,0,0,3,,2,0.01,65.484,57.77734375,0.015271,10.0,,0.0,0,4,0,4,0,0,0,0,0,4,4,4,0
E02-independent-20260914-20260906T142356338843Z,primary,E02,independent,A independent,20260914,default,1,0.158225,0.2206004,,,0.0258045,,,0,0,0,3,,2,0.01,76.587,57.77734375,0.013057,10.0,,0.0,0,4,0,4,0,0,0,0,0,4,4,4,0
E02-independent-20260915-20260906T142356468390Z,primary,E02,independent,A independent,20260915,default,1,0.1572655,0.20654635,,,0.0354135,,,0,0,0,3,,2,0.01,60.716,57.77734375,0.01647,10.0,,0.0,0,4,0,4,0,0,0,0,0,4,4,4,0
E02-independent-20260916-20260906T142356586040Z,primary,E02,independent,A independent,20260916,default,1,0.1650195,0.21111165,,,0.029765,,,0,0,0,3,,2,0.01,82.604,57.77734375,0.012106,10.0,,0.0,0,4,0,4,0,0,0,0,0,4,4,4,0
E02-independent-20260917-20260906T142356710504Z,primary,E02,independent,A independent,20260917,default,1,0.1699595,0.22312385,,,0.0357885,,,0,0,0,3,,2,0.01,67.236,57.78125,0.014873,10.0,,0.0,0,4,0,4,0,0,0,0,0,4,4,4,0
E02-independent-20260918-20260906T142356838806Z,primary,E02,independent,A independent,20260918,default,1,0.144843,0.1902597,,,0.029619,,,0,0,0,3,,2,0.01,60.372,57.78125,0.016564,10.0,,0.0,0,4,0,4,0,0,0,0,0,4,4,4,0
E02-independent-20260919-20260906T142356967903Z,primary,E02,independent,A independent,20260919,default,1,0.16921,0.2183599,,,0.032829,,,0,0,0,3,,2,0.01,79.853,57.78125,0.012523,10.0,,0.0,0,4,0,4,0,0,0,0,0,4,4,4,0
E02-independent-20260920-20260906T142357097415Z,primary,E02,independent,A independent,20260920,default,1,0.17219,0.2329139,,,0.032266,,,0,0,0,3,,2,0.01,82.386,57.78125,0.012138,10.0,,0.0,0,4,0,4,0,0,0,0,0,4,4,4,0
E02-independent-20260921-20260906T142357225053Z,primary,E02,independent,A independent,20260921,default,1,0.15201350000000002,0.19517885000000001,,,0.0317865,,,0,0,0,3,,2,0.01,82.427,57.78125,0.012132,10.0,,0.0,0,4,0,4,0,0,0,0,0,4,4,4,0
E02-independent-20260922-20260906T142357352157Z,primary,E02,independent,A independent,20260922,default,1,0.1605175,0.19974355,,,0.0396865,,,0,0,0,3,,2,0.01,69.367,57.78515625,0.014416,10.0,,0.0,0,4,0,4,0,0,0,0,0,4,4,4,0
E02-independent-20260923-20260906T142357481174Z,primary,E02,independent,A independent,20260923,default,1,0.156578,0.2225732,,,0.027201,,,0,0,0,3,,2,0.01,61.229,57.78515625,0.016332,10.0,,0.0,0,4,0,4,0,0,0,0,0,4,4,4,0
E02-independent-20260924-20260906T142357600631Z,primary,E02,independent,A independent,20260924,default,1,0.1504085,0.19261715,,,0.025742,,,0,0,0,3,,2,0.01,74.388,57.78515625,0.013443,10.0,,0.0,0,4,0,4,0,0,0,0,0,4,4,4,0
E02-independent-20260925-20260906T142357731831Z,primary,E02,independent,A independent,20260925,default,1,0.159247,0.21229839999999997,,,0.029994,,,0,0,0,3,,2,0.01,82.802,57.78515625,0.012077,10.0,,0.0,0,4,0,4,0,0,0,0,0,4,4,4,0
E02-independent-20260926-20260906T142357860112Z,primary,E02,independent,A independent,20260926,default,1,0.164207,0.22573729999999997,,,0.0294935,,,0,0,0,3,,2,0.01,75.398,57.78515625,0.013263,10.0,,0.0,0,4,0,4,0,0,0,0,0,4,4,4,0
E02-independent-20260927-20260906T142357992000Z,primary,E02,independent,A independent,20260927,default,1,0.174066,0.24263159999999998,,,0.033350500000000005,,,0,0,0,3,,2,0.01,65.651,57.78515625,0.015232,10.0,,0.0,0,4,0,4,0,0,0,0,0,4,4,4,0
E02-independent-20260928-20260906T142358113567Z,primary,E02,independent,A independent,20260928,default,1,0.1469065,0.19309225,,,0.031036499999999998,,,0,0,0,3,,2,0.01,59.848,57.78515625,0.016709,10.0,,0.0,0,4,0,4,0,0,0,0,0,4,4,4,0
E02-independent-20260929-20260906T142358242837Z,primary,E02,independent,A independent,20260929,default,1,0.1461355,0.18734964999999998,,,0.031453,,,0,0,0,3,,2,0.02,92.833,57.79296875,0.021544,10.0,,0.0,0,4,0,4,0,0,0,0,0,4,4,4,0
E02-independent-20260930-20260906T142358382760Z,primary,E02,independent,A independent,20260930,default,1,0.1526175,0.20705715,,,0.027826500000000004,,,0,0,0,3,,2,0.01,75.93,57.80078125,0.01317,10.0,,0.0,0,4,0,4,0,0,0,0,0,4,4,4,0
E02-independent-20260931-20260906T142358510537Z,primary,E02,independent,A independent,20260931,default,1,0.1481155,0.19227534999999998,,,0.028680999999999998,,,0,0,0,3,,2,0.0,0.0,57.80859375,0.015763,10.0,,0.0,0,4,0,4,0,0,0,0,0,4,4,4,0
E02-independent-20260932-20260906T142358638746Z,primary,E02,independent,A independent,20260932,default,1,0.1731075,0.21578504999999998,,,0.030661,,,0,0,0,3,,2,0.01,62.441,57.80859375,0.016015,10.0,,0.0,0,4,0,4,0,0,0,0,0,4,4,4,0
E02-independent-20260933-20260906T142358768620Z,primary,E02,independent,A independent,20260933,default,1,0.15928799999999999,0.1949685,,,0.032536999999999996,,,0,0,0,3,,2,0.01,70.038,57.80859375,0.014278,10.0,,0.0,0,4,0,4,0,0,0,0,0,4,4,4,0
E02-independent-20260934-20260906T142358898084Z,primary,E02,independent,A independent,20260934,default,1,0.161685,0.2168568,,,0.033767,,,0,0,0,3,,2,0.01,78.101,57.80859375,0.012804,10.0,,0.0,0,4,0,4,0,0,0,0,0,4,4,4,0
E02-independent-20260935-20260906T142359027973Z,primary,E02,independent,A independent,20260935,default,1,0.176025,0.2105985,,,0.0296395,,,0,0,0,3,,2,0.01,82.413,57.80859375,0.012134,10.0,,0.0,0,4,0,4,0,0,0,0,0,4,4,4,0
E02-independent-20260936-20260906T142359145194Z,primary,E02,independent,A independent,20260936,default,1,0.145573,0.1975741,,,0.027889,,,0,0,0,3,,2,0.01,65.522,57.80859375,0.015262,10.0,,0.0,0,4,0,4,0,0,0,0,0,4,4,4,0
E02-static_continuity-20260907-20260906T142359275279Z,primary,E02,static_continuity,B300 static continuity,20260907,default,1,0.1591005,0.21989955,,,0.026846500000000002,,,0,0,0,3,,2,0.01,75.855,57.80859375,0.013183,10.0,,0.0,0,4,0,4,0,0,0,0,0,4,4,4,0
E02-static_continuity-20260908-20260906T142359402179Z,primary,E02,static_continuity,B300 static continuity,20260908,default,1,0.167271,0.23617409999999997,,,0.026596500000000002,,,0,0,0,3,,2,0.01,66.221,57.80859375,0.015101,10.0,,0.0,0,4,0,4,0,0,0,0,0,4,4,4,0
E02-static_continuity-20260909-20260906T142359535298Z,primary,E02,static_continuity,B300 static continuity,20260909,default,1,0.169564,0.22571049999999998,,,0.030932,,,0,0,0,3,,2,0.01,69.18,57.80859375,0.014455,10.0,,0.0,0,4,0,4,0,0,0,0,0,4,4,4,0
E02-static_continuity-20260910-20260906T142359673631Z,primary,E02,static_continuity,B300 static continuity,20260910,default,1,0.1584755,0.20119085,,,0.029661,,,0,0,0,3,,2,0.01,75.7,57.80859375,0.01321,10.0,,0.0,0,4,0,4,0,0,0,0,0,4,4,4,0
E02-static_continuity-20260911-20260906T142359805515Z,primary,E02,static_continuity,B300 static continuity,20260911,default,1,0.170898,0.19868100000000002,,,0.031474,,,0,0,0,3,,2,0.01,54.145,57.80859375,0.018469,10.0,,0.0,0,4,0,4,0,0,0,0,0,4,4,4,0
E02-static_continuity-20260912-20260906T142359939266Z,primary,E02,static_continuity,B300 static continuity,20260912,default,1,0.148824,0.2024757,,,0.0252625,,,0,0,0,3,,2,0.01,61.55,57.80859375,0.016247,10.0,,0.0,0,4,0,4,0,0,0,0,0,4,4,4,0
E02-static_continuity-20260913-20260906T142400072720Z,primary,E02,static_continuity,B300 static continuity,20260913,default,1,0.1470735,0.19348425000000002,,,0.0345175,,,0,0,0,3,,2,0.01,61.989,57.80859375,0.016132,10.0,,0.0,0,4,0,4,0,0,0,0,0,4,4,4,0
E02-static_continuity-20260914-20260906T142400203608Z,primary,E02,static_continuity,B300 static continuity,20260914,default,1,0.144739,0.1857475,,,0.0334125,,,0,0,0,3,,2,0.01,67.458,57.80859375,0.014824,10.0,,0.0,0,4,0,4,0,0,0,0,0,4,4,4,0
E02-static_continuity-20260915-20260906T142400336422Z,primary,E02,static_continuity,B300 static continuity,20260915,default,1,0.14807399999999998,0.1946724,,,0.0298065,,,0,0,0,3,,2,0.01,62.154,57.80859375,0.016089,10.0,,0.0,0,4,0,4,0,0,0,0,0,4,4,4,0
E02-static_continuity-20260916-20260906T142400455651Z,primary,E02,static_continuity,B300 static continuity,20260916,default,1,0.155953,0.19470969999999999,,,0.034017,,,0,0,0,3,,2,0.01,73.883,57.80859375,0.013535,10.0,,0.0,0,4,0,4,0,0,0,0,0,4,4,4,0
E02-static_continuity-20260917-20260906T142400585590Z,primary,E02,static_continuity,B300 static continuity,20260917,default,1,0.16374850000000002,0.21443605,,,0.031182,,,0,0,0,3,,2,0.01,67.618,57.80859375,0.014789,10.0,,0.0,0,4,0,4,0,0,0,0,0,4,4,4,0
E02-static_continuity-20260918-20260906T142400728339Z,primary,E02,static_continuity,B300 static continuity,20260918,default,1,0.155119,0.1936129,,,0.034559,,,0,0,0,3,,2,0.01,62.672,57.80859375,0.015956,10.0,,0.0,0,4,0,4,0,0,0,0,0,4,4,4,0
E02-static_continuity-20260919-20260906T142400854001Z,primary,E02,static_continuity,B300 static continuity,20260919,default,1,0.1527225,0.20174055,,,0.028973,,,0,0,0,3,,2,0.01,79.29,57.80859375,0.012612,10.0,,0.0,0,4,0,4,0,0,0,0,0,4,4,4,0
E02-static_continuity-20260920-20260906T142400981521Z,primary,E02,static_continuity,B300 static continuity,20260920,default,1,0.14944949999999999,0.18648045,,,0.0308905,,,0,0,0,3,,2,0.02,127.967,57.80859375,0.015629,10.0,,0.0,0,4,0,4,0,0,0,0,0,4,4,4,0
E02-static_continuity-20260921-20260906T142401116937Z,primary,E02,static_continuity,B300 static continuity,20260921,default,1,0.158496,0.19710239999999998,,,0.0293895,,,0,0,0,3,,2,0.01,76.965,57.80859375,0.012993,10.0,,0.0,0,4,0,4,0,0,0,0,0,4,4,4,0
E02-static_continuity-20260922-20260906T142401246062Z,primary,E02,static_continuity,B300 static continuity,20260922,default,1,0.156891,0.21153719999999998,,,0.029473,,,0,0,0,3,,2,0.01,61.58,57.80859375,0.016239,10.0,,0.0,0,4,0,4,0,0,0,0,0,4,4,4,0
E02-static_continuity-20260923-20260906T142401376776Z,primary,E02,static_continuity,B300 static continuity,20260923,default,1,0.1630815,0.20600295,,,0.0376025,,,0,0,0,3,,2,0.01,55.991,57.80859375,0.01786,10.0,,0.0,0,4,0,4,0,0,0,0,0,4,4,4,0
E02-static_continuity-20260924-20260906T142401513712Z,primary,E02,static_continuity,B300 static continuity,20260924,default,1,0.1706065,0.21786144999999998,,,0.029452,,,0,0,0,3,,2,0.01,77.113,57.80859375,0.012968,10.0,,0.0,0,4,0,4,0,0,0,0,0,4,4,4,0
E02-static_continuity-20260925-20260906T142401640855Z,primary,E02,static_continuity,B300 static continuity,20260925,default,1,0.15384799999999998,0.215885,,,0.027472,,,0,0,0,3,,2,0.01,68.79,57.80859375,0.014537,10.0,,0.0,0,4,0,4,0,0,0,0,0,4,4,4,0
E02-static_continuity-20260926-20260906T142401777168Z,primary,E02,static_continuity,B300 static continuity,20260926,default,1,0.1505335,0.19758145,,,0.0335795,,,0,0,0,3,,2,0.01,59.677,57.80859375,0.016757,10.0,,0.0,0,4,0,4,0,0,0,0,0,4,4,4,0
E02-static_continuity-20260927-20260906T142401902147Z,primary,E02,static_continuity,B300 static continuity,20260927,default,1,0.1570785,0.19523535,,,0.0315995,,,0,0,0,3,,2,0.01,66.467,57.80859375,0.015045,10.0,,0.0,0,4,0,4,0,0,0,0,0,4,4,4,0
E02-static_continuity-20260928-20260906T142402031535Z,primary,E02,static_continuity,B300 static continuity,20260928,default,1,0.149095,0.1950364,,,0.0299105,,,0,0,0,3,,2,0.01,80.985,57.80859375,0.012348,10.0,,0.0,0,4,0,4,0,0,0,0,0,4,4,4,0
E02-static_continuity-20260929-20260906T142402155882Z,primary,E02,static_continuity,B300 static continuity,20260929,default,1,0.1458645,0.19276305,,,0.032266,,,0,0,0,3,,2,0.01,62.181,57.80859375,0.016082,10.0,,0.0,0,4,0,4,0,0,0,0,0,4,4,4,0
E02-static_continuity-20260930-20260906T142402286373Z,primary,E02,static_continuity,B300 static continuity,20260930,default,1,0.145927,0.1885672,,,0.0303065,,,0,0,0,3,,2,0.01,64.144,57.80859375,0.01559,10.0,,0.0,0,4,0,4,0,0,0,0,0,4,4,4,0
E02-static_continuity-20260931-20260906T142402414907Z,primary,E02,static_continuity,B300 static continuity,20260931,default,1,0.162164,0.21892969999999998,,,0.033600500000000005,,,0,0,0,3,,2,0.01,64.02,57.80859375,0.01562,10.0,,0.0,0,4,0,4,0,0,0,0,0,4,4,4,0
E02-static_continuity-20260932-20260906T142402550244Z,primary,E02,static_continuity,B300 static continuity,20260932,default,1,0.1571615,0.20826214999999998,,,0.030411,,,0,0,0,3,,2,0.01,68.766,57.80859375,0.014542,10.0,,0.0,0,4,0,4,0,0,0,0,0,4,4,4,0
E02-static_continuity-20260933-20260906T142402684714Z,primary,E02,static_continuity,B300 static continuity,20260933,default,1,0.14830300000000002,0.19488250000000001,,,0.0343715,,,0,0,0,3,,2,0.01,63.646,57.80859375,0.015712,10.0,,0.0,0,4,0,4,0,0,0,0,0,4,4,4,0
E02-static_continuity-20260934-20260906T142402813682Z,primary,E02,static_continuity,B300 static continuity,20260934,default,1,0.152618,0.1987286,,,0.0356845,,,0,0,0,3,,2,0.01,70.363,57.80859375,0.014212,10.0,,0.0,0,4,0,4,0,0,0,0,0,4,4,4,0
E02-static_continuity-20260935-20260906T142402929447Z,primary,E02,static_continuity,B300 static continuity,20260935,default,1,0.1759005,0.22664474999999998,,,0.033663,,,0,0,0,3,,2,0.01,73.85,57.80859375,0.013541,10.0,,0.0,0,4,0,4,0,0,0,0,0,4,4,4,0
E02-static_continuity-20260936-20260906T142403050234Z,primary,E02,static_continuity,B300 static continuity,20260936,default,1,0.1637695,0.22396824999999998,,,0.02989,,,0,0,0,3,,2,0.01,67.852,57.80859375,0.014738,10.0,,0.0,0,4,0,4,0,0,0,0,0,4,4,4,0
E03-ca_ztcf-20260907-20260906T142414818275Z,primary,E03,ca_ztcf,C CA-ZTCF,20260907,default,1,0.502868,0.582896,4.722,0.029851,0.026457,0.875455,,0,0,2,4,,3,0.02,141.693,57.96484375,0.014115,30.0,,0.0,0,6,0,6,0,0,0,0,0,6,6,6,0
E03-ca_ztcf-20260908-20260906T142414951915Z,primary,E03,ca_ztcf,C CA-ZTCF,20260908,default,1,0.477613,0.4964716,4.469,0.030694,0.027279,0.928496,,0,0,2,4,,3,0.01,61.361,58.0,0.016297,30.0,,0.0,0,6,0,6,0,0,0,0,0,6,6,6,0
E03-ca_ztcf-20260909-20260906T142415081473Z,primary,E03,ca_ztcf,C CA-ZTCF,20260909,default,1,0.474162,0.4926156,5.6,0.027577,0.028967,0.829847,,0,0,2,4,,3,0.01,72.01,57.9921875,0.013887,30.0,,0.0,0,6,0,6,0,0,0,0,0,6,6,6,0
E03-ca_ztcf-20260910-20260906T142415210373Z,primary,E03,ca_ztcf,C CA-ZTCF,20260910,default,1,0.566704,0.582202,5.137,0.042019,0.0321245,0.932873,,0,0,2,4,,3,0.02,120.817,57.9921875,0.016554,30.0,,0.0,0,6,0,6,0,0,0,0,0,6,6,6,0
E03-ca_ztcf-20260911-20260906T142415329865Z,primary,E03,ca_ztcf,C CA-ZTCF,20260911,default,1,0.511128,0.5284458,4.8,0.028588,0.027914,0.985249,,0,0,2,4,,3,0.02,134.59,58.00390625,0.01486,30.0,,0.0,0,6,0,6,0,0,0,0,0,6,6,6,0
E03-ca_ztcf-20260912-20260906T142415462297Z,primary,E03,ca_ztcf,C CA-ZTCF,20260912,default,1,0.498329,0.5127659,4.589,0.029767,0.02604,0.878518,,0,0,2,4,,3,0.01,72.119,58.00390625,0.013866,30.0,,0.0,0,6,0,6,0,0,0,0,0,6,6,6,0
E03-ca_ztcf-20260913-20260906T142415595878Z,primary,E03,ca_ztcf,C CA-ZTCF,20260913,default,1,0.491804,0.5166233,4.8,0.025682,0.0321665,0.994553,,0,0,2,4,,3,0.01,68.837,58.0078125,0.014527,30.0,,0.0,0,6,0,6,0,0,0,0,0,6,6,6,0
E03-ca_ztcf-20260914-20260906T142415727756Z,primary,E03,ca_ztcf,C CA-ZTCF,20260914,default,1,0.492309,0.5161428,4.673,0.028883,0.0268405,0.954639,,0,0,2,4,,3,0.02,126.936,58.02734375,0.015756,30.0,,0.0,0,6,0,6,0,0,0,0,0,6,6,6,0
E03-ca_ztcf-20260915-20260906T142415857356Z,primary,E03,ca_ztcf,C CA-ZTCF,20260915,default,1,0.447385,0.5291572,4.421,0.028251,0.025935,0.836499,,0,0,2,4,,3,0.01,63.0,58.02734375,0.015873,30.0,,0.0,0,6,0,6,0,0,0,0,0,6,6,6,0
E03-ca_ztcf-20260916-20260906T142415983472Z,primary,E03,ca_ztcf,C CA-ZTCF,20260916,default,1,0.451047,0.5225888999999999,4.253,0.030693,0.022357000000000002,0.822268,,0,0,2,4,,3,0.02,121.403,58.03515625,0.016474,30.0,,0.0,0,6,0,6,0,0,0,0,0,6,6,6,0
E03-ca_ztcf-20260917-20260906T142416115524Z,primary,E03,ca_ztcf,C CA-ZTCF,20260917,default,1,0.513568,0.5187529000000001,4.71,0.037215,0.032168999999999996,0.901278,,0,0,2,4,,3,0.01,72.501,58.03515625,0.013793,30.0,,0.0,0,6,0,6,0,0,0,0,0,6,6,6,0
E03-ca_ztcf-20260918-20260906T142416244290Z,primary,E03,ca_ztcf,C CA-ZTCF,20260918,default,1,0.514409,0.518837,4.962,0.027081,0.027438,1.052787,,0,0,2,4,,3,0.01,66.423,58.02734375,0.015055,30.0,,0.0,0,6,0,6,0,0,0,0,0,6,6,6,0
E03-ca_ztcf-20260919-20260906T142416379528Z,primary,E03,ca_ztcf,C CA-ZTCF,20260919,default,1,0.478581,0.48569640000000003,4.247,0.027165,0.026029999999999998,0.887905,,0,0,2,4,,3,0.01,53.83,58.03515625,0.018577,30.0,,0.0,0,6,0,6,0,0,0,0,0,6,6,6,0
E03-ca_ztcf-20260920-20260906T142416515119Z,primary,E03,ca_ztcf,C CA-ZTCF,20260920,default,1,0.477067,0.4884214,4.541,0.025861,0.023443,0.910024,,0,0,2,4,,3,0.01,58.824,58.03515625,0.017,30.0,,0.0,0,6,0,6,0,0,0,0,0,6,6,6,0
E03-ca_ztcf-20260921-20260906T142416654148Z,primary,E03,ca_ztcf,C CA-ZTCF,20260921,default,1,0.449398,0.4872439,4.079,0.028636,0.029645499999999998,0.821255,,0,0,2,4,,3,0.01,58.059,58.02734375,0.017224,30.0,,0.0,0,6,0,6,0,0,0,0,0,6,6,6,0
E03-ca_ztcf-20260922-20260906T142416785711Z,primary,E03,ca_ztcf,C CA-ZTCF,20260922,default,1,0.494057,0.4972358,4.668,0.02687,0.026345,0.849639,,0,0,2,4,,3,0.02,135.419,58.02734375,0.014769,30.0,,0.0,0,6,0,6,0,0,0,0,0,6,6,6,0
E03-ca_ztcf-20260923-20260906T142416915044Z,primary,E03,ca_ztcf,C CA-ZTCF,20260923,default,1,0.472821,0.49870770000000003,4.247,0.035407,0.0340615,0.858932,,0,0,2,4,,3,0.01,70.205,58.02734375,0.014244,30.0,,0.0,0,6,0,6,0,0,0,0,0,6,6,6,0
E03-ca_ztcf-20260924-20260906T142417048886Z,primary,E03,ca_ztcf,C CA-ZTCF,20260924,default,1,0.442738,0.46818099999999996,4.704,0.027135,0.028984,0.861868,,0,0,2,4,,3,0.01,59.716,58.03515625,0.016746,30.0,,0.0,0,6,0,6,0,0,0,0,0,6,6,6,0
E03-ca_ztcf-20260925-20260906T142417187156Z,primary,E03,ca_ztcf,C CA-ZTCF,20260925,default,1,0.489826,0.5159115999999999,4.494,0.027345,0.0227045,0.813395,,0,0,2,4,,3,0.01,60.118,58.03515625,0.016634,30.0,,0.0,0,6,0,6,0,0,0,0,0,6,6,6,0
E03-ca_ztcf-20260926-20260906T142417316338Z,primary,E03,ca_ztcf,C CA-ZTCF,20260926,default,1,0.492724,0.5030442999999999,5.335,0.027094,0.0256655,0.911982,,0,0,2,4,,3,0.02,119.282,58.05078125,0.016767,30.0,,0.0,0,6,0,6,0,0,0,0,0,6,6,6,0
E03-ca_ztcf-20260927-20260906T142417440388Z,primary,E03,ca_ztcf,C CA-ZTCF,20260927,default,1,0.481719,0.5511666000000001,4.116,0.027009,0.020561500000000003,0.760258,,0,0,2,4,,3,0.01,72.717,58.05078125,0.013752,30.0,,0.0,0,6,0,6,0,0,0,0,0,6,6,6,0
E03-ca_ztcf-20260928-20260906T142417569471Z,primary,E03,ca_ztcf,C CA-ZTCF,20260928,default,1,0.500117,0.5344826,4.831,0.028144,0.0244895,0.937311,,0,0,2,4,,3,0.01,65.113,58.04296875,0.015358,30.0,,0.0,0,6,0,6,0,0,0,0,0,6,6,6,0
E03-ca_ztcf-20260929-20260906T142417706412Z,primary,E03,ca_ztcf,C CA-ZTCF,20260929,default,1,0.441268,0.4658785,4.243,0.027094,0.025287499999999997,0.895977,,0,0,2,4,,3,0.01,54.744,58.04296875,0.018267,30.0,,0.0,0,6,0,6,0,0,0,0,0,6,6,6,0
E03-ca_ztcf-20260930-20260906T142417833256Z,primary,E03,ca_ztcf,C CA-ZTCF,20260930,default,1,0.506544,0.5231031,4.746,0.027304,0.023796499999999998,0.859349,,0,0,2,4,,3,0.01,68.54,58.04296875,0.01459,30.0,,0.0,0,6,0,6,0,0,0,0,0,6,6,6,0
E03-ca_ztcf-20260931-20260906T142417961759Z,primary,E03,ca_ztcf,C CA-ZTCF,20260931,default,1,0.472646,0.5237579000000001,4.117,0.028438,0.031315,0.940167,,0,0,2,4,,3,0.01,66.041,58.04296875,0.015142,30.0,,0.0,0,6,0,6,0,0,0,0,0,6,6,6,0
E03-ca_ztcf-20260932-20260906T142418093516Z,primary,E03,ca_ztcf,C CA-ZTCF,20260932,default,1,0.49251,0.5060685,4.743,0.028327,0.0357335,0.912293,,0,0,2,4,,3,0.02,133.262,58.04296875,0.015008,30.0,,0.0,0,6,0,6,0,0,0,0,0,6,6,6,0
E03-ca_ztcf-20260933-20260906T142418213014Z,primary,E03,ca_ztcf,C CA-ZTCF,20260933,default,1,0.44769,0.4637046,4.28,0.03265,0.0252215,0.849512,,0,0,2,4,,3,0.01,57.874,58.04296875,0.017279,30.0,,0.0,0,6,0,6,0,0,0,0,0,6,6,6,0
E03-ca_ztcf-20260934-20260906T142418339952Z,primary,E03,ca_ztcf,C CA-ZTCF,20260934,default,1,0.463344,0.5261163,4.322,0.027487,0.0202065,0.858535,,0,0,2,4,,3,0.01,45.867,58.04296875,0.021802,30.0,,0.0,0,6,0,6,0,0,0,0,0,6,6,6,0
E03-ca_ztcf-20260935-20260906T142418347285Z,primary,E03,ca_ztcf,C CA-ZTCF,20260935,default,1,0.545147,0.5466482,4.919,0.029223,0.0302655,4.089544,,0,0,2,4,,3,0.01,46.505,58.05859375,0.021503,30.0,,0.0,0,6,0,6,0,0,0,0,0,6,6,6,0
E03-ca_ztcf-20260936-20260906T142418487220Z,primary,E03,ca_ztcf,C CA-ZTCF,20260936,default,1,0.511631,0.5329043,5.211,0.027973,0.028765,0.973361,,0,0,2,4,,3,0.02,133.878,58.05859375,0.014939,30.0,,0.0,0,6,0,6,0,0,0,0,0,6,6,6,0
E03-independent-20260907-20260906T142407792919Z,primary,E03,independent,A independent,20260907,default,1,0.154036,0.2438173,,0.035268,0.02939,0.543272,,1,0,2,4,,3,0.01,61.399,57.83984375,0.016287,30.0,,0.3333333333333333,0,4,0,4,0,0,2,2,0,6,6,4,0
E03-independent-20260908-20260906T142407923985Z,primary,E03,independent,A independent,20260908,default,1,0.125313,0.2095422,,0.028431,0.020969,0.47232,,1,0,2,4,,3,0.01,71.013,57.859375,0.014082,30.0,,0.3333333333333333,0,4,0,4,0,0,2,2,0,6,6,4,0
E03-independent-20260909-20260906T142408056946Z,primary,E03,independent,A independent,20260909,default,1,0.108054,0.20789100000000002,,0.03927,0.028097499999999997,0.380356,,1,0,2,4,,3,0.01,78.438,57.875,0.012749,30.0,,0.3333333333333333,0,4,0,4,0,0,2,2,0,6,6,4,0
E03-independent-20260910-20260906T142408178928Z,primary,E03,independent,A independent,20260910,default,1,0.135651,0.2035974,,0.032141,0.025158,0.572912,,1,0,2,4,,3,0.01,58.204,57.875,0.017181,30.0,,0.3333333333333333,0,4,0,4,0,0,2,2,0,6,6,4,0
E03-independent-20260911-20260906T142408308268Z,primary,E03,independent,A independent,20260911,default,1,0.109638,0.21585329999999997,,0.02718,0.0363305,0.441929,,1,0,2,4,,3,0.01,64.88,57.875,0.015413,30.0,,0.3333333333333333,0,4,0,4,0,0,2,2,0,6,6,4,0
E03-independent-20260912-20260906T142408431711Z,primary,E03,independent,A independent,20260912,default,1,0.125646,0.1893156,,0.025847,0.0252,0.466441,,1,0,2,4,,3,0.02,121.78,57.875,0.016423,30.0,,0.3333333333333333,0,4,0,4,0,0,2,2,0,6,6,4,0
E03-independent-20260913-20260906T142408560113Z,primary,E03,independent,A independent,20260913,default,1,0.111847,0.2208397,,0.02964,0.028097,0.490328,,1,0,2,4,,3,0.01,64.23,57.87890625,0.015569,30.0,,0.3333333333333333,0,4,0,4,0,0,2,2,0,6,6,4,0
E03-independent-20260914-20260906T142408689412Z,primary,E03,independent,A independent,20260914,default,1,0.110472,0.19830389999999998,,0.025805,0.027117500000000003,0.520885,,1,0,2,4,,3,0.01,69.867,57.875,0.014313,30.0,,0.3333333333333333,0,4,0,4,0,0,2,2,0,6,6,4,0
E03-independent-20260915-20260906T142408804661Z,primary,E03,independent,A independent,20260915,default,1,0.110305,0.20278809999999997,,0.026638,0.029369,0.533392,,1,0,2,4,,3,0.01,61.406,57.875,0.016285,30.0,,0.3333333333333333,0,4,0,4,0,0,2,2,0,6,6,4,0
E03-independent-20260916-20260906T142408933841Z,primary,E03,independent,A independent,20260916,default,1,0.112181,0.1949099,,0.024888,0.0288065,0.371352,,1,0,2,4,,3,0.02,128.312,57.875,0.015587,30.0,,0.3333333333333333,0,4,0,4,0,0,2,2,0,6,6,4,0
E03-independent-20260917-20260906T142408356903Z,primary,E03,independent,A independent,20260917,default,1,0.112723,0.2102722,,0.029765,0.021094500000000002,0.410121,,1,0,2,4,,3,0.01,78.895,57.875,0.012675,30.0,,0.3333333333333333,0,4,0,4,0,0,2,2,0,6,6,4,0
E03-independent-20260918-20260906T142408475039Z,primary,E03,independent,A independent,20260918,default,1,0.121227,0.1973526,,0.030223,0.026721500000000002,0.49358,,1,0,2,4,,3,0.01,64.838,57.875,0.015423,30.0,,0.3333333333333333,0,4,0,4,0,0,2,2,0,6,6,4,0
E03-independent-20260919-20260906T142408591412Z,primary,E03,independent,A independent,20260919,default,1,0.134442,0.21600809999999998,,0.026888,0.0279715,0.400867,,1,0,2,4,,3,0.01,71.408,57.875,0.014004,30.0,,0.3333333333333333,0,4,0,4,0,0,2,2,0,6,6,4,0
E03-independent-20260920-20260906T142408715618Z,primary,E03,independent,A independent,20260920,default,1,0.130482,0.214524,,0.027638,0.028867999999999998,0.398365,,1,0,2,4,,3,0.01,79.397,57.875,0.012595,30.0,,0.3333333333333333,0,4,0,4,0,0,2,2,0,6,6,4,0
E03-independent-20260921-20260906T142408841219Z,primary,E03,independent,A independent,20260921,default,1,0.106803,0.2159829,,0.053027,0.0254505,0.44739,,1,0,2,4,,3,0.01,65.539,57.875,0.015258,30.0,,0.3333333333333333,0,4,0,4,0,0,2,2,0,6,6,4,0
E03-independent-20260922-20260906T142408954831Z,primary,E03,independent,A independent,20260922,default,1,0.11214,0.19873259999999998,,0.025804,0.0268475,0.4353,,1,0,2,4,,3,0.02,116.747,57.875,0.017131,30.0,,0.3333333333333333,0,4,0,4,0,0,2,2,0,6,6,4,0
E03-independent-20260923-20260906T142409070810Z,primary,E03,independent,A independent,20260923,default,1,0.11612,0.19673569999999999,,0.027443,0.030383,0.486512,,1,0,2,4,,3,0.01,62.629,57.875,0.015967,30.0,,0.3333333333333333,0,4,0,4,0,0,2,2,0,6,6,4,0
E03-independent-20260924-20260906T142409203729Z,primary,E03,independent,A independent,20260924,default,1,0.114373,0.1928413,,0.027144,0.026036999999999998,0.463884,,1,0,2,4,,3,0.01,61.626,57.890625,0.016227,30.0,,0.3333333333333333,0,4,0,4,0,0,2,2,0,6,6,4,0
E03-independent-20260925-20260906T142409335954Z,primary,E03,independent,A independent,20260925,default,1,0.100268,0.21279139999999996,,0.032301,0.025973000000000003,0.482847,,1,0,2,4,,3,0.01,65.647,57.89453125,0.015233,30.0,,0.3333333333333333,0,4,0,4,0,0,2,2,0,6,6,4,0
E03-independent-20260926-20260906T142409453592Z,primary,E03,independent,A independent,20260926,default,1,0.123833,0.21994219999999998,,0.027784,0.0264195,0.529295,,1,0,2,4,,3,0.01,72.886,57.89453125,0.01372,30.0,,0.3333333333333333,0,4,0,4,0,0,2,2,0,6,6,4,0
E03-independent-20260927-20260906T142409584738Z,primary,E03,independent,A independent,20260927,default,1,0.126177,0.2236281,,0.02936,0.030234,0.523202,,1,0,2,4,,3,0.01,64.977,57.89453125,0.01539,30.0,,0.3333333333333333,0,4,0,4,0,0,2,2,0,6,6,4,0
E03-independent-20260928-20260906T142409715193Z,primary,E03,independent,A independent,20260928,default,1,0.098905,0.18979779999999996,,0.027827,0.0231175,0.482293,,1,0,2,4,,3,0.01,60.632,57.89453125,0.016493,30.0,,0.3333333333333333,0,4,0,4,0,0,2,2,0,6,6,4,0
E03-independent-20260929-20260906T142409848309Z,primary,E03,independent,A independent,20260929,default,1,0.120595,0.21179469999999997,,0.02936,0.029680500000000002,0.499722,,1,0,2,4,,3,0.0,0.0,57.89453125,0.016911,30.0,,0.3333333333333333,0,4,0,4,0,0,2,2,0,6,6,4,0
E03-independent-20260930-20260906T142409974254Z,primary,E03,independent,A independent,20260930,default,1,0.125069,0.2008904,,0.027358,0.027805,0.541398,,1,0,2,4,,3,0.02,135.52,57.89453125,0.014758,30.0,,0.3333333333333333,0,4,0,4,0,0,2,2,0,6,6,4,0
E03-independent-20260931-20260906T142410096410Z,primary,E03,independent,A independent,20260931,default,1,0.117547,0.1931245,,0.028218,0.027049999999999998,0.511242,,1,0,2,4,,3,0.01,76.781,57.89453125,0.013024,30.0,,0.3333333333333333,0,4,0,4,0,0,2,2,0,6,6,4,0
E03-independent-20260932-20260906T142410225772Z,primary,E03,independent,A independent,20260932,default,1,0.11045,0.19455679999999997,,0.0286,0.0217585,0.493521,,1,0,2,4,,3,0.02,144.844,57.89453125,0.013808,30.0,,0.3333333333333333,0,4,0,4,0,0,2,2,0,6,6,4,0
E03-independent-20260933-20260906T142410357876Z,primary,E03,independent,A independent,20260933,default,1,0.104416,0.21567759999999997,,0.037737,0.0274955,0.490546,,1,0,2,4,,3,0.01,64.973,57.89453125,0.015391,30.0,,0.3333333333333333,0,4,0,4,0,0,2,2,0,6,6,4,0
E03-independent-20260934-20260906T142410487182Z,primary,E03,independent,A independent,20260934,default,1,0.111258,0.2154438,,0.028431,0.026772999999999998,0.477202,,1,0,2,4,,3,0.01,62.668,57.89453125,0.015957,30.0,,0.3333333333333333,0,4,0,4,0,0,2,2,0,6,6,4,0
E03-independent-20260935-20260906T142410618660Z,primary,E03,independent,A independent,20260935,default,1,0.142578,0.2157462,,0.026816,0.033509,0.518551,,1,0,2,4,,3,0.01,62.566,57.89453125,0.015983,30.0,,0.3333333333333333,0,4,0,4,0,0,2,2,0,6,6,4,0
E03-independent-20260936-20260906T142410756683Z,primary,E03,independent,A independent,20260936,default,1,0.124432,0.2167612,,0.030258,0.0298545,0.53861,,1,0,2,4,,3,0.02,144.686,57.89453125,0.013823,30.0,,0.3333333333333333,0,4,0,4,0,0,2,2,0,6,6,4,0
E03-static_continuity-20260907-20260906T142410880245Z,primary,E03,static_continuity,B300 static continuity,20260907,default,1,0.112277,0.19232929999999998,,0.026689,0.028324500000000002,0.492543,,0,0,0,4,,3,0.01,62.85,57.89453125,0.015911,30.0,,0.16666666666666666,0,5,0,5,0,0,1,1,0,6,6,5,0
E03-static_continuity-20260908-20260906T142411012776Z,primary,E03,static_continuity,B300 static continuity,20260908,default,1,0.116293,0.20630289999999998,,0.028956,0.032348,0.401236,,0,0,0,4,,3,0.01,78.107,57.89453125,0.012803,30.0,,0.16666666666666666,0,5,0,5,0,0,1,1,0,6,6,5,0
E03-static_continuity-20260909-20260906T142411143549Z,primary,E03,static_continuity,B300 static continuity,20260909,default,1,0.1143,0.2343015,,0.033366,0.0233395,0.465254,,0,0,0,4,,3,0.01,67.517,57.89453125,0.014811,30.0,,0.16666666666666666,0,5,0,5,0,0,1,1,0,6,6,5,0
E03-static_continuity-20260910-20260906T142411267099Z,primary,E03,static_continuity,B300 static continuity,20260910,default,1,0.125153,0.2075327,,0.028278,0.0272815,0.50604,,0,0,0,4,,3,0.01,68.738,57.89453125,0.014548,30.0,,0.16666666666666666,0,5,0,5,0,0,1,1,0,6,6,5,0
E03-static_continuity-20260911-20260906T142411402744Z,primary,E03,static_continuity,B300 static continuity,20260911,default,1,0.112308,0.2136129,,0.035485,0.030334,0.466526,,0,0,0,4,,3,0.01,60.518,57.8984375,0.016524,30.0,,0.16666666666666666,0,5,0,5,0,0,1,1,0,6,6,5,0
E03-static_continuity-20260912-20260906T142411534300Z,primary,E03,static_continuity,B300 static continuity,20260912,default,1,0.144189,0.21050460000000001,,0.028618,0.027197000000000002,0.427818,,0,0,0,4,,3,0.01,71.306,57.8984375,0.014024,30.0,,0.16666666666666666,0,5,0,5,0,0,1,1,0,6,6,5,0
E03-static_continuity-20260913-20260906T142411666395Z,primary,E03,static_continuity,B300 static continuity,20260913,default,1,0.116249,0.2133581,,0.0276,0.028321,0.481874,,0,0,0,4,,3,0.01,59.669,57.8984375,0.016759,30.0,,0.16666666666666666,0,5,0,5,0,0,1,1,0,6,6,5,0
E03-static_continuity-20260914-20260906T142411808078Z,primary,E03,static_continuity,B300 static continuity,20260914,default,1,0.109975,0.2140276,,0.027515,0.025585999999999998,0.537582,,0,0,0,4,,3,0.01,70.822,57.8984375,0.01412,30.0,,0.16666666666666666,0,5,0,5,0,0,1,1,0,6,6,5,0
E03-static_continuity-20260915-20260906T142411937928Z,primary,E03,static_continuity,B300 static continuity,20260915,default,1,0.10883,0.20395459999999999,,0.027133,0.0283205,0.413997,,0,0,0,4,,3,0.01,62.081,57.8984375,0.016108,30.0,,0.16666666666666666,0,5,0,5,0,0,1,1,0,6,6,5,0
E03-static_continuity-20260916-20260906T142412065696Z,primary,E03,static_continuity,B300 static continuity,20260916,default,1,0.122311,0.2242801,,0.026654,0.0246655,0.505998,,0,0,0,4,,3,0.01,65.036,57.8984375,0.015376,30.0,,0.16666666666666666,0,5,0,5,0,0,1,1,0,6,6,5,0
E03-static_continuity-20260917-20260906T142412198857Z,primary,E03,static_continuity,B300 static continuity,20260917,default,1,0.125823,0.1919613,,0.027754,0.0286,0.498467,,0,0,0,4,,3,0.01,72.998,57.91015625,0.013699,30.0,,0.16666666666666666,0,5,0,5,0,0,1,1,0,6,6,5,0
E03-static_continuity-20260918-20260906T142412325162Z,primary,E03,static_continuity,B300 static continuity,20260918,default,1,0.139742,0.208736,,0.030166,0.0285575,0.526347,,0,0,0,4,,3,0.01,69.522,57.92578125,0.014384,30.0,,0.16666666666666666,0,5,0,5,0,0,1,1,0,6,6,5,0
E03-static_continuity-20260919-20260906T142412446875Z,primary,E03,static_continuity,B300 static continuity,20260919,default,1,0.097264,0.19447479999999998,,0.0253,0.0232055,0.42151,,0,0,0,4,,3,0.01,55.586,57.92578125,0.01799,30.0,,0.16666666666666666,0,5,0,5,0,0,1,1,0,6,6,5,0
E03-static_continuity-20260920-20260906T142412591750Z,primary,E03,static_continuity,B300 static continuity,20260920,default,1,0.160134,0.22440749999999998,,0.027584,0.027605499999999998,0.538913,,0,0,0,4,,3,0.01,56.227,57.92578125,0.017785,30.0,,0.16666666666666666,0,5,0,5,0,0,1,1,0,6,6,5,0
E03-static_continuity-20260921-20260906T142412724059Z,primary,E03,static_continuity,B300 static continuity,20260921,default,1,0.134834,0.22511389999999998,,0.029912,0.025575,0.402344,,0,0,0,4,,3,0.01,68.517,57.92578125,0.014595,30.0,,0.16666666666666666,0,5,0,5,0,0,1,1,0,6,6,5,0
E03-static_continuity-20260922-20260906T142412850577Z,primary,E03,static_continuity,B300 static continuity,20260922,default,1,0.110677,0.21645399999999998,,0.030419,0.0268225,0.427009,,0,0,0,4,,3,0.01,76.406,57.92578125,0.013088,30.0,,0.16666666666666666,0,5,0,5,0,0,1,1,0,6,6,5,0
E03-static_continuity-20260923-20260906T142412968793Z,primary,E03,static_continuity,B300 static continuity,20260923,default,1,0.129927,0.2203968,,0.028811,0.0264425,0.403232,,0,0,0,4,,3,0.01,75.154,57.92578125,0.013306,30.0,,0.16666666666666666,0,5,0,5,0,0,1,1,0,6,6,5,0
E03-static_continuity-20260924-20260906T142413086367Z,primary,E03,static_continuity,B300 static continuity,20260924,default,1,0.122889,0.2253567,,0.028589,0.0239445,0.405112,,0,0,0,4,,3,0.01,78.364,57.92578125,0.012761,30.0,,0.16666666666666666,0,5,0,5,0,0,1,1,0,6,6,5,0
E03-static_continuity-20260925-20260906T142413213575Z,primary,E03,static_continuity,B300 static continuity,20260925,default,1,0.113261,0.1858541,,0.026055,0.028187999999999998,0.548906,,0,0,0,4,,3,0.01,63.179,57.92578125,0.015828,30.0,,0.16666666666666666,0,5,0,5,0,0,1,1,0,6,6,5,0
E03-static_continuity-20260926-20260906T142413345462Z,primary,E03,static_continuity,B300 static continuity,20260926,default,1,0.129266,0.1925477,,0.027239,0.028167499999999998,0.468457,,0,0,0,4,,3,0.02,123.686,57.92578125,0.01617,30.0,,0.16666666666666666,0,5,0,5,0,0,1,1,0,6,6,5,0
E03-static_continuity-20260927-20260906T142413477936Z,primary,E03,static_continuity,B300 static continuity,20260927,default,1,0.115541,0.1902248,,0.026014,0.0239865,0.479606,,0,0,0,4,,3,0.01,77.28,57.92578125,0.01294,30.0,,0.16666666666666666,0,5,0,5,0,0,1,1,0,6,6,5,0
E03-static_continuity-20260928-20260906T142413600491Z,primary,E03,static_continuity,B300 static continuity,20260928,default,1,0.111107,0.2064665,,0.026858,0.032834,0.491176,,0,0,0,4,,3,0.01,68.046,57.9296875,0.014696,30.0,,0.16666666666666666,0,5,0,5,0,0,1,1,0,6,6,5,0
E03-static_continuity-20260929-20260906T142413731496Z,primary,E03,static_continuity,B300 static continuity,20260929,default,1,0.114021,0.1940256,,0.026267,0.0272385,0.450129,,0,0,0,4,,3,0.01,54.113,57.9296875,0.01848,30.0,,0.16666666666666666,0,5,0,5,0,0,1,1,0,6,6,5,0
E03-static_continuity-20260930-20260906T142413867491Z,primary,E03,static_continuity,B300 static continuity,20260930,default,1,0.10131,0.21863759999999996,,0.030532,0.024831,0.42099,,0,0,0,4,,3,0.03,80.582,57.9296875,0.037229,30.0,,0.16666666666666666,0,5,0,5,0,0,1,1,0,6,6,5,0
E03-static_continuity-20260931-20260906T142414031724Z,primary,E03,static_continuity,B300 static continuity,20260931,default,1,0.121217,0.23091799999999998,,0.034699,0.0365335,0.517667,,0,0,0,4,,3,0.01,59.945,57.9453125,0.016682,30.0,,0.16666666666666666,0,5,0,5,0,0,1,1,0,6,6,5,0
E03-static_continuity-20260932-20260906T142414165051Z,primary,E03,static_continuity,B300 static continuity,20260932,default,1,0.100093,0.19818309999999997,,0.029092,0.0244125,0.427525,,0,0,0,4,,3,0.01,64.16,57.9609375,0.015586,30.0,,0.16666666666666666,0,5,0,5,0,0,1,1,0,6,6,5,0
E03-static_continuity-20260933-20260906T142414292179Z,primary,E03,static_continuity,B300 static continuity,20260933,default,1,0.134835,0.1864032,,0.024707,0.024391,0.470867,,0,0,0,4,,3,0.01,54.873,57.9609375,0.018224,30.0,,0.16666666666666666,0,5,0,5,0,0,1,1,0,6,6,5,0
E03-static_continuity-20260934-20260906T142414423842Z,primary,E03,static_continuity,B300 static continuity,20260934,default,1,0.103003,0.2124763,,0.029724,0.028502,0.384899,,0,0,0,4,,3,0.01,77.25,57.9609375,0.012945,30.0,,0.16666666666666666,0,5,0,5,0,0,1,1,0,6,6,5,0
E03-static_continuity-20260935-20260906T142414551327Z,primary,E03,static_continuity,B300 static continuity,20260935,default,1,0.126781,0.19428819999999997,,0.030863,0.026013500000000002,0.49414,,0,0,0,4,,3,0.01,67.939,57.9609375,0.014719,30.0,,0.16666666666666666,0,5,0,5,0,0,1,1,0,6,6,5,0
E03-static_continuity-20260936-20260906T142414684567Z,primary,E03,static_continuity,B300 static continuity,20260936,default,1,0.098786,0.20154350000000001,,0.028122,0.0281845,0.504344,,0,0,0,4,,3,0.01,61.774,57.9609375,0.016188,30.0,,0.16666666666666666,0,5,0,5,0,0,1,1,0,6,6,5,0
E04-ca_ztcf-20260907-20260906T142426585195Z,primary,E04,ca_ztcf,C CA-ZTCF,20260907,default,1,0.462753,0.5834871,4.163,0.0260935,0.029479,0.957844,,0,0,2,3,,2,0.01,55.769,58.1171875,0.017931,30.0,,0.0,0,5,0,5,0,0,0,0,0,5,5,5,0
E04-ca_ztcf-20260908-20260906T142426716289Z,primary,E04,ca_ztcf,C CA-ZTCF,20260908,default,1,0.462542,0.5043650000000001,4.163,0.0225195,0.028849,0.909316,,0,0,2,3,,2,0.02,137.099,58.1328125,0.014588,30.0,,0.0,0,5,0,5,0,0,0,0,0,5,5,5,0
E04-ca_ztcf-20260909-20260906T142426831657Z,primary,E04,ca_ztcf,C CA-ZTCF,20260909,default,1,0.447151,0.4846207,4.079,0.0241385,0.032886,0.877649,,0,0,2,3,,2,0.01,63.403,58.12890625,0.015772,30.0,,0.0,0,5,0,5,0,0,0,0,0,5,5,5,0
E04-ca_ztcf-20260910-20260906T142426960017Z,primary,E04,ca_ztcf,C CA-ZTCF,20260910,default,1,0.501526,0.5202613,4.752,0.0236545,0.029059,0.911124,,0,0,2,3,,2,0.01,64.742,58.12890625,0.015446,30.0,,0.0,0,5,0,5,0,0,0,0,0,5,5,5,0
E04-ca_ztcf-20260911-20260906T142427090129Z,primary,E04,ca_ztcf,C CA-ZTCF,20260911,default,1,0.480523,0.5535283,4.284,0.021802000000000002,0.031254,0.842585,,0,0,2,3,,2,0.02,137.533,58.12890625,0.014542,30.0,,0.0,0,5,0,5,0,0,0,0,0,5,5,5,0
E04-ca_ztcf-20260912-20260906T142427223778Z,primary,E04,ca_ztcf,C CA-ZTCF,20260912,default,1,0.483464,0.5196827,4.201,0.02113,0.037345,0.943193,,0,0,2,3,,2,0.02,130.234,58.12890625,0.015357,30.0,,0.0,0,5,0,5,0,0,0,0,0,5,5,5,0
E04-ca_ztcf-20260913-20260906T142427360252Z,primary,E04,ca_ztcf,C CA-ZTCF,20260913,default,1,0.448598,0.49079,3.991,0.0224105,0.028607,0.876065,,0,0,2,3,,2,0.01,54.242,58.12890625,0.018436,30.0,,0.0,0,5,0,5,0,0,0,0,0,5,5,5,0
E04-ca_ztcf-20260914-20260906T142427494186Z,primary,E04,ca_ztcf,C CA-ZTCF,20260914,default,1,0.477456,0.5084583,4.452,0.0309175,0.029321,0.933448,,0,0,2,3,,2,0.01,56.126,58.12890625,0.017817,30.0,,0.0,0,5,0,5,0,0,0,0,0,5,5,5,0
E04-ca_ztcf-20260915-20260906T142427611658Z,primary,E04,ca_ztcf,C CA-ZTCF,20260915,default,1,0.503837,0.5501123,5.124,0.026464500000000002,0.031338,0.986545,,0,0,2,3,,2,0.02,116.747,58.12890625,0.017131,30.0,,0.0,0,5,0,5,0,0,0,0,0,5,5,5,0
E04-ca_ztcf-20260916-20260906T142427746982Z,primary,E04,ca_ztcf,C CA-ZTCF,20260916,default,1,0.453008,0.5242358,4.41,0.0244905,0.030498,0.85943,,0,0,2,3,,2,0.01,68.852,58.1640625,0.014524,30.0,,0.0,0,5,0,5,0,0,0,0,0,5,5,5,0
E04-ca_ztcf-20260917-20260906T142427873968Z,primary,E04,ca_ztcf,C CA-ZTCF,20260917,default,1,0.456537,0.5444751,4.201,0.025078,0.028019,0.79894,,0,0,2,3,,2,0.01,63.629,58.17578125,0.015716,30.0,,0.0,0,5,0,5,0,0,0,0,0,5,5,5,0
E04-ca_ztcf-20260918-20260906T142427992232Z,primary,E04,ca_ztcf,C CA-ZTCF,20260918,default,1,0.493915,0.5189944000000001,4.784,0.0240265,0.027699,0.867257,,0,0,2,3,,2,0.02,146.499,58.17578125,0.013652,30.0,,0.0,0,5,0,5,0,0,0,0,0,5,5,5,0
E04-ca_ztcf-20260919-20260906T142428126985Z,primary,E04,ca_ztcf,C CA-ZTCF,20260919,default,1,0.436336,0.495862,4.112,0.023585500000000002,0.028789,0.761332,,0,0,2,3,,2,0.02,121.264,58.17578125,0.016493,30.0,,0.0,0,5,0,5,0,0,0,0,0,5,5,5,0
E04-ca_ztcf-20260920-20260906T142428251630Z,primary,E04,ca_ztcf,C CA-ZTCF,20260920,default,1,0.516661,0.5255755,4.7,0.025390500000000003,0.034204,1.043185,,0,0,2,3,,2,0.02,138.15,58.17578125,0.014477,30.0,,0.0,0,5,0,5,0,0,0,0,0,5,5,5,0
E04-ca_ztcf-20260921-20260906T142428371176Z,primary,E04,ca_ztcf,C CA-ZTCF,20260921,default,1,0.45862,0.4782607,4.323,0.0225785,0.031812,0.852191,,0,0,2,3,,2,0.01,62.992,58.17578125,0.015875,30.0,,0.0,0,5,0,5,0,0,0,0,0,5,5,5,0
E04-ca_ztcf-20260922-20260906T142428374055Z,primary,E04,ca_ztcf,C CA-ZTCF,20260922,default,1,0.523261,0.5383062999999999,4.586,0.021177,0.047941,0.967316,,0,0,2,3,,2,0.01,66.569,58.17578125,0.015022,30.0,,0.0,0,5,0,5,0,0,0,0,0,5,5,5,0
E04-ca_ztcf-20260923-20260906T142428506958Z,primary,E04,ca_ztcf,C CA-ZTCF,20260923,default,1,0.452434,0.4699174,4.127,0.021427,0.031224,0.877605,,0,0,2,3,,2,0.02,134.935,58.17578125,0.014822,30.0,,0.0,0,5,0,5,0,0,0,0,0,5,5,5,0
E04-ca_ztcf-20260924-20260906T142428634941Z,primary,E04,ca_ztcf,C CA-ZTCF,20260924,default,1,0.467567,0.4873769,4.211,0.0211565,0.032724,0.922003,,0,0,2,3,,2,0.01,59.435,58.17578125,0.016825,30.0,,0.0,0,5,0,5,0,0,0,0,0,5,5,5,0
E04-ca_ztcf-20260925-20260906T142428764624Z,primary,E04,ca_ztcf,C CA-ZTCF,20260925,default,1,0.46173,0.4647693,4.211,0.0239915,0.027347,0.794147,,0,0,2,3,,2,0.01,61.847,58.17578125,0.016169,30.0,,0.0,0,5,0,5,0,0,0,0,0,5,5,5,0
E04-ca_ztcf-20260926-20260906T142428896733Z,primary,E04,ca_ztcf,C CA-ZTCF,20260926,default,1,0.447515,0.49651460000000003,4.169,0.023407999999999998,0.030473,0.877897,,0,0,2,3,,2,0.01,62.294,58.17578125,0.016053,30.0,,0.0,0,5,0,5,0,0,0,0,0,5,5,5,0
E04-ca_ztcf-20260927-20260906T142429028420Z,primary,E04,ca_ztcf,C CA-ZTCF,20260927,default,1,0.418274,0.49750369999999994,4.174,0.026277000000000002,0.031985,0.767553,,0,0,2,3,,2,0.02,139.567,58.17578125,0.01433,30.0,,0.0,0,5,0,5,0,0,0,0,0,5,5,5,0
E04-ca_ztcf-20260928-20260906T142429148645Z,primary,E04,ca_ztcf,C CA-ZTCF,20260928,default,1,0.483436,0.5085811,4.302,0.0255325,0.028493,0.911208,,0,0,2,3,,2,0.01,57.267,58.17578125,0.017462,30.0,,0.0,0,5,0,5,0,0,0,0,0,5,5,5,0
E04-ca_ztcf-20260929-20260906T142429288294Z,primary,E04,ca_ztcf,C CA-ZTCF,20260929,default,1,0.491017,0.5129419000000001,4.472,0.0248725,0.032581,0.853115,,0,0,2,3,,2,0.01,70.383,58.17578125,0.014208,30.0,,0.0,0,5,0,5,0,0,0,0,0,5,5,5,0
E04-ca_ztcf-20260930-20260906T142429409593Z,primary,E04,ca_ztcf,C CA-ZTCF,20260930,default,1,0.485012,0.5052125000000001,4.472,0.022828,0.030835,0.891829,,0,0,2,3,,2,0.01,66.3,58.17578125,0.015083,30.0,,0.0,0,5,0,5,0,0,0,0,0,5,5,5,0
E04-ca_ztcf-20260931-20260906T142429527569Z,primary,E04,ca_ztcf,C CA-ZTCF,20260931,default,1,0.53399,0.5393567,6.473,0.021741999999999997,0.02828,0.972451,,0,0,2,3,,2,0.01,52.863,58.17578125,0.018917,30.0,,0.0,0,5,0,5,0,0,0,0,0,5,5,5,0
E04-ca_ztcf-20260932-20260906T142429661188Z,primary,E04,ca_ztcf,C CA-ZTCF,20260932,default,1,0.462866,0.4844066,4.515,0.032006,0.038544,0.892596,,0,0,2,3,,2,0.01,57.195,58.17578125,0.017484,30.0,,0.0,0,5,0,5,0,0,0,0,0,5,5,5,0
E04-ca_ztcf-20260933-20260906T142429794131Z,primary,E04,ca_ztcf,C CA-ZTCF,20260933,default,1,0.504901,0.5096926,4.813,0.0218915,0.031346,0.922579,,0,0,2,3,,2,0.01,65.181,58.17578125,0.015342,30.0,,0.0,0,5,0,5,0,0,0,0,0,5,5,5,0
E04-ca_ztcf-20260934-20260906T142429930682Z,primary,E04,ca_ztcf,C CA-ZTCF,20260934,default,1,0.504603,0.5467671000000001,5.58,0.0276835,0.029089,1.015936,,0,0,2,3,,2,0.01,63.331,58.17578125,0.01579,30.0,,0.0,0,5,0,5,0,0,0,0,0,5,5,5,0
E04-ca_ztcf-20260935-20260906T142430069465Z,primary,E04,ca_ztcf,C CA-ZTCF,20260935,default,1,0.497957,0.5206649,4.46,0.0253375,0.029479,1.030873,,0,0,2,3,,2,0.01,68.823,58.17578125,0.01453,30.0,,0.0,0,5,0,5,0,0,0,0,0,5,5,5,0
E04-ca_ztcf-20260936-20260906T142430202327Z,primary,E04,ca_ztcf,C CA-ZTCF,20260936,default,1,0.456457,0.520186,4.376,0.023978,0.031645,0.885645,,0,0,2,3,,2,0.02,122.145,58.17578125,0.016374,30.0,,0.0,0,5,0,5,0,0,0,0,0,5,5,5,0
E04-independent-20260907-20260906T142418623790Z,primary,E04,independent,A independent,20260907,default,1,0.1502,0.21510709999999997,,0.022032,0.029182,0.488119,,1,0,2,3,,2,0.01,64.599,58.05859375,0.01548,30.0,,0.4,0,3,0,3,0,0,2,2,0,5,5,3,0
E04-independent-20260908-20260906T142418756300Z,primary,E04,independent,A independent,20260908,default,1,0.113682,0.1874811,,0.0249285,0.027806,0.462522,,1,0,2,3,,2,0.01,59.439,58.05859375,0.016824,30.0,,0.4,0,3,0,3,0,0,2,2,0,5,5,3,0
E04-independent-20260909-20260906T142418890586Z,primary,E04,independent,A independent,20260909,default,1,0.112348,0.1966897,,0.026117,0.043688,0.471569,,1,0,2,3,,2,0.01,57.28,58.0546875,0.017458,30.0,,0.4,0,3,0,3,0,0,2,2,0,5,5,3,0
E04-independent-20260910-20260906T142419019817Z,primary,E04,independent,A independent,20260910,default,1,0.101602,0.2149093,,0.023227,0.031879,0.470211,,1,0,2,3,,2,0.01,54.735,58.0546875,0.01827,30.0,,0.4,0,3,0,3,0,0,2,2,0,5,5,3,0
E04-independent-20260911-20260906T142419156328Z,primary,E04,independent,A independent,20260911,default,1,0.107825,0.1941278,,0.021415499999999997,0.033413,0.455977,,1,0,2,3,,2,0.02,120.919,58.0546875,0.01654,30.0,,0.4,0,3,0,3,0,0,2,2,0,5,5,3,0
E04-independent-20260912-20260906T142419289301Z,primary,E04,independent,A independent,20260912,default,1,0.112641,0.22264799999999998,,0.024142999999999998,0.033285,0.475326,,1,0,2,3,,2,0.01,68.521,58.05078125,0.014594,30.0,,0.4,0,3,0,3,0,0,2,2,0,5,5,3,0
E04-independent-20260913-20260906T142419423917Z,primary,E04,independent,A independent,20260913,default,1,0.12044,0.20064439999999997,,0.02018,0.028469,0.388128,,1,0,2,3,,2,0.01,57.597,58.05078125,0.017362,30.0,,0.4,0,3,0,3,0,0,2,2,0,5,5,3,0
E04-independent-20260914-20260906T142419557217Z,primary,E04,independent,A independent,20260914,default,1,0.142772,0.23237419999999998,,0.0265725,0.034862,0.660247,,1,0,2,3,,2,0.01,67.986,58.05078125,0.014709,30.0,,0.4,0,3,0,3,0,0,2,2,0,5,5,3,0
E04-independent-20260915-20260906T142419695765Z,primary,E04,independent,A independent,20260915,default,1,0.141877,0.1999873,,0.031346,0.037633,0.507333,,1,0,2,3,,2,0.01,68.714,58.05078125,0.014553,30.0,,0.4,0,3,0,3,0,0,2,2,0,5,5,3,0
E04-independent-20260916-20260906T142419821116Z,primary,E04,independent,A independent,20260916,default,1,0.11311,0.21007599999999998,,0.01969,0.032219,0.463861,,1,0,2,3,,2,0.01,63.625,58.05078125,0.015717,30.0,,0.4,0,3,0,3,0,0,2,2,0,5,5,3,0
E04-independent-20260917-20260906T142419961332Z,primary,E04,independent,A independent,20260917,default,1,0.129603,0.22549529999999998,,0.028596999999999997,0.030557,0.592271,,1,0,2,3,,2,0.01,63.951,58.05078125,0.015637,30.0,,0.4,0,3,0,3,0,0,2,2,0,5,5,3,0
E04-independent-20260918-20260906T142420095813Z,primary,E04,independent,A independent,20260918,default,1,0.116711,0.2101994,,0.0229305,0.038805,0.492431,,1,0,2,3,,2,0.01,66.529,58.05078125,0.015031,30.0,,0.4,0,3,0,3,0,0,2,2,0,5,5,3,0
E04-independent-20260919-20260906T142420227162Z,primary,E04,independent,A independent,20260919,default,1,0.098265,0.18930539999999998,,0.0241205,0.030346,0.453797,,1,0,2,3,,2,0.01,57.297,58.05078125,0.017453,30.0,,0.4,0,3,0,3,0,0,2,2,0,5,5,3,0
E04-independent-20260920-20260906T142420361193Z,primary,E04,independent,A independent,20260920,default,1,0.116541,0.2462922,,0.0314085,0.038974,0.51245,,1,0,2,3,,2,0.01,59.457,58.05078125,0.016819,30.0,,0.4,0,3,0,3,0,0,2,2,0,5,5,3,0
E04-independent-20260921-20260906T142420488681Z,primary,E04,independent,A independent,20260921,default,1,0.116414,0.22642639999999997,,0.0257565,0.036594,0.482741,,1,0,2,3,,2,0.01,65.98,58.05078125,0.015156,30.0,,0.4,0,3,0,3,0,0,2,2,0,5,5,3,0
E04-independent-20260922-20260906T142420623268Z,primary,E04,independent,A independent,20260922,default,1,0.122746,0.2151634,,0.026628,0.053935,0.493069,,1,0,2,3,,2,0.01,56.202,58.05078125,0.017793,30.0,,0.4,0,3,0,3,0,0,2,2,0,5,5,3,0
E04-independent-20260923-20260906T142420781186Z,primary,E04,independent,A independent,20260923,default,1,0.132905,0.24207589999999998,,0.0276695,0.040929,0.527495,,1,0,2,3,,2,0.02,144.175,58.05078125,0.013872,30.0,,0.4,0,3,0,3,0,0,2,2,0,5,5,3,0
E04-independent-20260924-20260906T142420913148Z,primary,E04,independent,A independent,20260924,default,1,0.167034,0.2229195,,0.028285499999999998,0.03651,0.464209,,1,0,2,3,,2,0.01,76.829,58.05078125,0.013016,30.0,,0.4,0,3,0,3,0,0,2,2,0,5,5,3,0
E04-independent-20260925-20260906T142421040172Z,primary,E04,independent,A independent,20260925,default,1,0.141066,0.27428400000000003,,0.0344075,0.073522,0.50872,,1,0,2,3,,2,0.02,117.834,58.05078125,0.016973,30.0,,0.4,0,3,0,3,0,0,2,2,0,5,5,3,0
E04-independent-20260926-20260906T142421177281Z,primary,E04,independent,A independent,20260926,default,1,0.113972,0.189797,,0.026203499999999998,0.029681,0.461189,,1,0,2,3,,2,0.01,63.04,58.0703125,0.015863,30.0,,0.4,0,3,0,3,0,0,2,2,0,5,5,3,0
E04-independent-20260927-20260906T142421312761Z,primary,E04,independent,A independent,20260927,default,1,0.11851,0.2109337,,0.022239000000000002,0.029214,0.39462,,1,0,2,3,,2,0.01,77.531,58.08203125,0.012898,30.0,,0.4,0,3,0,3,0,0,2,2,0,5,5,3,0
E04-independent-20260928-20260906T142421442009Z,primary,E04,independent,A independent,20260928,default,1,0.129873,0.20718479999999997,,0.024931500000000002,0.031969,0.47285,,1,0,2,3,,2,0.01,65.505,58.08203125,0.015266,30.0,,0.4,0,3,0,3,0,0,2,2,0,5,5,3,0
E04-independent-20260929-20260906T142421565992Z,primary,E04,independent,A independent,20260929,default,1,0.132077,0.2199602,,0.029447,0.030443,0.447197,,1,0,2,3,,2,0.01,77.555,58.08203125,0.012894,30.0,,0.4,0,3,0,3,0,0,2,2,0,5,5,3,0
E04-independent-20260930-20260906T142421698129Z,primary,E04,independent,A independent,20260930,default,1,0.124318,0.2383417,,0.031842999999999996,0.05317,0.485187,,1,0,2,3,,2,0.01,56.938,58.08203125,0.017563,30.0,,0.4,0,3,0,3,0,0,2,2,0,5,5,3,0
E04-independent-20260931-20260906T142421830643Z,primary,E04,independent,A independent,20260931,default,1,0.13123,0.2177011,,0.0214755,0.031885,0.393179,,1,0,2,3,,2,0.02,127.275,58.08203125,0.015714,30.0,,0.4,0,3,0,3,0,0,2,2,0,5,5,3,0
E04-independent-20260932-20260906T142421960775Z,primary,E04,independent,A independent,20260932,default,1,0.10668,0.21059039999999998,,0.026606,0.029765,0.480312,,1,0,2,3,,2,0.01,76.57,58.08203125,0.01306,30.0,,0.4,0,3,0,3,0,0,2,2,0,5,5,3,0
E04-independent-20260933-20260906T142422092277Z,primary,E04,independent,A independent,20260933,default,1,0.126511,0.2064031,,0.032897,0.029914,0.517425,,1,0,2,3,,2,0.01,64.358,58.08203125,0.015538,30.0,,0.4,0,3,0,3,0,0,2,2,0,5,5,3,0
E04-independent-20260934-20260906T142422228194Z,primary,E04,independent,A independent,20260934,default,1,0.143055,0.23227649999999997,,0.0309505,0.028052,0.468851,,1,0,2,3,,2,0.01,77.797,58.08203125,0.012854,30.0,,0.4,0,3,0,3,0,0,2,2,0,5,5,3,0
E04-independent-20260935-20260906T142422357647Z,primary,E04,independent,A independent,20260935,default,1,0.119953,0.2233396,,0.0222345,0.02911,0.520641,,1,0,2,3,,2,0.01,74.694,58.08203125,0.013388,30.0,,0.4,0,3,0,3,0,0,2,2,0,5,5,3,0
E04-independent-20260936-20260906T142422489154Z,primary,E04,independent,A independent,20260936,default,1,0.100109,0.2127881,,0.022636000000000003,0.029026,0.406316,,1,0,2,3,,2,0.01,77.779,58.08203125,0.012857,30.0,,0.4,0,3,0,3,0,0,2,2,0,5,5,3,0
E04-static_continuity-20260907-20260906T142422611577Z,primary,E04,static_continuity,B300 static continuity,20260907,default,1,0.161248,0.2114761,,0.024223500000000002,0.03296,0.570568,,0,0,0,3,,2,0.02,127.575,58.08203125,0.015677,30.0,,0.0,0,5,0,5,0,0,0,0,0,5,5,5,0
E04-static_continuity-20260908-20260906T142422751337Z,primary,E04,static_continuity,B300 static continuity,20260908,default,1,0.125199,0.24286679999999997,,0.0254285,0.034864,0.528214,,0,0,0,3,,2,0.02,108.208,58.09765625,0.018483,30.0,,0.0,0,5,0,5,0,0,0,0,0,5,5,5,0
E04-static_continuity-20260909-20260906T142422881004Z,primary,E04,static_continuity,B300 static continuity,20260909,default,1,0.117541,0.2062297,,0.0254715,0.029745,0.496819,,0,0,0,3,,2,0.01,68.018,58.09765625,0.014702,30.0,,0.0,0,5,0,5,0,0,0,0,0,5,5,5,0
E04-static_continuity-20260910-20260906T142423016701Z,primary,E04,static_continuity,B300 static continuity,20260910,default,1,0.139285,0.2075896,,0.023439500000000002,0.030197,0.425712,,0,0,0,3,,2,0.01,67.195,58.09765625,0.014882,30.0,,0.0,0,5,0,5,0,0,0,0,0,5,5,5,0
E04-static_continuity-20260911-20260906T142423150027Z,primary,E04,static_continuity,B300 static continuity,20260911,default,1,0.145367,0.1955402,,0.029753500000000002,0.028043,0.502872,,0,0,0,3,,2,0.01,65.176,58.09765625,0.015343,30.0,,0.0,0,5,0,5,0,0,0,0,0,5,5,5,0
E04-static_continuity-20260912-20260906T142423284294Z,primary,E04,static_continuity,B300 static continuity,20260912,default,1,0.139032,0.221742,,0.026121,0.033744,0.577667,,0,0,0,3,,2,0.02,129.929,58.09765625,0.015393,30.0,,0.0,0,5,0,5,0,0,0,0,0,5,5,5,0
E04-static_continuity-20260913-20260906T142423427003Z,primary,E04,static_continuity,B300 static continuity,20260913,default,1,0.137849,0.2159978,,0.0259525,0.033533,0.516007,,0,0,0,3,,2,0.01,64.433,58.09765625,0.01552,30.0,,0.0,0,5,0,5,0,0,0,0,0,5,5,5,0
E04-static_continuity-20260914-20260906T142423555902Z,primary,E04,static_continuity,B300 static continuity,20260914,default,1,0.113776,0.22153479999999998,,0.018456,0.033364,0.322071,,0,0,0,3,,2,0.01,74.733,58.09765625,0.013381,30.0,,0.0,0,5,0,5,0,0,0,0,0,5,5,5,0
E04-static_continuity-20260915-20260906T142423688749Z,primary,E04,static_continuity,B300 static continuity,20260915,default,1,0.139666,0.2050807,,0.0272825,0.030281,0.483656,,0,0,0,3,,2,0.01,77.586,58.09765625,0.012889,30.0,,0.0,0,5,0,5,0,0,0,0,0,5,5,5,0
E04-static_continuity-20260916-20260906T142423820800Z,primary,E04,static_continuity,B300 static continuity,20260916,default,1,0.110524,0.215698,,0.027663,0.032519,0.450545,,0,0,0,3,,2,0.01,59.039,58.09765625,0.016938,30.0,,0.0,0,5,0,5,0,0,0,0,0,5,5,5,0
E04-static_continuity-20260917-20260906T142423977426Z,primary,E04,static_continuity,B300 static continuity,20260917,default,1,0.158122,0.2557315,,0.034378,0.074542,0.592153,,0,0,0,3,,2,0.01,65.291,58.09765625,0.015316,30.0,,0.0,0,5,0,5,0,0,0,0,0,5,5,5,0
E04-static_continuity-20260918-20260906T142424107330Z,primary,E04,static_continuity,B300 static continuity,20260918,default,1,0.10225,0.22269879999999997,,0.0233805,0.049881,0.469171,,0,0,0,3,,2,0.01,67.664,58.09765625,0.014779,30.0,,0.0,0,5,0,5,0,0,0,0,0,5,5,5,0
E04-static_continuity-20260919-20260906T142424233185Z,primary,E04,static_continuity,B300 static continuity,20260919,default,1,0.130754,0.2085104,,0.026227,0.030654,0.541906,,0,0,0,3,,2,0.01,70.053,58.09765625,0.014275,30.0,,0.0,0,5,0,5,0,0,0,0,0,5,5,5,0
E04-static_continuity-20260920-20260906T142424355314Z,primary,E04,static_continuity,B300 static continuity,20260920,default,1,0.15698,0.22570579999999998,,0.0256995,0.032382,1.197151,,0,0,0,3,,2,0.01,65.85,58.11328125,0.015186,30.0,,0.0,0,5,0,5,0,0,0,0,0,5,5,5,0
E04-static_continuity-20260921-20260906T142424484537Z,primary,E04,static_continuity,B300 static continuity,20260921,default,1,0.107774,0.23774840000000003,,0.0259105,0.052748,0.367469,,0,0,0,3,,2,0.02,142.694,58.11328125,0.014016,30.0,,0.0,0,5,0,5,0,0,0,0,0,5,5,5,0
E04-static_continuity-20260922-20260906T142424619925Z,primary,E04,static_continuity,B300 static continuity,20260922,default,1,0.116755,0.2261608,,0.034048499999999995,0.032341,0.513444,,0,0,0,3,,2,0.01,63.331,58.11328125,0.01579,30.0,,0.0,0,5,0,5,0,0,0,0,0,5,5,5,0
E04-static_continuity-20260923-20260906T142424753249Z,primary,E04,static_continuity,B300 static continuity,20260923,default,1,0.148168,0.19992970000000002,,0.0248145,0.033943,0.433921,,0,0,0,3,,2,0.01,77.25,58.1171875,0.012945,30.0,,0.0,0,5,0,5,0,0,0,0,0,5,5,5,0
E04-static_continuity-20260924-20260906T142424882350Z,primary,E04,static_continuity,B300 static continuity,20260924,default,1,0.109924,0.2246803,,0.0226425,0.03993,0.449185,,0,0,0,3,,2,0.01,59.032,58.1171875,0.01694,30.0,,0.0,0,5,0,5,0,0,0,0,0,5,5,5,0
E04-static_continuity-20260925-20260906T142425018205Z,primary,E04,static_continuity,B300 static continuity,20260925,default,1,0.105896,0.20726389999999997,,0.022716,0.035958,0.489307,,0,0,0,3,,2,0.01,66.747,58.1171875,0.014982,30.0,,0.0,0,5,0,5,0,0,0,0,0,5,5,5,0
E04-static_continuity-20260926-20260906T142425135842Z,primary,E04,static_continuity,B300 static continuity,20260926,default,1,0.115706,0.2041139,,0.026652500000000003,0.028211,0.554318,,0,0,0,3,,2,0.01,57.934,58.1171875,0.017261,30.0,,0.0,0,5,0,5,0,0,0,0,0,5,5,5,0
E04-static_continuity-20260927-20260906T142425272991Z,primary,E04,static_continuity,B300 static continuity,20260927,default,1,0.141811,0.21555429999999998,,0.023600000000000003,0.033305,0.531328,,0,0,0,3,,2,0.01,56.738,58.1171875,0.017625,30.0,,0.0,0,5,0,5,0,0,0,0,0,5,5,5,0
E04-static_continuity-20260928-20260906T142425407778Z,primary,E04,static_continuity,B300 static continuity,20260928,default,1,0.115705,0.2009692,,0.025979000000000002,0.039706,0.604296,,0,0,0,3,,2,0.01,64.805,58.1171875,0.015431,30.0,,0.0,0,5,0,5,0,0,0,0,0,5,5,5,0
E04-static_continuity-20260929-20260906T142425540759Z,primary,E04,static_continuity,B300 static continuity,20260929,default,1,0.110863,0.2049562,,0.025874,0.034948,0.464169,,0,0,0,3,,2,0.01,65.802,58.1171875,0.015197,30.0,,0.0,0,5,0,5,0,0,0,0,0,5,5,5,0
E04-static_continuity-20260930-20260906T142425673232Z,primary,E04,static_continuity,B300 static continuity,20260930,default,1,0.144,0.20963430000000002,,0.0255155,0.041895,0.556381,,0,0,0,3,,2,0.02,132.802,58.1171875,0.01506,30.0,,0.0,0,5,0,5,0,0,0,0,0,5,5,5,0
E04-static_continuity-20260931-20260906T142425802319Z,primary,E04,static_continuity,B300 static continuity,20260931,default,1,0.112464,0.1963629,,0.025158,0.028379,0.481138,,0,0,0,3,,2,0.01,56.886,58.1171875,0.017579,30.0,,0.0,0,5,0,5,0,0,0,0,0,5,5,5,0
E04-static_continuity-20260932-20260906T142425935769Z,primary,E04,static_continuity,B300 static continuity,20260932,default,1,0.126906,0.2179293,,0.027642,0.032042,0.405728,,0,0,0,3,,2,0.01,72.918,58.1171875,0.013714,30.0,,0.0,0,5,0,5,0,0,0,0,0,5,5,5,0
E04-static_continuity-20260933-20260906T142426064685Z,primary,E04,static_continuity,B300 static continuity,20260933,default,1,0.122416,0.2182093,,0.0220785,0.029227,0.514563,,0,0,0,3,,2,0.01,61.312,58.1171875,0.01631,30.0,,0.0,0,5,0,5,0,0,0,0,0,5,5,5,0
E04-static_continuity-20260934-20260906T142426197725Z,primary,E04,static_continuity,B300 static continuity,20260934,default,1,0.109843,0.22448319999999997,,0.022540499999999998,0.031666,1.433423,,0,0,0,3,,2,0.01,67.696,58.1171875,0.014772,30.0,,0.0,0,5,0,5,0,0,0,0,0,5,5,5,0
E04-static_continuity-20260935-20260906T142426335254Z,primary,E04,static_continuity,B300 static continuity,20260935,default,1,0.113039,0.2068253,,0.024622,0.036965,0.479028,,0,0,0,3,,2,0.02,127.178,58.1171875,0.015726,30.0,,0.0,0,5,0,5,0,0,0,0,0,5,5,5,0
E04-static_continuity-20260936-20260906T142426466742Z,primary,E04,static_continuity,B300 static continuity,20260936,default,1,0.120314,0.1960094,,0.02212,0.033432,0.498162,,0,0,0,3,,2,0.01,68.942,58.1171875,0.014505,30.0,,0.0,0,5,0,5,0,0,0,0,0,5,5,5,0
E05-ca_ztcf-20260907-20260906T142438140296Z,primary,E05,ca_ztcf,C CA-ZTCF,20260907,default,1,0.4444695,0.51752975,4.154,0.025762,0.030461500000000002,0.8261265,,0,3,1,1,,,0.02,103.831,58.23046875,0.019262,12.0,,0.0,0,6,0,6,0,0,0,0,0,6,6,6,0
E05-ca_ztcf-20260908-20260906T142438263082Z,primary,E05,ca_ztcf,C CA-ZTCF,20260908,default,1,0.4803855,0.51838975,4.237500000000001,0.027357,0.0290355,0.9251905,,0,3,1,1,,,0.02,110.381,58.25,0.018119,12.0,,0.0,0,6,0,6,0,0,0,0,0,6,6,6,0
E05-ca_ztcf-20260909-20260906T142438398146Z,primary,E05,ca_ztcf,C CA-ZTCF,20260909,default,1,0.4593645,0.4856935,4.175,0.020392,0.029078,0.798685,,0,3,1,1,,,0.01,48.2,58.265625,0.020747,12.0,,0.0,0,6,0,6,0,0,0,0,0,6,6,6,0
E05-ca_ztcf-20260910-20260906T142438425298Z,primary,E05,ca_ztcf,C CA-ZTCF,20260910,default,1,0.4196265,0.50520025,4.002,0.028056,0.027930000000000003,0.848862,,0,3,1,1,,,0.02,117.247,58.26953125,0.017058,12.0,,0.0,0,6,0,6,0,0,0,0,0,6,6,6,0
E05-ca_ztcf-20260911-20260906T142438553453Z,primary,E05,ca_ztcf,C CA-ZTCF,20260911,default,1,0.4709855,0.5156434999999999,4.377,0.02839,0.028076,0.8370435,,0,3,1,1,,,0.01,57.743,58.26953125,0.017318,12.0,,0.0,0,6,0,6,0,0,0,0,0,6,6,6,0
E05-ca_ztcf-20260912-20260906T142438681496Z,primary,E05,ca_ztcf,C CA-ZTCF,20260912,default,1,0.4294645,0.48710824999999996,4.1899999999999995,0.020301,0.0301195,0.7734700000000001,,0,3,1,1,,,0.02,98.213,58.2734375,0.020364,12.0,,0.0,0,6,0,6,0,0,0,0,0,6,6,6,0
E05-ca_ztcf-20260913-20260906T142438815388Z,primary,E05,ca_ztcf,C CA-ZTCF,20260913,default,1,0.428923,0.46553475,4.1274999999999995,0.029765,0.030265,0.8313535000000001,,0,3,1,1,,,0.01,53.132,58.28125,0.018821,12.0,,0.0,0,6,0,6,0,0,0,0,0,6,6,6,0
E05-ca_ztcf-20260914-20260906T142438944673Z,primary,E05,ca_ztcf,C CA-ZTCF,20260914,default,1,0.4246705,0.509442,4.273,0.028222,0.028638999999999998,0.8489035,,0,3,1,1,,,0.02,105.441,58.28515625,0.018968,12.0,,0.0,0,6,0,6,0,0,0,0,0,6,6,6,0
E05-ca_ztcf-20260915-20260906T142439077249Z,primary,E05,ca_ztcf,C CA-ZTCF,20260915,default,1,0.43101999999999996,0.4996082500000001,4.099,0.029776,0.0244445,0.7394775,,0,3,1,1,,,0.02,97.523,58.28515625,0.020508,12.0,,0.0,0,6,0,6,0,0,0,0,0,6,6,6,0
E05-ca_ztcf-20260916-20260906T142439216503Z,primary,E05,ca_ztcf,C CA-ZTCF,20260916,default,1,0.4372005,0.50320775,4.2475000000000005,0.02128,0.030285,0.7077914999999999,,0,3,1,1,,,0.01,61.675,58.28515625,0.016214,12.0,,0.0,0,6,0,6,0,0,0,0,0,6,6,6,0
E05-ca_ztcf-20260917-20260906T142439352071Z,primary,E05,ca_ztcf,C CA-ZTCF,20260917,default,1,0.521684,0.54050125,4.6935,0.027397,0.030413,0.8465585,,0,3,1,1,,,0.02,120.098,58.2890625,0.016653,12.0,,0.0,0,6,0,6,0,0,0,0,0,6,6,6,0
E05-ca_ztcf-20260918-20260906T142439483411Z,primary,E05,ca_ztcf,C CA-ZTCF,20260918,default,1,0.4733895,0.566135,4.6935,0.020643,0.031857,0.8210735,,0,3,1,1,,,0.02,110.988,58.28515625,0.01802,12.0,,0.0,0,6,0,6,0,0,0,0,0,6,6,6,0
E05-ca_ztcf-20260919-20260906T142439611065Z,primary,E05,ca_ztcf,C CA-ZTCF,20260919,default,1,0.44686400000000004,0.5498345,4.2265,0.02264,0.0253155,0.7965439999999999,,0,3,1,1,,,0.01,51.395,58.3046875,0.019457,12.0,,0.0,0,6,0,6,0,0,0,0,0,6,6,6,0
E05-ca_ztcf-20260920-20260906T142439749363Z,primary,E05,ca_ztcf,C CA-ZTCF,20260920,default,1,0.4558475,0.51655525,4.0985,0.028459,0.0354245,0.8650355000000001,,0,3,1,1,,,0.02,106.372,58.30078125,0.018802,12.0,,0.0,0,6,0,6,0,0,0,0,0,6,6,6,0
E05-ca_ztcf-20260921-20260906T142439881842Z,primary,E05,ca_ztcf,C CA-ZTCF,20260921,default,1,0.4530865,0.51403925,4.269,0.022725,0.0313895,0.8210945000000001,,0,3,1,1,,,0.02,109.481,58.3046875,0.018268,12.0,,0.0,0,6,0,6,0,0,0,0,0,6,6,6,0
E05-ca_ztcf-20260922-20260906T142440027402Z,primary,E05,ca_ztcf,C CA-ZTCF,20260922,default,1,0.424469,0.50237975,4.173500000000001,0.026316,0.0262105,0.8092524999999999,,0,3,1,1,,,0.01,47.481,58.3046875,0.021061,12.0,,0.0,0,6,0,6,0,0,0,0,0,6,6,6,0
E05-ca_ztcf-20260923-20260906T142440152955Z,primary,E05,ca_ztcf,C CA-ZTCF,20260923,default,1,0.45044649999999997,0.5651185000000001,4.28,0.027588,0.0290495,0.794929,,0,3,1,1,,,0.02,102.596,58.3046875,0.019494,12.0,,0.0,0,6,0,6,0,0,0,0,0,6,6,6,0
E05-ca_ztcf-20260924-20260906T142440287898Z,primary,E05,ca_ztcf,C CA-ZTCF,20260924,default,1,0.485535,0.5489205,4.365,0.02958,0.0358935,0.8309715,,0,3,1,1,,,0.01,56.728,58.3046875,0.017628,12.0,,0.0,0,6,0,6,0,0,0,0,0,6,6,6,0
E05-ca_ztcf-20260925-20260906T142440419573Z,primary,E05,ca_ztcf,C CA-ZTCF,20260925,default,1,0.45157,0.582981,4.047,0.026825,0.030257,0.8450610000000001,,0,3,1,1,,,0.03,165.929,58.30078125,0.01808,12.0,,0.0,0,6,0,6,0,0,0,0,0,6,6,6,0
E05-ca_ztcf-20260926-20260906T142440548643Z,primary,E05,ca_ztcf,C CA-ZTCF,20260926,default,1,0.4136205,0.47610575,4.0255,0.028901,0.02996,0.8332805000000001,,0,3,1,1,,,0.02,102.077,58.3046875,0.019593,12.0,,0.0,0,6,0,6,0,0,0,0,0,6,6,6,0
E05-ca_ztcf-20260927-20260906T142440683554Z,primary,E05,ca_ztcf,C CA-ZTCF,20260927,default,1,0.4394075,0.5158552500000001,4.132,0.024748,0.0320795,0.8079395,,0,3,1,1,,,0.02,57.182,58.30078125,0.034976,12.0,,0.0,0,6,0,6,0,0,0,0,0,6,6,6,0
E05-ca_ztcf-20260928-20260906T142440835079Z,primary,E05,ca_ztcf,C CA-ZTCF,20260928,default,1,0.4653,0.5194575,4.343,0.037334,0.028286,0.885616,,0,3,1,1,,,0.02,111.439,58.3046875,0.017947,12.0,,0.0,0,6,0,6,0,0,0,0,0,6,6,6,0
E05-ca_ztcf-20260929-20260906T142440953757Z,primary,E05,ca_ztcf,C CA-ZTCF,20260929,default,1,0.44476800000000005,0.509541,4.365,0.027587,0.02674,0.8108415,,0,3,1,1,,,0.02,114.87,58.30078125,0.017411,12.0,,0.0,0,6,0,6,0,0,0,0,0,6,6,6,0
E05-ca_ztcf-20260930-20260906T142441071401Z,primary,E05,ca_ztcf,C CA-ZTCF,20260930,default,1,0.4746085,0.52592825,4.3985,0.026939,0.0331355,0.9190640000000001,,0,3,1,1,,,0.01,51.972,58.3203125,0.019241,12.0,,0.0,0,6,0,6,0,0,0,0,0,6,6,6,0
E05-ca_ztcf-20260931-20260906T142441202461Z,primary,E05,ca_ztcf,C CA-ZTCF,20260931,default,1,0.49734,0.53247325,4.483499999999999,0.027235,0.030555000000000002,0.949662,,0,3,1,1,,,0.01,54.564,58.31640625,0.018327,12.0,,0.0,0,6,0,6,0,0,0,0,0,6,6,6,0
E05-ca_ztcf-20260932-20260906T142441325379Z,primary,E05,ca_ztcf,C CA-ZTCF,20260932,default,1,0.4782885,0.5182524999999999,4.441000000000001,0.022837,0.035419,0.8148805,,0,3,1,1,,,0.02,120.977,58.3203125,0.016532,12.0,,0.0,0,6,0,6,0,0,0,0,0,6,6,6,0
E05-ca_ztcf-20260933-20260906T142441448374Z,primary,E05,ca_ztcf,C CA-ZTCF,20260933,default,1,0.4632115,0.5314055,4.187,0.027786,0.029116999999999997,0.7843045,,0,3,1,1,,,0.01,54.025,58.31640625,0.01851,12.0,,0.0,0,6,0,6,0,0,0,0,0,6,6,6,0
E05-ca_ztcf-20260934-20260906T142441575633Z,primary,E05,ca_ztcf,C CA-ZTCF,20260934,default,1,0.48126949999999996,0.5481419999999999,4.335,0.030154,0.027383499999999998,0.7777915,,0,3,1,1,,,0.03,180.647,58.3203125,0.016607,12.0,,0.0,0,6,0,6,0,0,0,0,0,6,6,6,0
E05-ca_ztcf-20260935-20260906T142441705898Z,primary,E05,ca_ztcf,C CA-ZTCF,20260935,default,1,0.473404,0.5249029999999999,4.800000000000001,0.030999,0.0248665,0.9110715,,0,3,1,1,,,0.01,48.16,58.31640625,0.020764,12.0,,0.0,0,6,0,6,0,0,0,0,0,6,6,6,0
E05-ca_ztcf-20260936-20260906T142441833917Z,primary,E05,ca_ztcf,C CA-ZTCF,20260936,default,1,0.4463165,0.59695575,4.2505,0.026262,0.0342345,0.859603,,0,3,1,1,,,0.01,45.928,58.3203125,0.021773,12.0,,0.0,0,6,0,6,0,0,0,0,0,6,6,6,0
E05-independent-20260907-20260906T142430336324Z,primary,E05,independent,A independent,20260907,default,1,0.12447849999999999,0.2035705,,0.030796,0.027907500000000002,0.49549350000000003,,5,0,1,1,,,0.01,61.02,58.19140625,0.016388,12.0,,0.8333333333333334,0,1,0,1,0,0,5,5,0,6,6,1,0
E05-independent-20260908-20260906T142430464518Z,primary,E05,independent,A independent,20260908,default,1,0.116578,0.1830125,,0.028247,0.029734,0.4001755,,5,0,1,1,,,0.01,70.457,58.19140625,0.014193,12.0,,0.8333333333333334,0,1,0,1,0,0,5,5,0,6,6,1,0
E05-independent-20260909-20260906T142430593985Z,primary,E05,independent,A independent,20260909,default,1,0.1023695,0.175908,,0.024765,0.031029,0.3926145,,5,0,1,1,,,0.01,57.924,58.19140625,0.017264,12.0,,0.8333333333333334,0,1,0,1,0,0,5,5,0,6,6,1,0
E05-independent-20260910-20260906T142430733173Z,primary,E05,independent,A independent,20260910,default,1,0.1143265,0.20155325,,0.027227,0.035511,0.39514150000000003,,5,0,1,1,,,0.01,67.476,58.19140625,0.01482,12.0,,0.8333333333333334,0,1,0,1,0,0,5,5,0,6,6,1,0
E05-independent-20260911-20260906T142430868138Z,primary,E05,independent,A independent,20260911,default,1,0.109399,0.20875275,,0.028969,0.0312845,0.4888245,,5,0,1,1,,,0.01,56.066,58.19140625,0.017836,12.0,,0.8333333333333334,0,1,0,1,0,0,5,5,0,6,6,1,0
E05-independent-20260912-20260906T142430985882Z,primary,E05,independent,A independent,20260912,default,1,0.12353249999999999,0.212559,,0.028606,0.032715999999999995,0.4181255,,5,0,1,1,,,0.02,67.274,58.20703125,0.029729,12.0,,0.8333333333333334,0,1,0,1,0,0,5,5,0,6,6,1,0
E05-independent-20260913-20260906T142431123523Z,primary,E05,independent,A independent,20260913,default,1,0.116328,0.19642375,,0.03136,0.028965499999999998,0.48557,,5,0,1,1,,,0.02,130.967,58.20703125,0.015271,12.0,,0.8333333333333334,0,1,0,1,0,0,5,5,0,6,6,1,0
E05-independent-20260914-20260906T142431243442Z,primary,E05,independent,A independent,20260914,default,1,0.10480149999999999,0.19266250000000001,,0.026571,0.0289445,0.445099,,5,0,1,1,,,0.01,54.11,58.20703125,0.018481,12.0,,0.8333333333333334,0,1,0,1,0,0,5,5,0,6,6,1,0
E05-independent-20260915-20260906T142431368412Z,primary,E05,independent,A independent,20260915,default,1,0.10838249999999999,0.20721925,,0.027164,0.028075500000000003,0.4735985,,5,0,1,1,,,0.02,119.825,58.20703125,0.016691,12.0,,0.8333333333333334,0,1,0,1,0,0,5,5,0,6,6,1,0
E05-independent-20260916-20260906T142431504965Z,primary,E05,independent,A independent,20260916,default,1,0.1164135,0.1819305,,0.027588,0.0330765,0.4808875,,5,0,1,1,,,0.01,54.118,58.20703125,0.018478,12.0,,0.8333333333333334,0,1,0,1,0,0,5,5,0,6,6,1,0
E05-independent-20260917-20260906T142431644979Z,primary,E05,independent,A independent,20260917,default,1,0.1086155,0.1847795,,0.03297,0.0273125,0.4625585,,5,0,1,1,,,0.01,56.23,58.20703125,0.017784,12.0,,0.8333333333333334,0,1,0,1,0,0,5,5,0,6,6,1,0
E05-independent-20260918-20260906T142431786558Z,primary,E05,independent,A independent,20260918,default,1,0.124295,0.19629625,,0.030428,0.0353435,0.4096705,,5,0,1,1,,,0.01,70.067,58.20703125,0.014272,12.0,,0.8333333333333334,0,1,0,1,0,0,5,5,0,6,6,1,0
E05-independent-20260919-20260906T142431912838Z,primary,E05,independent,A independent,20260919,default,1,0.1033605,0.18790500000000002,,0.027079,0.0310845,0.4431285,,5,0,1,1,,,0.01,58.862,58.20703125,0.016989,12.0,,0.8333333333333334,0,1,0,1,0,0,5,5,0,6,6,1,0
E05-independent-20260920-20260906T142432032024Z,primary,E05,independent,A independent,20260920,default,1,0.09583349999999999,0.2073045,,0.02935,0.025693,0.4316735,,5,0,1,1,,,0.01,59.88,58.20703125,0.0167,12.0,,0.8333333333333334,0,1,0,1,0,0,5,5,0,6,6,1,0
E05-independent-20260921-20260906T142432167362Z,primary,E05,independent,A independent,20260921,default,1,0.103827,0.204418,,0.023895,0.034701,0.47187199999999996,,5,0,1,1,,,0.01,65.591,58.20703125,0.015246,12.0,,0.8333333333333334,0,1,0,1,0,0,5,5,0,6,6,1,0
E05-independent-20260922-20260906T142432300138Z,primary,E05,independent,A independent,20260922,default,1,0.08746000000000001,0.173894,,0.028293,0.029012500000000004,0.39616949999999995,,5,0,1,1,,,0.01,55.334,58.20703125,0.018072,12.0,,0.8333333333333334,0,1,0,1,0,0,5,5,0,6,6,1,0
E05-independent-20260923-20260906T142432424694Z,primary,E05,independent,A independent,20260923,default,1,0.109515,0.191709,,0.025798,0.0297945,0.3943085,,5,0,1,1,,,0.01,71.159,58.20703125,0.014053,12.0,,0.8333333333333334,0,1,0,1,0,0,5,5,0,6,6,1,0
E05-independent-20260924-20260906T142432550543Z,primary,E05,independent,A independent,20260924,default,1,0.1028965,0.17649475,,0.025967,0.024212499999999998,0.445017,,5,0,1,1,,,0.01,66.894,58.20703125,0.014949,12.0,,0.8333333333333334,0,1,0,1,0,0,5,5,0,6,6,1,0
E05-independent-20260925-20260906T142432693537Z,primary,E05,independent,A independent,20260925,default,1,0.1104665,0.19204775000000002,,0.027447,0.028208999999999998,0.4044375,,5,0,1,1,,,0.02,110.717,58.20703125,0.018064,12.0,,0.8333333333333334,0,1,0,1,0,0,5,5,0,6,6,1,0
E05-independent-20260926-20260906T142432821393Z,primary,E05,independent,A independent,20260926,default,1,0.1172545,0.18946749999999998,,0.02787,0.0350385,0.469842,,5,0,1,1,,,0.01,51.366,58.20703125,0.019468,12.0,,0.8333333333333334,0,1,0,1,0,0,5,5,0,6,6,1,0
E05-independent-20260927-20260906T142432959411Z,primary,E05,independent,A independent,20260927,default,1,0.123408,0.19950125000000002,,0.022414,0.030683000000000002,0.4505995,,5,0,1,1,,,0.01,63.068,58.20703125,0.015856,12.0,,0.8333333333333334,0,1,0,1,0,0,5,5,0,6,6,1,0
E05-independent-20260928-20260906T142433080522Z,primary,E05,independent,A independent,20260928,default,1,0.109362,0.17832225,,0.027737,0.035820500000000005,0.478586,,5,0,1,1,,,0.02,133.12,58.20703125,0.015024,12.0,,0.8333333333333334,0,1,0,1,0,0,5,5,0,6,6,1,0
E05-independent-20260929-20260906T142433201236Z,primary,E05,independent,A independent,20260929,default,1,0.114596,0.19726675000000002,,0.024316,0.028306,0.3786815,,5,0,1,1,,,0.01,64.276,58.2109375,0.015558,12.0,,0.8333333333333334,0,1,0,1,0,0,5,5,0,6,6,1,0
E05-independent-20260930-20260906T142433317107Z,primary,E05,independent,A independent,20260930,default,1,0.1016785,0.17835425,,0.027526,0.039388,0.404327,,5,0,1,1,,,0.01,52.582,58.2109375,0.019018,12.0,,0.8333333333333334,0,1,0,1,0,0,5,5,0,6,6,1,0
E05-independent-20260931-20260906T142433445446Z,primary,E05,independent,A independent,20260931,default,1,0.110628,0.183557,,0.032887,0.030692,0.3639895,,5,0,1,1,,,0.01,71.577,58.2109375,0.013971,12.0,,0.8333333333333334,0,1,0,1,0,0,5,5,0,6,6,1,0
E05-independent-20260932-20260906T142433571587Z,primary,E05,independent,A independent,20260932,default,1,0.11269699999999999,0.19046975,,0.027779,0.0274405,0.486987,,5,0,1,1,,,0.02,134.707,58.2109375,0.014847,12.0,,0.8333333333333334,0,1,0,1,0,0,5,5,0,6,6,1,0
E05-independent-20260933-20260906T142433699427Z,primary,E05,independent,A independent,20260933,default,1,0.1113035,0.19518675000000002,,0.028538,0.0293615,0.34630099999999997,,5,0,1,1,,,0.01,71.388,58.2109375,0.014008,12.0,,0.8333333333333334,0,1,0,1,0,0,5,5,0,6,6,1,0
E05-independent-20260934-20260906T142433826572Z,primary,E05,independent,A independent,20260934,default,1,0.113773,0.22955225,,0.030143,0.031304,0.4663635,,5,0,1,1,,,0.01,58.214,58.2109375,0.017178,12.0,,0.8333333333333334,0,1,0,1,0,0,5,5,0,6,6,1,0
E05-independent-20260935-20260906T142433970883Z,primary,E05,independent,A independent,20260935,default,1,0.1120635,0.203546,,0.028032,0.031029,0.4689815,,5,0,1,1,,,0.01,58.81,58.21484375,0.017004,12.0,,0.8333333333333334,0,1,0,1,0,0,5,5,0,6,6,1,0
E05-independent-20260936-20260906T142434103624Z,primary,E05,independent,A independent,20260936,default,1,0.1128365,0.19065575,,0.02765,0.026028000000000003,0.46647700000000003,,5,0,1,1,,,0.02,132.749,58.21484375,0.015066,12.0,,0.8333333333333334,0,1,0,1,0,0,5,5,0,6,6,1,0
E05-static_continuity-20260907-20260906T142434234753Z,primary,E05,static_continuity,B300 static continuity,20260907,default,1,0.1124145,0.20021375,,0.028199,0.0315495,0.4607445,,0,0,0,1,,,0.02,110.969,58.21484375,0.018023,12.0,,0.0,0,6,0,6,0,0,0,0,0,6,6,6,0
E05-static_continuity-20260908-20260906T142434362068Z,primary,E05,static_continuity,B300 static continuity,20260908,default,1,0.106134,0.187737,,0.028746,0.0247,0.46847900000000003,,0,0,0,1,,,0.01,66.476,58.21484375,0.015043,12.0,,0.0,0,6,0,6,0,0,0,0,0,6,6,6,0
E05-static_continuity-20260909-20260906T142434481304Z,primary,E05,static_continuity,B300 static continuity,20260909,default,1,0.11199300000000001,0.20881275000000002,,0.022509,0.034331,0.368288,,0,0,0,1,,,0.02,132.776,58.21484375,0.015063,12.0,,0.0,0,6,0,6,0,0,0,0,0,6,6,6,0
E05-static_continuity-20260910-20260906T142434612328Z,primary,E05,static_continuity,B300 static continuity,20260910,default,1,0.09469050000000001,0.173922,,0.025796,0.028093,0.424242,,0,0,0,1,,,0.01,58.428,58.21484375,0.017115,12.0,,0.0,0,6,0,6,0,0,0,0,0,6,6,6,0
E05-static_continuity-20260911-20260906T142434741250Z,primary,E05,static_continuity,B300 static continuity,20260911,default,1,0.1273145,0.1916675,,0.027482,0.0282405,0.425254,,0,0,0,1,,,0.01,69.156,58.21484375,0.01446,12.0,,0.0,0,6,0,6,0,0,0,0,0,6,6,6,0
E05-static_continuity-20260912-20260906T142434865886Z,primary,E05,static_continuity,B300 static continuity,20260912,default,1,0.118147,0.1845655,,0.026807,0.0298215,0.3911125,,0,0,0,1,,,0.01,71.347,58.21484375,0.014016,12.0,,0.0,0,6,0,6,0,0,0,0,0,6,6,6,0
E05-static_continuity-20260913-20260906T142434996240Z,primary,E05,static_continuity,B300 static continuity,20260913,default,1,0.107546,0.19080474999999997,,0.027486,0.026476,0.4822535,,0,0,0,1,,,0.01,62.578,58.21484375,0.01598,12.0,,0.0,0,6,0,6,0,0,0,0,0,6,6,6,0
E05-static_continuity-20260914-20260906T142435128245Z,primary,E05,static_continuity,B300 static continuity,20260914,default,1,0.09052,0.19091025,,0.02715,0.0284965,0.4289425,,0,0,0,1,,,0.01,47.674,58.21484375,0.020976,12.0,,0.0,0,6,0,6,0,0,0,0,0,6,6,6,0
E05-static_continuity-20260915-20260906T142435270971Z,primary,E05,static_continuity,B300 static continuity,20260915,default,1,0.109019,0.1842595,,0.02816,0.0336105,0.38647149999999997,,0,0,0,1,,,0.01,66.151,58.21484375,0.015117,12.0,,0.0,0,6,0,6,0,0,0,0,0,6,6,6,0
E05-static_continuity-20260916-20260906T142435398513Z,primary,E05,static_continuity,B300 static continuity,20260916,default,1,0.09493950000000001,0.19304575000000002,,0.025802,0.027402000000000003,0.40002550000000003,,0,0,0,1,,,0.01,63.739,58.21484375,0.015689,12.0,,0.0,0,6,0,6,0,0,0,0,0,6,6,6,0
E05-static_continuity-20260917-20260906T142435525747Z,primary,E05,static_continuity,B300 static continuity,20260917,default,1,0.099738,0.200865,,0.027276,0.0308955,0.39167,,0,0,0,1,,,0.01,67.7,58.21484375,0.014771,12.0,,0.0,0,6,0,6,0,0,0,0,0,6,6,6,0
E05-static_continuity-20260918-20260906T142435653871Z,primary,E05,static_continuity,B300 static continuity,20260918,default,1,0.11322850000000001,0.19737099999999996,,0.028834,0.031380000000000005,0.4137685,,0,0,0,1,,,0.0,0.0,58.21484375,0.016853,12.0,,0.0,0,6,0,6,0,0,0,0,0,6,6,6,0
E05-static_continuity-20260919-20260906T142435777509Z,primary,E05,static_continuity,B300 static continuity,20260919,default,1,0.11727000000000001,0.18865775,,0.026476,0.030685499999999998,0.5099285,,0,0,0,1,,,0.02,130.157,58.21484375,0.015366,12.0,,0.0,0,6,0,6,0,0,0,0,0,6,6,6,0
E05-static_continuity-20260920-20260906T142435905305Z,primary,E05,static_continuity,B300 static continuity,20260920,default,1,0.12192049999999999,0.23748574999999997,,0.035526,0.0344525,0.510434,,0,0,0,1,,,0.01,55.732,58.21484375,0.017943,12.0,,0.0,0,6,0,6,0,0,0,0,0,6,6,6,0
E05-static_continuity-20260921-20260906T142436036669Z,primary,E05,static_continuity,B300 static continuity,20260921,default,1,0.09118799999999999,0.17619775000000001,,0.027663,0.028252,0.4108325,,0,0,0,1,,,0.01,57.547,58.21484375,0.017377,12.0,,0.0,0,6,0,6,0,0,0,0,0,6,6,6,0
E05-static_continuity-20260922-20260906T142436170994Z,primary,E05,static_continuity,B300 static continuity,20260922,default,1,0.12354000000000001,0.19554700000000003,,0.036534,0.032057,0.5143395,,0,0,0,1,,,0.01,60.824,58.21484375,0.016441,12.0,,0.0,0,6,0,6,0,0,0,0,0,6,6,6,0
E05-static_continuity-20260923-20260906T142436313390Z,primary,E05,static_continuity,B300 static continuity,20260923,default,1,0.113681,0.19987725,,0.033339,0.0309215,0.5089795,,0,0,0,1,,,0.01,57.911,58.21484375,0.017268,12.0,,0.0,0,6,0,6,0,0,0,0,0,6,6,6,0
E05-static_continuity-20260924-20260906T142436440460Z,primary,E05,static_continuity,B300 static continuity,20260924,default,1,0.1103175,0.18660225000000003,,0.027159,0.0254145,0.4493635,,0,0,0,1,,,0.01,70.249,58.21484375,0.014235,12.0,,0.0,0,6,0,6,0,0,0,0,0,6,6,6,0
E05-static_continuity-20260925-20260906T142436571194Z,primary,E05,static_continuity,B300 static continuity,20260925,default,1,0.102708,0.18632875000000002,,0.029177,0.029470999999999997,0.4766275,,0,0,0,1,,,0.01,58.789,58.23046875,0.01701,12.0,,0.0,0,6,0,6,0,0,0,0,0,6,6,6,0
E05-static_continuity-20260926-20260906T142436709709Z,primary,E05,static_continuity,B300 static continuity,20260926,default,1,0.1047475,0.20435475,,0.025604,0.032204,0.4523065,,0,0,0,1,,,0.01,62.154,58.23046875,0.016089,12.0,,0.0,0,6,0,6,0,0,0,0,0,6,6,6,0
E05-static_continuity-20260927-20260906T142436839801Z,primary,E05,static_continuity,B300 static continuity,20260927,default,1,0.10571449999999999,0.179928,,0.028589,0.031784,0.4116105,,0,0,0,1,,,0.02,110.065,58.23046875,0.018171,12.0,,0.0,0,6,0,6,0,0,0,0,0,6,6,6,0
E05-static_continuity-20260928-20260906T142436954576Z,primary,E05,static_continuity,B300 static continuity,20260928,default,1,0.1232875,0.1954735,,0.027075,0.030038500000000003,0.5082639999999999,,0,0,0,1,,,0.01,57.81,58.23046875,0.017298,12.0,,0.0,0,6,0,6,0,0,0,0,0,6,6,6,0
E05-static_continuity-20260929-20260906T142437085909Z,primary,E05,static_continuity,B300 static continuity,20260929,default,1,0.1120915,0.21519575000000002,,0.032212,0.034711000000000006,0.4986155,,0,0,0,1,,,0.01,58.582,58.23046875,0.01707,12.0,,0.0,0,6,0,6,0,0,0,0,0,6,6,6,0
E05-static_continuity-20260930-20260906T142437229649Z,primary,E05,static_continuity,B300 static continuity,20260930,default,1,0.122423,0.19760875,,0.028516,0.036181,0.507939,,0,0,0,1,,,0.01,62.704,58.23046875,0.015948,12.0,,0.0,0,6,0,6,0,0,0,0,0,6,6,6,0
E05-static_continuity-20260931-20260906T142437366040Z,primary,E05,static_continuity,B300 static continuity,20260931,default,1,0.114485,0.20387675,,0.028138,0.03301,0.356433,,0,0,0,1,,,0.01,69.609,58.23046875,0.014366,12.0,,0.0,0,6,0,6,0,0,0,0,0,6,6,6,0
E05-static_continuity-20260932-20260906T142437493668Z,primary,E05,static_continuity,B300 static continuity,20260932,default,1,0.08479300000000001,0.21096374999999998,,0.019025,0.023518999999999998,0.273572,,0,0,0,1,,,0.01,71.746,58.23046875,0.013938,12.0,,0.0,0,6,0,6,0,0,0,0,0,6,6,6,0
E05-static_continuity-20260933-20260906T142437620190Z,primary,E05,static_continuity,B300 static continuity,20260933,default,1,0.1033555,0.20805525000000002,,0.027256,0.0403385,0.38154699999999997,,0,0,0,1,,,0.01,68.241,58.23046875,0.014654,12.0,,0.0,0,6,0,6,0,0,0,0,0,6,6,6,0
E05-static_continuity-20260934-20260906T142437748886Z,primary,E05,static_continuity,B300 static continuity,20260934,default,1,0.11007600000000001,0.195394,,0.026795,0.032715999999999995,0.4489955,,0,0,0,1,,,0.01,57.313,58.23046875,0.017448,12.0,,0.0,0,6,0,6,0,0,0,0,0,6,6,6,0
E05-static_continuity-20260935-20260906T142437882019Z,primary,E05,static_continuity,B300 static continuity,20260935,default,1,0.0965735,0.19539325,,0.029314,0.029860499999999998,0.4441445,,0,0,0,1,,,0.01,58.086,58.23046875,0.017216,12.0,,0.0,0,6,0,6,0,0,0,0,0,6,6,6,0
E05-static_continuity-20260936-20260906T142438013514Z,primary,E05,static_continuity,B300 static continuity,20260936,default,1,0.111442,0.19066075,,0.026308,0.034658,0.4933935,,0,0,0,1,,,0.01,66.072,58.23046875,0.015135,12.0,,0.0,0,6,0,6,0,0,0,0,0,6,6,6,0
E06-ca_ztcf-20260907-20260906T142449623102Z,primary,E06,ca_ztcf,C CA-ZTCF,20260907,default,1,0.45090549999999996,0.5324945,5.3469999999999995,0.02842,0.022029,0.780248,,0,1,3,2,,1,0.01,67.719,58.3515625,0.014767,70.0,,0.0,0,5,0,5,0,0,0,0,0,5,5,5,0
E06-ca_ztcf-20260908-20260906T142449755202Z,primary,E06,ca_ztcf,C CA-ZTCF,20260908,default,1,0.41012950000000004,0.49444885,4.964,0.026374,0.024372,0.812034,,0,1,3,2,,1,0.01,53.761,58.3515625,0.018601,70.0,,0.0,0,5,0,5,0,0,0,0,0,5,5,5,0
E06-ca_ztcf-20260909-20260906T142449887884Z,primary,E06,ca_ztcf,C CA-ZTCF,20260909,default,1,0.431923,0.5197609999999999,4.7085,0.027866,0.026417,0.818894,,0,1,3,2,,1,0.01,53.265,58.34765625,0.018774,70.0,,0.0,0,5,0,5,0,0,0,0,0,5,5,5,0
E06-ca_ztcf-20260910-20260906T142450028812Z,primary,E06,ca_ztcf,C CA-ZTCF,20260910,default,1,0.4292055,0.50807135,4.632,0.033442,0.029533,0.836951,,0,1,3,2,,1,0.02,114.325,58.34765625,0.017494,70.0,,0.0,0,5,0,5,0,0,0,0,0,5,5,5,0
E06-ca_ztcf-20260911-20260906T142450164900Z,primary,E06,ca_ztcf,C CA-ZTCF,20260911,default,1,0.40972200000000003,0.5102671,4.802,0.038159,0.023754,0.920706,,0,1,3,2,,1,0.02,118.92,58.34765625,0.016818,70.0,,0.0,0,5,0,5,0,0,0,0,0,5,5,5,0
E06-ca_ztcf-20260912-20260906T142450296956Z,primary,E06,ca_ztcf,C CA-ZTCF,20260912,default,1,0.45393649999999997,0.5392634,5.2265,0.030425,0.029236,0.823608,,0,1,3,2,,1,0.01,59.812,58.34765625,0.016719,70.0,,0.0,0,5,0,5,0,0,0,0,0,5,5,5,0
E06-ca_ztcf-20260913-20260906T142450432237Z,primary,E06,ca_ztcf,C CA-ZTCF,20260913,default,1,0.42423350000000004,0.51273205,4.8445,0.028853,0.021799,0.828835,,0,1,3,2,,1,0.02,99.359,58.34765625,0.020129,70.0,,0.0,0,5,0,5,0,0,0,0,0,5,5,5,0
E06-ca_ztcf-20260914-20260906T142450568295Z,primary,E06,ca_ztcf,C CA-ZTCF,20260914,default,1,0.419814,0.4756692,4.8225,0.029363,0.032252,0.84664,,0,1,3,2,,1,0.01,49.434,58.34765625,0.020229,70.0,,0.0,0,5,0,5,0,0,0,0,0,5,5,5,0
E06-ca_ztcf-20260915-20260906T142450707771Z,primary,E06,ca_ztcf,C CA-ZTCF,20260915,default,1,0.4427185,0.5210041999999999,4.779999999999999,0.030425,0.021246,0.884076,,0,1,3,2,,1,0.01,49.746,58.3515625,0.020102,70.0,,0.0,0,5,0,5,0,0,0,0,0,5,5,5,0
E06-ca_ztcf-20260916-20260906T142450834140Z,primary,E06,ca_ztcf,C CA-ZTCF,20260916,default,1,0.4286525,0.54872925,4.7805,0.029873,0.03323,0.970126,,0,1,3,2,,1,0.01,60.408,58.36328125,0.016554,70.0,,0.0,0,5,0,5,0,0,0,0,0,5,5,5,0
E06-ca_ztcf-20260917-20260906T142450970646Z,primary,E06,ca_ztcf,C CA-ZTCF,20260917,default,1,0.41596900000000003,0.5185398999999999,5.0355,0.026729,0.024094,0.926272,,0,1,3,2,,1,0.02,129.257,58.36328125,0.015473,70.0,,0.0,0,5,0,5,0,0,0,0,0,5,5,5,0
E06-ca_ztcf-20260918-20260906T142451104410Z,primary,E06,ca_ztcf,C CA-ZTCF,20260918,default,1,0.4001665,0.48181425,4.536,0.027131,0.024588,0.938744,,0,1,3,2,,1,0.01,52.704,58.36328125,0.018974,70.0,,0.0,0,5,0,5,0,0,0,0,0,5,5,5,0
E06-ca_ztcf-20260919-20260906T142451241861Z,primary,E06,ca_ztcf,C CA-ZTCF,20260919,default,1,0.42064199999999996,0.48826460000000005,4.939,0.026453,0.029124,0.930393,,0,1,3,2,,1,0.01,56.335,58.3671875,0.017751,70.0,,0.0,0,5,0,5,0,0,0,0,0,5,5,5,0
E06-ca_ztcf-20260920-20260906T142451382405Z,primary,E06,ca_ztcf,C CA-ZTCF,20260920,default,1,0.413965,0.4638308,5.2355,0.028615,0.021747,0.802112,,0,1,3,2,,1,0.02,111.782,58.37890625,0.017892,70.0,,0.0,0,5,0,5,0,0,0,0,0,5,5,5,0
E06-ca_ztcf-20260921-20260906T142451519779Z,primary,E06,ca_ztcf,C CA-ZTCF,20260921,default,1,0.5102595,0.55205755,5.1085,0.028191,0.025732,0.808471,,0,1,3,2,,1,0.01,57.055,58.37890625,0.017527,70.0,,0.0,0,5,0,5,0,0,0,0,0,5,5,5,0
E06-ca_ztcf-20260922-20260906T142451668090Z,primary,E06,ca_ztcf,C CA-ZTCF,20260922,default,1,0.405338,0.53113195,4.7059999999999995,0.032643,0.024927,0.735938,,0,1,3,2,,1,0.01,65.725,58.3828125,0.015215,70.0,,0.0,0,5,0,5,0,0,0,0,0,5,5,5,0
E06-ca_ztcf-20260923-20260906T142451810096Z,primary,E06,ca_ztcf,C CA-ZTCF,20260923,default,1,0.4549795,0.48894905,4.875,0.031328,0.031158,0.952013,,0,1,3,2,,1,0.02,100.366,58.39453125,0.019927,70.0,,0.0,0,5,0,5,0,0,0,0,0,5,5,5,0
E06-ca_ztcf-20260924-20260906T142451946957Z,primary,E06,ca_ztcf,C CA-ZTCF,20260924,default,1,0.4338685,0.48272989999999993,4.7905,0.028954,0.033235,0.94311,,0,1,3,2,,1,0.01,63.992,58.39453125,0.015627,70.0,,0.0,0,5,0,5,0,0,0,0,0,5,5,5,0
E06-ca_ztcf-20260925-20260906T142452081685Z,primary,E06,ca_ztcf,C CA-ZTCF,20260925,default,1,0.4262815,0.55450285,5.6259999999999994,0.027836,0.032871,0.860728,,0,1,3,2,,1,0.01,64.197,58.39453125,0.015577,70.0,,0.0,0,5,0,5,0,0,0,0,0,5,5,5,0
E06-ca_ztcf-20260926-20260906T142452211788Z,primary,E06,ca_ztcf,C CA-ZTCF,20260926,default,1,0.450924,0.5489741,5.330500000000001,0.03562,0.02238,0.835685,,0,1,3,2,,1,0.01,70.557,58.39453125,0.014173,70.0,,0.0,0,5,0,5,0,0,0,0,0,5,5,5,0
E06-ca_ztcf-20260927-20260906T142452339894Z,primary,E06,ca_ztcf,C CA-ZTCF,20260927,default,1,0.4394175,0.5465538999999999,4.9495000000000005,0.026567,0.027413,0.851295,,0,1,3,2,,1,0.01,58.514,58.39453125,0.01709,70.0,,0.0,0,5,0,5,0,0,0,0,0,5,5,5,0
E06-ca_ztcf-20260928-20260906T142452475619Z,primary,E06,ca_ztcf,C CA-ZTCF,20260928,default,1,0.4328175,0.51856945,5.0765,0.028598,0.024409,0.891272,,0,1,3,2,,1,0.01,61.463,58.41015625,0.01627,70.0,,0.0,0,5,0,5,0,0,0,0,0,5,5,5,0
E06-ca_ztcf-20260929-20260906T142452604629Z,primary,E06,ca_ztcf,C CA-ZTCF,20260929,default,1,0.4470115,0.5195256500000001,5.859500000000001,0.029529,0.03304,0.821893,,0,1,3,2,,1,0.01,67.114,58.41015625,0.0149,70.0,,0.0,0,5,0,5,0,0,0,0,0,5,5,5,0
E06-ca_ztcf-20260930-20260906T142452748437Z,primary,E06,ca_ztcf,C CA-ZTCF,20260930,default,1,0.4383815,0.5187875499999999,4.9495000000000005,0.029571,0.029613,0.871897,,0,1,3,2,,1,0.02,118.694,58.41015625,0.01685,70.0,,0.0,0,5,0,5,0,0,0,0,0,5,5,5,0
E06-ca_ztcf-20260931-20260906T142452875302Z,primary,E06,ca_ztcf,C CA-ZTCF,20260931,default,1,0.42717,0.50496225,4.907500000000001,0.028937,0.022126,0.911536,,0,1,3,2,,1,0.02,114.857,58.42578125,0.017413,70.0,,0.0,0,5,0,5,0,0,0,0,0,5,5,5,0
E06-ca_ztcf-20260932-20260906T142453003987Z,primary,E06,ca_ztcf,C CA-ZTCF,20260932,default,1,0.432641,0.5227373,5.109999999999999,0.028335,0.036822,0.954424,,0,1,3,2,,1,0.01,62.735,58.42578125,0.01594,70.0,,0.0,0,5,0,5,0,0,0,0,0,5,5,5,0
E06-ca_ztcf-20260933-20260906T142453141494Z,primary,E06,ca_ztcf,C CA-ZTCF,20260933,default,1,0.502274,0.5526367,5.5325,0.032853,0.033401,1.021608,,0,1,3,2,,1,0.01,50.937,58.42578125,0.019632,70.0,,0.0,0,5,0,5,0,0,0,0,0,5,5,5,0
E06-ca_ztcf-20260934-20260906T142453275297Z,primary,E06,ca_ztcf,C CA-ZTCF,20260934,default,1,0.44186749999999997,0.530474,5.215,0.02787,0.024449,0.842606,,0,1,3,2,,1,0.02,136.091,58.42578125,0.014696,70.0,,0.0,0,5,0,5,0,0,0,0,0,5,5,5,0
E06-ca_ztcf-20260935-20260906T142453405051Z,primary,E06,ca_ztcf,C CA-ZTCF,20260935,default,1,0.47666299999999995,0.53766025,5.426,0.037287,0.037962,1.010755,,0,1,3,2,,1,0.01,60.463,58.42578125,0.016539,70.0,,0.0,0,5,0,5,0,0,0,0,0,5,5,5,0
E06-ca_ztcf-20260936-20260906T142453528266Z,primary,E06,ca_ztcf,C CA-ZTCF,20260936,default,1,0.44400000000000006,0.5299495,5.4265,0.027828,0.033064,0.955565,,0,1,3,2,,1,0.01,57.287,58.42578125,0.017456,70.0,,0.0,0,5,0,5,0,0,0,0,0,5,5,5,0
E06-independent-20260907-20260906T142441956089Z,primary,E06,independent,A independent,20260907,default,1,0.11583449999999999,0.19998674999999996,,0.028208,0.029604,0.488882,,1,0,2,2,,1,0.01,57.597,58.31640625,0.017362,70.0,,0.2,0,4,0,4,0,0,1,1,0,5,5,4,0
E06-independent-20260908-20260906T142442088467Z,primary,E06,independent,A independent,20260908,default,1,0.12687900000000002,0.19652159999999996,,0.02744,0.036854,0.383527,,1,0,2,2,,1,0.01,73.73,58.31640625,0.013563,70.0,,0.2,0,4,0,4,0,0,1,1,0,5,5,4,0
E06-independent-20260909-20260906T142442220695Z,primary,E06,independent,A independent,20260909,default,1,0.111343,0.22393734999999995,,0.028833,0.026764,0.497002,,1,0,2,2,,1,0.01,72.015,58.31640625,0.013886,70.0,,0.2,0,4,0,4,0,0,1,1,0,5,5,4,0
E06-independent-20260910-20260906T142442343586Z,primary,E06,independent,A independent,20260910,default,1,0.1290735,0.20522809999999997,,0.027103,0.028833,0.397754,,1,0,2,2,,1,0.01,67.272,58.31640625,0.014865,70.0,,0.2,0,4,0,4,0,0,1,1,0,5,5,4,0
E06-independent-20260911-20260906T142442462659Z,primary,E06,independent,A independent,20260911,default,1,0.097771,0.18576469999999998,,0.029297,0.026511,0.410207,,1,0,2,2,,1,0.01,62.177,58.31640625,0.016083,70.0,,0.2,0,4,0,4,0,0,1,1,0,5,5,4,0
E06-independent-20260912-20260906T142442594787Z,primary,E06,independent,A independent,20260912,default,1,0.122995,0.20085449999999996,,0.028327,0.027313,0.431568,,1,0,2,2,,1,0.01,70.522,58.31640625,0.01418,70.0,,0.2,0,4,0,4,0,0,1,1,0,5,5,4,0
E06-independent-20260913-20260906T142442731201Z,primary,E06,independent,A independent,20260913,default,1,0.12803900000000001,0.20820264999999996,,0.03086,0.024232,0.407209,,1,0,2,2,,1,0.02,125.337,58.31640625,0.015957,70.0,,0.2,0,4,0,4,0,0,1,1,0,5,5,4,0
E06-independent-20260914-20260906T142442867623Z,primary,E06,independent,A independent,20260914,default,1,0.144545,0.20912194999999997,,0.029973,0.03335,0.42874,,1,0,2,2,,1,0.01,69.339,58.31640625,0.014422,70.0,,0.2,0,4,0,4,0,0,1,1,0,5,5,4,0
E06-independent-20260915-20260906T142442984988Z,primary,E06,independent,A independent,20260915,default,1,0.1075015,0.21940604999999996,,0.028074,0.034237,0.47695,,1,0,2,2,,1,0.01,63.056,58.31640625,0.015859,70.0,,0.2,0,4,0,4,0,0,1,1,0,5,5,4,0
E06-independent-20260916-20260906T142443115997Z,primary,E06,independent,A independent,20260916,default,1,0.1113585,0.20157564999999997,,0.030137,0.027608,0.408723,,1,0,2,2,,1,0.01,63.024,58.31640625,0.015867,70.0,,0.2,0,4,0,4,0,0,1,1,0,5,5,4,0
E06-independent-20260917-20260906T142443246496Z,primary,E06,independent,A independent,20260917,default,1,0.11492050000000001,0.20578664999999996,,0.027945,0.028367,0.358018,,1,0,2,2,,1,0.01,76.243,58.31640625,0.013116,70.0,,0.2,0,4,0,4,0,0,1,1,0,5,5,4,0
E06-independent-20260918-20260906T142443374517Z,primary,E06,independent,A independent,20260918,default,1,0.1319485,0.21293114999999999,,0.028324,0.028282,0.540693,,1,0,2,2,,1,0.01,70.952,58.31640625,0.014094,70.0,,0.2,0,4,0,4,0,0,1,1,0,5,5,4,0
E06-independent-20260919-20260906T142443504917Z,primary,E06,independent,A independent,20260919,default,1,0.108556,0.22259744999999995,,0.029463,0.029758,0.427775,,1,0,2,2,,1,0.01,64.053,58.31640625,0.015612,70.0,,0.2,0,4,0,4,0,0,1,1,0,5,5,4,0
E06-independent-20260920-20260906T142443631831Z,primary,E06,independent,A independent,20260920,default,1,0.1075225,0.18658849999999996,,0.030726,0.027777,0.444508,,1,0,2,2,,1,0.01,53.028,58.31640625,0.018858,70.0,,0.2,0,4,0,4,0,0,1,1,0,5,5,4,0
E06-independent-20260921-20260906T142443756930Z,primary,E06,independent,A independent,20260921,default,1,0.1201255,0.21590774999999998,,0.027608,0.029041,0.489355,,1,0,2,2,,1,0.02,113.669,58.31640625,0.017595,70.0,,0.2,0,4,0,4,0,0,1,1,0,5,5,4,0
E06-independent-20260922-20260906T142443908569Z,primary,E06,independent,A independent,20260922,default,1,0.11283399999999999,0.19761914999999997,,0.029926,0.026554,0.412348,,1,0,2,2,,1,0.01,61.573,58.31640625,0.016241,70.0,,0.2,0,4,0,4,0,0,1,1,0,5,5,4,0
E06-independent-20260923-20260906T142444043741Z,primary,E06,independent,A independent,20260923,default,1,0.11177400000000001,0.19975609999999996,,0.028454,0.030011,0.372258,,1,0,2,2,,1,0.02,148.754,58.31640625,0.013445,70.0,,0.2,0,4,0,4,0,0,1,1,0,5,5,4,0
E06-independent-20260924-20260906T142444163098Z,primary,E06,independent,A independent,20260924,default,1,0.11305799999999999,0.18962349999999997,,0.031232,0.028033,0.433502,,1,0,2,2,,1,0.01,59.634,58.31640625,0.016769,70.0,,0.2,0,4,0,4,0,0,1,1,0,5,5,4,0
E06-independent-20260925-20260906T142444295191Z,primary,E06,independent,A independent,20260925,default,1,0.108807,0.20045284999999996,,0.029969,0.029085,0.440153,,1,0,2,2,,1,0.01,53.833,58.31640625,0.018576,70.0,,0.2,0,4,0,4,0,0,1,1,0,5,5,4,0
E06-independent-20260926-20260906T142444427362Z,primary,E06,independent,A independent,20260926,default,1,0.098053,0.19342569999999995,,0.028244,0.020961,0.436196,,1,0,2,2,,1,0.01,71.434,58.31640625,0.013999,70.0,,0.2,0,4,0,4,0,0,1,1,0,5,5,4,0
E06-independent-20260927-20260906T142444550325Z,primary,E06,independent,A independent,20260927,default,1,0.1149735,0.21098439999999996,,0.031737,0.021677,0.400376,,1,0,2,2,,1,0.01,69.142,58.31640625,0.014463,70.0,,0.2,0,4,0,4,0,0,1,1,0,5,5,4,0
E06-independent-20260928-20260906T142444679310Z,primary,E06,independent,A independent,20260928,default,1,0.12800050000000002,0.21550464999999996,,0.028622,0.029422,0.533975,,1,0,2,2,,1,0.01,65.924,58.31640625,0.015169,70.0,,0.2,0,4,0,4,0,0,1,1,0,5,5,4,0
E06-independent-20260929-20260906T142444807058Z,primary,E06,independent,A independent,20260929,default,1,0.114784,0.21121824999999994,,0.028244,0.024371,0.398398,,1,0,2,2,,1,0.01,74.817,58.3203125,0.013366,70.0,,0.2,0,4,0,4,0,0,1,1,0,5,5,4,0
E06-independent-20260930-20260906T142444937400Z,primary,E06,independent,A independent,20260930,default,1,0.12034,0.19987254999999995,,0.027233,0.02454,0.490537,,1,0,2,2,,1,0.01,64.144,58.31640625,0.01559,70.0,,0.2,0,4,0,4,0,0,1,1,0,5,5,4,0
E06-independent-20260931-20260906T142445066189Z,primary,E06,independent,A independent,20260931,default,1,0.10730999999999999,0.20262819999999998,,0.03502,0.026107,0.504032,,1,0,2,2,,1,0.02,120.839,58.3203125,0.016551,70.0,,0.2,0,4,0,4,0,0,1,1,0,5,5,4,0
E06-independent-20260932-20260906T142445204673Z,primary,E06,independent,A independent,20260932,default,1,0.118388,0.19996484999999997,,0.027958,0.026108,0.394808,,1,0,2,2,,1,0.01,75.735,58.3203125,0.013204,70.0,,0.2,0,4,0,4,0,0,1,1,0,5,5,4,0
E06-independent-20260933-20260906T142445333685Z,primary,E06,independent,A independent,20260933,default,1,0.1234335,0.21251379999999997,,0.027411,0.029093,0.493311,,1,0,2,2,,1,0.01,69.594,58.3203125,0.014369,70.0,,0.2,0,4,0,4,0,0,1,1,0,5,5,4,0
E06-independent-20260934-20260906T142445461951Z,primary,E06,independent,A independent,20260934,default,1,0.1128175,0.19806449999999998,,0.028714,0.037669,0.446099,,1,0,2,2,,1,0.01,62.344,58.3203125,0.01604,70.0,,0.2,0,4,0,4,0,0,1,1,0,5,5,4,0
E06-independent-20260935-20260906T142445597085Z,primary,E06,independent,A independent,20260935,default,1,0.1151085,0.20575359999999995,,0.027243,0.036324,0.418184,,1,0,2,2,,1,0.01,75.46,58.3203125,0.013252,70.0,,0.2,0,4,0,4,0,0,1,1,0,5,5,4,0
E06-independent-20260936-20260906T142445722434Z,primary,E06,independent,A independent,20260936,default,1,0.122592,0.19027144999999998,,0.032498,0.028377,0.412718,,1,0,2,2,,1,0.01,75.228,58.3203125,0.013293,70.0,,0.2,0,4,0,4,0,0,1,1,0,5,5,4,0
E06-static_continuity-20260907-20260906T142445850201Z,primary,E06,static_continuity,B300 static continuity,20260907,default,1,0.106679,0.20049374999999997,,0.028293,0.032624,0.508614,,0,0,0,2,,1,0.01,65.079,58.3203125,0.015366,70.0,,0.0,0,5,0,5,0,0,0,0,0,5,5,5,0
E06-static_continuity-20260908-20260906T142445977076Z,primary,E06,static_continuity,B300 static continuity,20260908,default,1,0.112544,0.21599899999999997,,0.029681,0.032077,0.489528,,0,0,0,2,,1,0.01,71.932,58.3203125,0.013902,70.0,,0.0,0,5,0,5,0,0,0,0,0,5,5,5,0
E06-static_continuity-20260909-20260906T142446105417Z,primary,E06,static_continuity,B300 static continuity,20260909,default,1,0.1109975,0.19617629999999997,,0.035655,0.026332,0.457683,,0,0,0,2,,1,0.01,61.248,58.3203125,0.016327,70.0,,0.0,0,5,0,5,0,0,0,0,0,5,5,5,0
E06-static_continuity-20260910-20260906T142446238280Z,primary,E06,static_continuity,B300 static continuity,20260910,default,1,0.11293,0.19998289999999996,,0.028222,0.029775,0.397333,,0,0,0,2,,1,0.02,150.094,58.3203125,0.013325,70.0,,0.0,0,5,0,5,0,0,0,0,0,5,5,5,0
E06-static_continuity-20260911-20260906T142446365674Z,primary,E06,static_continuity,B300 static continuity,20260911,default,1,0.0998265,0.20056544999999995,,0.027718,0.029398,0.443362,,0,0,0,2,,1,0.01,63.723,58.3203125,0.015693,70.0,,0.0,0,5,0,5,0,0,0,0,0,5,5,5,0
E06-static_continuity-20260912-20260906T142446497917Z,primary,E06,static_continuity,B300 static continuity,20260912,default,1,0.1268305,0.18828715,,0.026164,0.02881,0.450291,,0,0,0,2,,1,0.01,58.146,58.3203125,0.017198,70.0,,0.0,0,5,0,5,0,0,0,0,0,5,5,5,0
E06-static_continuity-20260913-20260906T142446636387Z,primary,E06,static_continuity,B300 static continuity,20260913,default,1,0.1037115,0.19880899999999999,,0.02734,0.024022,0.423623,,0,0,0,2,,1,0.02,133.663,58.3359375,0.014963,70.0,,0.0,0,5,0,5,0,0,0,0,0,5,5,5,0
E06-static_continuity-20260914-20260906T142446763517Z,primary,E06,static_continuity,B300 static continuity,20260914,default,1,0.1061265,0.19599919999999998,,0.040821,0.026248,0.465914,,0,0,0,2,,1,0.01,55.09,58.3359375,0.018152,70.0,,0.0,0,5,0,5,0,0,0,0,0,5,5,5,0
E06-static_continuity-20260915-20260906T142446886437Z,primary,E06,static_continuity,B300 static continuity,20260915,default,1,0.1195445,0.20147879999999999,,0.02902,0.027928,0.484015,,0,0,0,2,,1,0.01,73.255,58.3359375,0.013651,70.0,,0.0,0,5,0,5,0,0,0,0,0,5,5,5,0
E06-static_continuity-20260916-20260906T142447014076Z,primary,E06,static_continuity,B300 static continuity,20260916,default,1,0.114441,0.20124859999999997,,0.02849,0.027021,0.456968,,0,0,0,2,,1,0.02,136.064,58.3359375,0.014699,70.0,,0.0,0,5,0,5,0,0,0,0,0,5,5,5,0
E06-static_continuity-20260917-20260906T142447144012Z,primary,E06,static_continuity,B300 static continuity,20260917,default,1,0.12249750000000001,0.19120984999999996,,0.030965,0.038308,0.484618,,0,0,0,2,,1,0.01,66.348,58.3359375,0.015072,70.0,,0.0,0,5,0,5,0,0,0,0,0,5,5,5,0
E06-static_continuity-20260918-20260906T142447271788Z,primary,E06,static_continuity,B300 static continuity,20260918,default,1,0.118343,0.19626349999999998,,0.026391,0.031384,0.446897,,0,0,0,2,,1,0.01,74.134,58.3359375,0.013489,70.0,,0.0,0,5,0,5,0,0,0,0,0,5,5,5,0
E06-static_continuity-20260919-20260906T142447397659Z,primary,E06,static_continuity,B300 static continuity,20260919,default,1,0.111609,0.21317719999999996,,0.028154,0.024881,0.450128,,0,0,0,2,,1,0.01,74.102,58.3359375,0.013495,70.0,,0.0,0,5,0,5,0,0,0,0,0,5,5,5,0
E06-static_continuity-20260920-20260906T142447516260Z,primary,E06,static_continuity,B300 static continuity,20260920,default,1,0.105169,0.20350574999999993,,0.029119,0.037343,0.448157,,0,0,0,2,,1,0.01,57.28,58.3359375,0.017458,70.0,,0.0,0,5,0,5,0,0,0,0,0,5,5,5,0
E06-static_continuity-20260921-20260906T142447657617Z,primary,E06,static_continuity,B300 static continuity,20260921,default,1,0.12503599999999998,0.20052045,,0.02807,0.025091,1.457756,,0,0,0,2,,1,0.01,64.181,58.3359375,0.015581,70.0,,0.0,0,5,0,5,0,0,0,0,0,5,5,5,0
E06-static_continuity-20260922-20260906T142447784640Z,primary,E06,static_continuity,B300 static continuity,20260922,default,1,0.097511,0.18262604999999996,,0.02635,0.028405,0.419876,,0,0,0,2,,1,0.01,54.648,58.3359375,0.018299,70.0,,0.0,0,5,0,5,0,0,0,0,0,5,5,5,0
E06-static_continuity-20260923-20260906T142447915821Z,primary,E06,static_continuity,B300 static continuity,20260923,default,1,0.1084625,0.19618249999999998,,0.02656,0.028951,0.415555,,0,0,0,2,,1,0.01,62.367,58.3515625,0.016034,70.0,,0.0,0,5,0,5,0,0,0,0,0,5,5,5,0
E06-static_continuity-20260924-20260906T142448046134Z,primary,E06,static_continuity,B300 static continuity,20260924,default,1,0.12654900000000002,0.20952954999999995,,0.028508,0.029347,0.452071,,0,0,0,2,,1,0.01,44.326,58.3515625,0.02256,70.0,,0.0,0,5,0,5,0,0,0,0,0,5,5,5,0
E06-static_continuity-20260925-20260906T142448168671Z,primary,E06,static_continuity,B300 static continuity,20260925,default,1,0.1252485,0.20201879999999997,,0.027419,0.037816,0.433331,,0,0,0,2,,1,0.01,75.194,58.3515625,0.013299,70.0,,0.0,0,5,0,5,0,0,0,0,0,5,5,5,0
E06-static_continuity-20260926-20260906T142448289314Z,primary,E06,static_continuity,B300 static continuity,20260926,default,1,0.1220845,0.19794824999999994,,0.027377,0.033498,0.47383,,0,0,0,2,,1,0.01,60.085,58.3515625,0.016643,70.0,,0.0,0,5,0,5,0,0,0,0,0,5,5,5,0
E06-static_continuity-20260927-20260906T142448420794Z,primary,E06,static_continuity,B300 static continuity,20260927,default,1,0.1310975,0.20253044999999997,,0.024945,0.036894,0.628237,,0,0,0,2,,1,0.01,61.759,58.3515625,0.016192,70.0,,0.0,0,5,0,5,0,0,0,0,0,5,5,5,0
E06-static_continuity-20260928-20260906T142448436215Z,primary,E06,static_continuity,B300 static continuity,20260928,default,1,0.1201015,0.22191119999999995,,0.026805,0.026972,0.507379,,0,0,0,2,,1,0.01,68.823,58.3515625,0.01453,70.0,,0.0,0,5,0,5,0,0,0,0,0,5,5,5,0
E06-static_continuity-20260929-20260906T142448576260Z,primary,E06,static_continuity,B300 static continuity,20260929,default,1,0.12821,0.21346354999999995,,0.028931,0.023678,0.532057,,0,0,0,2,,1,0.01,73.158,58.3515625,0.013669,70.0,,0.0,0,5,0,5,0,0,0,0,0,5,5,5,0
E06-static_continuity-20260930-20260906T142448701642Z,primary,E06,static_continuity,B300 static continuity,20260930,default,1,0.09621450000000001,0.20293659999999994,,0.027973,0.03756,0.425671,,0,0,0,2,,1,0.02,117.959,58.3515625,0.016955,70.0,,0.0,0,5,0,5,0,0,0,0,0,5,5,5,0
E06-static_continuity-20260931-20260906T142448828156Z,primary,E06,static_continuity,B300 static continuity,20260931,default,1,0.11487,0.21054699999999998,,0.03631,0.033475,0.457145,,0,0,0,2,,1,0.01,63.524,58.3515625,0.015742,70.0,,0.0,0,5,0,5,0,0,0,0,0,5,5,5,0
E06-static_continuity-20260932-20260906T142448956805Z,primary,E06,static_continuity,B300 static continuity,20260932,default,1,0.1152865,0.21258114999999997,,0.028598,0.026138,0.419376,,0,0,0,2,,1,0.01,57.7,58.3515625,0.017331,70.0,,0.0,0,5,0,5,0,0,0,0,0,5,5,5,0
E06-static_continuity-20260933-20260906T142449090178Z,primary,E06,static_continuity,B300 static continuity,20260933,default,1,0.11042,0.22539084999999995,,0.031743,0.025778,0.494941,,0,0,0,2,,1,0.01,66.979,58.3515625,0.01493,70.0,,0.0,0,5,0,5,0,0,0,0,0,5,5,5,0
E06-static_continuity-20260934-20260906T142449224587Z,primary,E06,static_continuity,B300 static continuity,20260934,default,1,0.119304,0.20563929999999994,,0.028292,0.027014,0.428515,,0,0,0,2,,1,0.02,126.295,58.3515625,0.015836,70.0,,0.0,0,5,0,5,0,0,0,0,0,5,5,5,0
E06-static_continuity-20260935-20260906T142449354311Z,primary,E06,static_continuity,B300 static continuity,20260935,default,1,0.131618,0.21603644999999996,,0.027312,0.026204,0.417863,,0,0,0,2,,1,0.02,145.518,58.3515625,0.013744,70.0,,0.0,0,5,0,5,0,0,0,0,0,5,5,5,0
E06-static_continuity-20260936-20260906T142449488551Z,primary,E06,static_continuity,B300 static continuity,20260936,default,1,0.1308295,0.21678864999999994,,0.028207,0.030508,0.602827,,0,0,0,2,,1,0.01,67.277,58.3515625,0.014864,70.0,,0.0,0,5,0,5,0,0,0,0,0,5,5,5,0
E07-ca_ztcf-20260907-20260906T142501466968Z,primary,E07,ca_ztcf,C CA-ZTCF,20260907,default,2,0.48276700000000006,0.5166129,4.0085,0.0315215,,,,0,0,1,3,,1,0.01,52.217,58.51171875,0.019151,3.0,0.0,0.0,2,3,2,5,0,0,0,0,2,5,3,3,2
E07-ca_ztcf-20260908-20260906T142501598848Z,primary,E07,ca_ztcf,C CA-ZTCF,20260908,default,2,0.428782,0.48084259999999995,4.157500000000001,0.0296545,,,,0,0,1,3,,1,0.01,53.51,58.51171875,0.018688,3.0,0.0,0.0,2,3,2,5,0,0,0,0,2,5,3,3,2
E07-ca_ztcf-20260909-20260906T142501732839Z,primary,E07,ca_ztcf,C CA-ZTCF,20260909,default,2,0.533337,0.55430135,4.8155,0.0329635,,,,0,0,1,3,,1,0.01,57.185,58.51171875,0.017487,3.0,0.0,0.0,2,3,2,5,0,0,0,0,2,5,3,3,2
E07-ca_ztcf-20260910-20260906T142501867496Z,primary,E07,ca_ztcf,C CA-ZTCF,20260910,default,2,0.414358,0.46739479999999994,4.2005,0.022867,,,,0,0,1,3,,1,0.01,55.624,58.51171875,0.017978,3.0,0.0,0.0,2,3,2,5,0,0,0,0,2,5,3,3,2
E07-ca_ztcf-20260911-20260906T142501989329Z,primary,E07,ca_ztcf,C CA-ZTCF,20260911,default,2,0.4855075,0.53368195,4.1274999999999995,0.023346,,,,0,0,1,3,,1,0.01,63.343,58.51171875,0.015787,3.0,0.0,0.0,2,3,2,5,0,0,0,0,2,5,3,3,2
E07-ca_ztcf-20260912-20260906T142502122016Z,primary,E07,ca_ztcf,C CA-ZTCF,20260912,default,2,0.426941,0.4869559,4.6995000000000005,0.026119,,,,0,0,1,3,,1,0.02,108.761,58.51171875,0.018389,3.0,0.0,0.0,2,3,2,5,0,0,0,0,2,5,3,3,2
E07-ca_ztcf-20260913-20260906T142502256896Z,primary,E07,ca_ztcf,C CA-ZTCF,20260913,default,2,0.4607015,0.55721205,4.3605,0.027643,,,,0,0,1,3,,1,0.01,62.984,58.515625,0.015877,3.0,0.0,0.0,2,3,2,5,0,0,0,0,2,5,3,3,2
E07-ca_ztcf-20260914-20260906T142502381421Z,primary,E07,ca_ztcf,C CA-ZTCF,20260914,default,2,0.503118,0.5351703,4.3385,0.026902000000000002,,,,0,0,1,3,,1,0.01,63.155,58.52734375,0.015834,3.0,0.0,0.0,2,3,2,5,0,0,0,0,2,5,3,3,2
E07-ca_ztcf-20260915-20260906T142502509993Z,primary,E07,ca_ztcf,C CA-ZTCF,20260915,default,2,0.472321,0.5246826,4.064,0.0262885,,,,0,0,1,3,,1,0.01,55.794,58.52734375,0.017923,3.0,0.0,0.0,2,3,2,5,0,0,0,0,2,5,3,3,2
E07-ca_ztcf-20260916-20260906T142502631838Z,primary,E07,ca_ztcf,C CA-ZTCF,20260916,default,2,0.4890855,0.5267377,4.169499999999999,0.03122,,,,0,0,1,3,,1,0.02,120.185,58.52734375,0.016641,3.0,0.0,0.0,2,3,2,5,0,0,0,0,2,5,3,3,2
E07-ca_ztcf-20260917-20260906T142502770637Z,primary,E07,ca_ztcf,C CA-ZTCF,20260917,default,2,0.44177900000000003,0.5440661499999999,3.8945,0.0287645,,,,0,0,1,3,,1,0.01,58.931,58.52734375,0.016969,3.0,0.0,0.0,2,3,2,5,0,0,0,0,2,5,3,3,2
E07-ca_ztcf-20260918-20260906T142502905990Z,primary,E07,ca_ztcf,C CA-ZTCF,20260918,default,2,0.47386649999999997,0.54494225,3.8525,0.0265635,,,,0,0,1,3,,1,0.02,116.009,58.52734375,0.01724,3.0,0.0,0.0,2,3,2,5,0,0,0,0,2,5,3,3,2
E07-ca_ztcf-20260919-20260906T142503035309Z,primary,E07,ca_ztcf,C CA-ZTCF,20260919,default,2,0.4705775,0.5063937000000001,4.099,0.024378999999999998,,,,0,0,1,3,,1,0.01,50.492,58.52734375,0.019805,3.0,0.0,0.0,2,3,2,5,0,0,0,0,2,5,3,3,2
E07-ca_ztcf-20260920-20260906T142503171540Z,primary,E07,ca_ztcf,C CA-ZTCF,20260920,default,2,0.478373,0.52598355,4.2675,0.0302725,,,,0,0,1,3,,1,0.02,133.289,58.52734375,0.015005,3.0,0.0,0.0,2,3,2,5,0,0,0,0,2,5,3,3,2
E07-ca_ztcf-20260921-20260906T142503299976Z,primary,E07,ca_ztcf,C CA-ZTCF,20260921,default,2,0.48701300000000003,0.52126165,4.373,0.030483999999999997,,,,0,0,1,3,,1,0.02,134.147,58.52734375,0.014909,3.0,0.0,0.0,2,3,2,5,0,0,0,0,2,5,3,3,2
E07-ca_ztcf-20260922-20260906T142503428699Z,primary,E07,ca_ztcf,C CA-ZTCF,20260922,default,2,0.48504800000000003,0.5183401999999999,4.2885,0.029069499999999998,,,,0,0,1,3,,1,0.01,67.164,58.53125,0.014889,3.0,0.0,0.0,2,3,2,5,0,0,0,0,2,5,3,3,2
E07-ca_ztcf-20260923-20260906T142503557459Z,primary,E07,ca_ztcf,C CA-ZTCF,20260923,default,2,0.449303,0.5413712999999999,4.098,0.0269995,,,,0,0,1,3,,1,0.01,69.764,58.54296875,0.014334,3.0,0.0,0.0,2,3,2,5,0,0,0,0,2,5,3,3,2
E07-ca_ztcf-20260924-20260906T142503686346Z,primary,E07,ca_ztcf,C CA-ZTCF,20260924,default,2,0.449853,0.5072162,4.1195,0.0323435,,,,0,0,1,3,,1,0.02,133.324,58.54296875,0.015001,3.0,0.0,0.0,2,3,2,5,0,0,0,0,2,5,3,3,2
E07-ca_ztcf-20260925-20260906T142503812317Z,primary,E07,ca_ztcf,C CA-ZTCF,20260925,default,2,0.467366,0.50083095,4.140499999999999,0.025140000000000003,,,,0,0,1,3,,1,0.02,83.019,58.54296875,0.024091,3.0,0.0,0.0,2,3,2,5,0,0,0,0,2,5,3,3,2
E07-ca_ztcf-20260926-20260906T142503973131Z,primary,E07,ca_ztcf,C CA-ZTCF,20260926,default,2,0.472943,0.5265270999999999,4.12,0.031076,,,,0,0,1,3,,1,0.01,54.49,58.54296875,0.018352,3.0,0.0,0.0,2,3,2,5,0,0,0,0,2,5,3,3,2
E07-ca_ztcf-20260927-20260906T142504101836Z,primary,E07,ca_ztcf,C CA-ZTCF,20260927,default,2,0.44330250000000004,0.53510695,4.4495000000000005,0.022314,,,,0,0,1,3,,1,0.01,54.389,58.54296875,0.018386,3.0,0.0,0.0,2,3,2,5,0,0,0,0,2,5,3,3,2
E07-ca_ztcf-20260928-20260906T142504243377Z,primary,E07,ca_ztcf,C CA-ZTCF,20260928,default,2,0.497737,0.53535405,4.1545,0.0262155,,,,0,0,1,3,,1,0.02,122.963,58.54296875,0.016265,3.0,0.0,0.0,2,3,2,5,0,0,0,0,2,5,3,3,2
E07-ca_ztcf-20260929-20260906T142504368469Z,primary,E07,ca_ztcf,C CA-ZTCF,20260929,default,2,0.4437665,0.5078243,4.471,0.030982000000000003,,,,0,0,1,3,,1,0.01,53.981,58.54296875,0.018525,3.0,0.0,0.0,2,3,2,5,0,0,0,0,2,5,3,3,2
E07-ca_ztcf-20260930-20260906T142504498228Z,primary,E07,ca_ztcf,C CA-ZTCF,20260930,default,2,0.4771315,0.60650275,3.944,0.0292735,,,,0,0,1,3,,1,0.02,101.864,58.54296875,0.019634,3.0,0.0,0.0,2,3,2,5,0,0,0,0,2,5,3,3,2
E07-ca_ztcf-20260931-20260906T142504635608Z,primary,E07,ca_ztcf,C CA-ZTCF,20260931,default,2,0.4871495,0.53197495,4.2395,0.0269955,,,,0,0,1,3,,1,0.01,65.151,58.54296875,0.015349,3.0,0.0,0.0,2,3,2,5,0,0,0,0,2,5,3,3,2
E07-ca_ztcf-20260932-20260906T142504764959Z,primary,E07,ca_ztcf,C CA-ZTCF,20260932,default,2,0.44138299999999997,0.5078034499999999,3.8385,0.024992,,,,0,0,1,3,,1,0.01,59.684,58.54296875,0.016755,3.0,0.0,0.0,2,3,2,5,0,0,0,0,2,5,3,3,2
E07-ca_ztcf-20260933-20260906T142504886314Z,primary,E07,ca_ztcf,C CA-ZTCF,20260933,default,2,0.447373,0.47306044999999997,4.197,0.025435,,,,0,0,1,3,,1,0.02,112.816,58.54296875,0.017728,3.0,0.0,0.0,2,3,2,5,0,0,0,0,2,5,3,3,2
E07-ca_ztcf-20260934-20260906T142505004097Z,primary,E07,ca_ztcf,C CA-ZTCF,20260934,default,2,0.45992299999999997,0.50543055,4.086,0.0272305,,,,0,0,1,3,,1,0.01,60.503,58.54296875,0.016528,3.0,0.0,0.0,2,3,2,5,0,0,0,0,2,5,3,3,2
E07-ca_ztcf-20260935-20260906T142505123145Z,primary,E07,ca_ztcf,C CA-ZTCF,20260935,default,2,0.478708,0.53126835,4.1274999999999995,0.023039,,,,0,0,1,3,,1,0.01,51.422,58.54296875,0.019447,3.0,0.0,0.0,2,3,2,5,0,0,0,0,2,5,3,3,2
E07-ca_ztcf-20260936-20260906T142505258373Z,primary,E07,ca_ztcf,C CA-ZTCF,20260936,default,2,0.4351355,0.47343909999999995,3.9375,0.03161,,,,0,0,1,3,,1,0.01,53.087,58.54296875,0.018837,3.0,0.0,0.0,2,3,2,5,0,0,0,0,2,5,3,3,2
E07-independent-20260907-20260906T142453657846Z,primary,E07,independent,A independent,20260907,default,2,0.1798255,0.25674119999999995,,0.0334865,,,,1,0,1,3,,1,0.02,106.028,58.42578125,0.018863,3.0,0.0,0.0,2,3,2,5,0,0,0,0,2,5,3,3,2
E07-independent-20260908-20260906T142453796885Z,primary,E07,independent,A independent,20260908,default,2,0.164771,0.22460124999999997,,0.0244915,,,,1,0,1,3,,1,0.01,72.69,58.42578125,0.013757,3.0,0.0,0.0,2,3,2,5,0,0,0,0,2,5,3,3,2
E07-independent-20260909-20260906T142453964872Z,primary,E07,independent,A independent,20260909,default,2,0.15552349999999998,0.24561989999999997,,0.034458,,,,1,0,1,3,,1,0.01,72.828,58.42578125,0.013731,3.0,0.0,0.0,2,3,2,5,0,0,0,0,2,5,3,3,2
E07-independent-20260910-20260906T142454101152Z,primary,E07,independent,A independent,20260910,default,2,0.1580575,0.21541244999999998,,0.022408,,,,1,0,1,3,,1,0.01,71.51,58.42578125,0.013984,3.0,0.0,0.0,2,3,2,5,0,0,0,0,2,5,3,3,2
E07-independent-20260911-20260906T142454239104Z,primary,E07,independent,A independent,20260911,default,2,0.16908299999999998,0.23322439999999997,,0.0263715,,,,1,0,1,3,,1,0.01,64.296,58.42578125,0.015553,3.0,0.0,0.0,2,3,2,5,0,0,0,0,2,5,3,3,2
E07-independent-20260912-20260906T142454366105Z,primary,E07,independent,A independent,20260912,default,2,0.151122,0.218017,,0.026413,,,,1,0,1,3,,1,0.01,60.75,58.42578125,0.016461,3.0,0.0,0.0,2,3,2,5,0,0,0,0,2,5,3,3,2
E07-independent-20260913-20260906T142454502155Z,primary,E07,independent,A independent,20260913,default,2,0.1551275,0.21780455,,0.0304815,,,,1,0,1,3,,1,0.02,146.692,58.42578125,0.013634,3.0,0.0,0.0,2,3,2,5,0,0,0,0,2,5,3,3,2
E07-independent-20260914-20260906T142454643957Z,primary,E07,independent,A independent,20260914,default,2,0.162611,0.21369444999999998,,0.028373500000000003,,,,1,0,1,3,,1,0.01,57.251,58.42578125,0.017467,3.0,0.0,0.0,2,3,2,5,0,0,0,0,2,5,3,3,2
E07-independent-20260915-20260906T142454776528Z,primary,E07,independent,A independent,20260915,default,2,0.187443,0.24987934999999997,,0.030545000000000003,,,,1,0,1,3,,1,0.01,57.136,58.42578125,0.017502,3.0,0.0,0.0,2,3,2,5,0,0,0,0,2,5,3,3,2
E07-independent-20260916-20260906T142454916939Z,primary,E07,independent,A independent,20260916,default,2,0.1434705,0.20286575,,0.0221335,,,,1,0,1,3,,1,0.02,104.075,58.42578125,0.019217,3.0,0.0,0.0,2,3,2,5,0,0,0,0,2,5,3,3,2
E07-independent-20260917-20260906T142455052174Z,primary,E07,independent,A independent,20260917,default,2,0.14068,0.19496295,,0.025492,,,,1,0,1,3,,1,0.01,56.309,58.42578125,0.017759,3.0,0.0,0.0,2,3,2,5,0,0,0,0,2,5,3,3,2
E07-independent-20260918-20260906T142455182338Z,primary,E07,independent,A independent,20260918,default,2,0.162152,0.20736575000000002,,0.0286495,,,,1,0,1,3,,1,0.01,58.514,58.42578125,0.01709,3.0,0.0,0.0,2,3,2,5,0,0,0,0,2,5,3,3,2
E07-independent-20260919-20260906T142455315194Z,primary,E07,independent,A independent,20260919,default,2,0.1702345,0.21713695,,0.0286915,,,,1,0,1,3,,1,0.01,74.577,58.42578125,0.013409,3.0,0.0,0.0,2,3,2,5,0,0,0,0,2,5,3,3,2
E07-independent-20260920-20260906T142455447782Z,primary,E07,independent,A independent,20260920,default,2,0.149711,0.20059755,,0.025134,,,,1,0,1,3,,1,0.01,57.974,58.42578125,0.017249,3.0,0.0,0.0,2,3,2,5,0,0,0,0,2,5,3,3,2
E07-independent-20260921-20260906T142455570818Z,primary,E07,independent,A independent,20260921,default,2,0.159373,0.22628169999999997,,0.029239,,,,1,0,1,3,,1,0.01,61.039,58.42578125,0.016383,3.0,0.0,0.0,2,3,2,5,0,0,0,0,2,5,3,3,2
E07-independent-20260922-20260906T142455697097Z,primary,E07,independent,A independent,20260922,default,2,0.1522575,0.2095723,,0.0229035,,,,1,0,1,3,,1,0.01,70.111,58.4296875,0.014263,3.0,0.0,0.0,2,3,2,5,0,0,0,0,2,5,3,3,2
E07-independent-20260923-20260906T142455822788Z,primary,E07,independent,A independent,20260923,default,2,0.1454585,0.21239254999999999,,0.0249445,,,,1,0,1,3,,1,0.01,70.537,58.4296875,0.014177,3.0,0.0,0.0,2,3,2,5,0,0,0,0,2,5,3,3,2
E07-independent-20260924-20260906T142455944571Z,primary,E07,independent,A independent,20260924,default,2,0.1323235,0.19665475,,0.026713,,,,1,0,1,3,,1,0.01,60.295,58.4296875,0.016585,3.0,0.0,0.0,2,3,2,5,0,0,0,0,2,5,3,3,2
E07-independent-20260925-20260906T142456078209Z,primary,E07,independent,A independent,20260925,default,2,0.16815449999999998,0.24750175,,0.029456000000000003,,,,1,0,1,3,,1,0.01,67.595,58.4296875,0.014794,3.0,0.0,0.0,2,3,2,5,0,0,0,0,2,5,3,3,2
E07-independent-20260926-20260906T142456212205Z,primary,E07,independent,A independent,20260926,default,2,0.144397,0.203627,,0.027752,,,,1,0,1,3,,1,0.02,123.168,58.4296875,0.016238,3.0,0.0,0.0,2,3,2,5,0,0,0,0,2,5,3,3,2
E07-independent-20260927-20260906T142456345057Z,primary,E07,independent,A independent,20260927,default,2,0.149821,0.23370789999999997,,0.024893,,,,1,0,1,3,,1,0.01,57.84,58.4296875,0.017289,3.0,0.0,0.0,2,3,2,5,0,0,0,0,2,5,3,3,2
E07-independent-20260928-20260906T142456478540Z,primary,E07,independent,A independent,20260928,default,2,0.16046,0.2164785,,0.028089000000000003,,,,1,0,1,3,,1,0.01,63.613,58.43359375,0.01572,3.0,0.0,0.0,2,3,2,5,0,0,0,0,2,5,3,3,2
E07-independent-20260929-20260906T142456608900Z,primary,E07,independent,A independent,20260929,default,2,0.16977399999999998,0.21389415,,0.026785,,,,1,0,1,3,,1,0.01,70.264,58.4453125,0.014232,3.0,0.0,0.0,2,3,2,5,0,0,0,0,2,5,3,3,2
E07-independent-20260930-20260906T142456735879Z,primary,E07,independent,A independent,20260930,default,2,0.15974500000000003,0.20638819999999997,,0.0272685,,,,1,0,1,3,,1,0.01,67.24,58.4453125,0.014872,3.0,0.0,0.0,2,3,2,5,0,0,0,0,2,5,3,3,2
E07-independent-20260931-20260906T142456862721Z,primary,E07,independent,A independent,20260931,default,2,0.14925349999999998,0.2212736,,0.030759,,,,1,0,1,3,,1,0.01,62.224,58.4453125,0.016071,3.0,0.0,0.0,2,3,2,5,0,0,0,0,2,5,3,3,2
E07-independent-20260932-20260906T142456999790Z,primary,E07,independent,A independent,20260932,default,2,0.137374,0.2110505,,0.027596500000000003,,,,1,0,1,3,,1,0.01,77.64,58.44921875,0.01288,3.0,0.0,0.0,2,3,2,5,0,0,0,0,2,5,3,3,2
E07-independent-20260933-20260906T142457129285Z,primary,E07,independent,A independent,20260933,default,2,0.1517395,0.20771024999999996,,0.024298999999999998,,,,1,0,1,3,,1,0.01,73.378,58.4609375,0.013628,3.0,0.0,0.0,2,3,2,5,0,0,0,0,2,5,3,3,2
E07-independent-20260934-20260906T142457254885Z,primary,E07,independent,A independent,20260934,default,2,0.15155,0.2178618,,0.026273499999999998,,,,1,0,1,3,,1,0.01,58.83,58.4609375,0.016998,3.0,0.0,0.0,2,3,2,5,0,0,0,0,2,5,3,3,2
E07-independent-20260935-20260906T142457384215Z,primary,E07,independent,A independent,20260935,default,2,0.158229,0.20503375,,0.026987999999999998,,,,1,0,1,3,,1,0.01,53.662,58.4609375,0.018635,3.0,0.0,0.0,2,3,2,5,0,0,0,0,2,5,3,3,2
E07-independent-20260936-20260906T142457515999Z,primary,E07,independent,A independent,20260936,default,2,0.1557715,0.20877035,,0.0253075,,,,1,0,1,3,,1,0.01,61.946,58.46484375,0.016143,3.0,0.0,0.0,2,3,2,5,0,0,0,0,2,5,3,3,2
E07-static_continuity-20260907-20260906T142457653619Z,primary,E07,static_continuity,B300 static continuity,20260907,default,2,0.15325149999999998,0.21905234999999995,,0.029360499999999998,,,,0,0,0,3,,1,0.01,64.763,58.46484375,0.015441,3.0,1.0,0.0,2,3,0,3,2,2,0,0,2,5,3,3,0
E07-static_continuity-20260908-20260906T142457781220Z,primary,E07,static_continuity,B300 static continuity,20260908,default,2,0.1533355,0.22889814999999997,,0.0257485,,,,0,0,0,3,,1,0.01,60.219,58.46484375,0.016606,3.0,1.0,0.0,2,3,0,3,2,2,0,0,2,5,3,3,0
E07-static_continuity-20260909-20260906T142457914108Z,primary,E07,static_continuity,B300 static continuity,20260909,default,2,0.149976,0.20502154999999997,,0.0240055,,,,0,0,0,3,,1,0.01,75.994,58.46484375,0.013159,3.0,1.0,0.0,2,3,0,3,2,2,0,0,2,5,3,3,0
E07-static_continuity-20260910-20260906T142458047484Z,primary,E07,static_continuity,B300 static continuity,20260910,default,2,0.138189,0.20176894999999997,,0.0299835,,,,0,0,0,3,,1,0.02,115.835,58.46484375,0.017266,3.0,1.0,0.0,2,3,0,3,2,2,0,0,2,5,3,3,0
E07-static_continuity-20260911-20260906T142458178909Z,primary,E07,static_continuity,B300 static continuity,20260911,default,2,0.165571,0.2240351,,0.027697,,,,0,0,0,3,,1,0.01,71.963,58.46484375,0.013896,3.0,1.0,0.0,2,3,0,3,2,2,0,0,2,5,3,3,0
E07-static_continuity-20260912-20260906T142458298482Z,primary,E07,static_continuity,B300 static continuity,20260912,default,2,0.1522465,0.19256874999999998,,0.023962,,,,0,0,0,3,,1,0.01,54.01,58.46484375,0.018515,3.0,1.0,0.0,2,3,0,3,2,2,0,0,2,5,3,3,0
E07-static_continuity-20260913-20260906T142458426876Z,primary,E07,static_continuity,B300 static continuity,20260913,default,2,0.1454695,0.221073,,0.027319000000000003,,,,0,0,0,3,,1,0.01,66.818,58.46484375,0.014966,3.0,1.0,0.0,2,3,0,3,2,2,0,0,2,5,3,3,0
E07-static_continuity-20260914-20260906T142458425204Z,primary,E07,static_continuity,B300 static continuity,20260914,default,2,0.159059,0.2217003,,0.0281595,,,,0,0,0,3,,1,0.01,71.608,58.46484375,0.013965,3.0,1.0,0.0,2,3,0,3,2,2,0,0,2,5,3,3,0
E07-static_continuity-20260915-20260906T142458555369Z,primary,E07,static_continuity,B300 static continuity,20260915,default,2,0.169064,0.22806664999999998,,0.028931,,,,0,0,0,3,,1,0.01,39.911,58.46484375,0.025056,3.0,1.0,0.0,2,3,0,3,2,2,0,0,2,5,3,3,0
E07-static_continuity-20260916-20260906T142458695411Z,primary,E07,static_continuity,B300 static continuity,20260916,default,2,0.15726600000000002,0.21237059999999996,,0.026242,,,,0,0,0,3,,1,0.01,60.824,58.46484375,0.016441,3.0,1.0,0.0,2,3,0,3,2,2,0,0,2,5,3,3,0
E07-static_continuity-20260917-20260906T142458827168Z,primary,E07,static_continuity,B300 static continuity,20260917,default,2,0.150367,0.19860144999999998,,0.0252215,,,,0,0,0,3,,1,0.01,64.4,58.46484375,0.015528,3.0,1.0,0.0,2,3,0,3,2,2,0,0,2,5,3,3,0
E07-static_continuity-20260918-20260906T142458960964Z,primary,E07,static_continuity,B300 static continuity,20260918,default,2,0.1294815,0.19042379999999998,,0.0222195,,,,0,0,0,3,,1,0.01,53.952,58.46484375,0.018535,3.0,1.0,0.0,2,3,0,3,2,2,0,0,2,5,3,3,0
E07-static_continuity-20260919-20260906T142459085259Z,primary,E07,static_continuity,B300 static continuity,20260919,default,2,0.15882849999999998,0.21123195,,0.024417,,,,0,0,0,3,,1,0.01,62.371,58.46484375,0.016033,3.0,1.0,0.0,2,3,0,3,2,2,0,0,2,5,3,3,0
E07-static_continuity-20260920-20260906T142459220027Z,primary,E07,static_continuity,B300 static continuity,20260920,default,2,0.134816,0.2097663,,0.025867,,,,0,0,0,3,,1,0.01,59.039,58.4765625,0.016938,3.0,1.0,0.0,2,3,0,3,2,2,0,0,2,5,3,3,0
E07-static_continuity-20260921-20260906T142459355214Z,primary,E07,static_continuity,B300 static continuity,20260921,default,2,0.1658225,0.23159425,,0.0273175,,,,0,0,0,3,,1,0.01,63.311,58.48046875,0.015795,3.0,1.0,0.0,2,3,0,3,2,2,0,0,2,5,3,3,0
E07-static_continuity-20260922-20260906T142459485352Z,primary,E07,static_continuity,B300 static continuity,20260922,default,2,0.1559705,0.22485149999999998,,0.0238195,,,,0,0,0,3,,1,0.01,61.763,58.48046875,0.016191,3.0,1.0,0.0,2,3,0,3,2,2,0,0,2,5,3,3,0
E07-static_continuity-20260923-20260906T142459626928Z,primary,E07,static_continuity,B300 static continuity,20260923,default,2,0.1612375,0.23042455,,0.031945,,,,0,0,0,3,,1,0.02,133.094,58.49609375,0.015027,3.0,1.0,0.0,2,3,0,3,2,2,0,0,2,5,3,3,0
E07-static_continuity-20260924-20260906T142459757815Z,primary,E07,static_continuity,B300 static continuity,20260924,default,2,0.154904,0.22717294999999998,,0.0271895,,,,0,0,0,3,,1,0.01,72.637,58.49609375,0.013767,3.0,1.0,0.0,2,3,0,3,2,2,0,0,2,5,3,3,0
E07-static_continuity-20260925-20260906T142459892344Z,primary,E07,static_continuity,B300 static continuity,20260925,default,2,0.17782799999999999,0.21517044999999999,,0.0352925,,,,0,0,0,3,,1,0.01,73.508,58.49609375,0.013604,3.0,1.0,0.0,2,3,0,3,2,2,0,0,2,5,3,3,0
E07-static_continuity-20260926-20260906T142500035925Z,primary,E07,static_continuity,B300 static continuity,20260926,default,2,0.150448,0.22916819999999996,,0.027027,,,,0,0,0,3,,1,0.02,117.751,58.49609375,0.016985,3.0,1.0,0.0,2,3,0,3,2,2,0,0,2,5,3,3,0
E07-static_continuity-20260927-20260906T142500162811Z,primary,E07,static_continuity,B300 static continuity,20260927,default,2,0.1826855,0.2335954,,0.030685,,,,0,0,0,3,,1,0.01,72.961,58.49609375,0.013706,3.0,1.0,0.0,2,3,0,3,2,2,0,0,2,5,3,3,0
E07-static_continuity-20260928-20260906T142500278741Z,primary,E07,static_continuity,B300 static continuity,20260928,default,2,0.1759445,0.2527406,,0.031620999999999996,,,,0,0,0,3,,1,0.01,67.893,58.51171875,0.014729,3.0,1.0,0.0,2,3,0,3,2,2,0,0,2,5,3,3,0
E07-static_continuity-20260929-20260906T142500414724Z,primary,E07,static_continuity,B300 static continuity,20260929,default,2,0.134904,0.20850275,,0.0259645,,,,0,0,0,3,,1,0.01,62.062,58.51171875,0.016113,3.0,1.0,0.0,2,3,0,3,2,2,0,0,2,5,3,3,0
E07-static_continuity-20260930-20260906T142500549401Z,primary,E07,static_continuity,B300 static continuity,20260930,default,2,0.1468335,0.19628040000000002,,0.022051,,,,0,0,0,3,,1,0.01,64.131,58.51171875,0.015593,3.0,1.0,0.0,2,3,0,3,2,2,0,0,2,5,3,3,0
E07-static_continuity-20260931-20260906T142500666574Z,primary,E07,static_continuity,B300 static continuity,20260931,default,2,0.173265,0.22871964999999997,,0.026496,,,,0,0,0,3,,1,0.01,65.85,58.51171875,0.015186,3.0,1.0,0.0,2,3,0,3,2,2,0,0,2,5,3,3,0
E07-static_continuity-20260932-20260906T142500811335Z,primary,E07,static_continuity,B300 static continuity,20260932,default,2,0.15459499999999998,0.22713174999999997,,0.0234555,,,,0,0,0,3,,1,0.02,137.146,58.51171875,0.014583,3.0,1.0,0.0,2,3,0,3,2,2,0,0,2,5,3,3,0
E07-static_continuity-20260933-20260906T142500944324Z,primary,E07,static_continuity,B300 static continuity,20260933,default,2,0.15040599999999998,0.21434620000000001,,0.0224765,,,,0,0,0,3,,1,0.01,63.251,58.51171875,0.01581,3.0,1.0,0.0,2,3,0,3,2,2,0,0,2,5,3,3,0
E07-static_continuity-20260934-20260906T142501083713Z,primary,E07,static_continuity,B300 static continuity,20260934,default,2,0.124346,0.20972409999999997,,0.0232695,,,,0,0,0,3,,1,0.01,64.218,58.51171875,0.015572,3.0,1.0,0.0,2,3,0,3,2,2,0,0,2,5,3,3,0
E07-static_continuity-20260935-20260906T142501218823Z,primary,E07,static_continuity,B300 static continuity,20260935,default,2,0.15064850000000002,0.1991846,,0.025348500000000003,,,,0,0,0,3,,1,0.02,119.596,58.51171875,0.016723,3.0,1.0,0.0,2,3,0,3,2,2,0,0,2,5,3,3,0
E07-static_continuity-20260936-20260906T142501343482Z,primary,E07,static_continuity,B300 static continuity,20260936,default,2,0.1496305,0.27004914999999996,,0.026112,,,,0,0,0,3,,1,0.01,60.687,58.51171875,0.016478,3.0,1.0,0.0,2,3,0,3,2,2,0,0,2,5,3,3,0
E08-ca_ztcf-20260907-20260906T142513013465Z,primary,E08,ca_ztcf,C CA-ZTCF,20260907,default,1,0.5299579999999999,0.5421763999999999,6.144,0.030236,0.034882,,,0,0,1,3,,2,0.01,65.738,58.58984375,0.015212,4.0,0.0,0.0,2,1,2,3,0,0,0,0,2,3,1,1,2
E08-ca_ztcf-20260908-20260906T142513132423Z,primary,E08,ca_ztcf,C CA-ZTCF,20260908,default,1,0.5060560000000001,0.5449936000000001,5.996,0.028632,0.023648,,,0,0,1,3,,2,0.01,65.802,58.58984375,0.015197,4.0,0.0,0.0,2,1,2,3,0,0,0,0,2,3,1,1,2
E08-ca_ztcf-20260909-20260906T142513255757Z,primary,E08,ca_ztcf,C CA-ZTCF,20260909,default,1,0.4561195,0.49815444999999997,5.532,0.027787,0.022719,,,0,0,1,3,,2,0.01,59.161,58.58984375,0.016903,4.0,0.0,0.0,2,1,2,3,0,0,0,0,2,3,1,1,2
E08-ca_ztcf-20260910-20260906T142513391139Z,primary,E08,ca_ztcf,C CA-ZTCF,20260910,default,1,0.5208569999999999,0.5272038,5.869999999999999,0.027787,0.034248,,,0,0,1,3,,2,0.01,58.265,58.59375,0.017163,4.0,0.0,0.0,2,1,2,3,0,0,0,0,2,3,1,1,2
E08-ca_ztcf-20260911-20260906T142513527086Z,primary,E08,ca_ztcf,C CA-ZTCF,20260911,default,1,0.5121795,0.53386275,6.3345,0.02821,0.040413,,,0,0,1,3,,2,0.01,68.559,58.609375,0.014586,4.0,0.0,0.0,2,1,2,3,0,0,0,0,2,3,1,1,2
E08-ca_ztcf-20260912-20260906T142513657266Z,primary,E08,ca_ztcf,C CA-ZTCF,20260912,default,1,0.5002705000000001,0.5018099500000001,6.208,0.039274,0.038935,,,0,0,1,3,,2,0.01,69.95,58.60546875,0.014296,4.0,0.0,0.0,2,1,2,3,0,0,0,0,2,3,1,1,2
E08-ca_ztcf-20260913-20260906T142513787960Z,primary,E08,ca_ztcf,C CA-ZTCF,20260913,default,1,0.5582515,0.56693605,6.102,0.028632,0.035346,,,0,0,1,3,,2,0.01,74.906,58.60546875,0.01335,4.0,0.0,0.0,2,1,2,3,0,0,0,0,2,3,1,1,2
E08-ca_ztcf-20260914-20260906T142513925830Z,primary,E08,ca_ztcf,C CA-ZTCF,20260914,default,1,0.48937549999999996,0.50535725,5.553,0.028336,0.032728,,,0,0,1,3,,2,0.01,58.285,58.609375,0.017157,4.0,0.0,0.0,2,1,2,3,0,0,0,0,2,3,1,1,2
E08-ca_ztcf-20260915-20260906T142514049396Z,primary,E08,ca_ztcf,C CA-ZTCF,20260915,default,1,0.5035160000000001,0.5296034,5.755,0.028965,0.030862,,,0,0,1,3,,2,0.01,71.367,58.609375,0.014012,4.0,0.0,0.0,2,1,2,3,0,0,0,0,2,3,1,1,2
E08-ca_ztcf-20260916-20260906T142514181949Z,primary,E08,ca_ztcf,C CA-ZTCF,20260916,default,1,0.525208,0.5475576999999999,5.65,0.028585,0.030019,,,0,0,1,3,,2,0.01,68.517,58.60546875,0.014595,4.0,0.0,0.0,2,1,2,3,0,0,0,0,2,3,1,1,2
E08-ca_ztcf-20260917-20260906T142514310645Z,primary,E08,ca_ztcf,C CA-ZTCF,20260917,default,1,0.504401,0.5368631,6.071,0.028839,0.038156,,,0,0,1,3,,2,0.01,71.664,58.60546875,0.013954,4.0,0.0,0.0,2,1,2,3,0,0,0,0,2,3,1,1,2
E08-ca_ztcf-20260918-20260906T142514446204Z,primary,E08,ca_ztcf,C CA-ZTCF,20260918,default,1,0.4914575,0.52001135,6.0505,0.028501,0.029977,,,0,0,1,3,,2,0.01,74.543,58.60546875,0.013415,4.0,0.0,0.0,2,1,2,3,0,0,0,0,2,3,1,1,2
E08-ca_ztcf-20260919-20260906T142514577267Z,primary,E08,ca_ztcf,C CA-ZTCF,20260919,default,1,0.535221,0.5724260999999999,6.282,0.029429,0.02458,,,0,0,1,3,,2,0.01,67.087,58.60546875,0.014906,4.0,0.0,0.0,2,1,2,3,0,0,0,0,2,3,1,1,2
E08-ca_ztcf-20260920-20260906T142514701002Z,primary,E08,ca_ztcf,C CA-ZTCF,20260920,default,1,0.5177455,0.52544815,6.6195,0.028037,0.043174,,,0,0,1,3,,2,0.01,62.818,58.609375,0.015919,4.0,0.0,0.0,2,1,2,3,0,0,0,0,2,3,1,1,2
E08-ca_ztcf-20260921-20260906T142514832635Z,primary,E08,ca_ztcf,C CA-ZTCF,20260921,default,1,0.532333,0.5556691,6.0705,0.039252,0.035373,,,0,0,1,3,,2,0.01,66.12,58.609375,0.015124,4.0,0.0,0.0,2,1,2,3,0,0,0,0,2,3,1,1,2
E08-ca_ztcf-20260922-20260906T142514969812Z,primary,E08,ca_ztcf,C CA-ZTCF,20260922,default,1,0.5115265,0.5461517499999999,5.606999999999999,0.028206,0.031368,,,0,0,1,3,,2,0.01,74.156,58.60546875,0.013485,4.0,0.0,0.0,2,1,2,3,0,0,0,0,2,3,1,1,2
E08-ca_ztcf-20260923-20260906T142515097879Z,primary,E08,ca_ztcf,C CA-ZTCF,20260923,default,1,0.5031865,0.5488277500000001,5.789,0.032167,0.023957,,,0,0,1,3,,2,0.01,70.557,58.62109375,0.014173,4.0,0.0,0.0,2,1,2,3,0,0,0,0,2,3,1,1,2
E08-ca_ztcf-20260924-20260906T142515225254Z,primary,E08,ca_ztcf,C CA-ZTCF,20260924,default,1,0.517207,0.5183248,5.789,0.027282,0.032124,,,0,0,1,3,,2,0.02,135.999,58.62109375,0.014706,4.0,0.0,0.0,2,1,2,3,0,0,0,0,2,3,1,1,2
E08-ca_ztcf-20260925-20260906T142515340278Z,primary,E08,ca_ztcf,C CA-ZTCF,20260925,default,1,0.5197965,0.5326039499999999,5.6835,0.027072,0.033976,,,0,0,1,3,,2,0.01,61.828,58.62109375,0.016174,4.0,0.0,0.0,2,1,2,3,0,0,0,0,2,3,1,1,2
E08-ca_ztcf-20260926-20260906T142515476490Z,primary,E08,ca_ztcf,C CA-ZTCF,20260926,default,1,0.5116915,0.5333090500000001,5.9995,0.030313,0.032546,,,0,0,1,3,,2,0.01,70.497,58.62109375,0.014185,4.0,0.0,0.0,2,1,2,3,0,0,0,0,2,3,1,1,2
E08-ca_ztcf-20260927-20260906T142515598360Z,primary,E08,ca_ztcf,C CA-ZTCF,20260927,default,1,0.542616,0.5455716,6.0625,0.032124,0.041176,,,0,0,1,3,,2,0.01,70.151,58.62109375,0.014255,4.0,0.0,0.0,2,1,2,3,0,0,0,0,2,3,1,1,2
E08-ca_ztcf-20260928-20260906T142515725004Z,primary,E08,ca_ztcf,C CA-ZTCF,20260928,default,1,0.4928295,0.52104045,5.537000000000001,0.030145,0.031956,,,0,0,1,3,,2,0.01,59.242,58.62109375,0.01688,4.0,0.0,0.0,2,1,2,3,0,0,0,0,2,3,1,1,2
E08-ca_ztcf-20260929-20260906T142515844775Z,primary,E08,ca_ztcf,C CA-ZTCF,20260929,default,1,0.511586,0.5195050999999999,6.4625,0.026525,0.032292,,,0,0,1,3,,2,0.01,70.175,58.62109375,0.01425,4.0,0.0,0.0,2,1,2,3,0,0,0,0,2,3,1,1,2
E08-ca_ztcf-20260930-20260906T142515973466Z,primary,E08,ca_ztcf,C CA-ZTCF,20260930,default,1,0.5125755000000001,0.5183539500000001,5.5785,0.029514,0.03524,,,0,0,1,3,,2,0.01,74.41,58.62109375,0.013439,4.0,0.0,0.0,2,1,2,3,0,0,0,0,2,3,1,1,2
E08-ca_ztcf-20260931-20260906T142516103272Z,primary,E08,ca_ztcf,C CA-ZTCF,20260931,default,1,0.5070665,0.50788055,5.8245000000000005,0.029057,0.03692,,,0,0,1,3,,2,0.01,74.311,58.62109375,0.013457,4.0,0.0,0.0,2,1,2,3,0,0,0,0,2,3,1,1,2
E08-ca_ztcf-20260932-20260906T142516233758Z,primary,E08,ca_ztcf,C CA-ZTCF,20260932,default,1,0.5531325,0.58110045,5.9925,0.027964,0.033893,,,0,0,1,3,,2,0.01,63.747,58.62109375,0.015687,4.0,0.0,0.0,2,1,2,3,0,0,0,0,2,3,1,1,2
E08-ca_ztcf-20260933-20260906T142516359799Z,primary,E08,ca_ztcf,C CA-ZTCF,20260933,default,1,0.5397190000000001,0.5434279,6.2235,0.027669,0.037214,,,0,0,1,3,,2,0.01,74.394,58.62109375,0.013442,4.0,0.0,0.0,2,1,2,3,0,0,0,0,2,3,1,1,2
E08-ca_ztcf-20260934-20260906T142516496519Z,primary,E08,ca_ztcf,C CA-ZTCF,20260934,default,1,0.4764115,0.52525045,6.1395,0.040032,0.024726,,,0,0,1,3,,2,0.01,62.05,58.62109375,0.016116,4.0,0.0,0.0,2,1,2,3,0,0,0,0,2,3,1,1,2
E08-ca_ztcf-20260935-20260906T142516632831Z,primary,E08,ca_ztcf,C CA-ZTCF,20260935,default,1,0.5086010000000001,0.524837,5.9715,0.032589,0.030487,,,0,0,1,3,,2,0.01,67.824,58.62109375,0.014744,4.0,0.0,0.0,2,1,2,3,0,0,0,0,2,3,1,1,2
E08-ca_ztcf-20260936-20260906T142516765138Z,primary,E08,ca_ztcf,C CA-ZTCF,20260936,default,1,0.5112920000000001,0.5135249000000001,6.138999999999999,0.030781,0.032043,,,0,0,1,3,,2,0.01,63.654,58.62109375,0.01571,4.0,0.0,0.0,2,1,2,3,0,0,0,0,2,3,1,1,2
E08-independent-20260907-20260906T142505381910Z,primary,E08,independent,A independent,20260907,default,1,0.1573575,0.19503735000000003,,0.02704,0.03597,,,1,0,1,3,,2,0.01,58.421,58.54296875,0.017117,4.0,0.0,0.0,2,1,2,3,0,0,0,0,2,3,1,1,2
E08-independent-20260908-20260906T142505514258Z,primary,E08,independent,A independent,20260908,default,1,0.1632335,0.21313895,,0.027377,0.02426,,,1,0,1,3,,2,0.01,76.231,58.54296875,0.013118,4.0,0.0,0.0,2,1,2,3,0,0,0,0,2,3,1,1,2
E08-independent-20260909-20260906T142505643056Z,primary,E08,independent,A independent,20260909,default,1,0.1793865,0.22521675000000002,,0.028262,0.029736,,,1,0,1,3,,2,0.01,71.942,58.54296875,0.0139,4.0,0.0,0.0,2,1,2,3,0,0,0,0,2,3,1,1,2
E08-independent-20260910-20260906T142505773041Z,primary,E08,independent,A independent,20260910,default,1,0.177975,0.2265156,,0.027209,0.031252,,,1,0,1,3,,2,0.01,73.325,58.54296875,0.013638,4.0,0.0,0.0,2,1,2,3,0,0,0,0,2,3,1,1,2
E08-independent-20260911-20260906T142505893586Z,primary,E08,independent,A independent,20260911,default,1,0.17443750000000002,0.22676845,,0.027841,0.031926,,,1,0,1,3,,2,0.01,65.083,58.54296875,0.015365,4.0,0.0,0.0,2,1,2,3,0,0,0,0,2,3,1,1,2
E08-independent-20260912-20260906T142506024689Z,primary,E08,independent,A independent,20260912,default,1,0.17724299999999998,0.21076709999999999,,0.027805,0.048165,,,1,0,1,3,,2,0.01,79.277,58.54296875,0.012614,4.0,0.0,0.0,2,1,2,3,0,0,0,0,2,3,1,1,2
E08-independent-20260913-20260906T142506149926Z,primary,E08,independent,A independent,20260913,default,1,0.1893365,0.23260894999999998,,0.033442,0.036555,,,1,0,1,3,,2,0.01,65.582,58.54296875,0.015248,4.0,0.0,0.0,2,1,2,3,0,0,0,0,2,3,1,1,2
E08-independent-20260914-20260906T142506286773Z,primary,E08,independent,A independent,20260914,default,1,0.172468,0.2159299,,0.0281,0.039751,,,1,0,1,3,,2,0.01,68.287,58.54296875,0.014644,4.0,0.0,0.0,2,1,2,3,0,0,0,0,2,3,1,1,2
E08-independent-20260915-20260906T142506414549Z,primary,E08,independent,A independent,20260915,default,1,0.17623250000000001,0.21198994999999998,,0.029656,0.032474,,,1,0,1,3,,2,0.01,78.198,58.54296875,0.012788,4.0,0.0,0.0,2,1,2,3,0,0,0,0,2,3,1,1,2
E08-independent-20260916-20260906T142506540500Z,primary,E08,independent,A independent,20260916,default,1,0.1792195,0.21115375,,0.025659,0.031338,,,1,0,1,3,,2,0.01,67.719,58.54296875,0.014767,4.0,0.0,0.0,2,1,2,3,0,0,0,0,2,3,1,1,2
E08-independent-20260917-20260906T142506673681Z,primary,E08,independent,A independent,20260917,default,1,0.1519195,0.19661215,,0.029235,0.022463,,,1,0,1,3,,2,0.01,54.127,58.54296875,0.018475,4.0,0.0,0.0,2,1,2,3,0,0,0,0,2,3,1,1,2
E08-independent-20260918-20260906T142506799798Z,primary,E08,independent,A independent,20260918,default,1,0.150994,0.1971253,,0.027006,0.022631,,,1,0,1,3,,2,0.01,59.719,58.54296875,0.016745,4.0,0.0,0.0,2,1,2,3,0,0,0,0,2,3,1,1,2
E08-independent-20260919-20260906T142506919861Z,primary,E08,independent,A independent,20260919,default,1,0.1615945,0.20939125,,0.027973,0.029277,,,1,0,1,3,,2,0.01,80.16,58.54296875,0.012475,4.0,0.0,0.0,2,1,2,3,0,0,0,0,2,3,1,1,2
E08-independent-20260920-20260906T142507049919Z,primary,E08,independent,A independent,20260920,default,1,0.163577,0.1949267,,0.026597,0.030043,,,1,0,1,3,,2,0.01,58.018,58.54296875,0.017236,4.0,0.0,0.0,2,1,2,3,0,0,0,0,2,3,1,1,2
E08-independent-20260921-20260906T142507176524Z,primary,E08,independent,A independent,20260921,default,1,0.172022,0.2189903,,0.030295,0.028194,,,1,0,1,3,,2,0.02,131.961,58.54296875,0.015156,4.0,0.0,0.0,2,1,2,3,0,0,0,0,2,3,1,1,2
E08-independent-20260922-20260906T142507308194Z,primary,E08,independent,A independent,20260922,default,1,0.17630849999999998,0.21904094999999998,,0.03395,0.031472,,,1,0,1,3,,2,0.01,77.58,58.54296875,0.01289,4.0,0.0,0.0,2,1,2,3,0,0,0,0,2,3,1,1,2
E08-independent-20260923-20260906T142507436455Z,primary,E08,independent,A independent,20260923,default,1,0.157463,0.2003282,,0.028909,0.025631,,,1,0,1,3,,2,0.01,66.331,58.54296875,0.015076,4.0,0.0,0.0,2,1,2,3,0,0,0,0,2,3,1,1,2
E08-independent-20260924-20260906T142507564411Z,primary,E08,independent,A independent,20260924,default,1,0.173073,0.2165241,,0.028488,0.030841,,,1,0,1,3,,2,0.01,80.73,58.54296875,0.012387,4.0,0.0,0.0,2,1,2,3,0,0,0,0,2,3,1,1,2
E08-independent-20260925-20260906T142507687050Z,primary,E08,independent,A independent,20260925,default,1,0.1639755,0.21349574999999998,,0.027942,0.024119,,,1,0,1,3,,2,0.01,64.834,58.54296875,0.015424,4.0,0.0,0.0,2,1,2,3,0,0,0,0,2,3,1,1,2
E08-independent-20260926-20260906T142507820229Z,primary,E08,independent,A independent,20260926,default,1,0.1579465,0.21228894999999998,,0.026934,0.022017,,,1,0,1,3,,2,0.01,61.927,58.54296875,0.016148,4.0,0.0,0.0,2,1,2,3,0,0,0,0,2,3,1,1,2
E08-independent-20260927-20260906T142507952531Z,primary,E08,independent,A independent,20260927,default,1,0.180195,0.2055129,,0.026681,0.034413,,,1,0,1,3,,2,0.01,60.143,58.54296875,0.016627,4.0,0.0,0.0,2,1,2,3,0,0,0,0,2,3,1,1,2
E08-independent-20260928-20260906T142508074927Z,primary,E08,independent,A independent,20260928,default,1,0.171433,0.21533229999999998,,0.027747,0.029804,,,1,0,1,3,,2,0.01,71.266,58.54296875,0.014032,4.0,0.0,0.0,2,1,2,3,0,0,0,0,2,3,1,1,2
E08-independent-20260929-20260906T142508205348Z,primary,E08,independent,A independent,20260929,default,1,0.1617155,0.21602285000000002,,0.035596,0.023088,,,1,0,1,3,,2,0.01,60.056,58.54296875,0.016651,4.0,0.0,0.0,2,1,2,3,0,0,0,0,2,3,1,1,2
E08-independent-20260930-20260906T142508339959Z,primary,E08,independent,A independent,20260930,default,1,0.1784435,0.22472285,,0.028166,0.034757,,,1,0,1,3,,2,0.01,67.422,58.54296875,0.014832,4.0,0.0,0.0,2,1,2,3,0,0,0,0,2,3,1,1,2
E08-independent-20260931-20260906T142508472485Z,primary,E08,independent,A independent,20260931,default,1,0.1922215,0.24260935,,0.031557,0.035309,,,1,0,1,3,,2,0.01,-8.712,58.54296875,-0.11479,4.0,0.0,0.0,2,1,2,3,0,0,0,0,2,3,1,1,2
E08-independent-20260932-20260906T142508459812Z,primary,E08,independent,A independent,20260932,default,1,0.192409,0.22623189999999999,,0.029806,0.035602,,,1,0,1,3,,2,0.01,70.141,58.54296875,0.014257,4.0,0.0,0.0,2,1,2,3,0,0,0,0,2,3,1,1,2
E08-independent-20260933-20260906T142508588740Z,primary,E08,independent,A independent,20260933,default,1,0.15065800000000001,0.19710609999999998,,0.028723,0.034017,,,1,0,1,3,,2,0.02,131.303,58.54296875,0.015232,4.0,0.0,0.0,2,1,2,3,0,0,0,0,2,3,1,1,2
E08-independent-20260934-20260906T142508717692Z,primary,E08,independent,A independent,20260934,default,1,0.167521,0.2041951,,0.028765,0.029848,,,1,0,1,3,,2,0.01,75.62,58.54296875,0.013224,4.0,0.0,0.0,2,1,2,3,0,0,0,0,2,3,1,1,2
E08-independent-20260935-20260906T142508830629Z,primary,E08,independent,A independent,20260935,default,1,0.1615385,0.20701145,,0.029306,0.023929,,,1,0,1,3,,2,0.01,70.398,58.54296875,0.014205,4.0,0.0,0.0,2,1,2,3,0,0,0,0,2,3,1,1,2
E08-independent-20260936-20260906T142508960816Z,primary,E08,independent,A independent,20260936,default,1,0.165208,0.2104933,,0.036977,0.030182,,,1,0,1,3,,2,0.01,62.664,58.54296875,0.015958,4.0,0.0,0.0,2,1,2,3,0,0,0,0,2,3,1,1,2
E08-static_continuity-20260907-20260906T142509093360Z,primary,E08,static_continuity,B300 static continuity,20260907,default,1,0.1746025,0.22700905000000002,,0.033238,0.035965,,,0,0,0,3,,2,0.01,58.316,58.54296875,0.017148,4.0,1.0,0.0,2,1,0,1,2,2,0,0,2,3,1,1,0
E08-static_continuity-20260908-20260906T142509220774Z,primary,E08,static_continuity,B300 static continuity,20260908,default,1,0.182337,0.21163649999999998,,0.029403,0.03051,,,0,0,0,3,,2,0.02,150.071,58.54296875,0.013327,4.0,1.0,0.0,2,1,0,1,2,2,0,0,2,3,1,1,0
E08-static_continuity-20260909-20260906T142509348260Z,primary,E08,static_continuity,B300 static continuity,20260909,default,1,0.17799,0.2170311,,0.028848,0.035751,,,0,0,0,3,,2,0.02,157.853,58.54296875,0.01267,4.0,1.0,0.0,2,1,0,1,2,2,0,0,2,3,1,1,0
E08-static_continuity-20260910-20260906T142509478244Z,primary,E08,static_continuity,B300 static continuity,20260910,default,1,0.1889845,0.23251255,,0.029232,0.036178,,,0,0,0,3,,2,0.01,66.432,58.54296875,0.015053,4.0,1.0,0.0,2,1,0,1,2,2,0,0,2,3,1,1,0
E08-static_continuity-20260911-20260906T142509608934Z,primary,E08,static_continuity,B300 static continuity,20260911,default,1,0.1849785,0.23395245,,0.028806,0.037712,,,0,0,0,3,,2,0.01,75.758,58.54296875,0.0132,4.0,1.0,0.0,2,1,0,1,2,2,0,0,2,3,1,1,0
E08-static_continuity-20260912-20260906T142509738573Z,primary,E08,static_continuity,B300 static continuity,20260912,default,1,0.1520395,0.19756105,,0.027442,0.022883,,,0,0,0,3,,2,0.01,59.389,58.54296875,0.016838,4.0,1.0,0.0,2,1,0,1,2,2,0,0,2,3,1,1,0
E08-static_continuity-20260913-20260906T142509871836Z,primary,E08,static_continuity,B300 static continuity,20260913,default,1,0.17381449999999998,0.21254915,,0.027229,0.038095,,,0,0,0,3,,2,0.01,72.754,58.54296875,0.013745,4.0,1.0,0.0,2,1,0,1,2,2,0,0,2,3,1,1,0
E08-static_continuity-20260914-20260906T142510003665Z,primary,E08,static_continuity,B300 static continuity,20260914,default,1,0.172663,0.21603489999999997,,0.03098,0.038587,,,0,0,0,3,,2,0.01,71.023,58.54296875,0.01408,4.0,1.0,0.0,2,1,0,1,2,2,0,0,2,3,1,1,0
E08-static_continuity-20260915-20260906T142510131393Z,primary,E08,static_continuity,B300 static continuity,20260915,default,1,0.168477,0.21355079999999999,,0.028388,0.040627,,,0,0,0,3,,2,0.01,64.99,58.54296875,0.015387,4.0,1.0,0.0,2,1,0,1,2,2,0,0,2,3,1,1,0
E08-static_continuity-20260916-20260906T142510269257Z,primary,E08,static_continuity,B300 static continuity,20260916,default,1,0.1639295,0.21252184999999998,,0.032382,0.024563,,,0,0,0,3,,2,0.01,79.108,58.54296875,0.012641,4.0,1.0,0.0,2,1,0,1,2,2,0,0,2,3,1,1,0
E08-static_continuity-20260917-20260906T142510402875Z,primary,E08,static_continuity,B300 static continuity,20260917,default,1,0.1710905,0.21297065,,0.038205,0.031872,,,0,0,0,3,,2,0.02,153.198,58.54296875,0.013055,4.0,1.0,0.0,2,1,0,1,2,2,0,0,2,3,1,1,0
E08-static_continuity-20260918-20260906T142510522679Z,primary,E08,static_continuity,B300 static continuity,20260918,default,1,0.17015550000000002,0.19405995,,0.026263,0.029832,,,0,0,0,3,,2,0.01,54.392,58.55859375,0.018385,4.0,1.0,0.0,2,1,0,1,2,2,0,0,2,3,1,1,0
E08-static_continuity-20260919-20260906T142510656688Z,primary,E08,static_continuity,B300 static continuity,20260919,default,1,0.17009200000000002,0.2039212,,0.028855,0.036377,,,0,0,0,3,,2,0.01,78.952,58.55859375,0.012666,4.0,1.0,0.0,2,1,0,1,2,2,0,0,2,3,1,1,0
E08-static_continuity-20260920-20260906T142510795110Z,primary,E08,static_continuity,B300 static continuity,20260920,default,1,0.1861135,0.23761285,,0.031235,0.039606,,,0,0,0,3,,2,0.01,68.236,58.55859375,0.014655,4.0,1.0,0.0,2,1,0,1,2,2,0,0,2,3,1,1,0
E08-static_continuity-20260921-20260906T142510926154Z,primary,E08,static_continuity,B300 static continuity,20260921,default,1,0.1709205,0.20790465,,0.027878,0.021928,,,0,0,0,3,,2,0.02,118.147,58.55859375,0.016928,4.0,1.0,0.0,2,1,0,1,2,2,0,0,2,3,1,1,0
E08-static_continuity-20260922-20260906T142511059236Z,primary,E08,static_continuity,B300 static continuity,20260922,default,1,0.168076,0.2166292,,0.029465,0.026964,,,0,0,0,3,,2,0.02,125.149,58.55859375,0.015981,4.0,1.0,0.0,2,1,0,1,2,2,0,0,2,3,1,1,0
E08-static_continuity-20260923-20260906T142511191881Z,primary,E08,static_continuity,B300 static continuity,20260923,default,1,0.163264,0.2077537,,0.032009,0.032814,,,0,0,0,3,,2,0.02,141.854,58.55859375,0.014099,4.0,1.0,0.0,2,1,0,1,2,2,0,0,2,3,1,1,0
E08-static_continuity-20260924-20260906T142511317494Z,primary,E08,static_continuity,B300 static continuity,20260924,default,1,0.153556,0.2012128,,0.03222,0.023233,,,0,0,0,3,,2,0.01,64.65,58.55859375,0.015468,4.0,1.0,0.0,2,1,0,1,2,2,0,0,2,3,1,1,0
E08-static_continuity-20260925-20260906T142511450157Z,primary,E08,static_continuity,B300 static continuity,20260925,default,1,0.156163,0.1963219,,0.026709,0.03116,,,0,0,0,3,,2,0.01,57.857,58.55859375,0.017284,4.0,1.0,0.0,2,1,0,1,2,2,0,0,2,3,1,1,0
E08-static_continuity-20260926-20260906T142511587201Z,primary,E08,static_continuity,B300 static continuity,20260926,default,1,0.171277,0.22931169999999998,,0.027175,0.023699,,,0,0,0,3,,2,0.01,70.726,58.55859375,0.014139,4.0,1.0,0.0,2,1,0,1,2,2,0,0,2,3,1,1,0
E08-static_continuity-20260927-20260906T142511714098Z,primary,E08,static_continuity,B300 static continuity,20260927,default,1,0.184928,0.25337930000000003,,0.032814,0.029761,,,0,0,0,3,,2,0.01,61.399,58.57421875,0.016287,4.0,1.0,0.0,2,1,0,1,2,2,0,0,2,3,1,1,0
E08-static_continuity-20260928-20260906T142511850488Z,primary,E08,static_continuity,B300 static continuity,20260928,default,1,0.164409,0.2106537,,0.029804,0.031119,,,0,0,0,3,,2,0.01,74.14,58.57421875,0.013488,4.0,1.0,0.0,2,1,0,1,2,2,0,0,2,3,1,1,0
E08-static_continuity-20260929-20260906T142511984705Z,primary,E08,static_continuity,B300 static continuity,20260929,default,1,0.1739095,0.21450355,,0.031966,0.025946,,,0,0,0,3,,2,0.01,61.252,58.57421875,0.016326,4.0,1.0,0.0,2,1,0,1,2,2,0,0,2,3,1,1,0
E08-static_continuity-20260930-20260906T142512119634Z,primary,E08,static_continuity,B300 static continuity,20260930,default,1,0.16740850000000002,0.22143865,,0.035411,0.024707,,,0,0,0,3,,2,0.01,70.111,58.57421875,0.014263,4.0,1.0,0.0,2,1,0,1,2,2,0,0,2,3,1,1,0
E08-static_continuity-20260931-20260906T142512240159Z,primary,E08,static_continuity,B300 static continuity,20260931,default,1,0.17252699999999999,0.2105268,,0.027923,0.032365,,,0,0,0,3,,2,0.01,74.549,58.57421875,0.013414,4.0,1.0,0.0,2,1,0,1,2,2,0,0,2,3,1,1,0
E08-static_continuity-20260932-20260906T142512366861Z,primary,E08,static_continuity,B300 static continuity,20260932,default,1,0.1729295,0.21330934999999998,,0.029911,0.042053,,,0,0,0,3,,2,0.01,66.587,58.57421875,0.015018,4.0,1.0,0.0,2,1,0,1,2,2,0,0,2,3,1,1,0
E08-static_continuity-20260933-20260906T142512494525Z,primary,E08,static_continuity,B300 static continuity,20260933,default,1,0.1633885,0.21361075,,0.026273,0.027711,,,0,0,0,3,,2,0.01,61.713,58.57421875,0.016204,4.0,1.0,0.0,2,1,0,1,2,2,0,0,2,3,1,1,0
E08-static_continuity-20260934-20260906T142512629449Z,primary,E08,static_continuity,B300 static continuity,20260934,default,1,0.1631985,0.20491125,,0.028557,0.047087,,,0,0,0,3,,2,0.01,60.467,58.57421875,0.016538,4.0,1.0,0.0,2,1,0,1,2,2,0,0,2,3,1,1,0
E08-static_continuity-20260935-20260906T142512765303Z,primary,E08,static_continuity,B300 static continuity,20260935,default,1,0.182702,0.2281835,,0.037103,0.03283,,,0,0,0,3,,2,0.01,73.057,58.58984375,0.013688,4.0,1.0,0.0,2,1,0,1,2,2,0,0,2,3,1,1,0
E08-static_continuity-20260936-20260906T142512886068Z,primary,E08,static_continuity,B300 static continuity,20260936,default,1,0.176123,0.2177399,,0.028472,0.031264,,,0,0,0,3,,2,0.01,73.926,58.58984375,0.013527,4.0,1.0,0.0,2,1,0,1,2,2,0,0,2,3,1,1,0
E09-ca_ztcf-20260907-20260906T142524672255Z,primary,E09,ca_ztcf,C CA-ZTCF,20260907,default,1,0.42674100000000004,0.47876745,4.0695,0.021422,0.0240775,,,0,2,2,2,,1,0.02,78.92,58.69921875,0.025342,16.0,0.0,0.0,3,1,3,4,0,0,0,0,3,4,1,1,3
E09-ca_ztcf-20260908-20260906T142524814675Z,primary,E09,ca_ztcf,C CA-ZTCF,20260908,default,1,0.447719,0.5254416,4.28,0.023319,0.022622999999999997,,,0,2,2,2,,1,0.01,49.244,58.71875,0.020307,16.0,0.0,0.0,3,1,3,4,0,0,0,0,3,4,1,1,3
E09-ca_ztcf-20260909-20260906T142524946149Z,primary,E09,ca_ztcf,C CA-ZTCF,20260909,default,1,0.44691800000000004,0.5257829,4.5329999999999995,0.026903,0.021442000000000003,,,0,2,2,2,,1,0.02,98.932,58.734375,0.020216,16.0,0.0,0.0,3,1,3,4,0,0,0,0,3,4,1,1,3
E09-ca_ztcf-20260910-20260906T142525077479Z,primary,E09,ca_ztcf,C CA-ZTCF,20260910,default,1,0.4464915,0.50894665,4.484,0.02817,0.02478,,,0,2,2,2,,1,0.02,84.893,58.734375,0.023559,16.0,0.0,0.0,3,1,3,4,0,0,0,0,3,4,1,1,3
E09-ca_ztcf-20260911-20260906T142525210489Z,primary,E09,ca_ztcf,C CA-ZTCF,20260911,default,1,0.44592350000000003,0.5064115,4.1475,0.036003,0.0237705,,,0,2,2,2,,1,0.01,47.331,58.7421875,0.021128,16.0,0.0,0.0,3,1,3,4,0,0,0,0,3,4,1,1,3
E09-ca_ztcf-20260912-20260906T142525343391Z,primary,E09,ca_ztcf,C CA-ZTCF,20260912,default,1,0.4505135,0.5264449999999999,4.758,0.027665,0.026043499999999997,,,0,2,2,2,,1,0.01,50.839,58.74609375,0.01967,16.0,0.0,0.0,3,1,3,4,0,0,0,0,3,4,1,1,3
E09-ca_ztcf-20260913-20260906T142525474366Z,primary,E09,ca_ztcf,C CA-ZTCF,20260913,default,1,0.440176,0.49747679999999994,4.2115,0.028717,0.0250335,,,0,2,2,2,,1,0.01,44.978,58.74609375,0.022233,16.0,0.0,0.0,3,1,3,4,0,0,0,0,3,4,1,1,3
E09-ca_ztcf-20260914-20260906T142525609939Z,primary,E09,ca_ztcf,C CA-ZTCF,20260914,default,1,0.436597,0.5570617,4.316,0.019327,0.025033,,,0,2,2,2,,1,0.02,89.981,58.75390625,0.022227,16.0,0.0,0.0,3,1,3,4,0,0,0,0,3,4,1,1,3
E09-ca_ztcf-20260915-20260906T142525743252Z,primary,E09,ca_ztcf,C CA-ZTCF,20260915,default,1,0.4395025,0.47268745,4.1055,0.023118,0.0269705,,,0,2,2,2,,1,0.01,39.14,58.74609375,0.025549,16.0,0.0,0.0,3,1,3,4,0,0,0,0,3,4,1,1,3
E09-ca_ztcf-20260916-20260906T142525886982Z,primary,E09,ca_ztcf,C CA-ZTCF,20260916,default,1,0.44282900000000003,0.50425815,4.316,0.028086,0.027075500000000002,,,0,2,2,2,,1,0.01,47.551,58.75,0.02103,16.0,0.0,0.0,3,1,3,4,0,0,0,0,3,4,1,1,3
E09-ca_ztcf-20260917-20260906T142526025906Z,primary,E09,ca_ztcf,C CA-ZTCF,20260917,default,1,0.443874,0.5236576,4.395,0.028346,0.023698,,,0,2,2,2,,1,0.03,143.644,58.74609375,0.020885,16.0,0.0,0.0,3,1,3,4,0,0,0,0,3,4,1,1,3
E09-ca_ztcf-20260918-20260906T142526157253Z,primary,E09,ca_ztcf,C CA-ZTCF,20260918,default,1,0.453652,0.54274015,4.7105,0.023047,0.023046,,,0,2,2,2,,1,0.02,89.815,58.75,0.022268,16.0,0.0,0.0,3,1,3,4,0,0,0,0,3,4,1,1,3
E09-ca_ztcf-20260919-20260906T142526296517Z,primary,E09,ca_ztcf,C CA-ZTCF,20260919,default,1,0.46420799999999995,0.5089113,4.542,0.023635,0.0271045,,,0,2,2,2,,1,0.01,43.002,58.75390625,0.023255,16.0,0.0,0.0,3,1,3,4,0,0,0,0,3,4,1,1,3
E09-ca_ztcf-20260920-20260906T142526433149Z,primary,E09,ca_ztcf,C CA-ZTCF,20260920,default,1,0.43775549999999996,0.5208921499999999,4.394500000000001,0.028304,0.0320045,,,0,2,2,2,,1,0.03,133.541,58.75,0.022465,16.0,0.0,0.0,3,1,3,4,0,0,0,0,3,4,1,1,3
E09-ca_ztcf-20260921-20260906T142526566028Z,primary,E09,ca_ztcf,C CA-ZTCF,20260921,default,1,0.434349,0.5136064499999999,4.1635,0.027084,0.0216165,,,0,2,2,2,,1,0.01,49.525,58.76953125,0.020192,16.0,0.0,0.0,3,1,3,4,0,0,0,0,3,4,1,1,3
E09-ca_ztcf-20260922-20260906T142526698204Z,primary,E09,ca_ztcf,C CA-ZTCF,20260922,default,1,0.4491945,0.49730535,4.311,0.028724,0.025779999999999997,,,0,2,2,2,,1,0.02,96.731,58.78515625,0.020676,16.0,0.0,0.0,3,1,3,4,0,0,0,0,3,4,1,1,3
E09-ca_ztcf-20260923-20260906T142526831654Z,primary,E09,ca_ztcf,C CA-ZTCF,20260923,default,1,0.4418555,0.46664735,4.416,0.028346,0.0264105,,,0,2,2,2,,1,0.02,87.097,58.78515625,0.022963,16.0,0.0,0.0,3,1,3,4,0,0,0,0,3,4,1,1,3
E09-ca_ztcf-20260924-20260906T142526961322Z,primary,E09,ca_ztcf,C CA-ZTCF,20260924,default,1,0.441351,0.49920875,4.311,0.024098,0.0288705,,,0,2,2,2,,1,0.01,44.146,58.8046875,0.022652,16.0,0.0,0.0,3,1,3,4,0,0,0,0,3,4,1,1,3
E09-ca_ztcf-20260925-20260906T142527096171Z,primary,E09,ca_ztcf,C CA-ZTCF,20260925,default,1,0.44393499999999997,0.50142045,4.495,0.022895,0.0222015,,,0,2,2,2,,1,0.02,83.931,58.80078125,0.023829,16.0,0.0,0.0,3,1,3,4,0,0,0,0,3,4,1,1,3
E09-ca_ztcf-20260926-20260906T142527230708Z,primary,E09,ca_ztcf,C CA-ZTCF,20260926,default,1,0.439104,0.4972194,4.201,0.027726,0.0290285,,,0,2,2,2,,1,0.02,93.58,58.8046875,0.021372,16.0,0.0,0.0,3,1,3,4,0,0,0,0,3,4,1,1,3
E09-ca_ztcf-20260927-20260906T142527364307Z,primary,E09,ca_ztcf,C CA-ZTCF,20260927,default,1,0.440091,0.5251433999999999,4.684,0.023315,0.025016,,,0,2,2,2,,1,0.02,88.936,58.80078125,0.022488,16.0,0.0,0.0,3,1,3,4,0,0,0,0,3,4,1,1,3
E09-ca_ztcf-20260928-20260906T142527497646Z,primary,E09,ca_ztcf,C CA-ZTCF,20260928,default,1,0.437843,0.5336422,4.2219999999999995,0.022979,0.0283775,,,0,2,2,2,,1,0.02,85.649,58.8046875,0.023351,16.0,0.0,0.0,3,1,3,4,0,0,0,0,3,4,1,1,3
E09-ca_ztcf-20260929-20260906T142527636142Z,primary,E09,ca_ztcf,C CA-ZTCF,20260929,default,1,0.446392,0.5382372,4.6,0.029827,0.021845,,,0,2,2,2,,1,0.02,90.188,58.80078125,0.022176,16.0,0.0,0.0,3,1,3,4,0,0,0,0,3,4,1,1,3
E09-ca_ztcf-20260930-20260906T142527764095Z,primary,E09,ca_ztcf,C CA-ZTCF,20260930,default,1,0.4557605,0.49393834999999997,4.495,0.022769,0.027138000000000002,,,0,2,2,2,,1,0.01,43.745,58.8046875,0.02286,16.0,0.0,0.0,3,1,3,4,0,0,0,0,3,4,1,1,3
E09-ca_ztcf-20260931-20260906T142527901239Z,primary,E09,ca_ztcf,C CA-ZTCF,20260931,default,1,0.4367725,0.48967279999999996,4.243,0.025583,0.025332,,,0,2,2,2,,1,0.01,38.097,58.80078125,0.026249,16.0,0.0,0.0,3,1,3,4,0,0,0,0,3,4,1,1,3
E09-ca_ztcf-20260932-20260906T142528044110Z,primary,E09,ca_ztcf,C CA-ZTCF,20260932,default,1,0.4399425,0.4898957,4.302,0.024594,0.029588499999999997,,,0,2,2,2,,1,0.02,87.329,58.8046875,0.022902,16.0,0.0,0.0,3,1,3,4,0,0,0,0,3,4,1,1,3
E09-ca_ztcf-20260933-20260906T142528179393Z,primary,E09,ca_ztcf,C CA-ZTCF,20260933,default,1,0.4420615,0.49027564999999995,4.281000000000001,0.026986,0.0237545,,,0,2,2,2,,1,0.02,82.915,58.80078125,0.024121,16.0,0.0,0.0,3,1,3,4,0,0,0,0,3,4,1,1,3
E09-ca_ztcf-20260934-20260906T142528317347Z,primary,E09,ca_ztcf,C CA-ZTCF,20260934,default,1,0.42819050000000003,0.50136245,4.218,0.019348,0.0267345,,,0,2,2,2,,1,0.01,44.032,58.8046875,0.022711,16.0,0.0,0.0,3,1,3,4,0,0,0,0,3,4,1,1,3
E09-ca_ztcf-20260935-20260906T142528445044Z,primary,E09,ca_ztcf,C CA-ZTCF,20260935,default,1,0.47593050000000003,0.5332944,4.6795,0.028413,0.023272,,,0,2,2,2,,1,0.02,100.065,58.80078125,0.019987,16.0,0.0,0.0,3,1,3,4,0,0,0,0,3,4,1,1,3
E09-ca_ztcf-20260936-20260906T142528448011Z,primary,E09,ca_ztcf,C CA-ZTCF,20260936,default,1,0.4479945,0.52917945,4.46,0.020468,0.0254295,,,0,2,2,2,,1,0.03,156.674,58.8046875,0.019148,16.0,0.0,0.0,3,1,3,4,0,0,0,0,3,4,1,1,3
E09-independent-20260907-20260906T142516892302Z,primary,E09,independent,A independent,20260907,default,1,0.09751499999999999,0.19817379999999998,,0.02687,0.029961,,,8,0,1,2,,1,0.01,52.168,58.62109375,0.019169,16.0,0.0,0.0,3,1,3,4,0,0,0,0,3,4,1,1,3
E09-independent-20260908-20260906T142517023669Z,primary,E09,independent,A independent,20260908,default,1,0.097998,0.2138711,,0.024699,0.027555,,,8,0,1,2,,1,0.02,120.533,58.65234375,0.016593,16.0,0.0,0.0,3,1,3,4,0,0,0,0,3,4,1,1,3
E09-independent-20260909-20260906T142517159573Z,primary,E09,independent,A independent,20260909,default,1,0.08865200000000001,0.18452199999999994,,0.023312,0.026882999999999997,,,8,0,1,2,,1,0.02,98.145,58.64453125,0.020378,16.0,0.0,0.0,3,1,3,4,0,0,0,0,3,4,1,1,3
E09-independent-20260910-20260906T142517286230Z,primary,E09,independent,A independent,20260910,default,1,0.106525,0.21423039999999996,,0.024447,0.0286265,,,8,0,1,2,,1,0.01,57.924,58.64453125,0.017264,16.0,0.0,0.0,3,1,3,4,0,0,0,0,3,4,1,1,3
E09-independent-20260911-20260906T142517416259Z,primary,E09,independent,A independent,20260911,default,1,0.08980650000000001,0.20292919999999998,,0.02764,0.031777,,,8,0,1,2,,1,0.01,54.198,58.64453125,0.018451,16.0,0.0,0.0,3,1,3,4,0,0,0,0,3,4,1,1,3
E09-independent-20260912-20260906T142517545637Z,primary,E09,independent,A independent,20260912,default,1,0.09877549999999999,0.19908849999999995,,0.024825,0.026883499999999998,,,8,0,1,2,,1,0.02,117.488,58.64453125,0.017023,16.0,0.0,0.0,3,1,3,4,0,0,0,0,3,4,1,1,3
E09-independent-20260913-20260906T142517665646Z,primary,E09,independent,A independent,20260913,default,1,0.092348,0.20096159999999996,,0.028479,0.029214499999999997,,,8,0,1,2,,1,0.01,53.903,58.64453125,0.018552,16.0,0.0,0.0,3,1,3,4,0,0,0,0,3,4,1,1,3
E09-independent-20260914-20260906T142517798411Z,primary,E09,independent,A independent,20260914,default,1,0.10600000000000001,0.20377504999999996,,0.03079,0.029341,,,8,0,1,2,,1,0.01,52.879,58.64453125,0.018911,16.0,0.0,0.0,3,1,3,4,0,0,0,0,3,4,1,1,3
E09-independent-20260915-20260906T142517929162Z,primary,E09,independent,A independent,20260915,default,1,0.09247449999999999,0.18916819999999995,,0.019785,0.0262955,,,8,0,1,2,,1,0.01,48.624,58.64453125,0.020566,16.0,0.0,0.0,3,1,3,4,0,0,0,0,3,4,1,1,3
E09-independent-20260916-20260906T142518063435Z,primary,E09,independent,A independent,20260916,default,1,0.101913,0.2150518,,0.028537,0.028809500000000002,,,8,0,1,2,,1,0.01,62.208,58.64453125,0.016075,16.0,0.0,0.0,3,1,3,4,0,0,0,0,3,4,1,1,3
E09-independent-20260917-20260906T142518192335Z,primary,E09,independent,A independent,20260917,default,1,0.093457,0.20955629999999992,,0.024801,0.01922,,,8,0,1,2,,1,0.01,62.274,58.6484375,0.016058,16.0,0.0,0.0,3,1,3,4,0,0,0,0,3,4,1,1,3
E09-independent-20260918-20260906T142518322779Z,primary,E09,independent,A independent,20260918,default,1,0.0968145,0.20352164999999992,,0.02392,0.0287465,,,8,0,1,2,,1,0.01,53.94,58.6484375,0.018539,16.0,0.0,0.0,3,1,3,4,0,0,0,0,3,4,1,1,3
E09-independent-20260919-20260906T142518447360Z,primary,E09,independent,A independent,20260919,default,1,0.132317,0.23589795000000002,,0.026523,0.033447000000000005,,,8,0,1,2,,1,0.02,-18.329,58.6484375,-0.109115,16.0,0.0,0.0,3,1,3,4,0,0,0,0,3,4,1,1,3
E09-independent-20260920-20260906T142518456641Z,primary,E09,independent,A independent,20260920,default,1,0.10409399999999999,0.20526529999999998,,0.030307,0.0282635,,,8,0,1,2,,1,0.01,48.218,58.6484375,0.020739,16.0,0.0,0.0,3,1,3,4,0,0,0,0,3,4,1,1,3
E09-independent-20260921-20260906T142518593144Z,primary,E09,independent,A independent,20260921,default,1,0.1071785,0.19117939999999997,,0.026055,0.0248045,,,8,0,1,2,,1,0.01,52.247,58.6484375,0.01914,16.0,0.0,0.0,3,1,3,4,0,0,0,0,3,4,1,1,3
E09-independent-20260922-20260906T142518724878Z,primary,E09,independent,A independent,20260922,default,1,0.1033015,0.21141829999999995,,0.023012,0.034267000000000006,,,8,0,1,2,,1,0.01,54.248,58.6484375,0.018434,16.0,0.0,0.0,3,1,3,4,0,0,0,0,3,4,1,1,3
E09-independent-20260923-20260906T142518857979Z,primary,E09,independent,A independent,20260923,default,1,0.107679,0.20627649999999992,,0.029515,0.0200725,,,8,0,1,2,,1,0.01,62.661,58.6484375,0.015959,16.0,0.0,0.0,3,1,3,4,0,0,0,0,3,4,1,1,3
E09-independent-20260924-20260906T142518988798Z,primary,E09,independent,A independent,20260924,default,1,0.113637,0.24259544999999993,,0.029879,0.0290275,,,8,0,1,2,,1,0.02,127.097,58.6484375,0.015736,16.0,0.0,0.0,3,1,3,4,0,0,0,0,3,4,1,1,3
E09-independent-20260925-20260906T142519121696Z,primary,E09,independent,A independent,20260925,default,1,0.1069235,0.21662454999999997,,0.027706,0.0287715,,,8,0,1,2,,1,0.01,58.36,58.6484375,0.017135,16.0,0.0,0.0,3,1,3,4,0,0,0,0,3,4,1,1,3
E09-independent-20260926-20260906T142519252311Z,primary,E09,independent,A independent,20260926,default,1,0.1021705,0.23079219999999998,,0.021866,0.023742,,,8,0,1,2,,1,0.02,112.442,58.6484375,0.017787,16.0,0.0,0.0,3,1,3,4,0,0,0,0,3,4,1,1,3
E09-independent-20260927-20260906T142519385131Z,primary,E09,independent,A independent,20260927,default,1,0.1086285,0.20122334999999997,,0.02566,0.0352935,,,8,0,1,2,,1,0.02,101.999,58.6484375,0.019608,16.0,0.0,0.0,3,1,3,4,0,0,0,0,3,4,1,1,3
E09-independent-20260928-20260906T142519526577Z,primary,E09,independent,A independent,20260928,default,1,0.102469,0.22342669999999998,,0.030605,0.0294955,,,8,0,1,2,,1,0.02,101.451,58.6484375,0.019714,16.0,0.0,0.0,3,1,3,4,0,0,0,0,3,4,1,1,3
E09-independent-20260929-20260906T142519660388Z,primary,E09,independent,A independent,20260929,default,1,0.10662450000000001,0.22798374999999999,,0.024764,0.0212695,,,8,0,1,2,,1,0.01,62.317,58.6484375,0.016047,16.0,0.0,0.0,3,1,3,4,0,0,0,0,3,4,1,1,3
E09-independent-20260930-20260906T142519791209Z,primary,E09,independent,A independent,20260930,default,1,0.0973325,0.22467559999999998,,0.027024,0.0281965,,,8,0,1,2,,1,0.01,59.231,58.6484375,0.016883,16.0,0.0,0.0,3,1,3,4,0,0,0,0,3,4,1,1,3
E09-independent-20260931-20260906T142519924830Z,primary,E09,independent,A independent,20260931,default,1,0.11097299999999999,0.20414559999999998,,0.029198,0.0295385,,,8,0,1,2,,1,0.01,62.143,58.6640625,0.016092,16.0,0.0,0.0,3,1,3,4,0,0,0,0,3,4,1,1,3
E09-independent-20260932-20260906T142520049912Z,primary,E09,independent,A independent,20260932,default,1,0.10055149999999999,0.20498499999999995,,0.028947,0.0286285,,,8,0,1,2,,1,0.02,101.869,58.6640625,0.019633,16.0,0.0,0.0,3,1,3,4,0,0,0,0,3,4,1,1,3
E09-independent-20260933-20260906T142520183383Z,primary,E09,independent,A independent,20260933,default,1,0.10291,0.21013914999999997,,0.021382,0.029670500000000002,,,8,0,1,2,,1,0.01,60.067,58.6640625,0.016648,16.0,0.0,0.0,3,1,3,4,0,0,0,0,3,4,1,1,3
E09-independent-20260934-20260906T142520314931Z,primary,E09,independent,A independent,20260934,default,1,0.1028045,0.2000736,,0.027077,0.031731499999999996,,,8,0,1,2,,1,0.01,48.895,58.6640625,0.020452,16.0,0.0,0.0,3,1,3,4,0,0,0,0,3,4,1,1,3
E09-independent-20260935-20260906T142520451104Z,primary,E09,independent,A independent,20260935,default,1,0.095726,0.21756979999999998,,0.024484,0.021380999999999997,,,8,0,1,2,,1,0.01,58.637,58.6640625,0.017054,16.0,0.0,0.0,3,1,3,4,0,0,0,0,3,4,1,1,3
E09-independent-20260936-20260906T142520583452Z,primary,E09,independent,A independent,20260936,default,1,0.099191,0.20727425,,0.024442,0.029351,,,8,0,1,2,,1,0.01,53.121,58.6640625,0.018825,16.0,0.0,0.0,3,1,3,4,0,0,0,0,3,4,1,1,3
E09-static_continuity-20260907-20260906T142520724902Z,primary,E09,static_continuity,B300 static continuity,20260907,default,1,0.1141325,0.18495364999999991,,0.027459,0.035983,,,0,0,0,2,,1,0.02,94.827,58.6640625,0.021091,16.0,1.0,0.0,3,1,0,1,3,3,0,0,3,4,1,1,0
E09-static_continuity-20260908-20260906T142520852069Z,primary,E09,static_continuity,B300 static continuity,20260908,default,1,0.096853,0.18605214999999986,,0.032008,0.029925,,,0,0,0,2,,1,0.01,53.112,58.6640625,0.018828,16.0,1.0,0.0,3,1,0,1,3,3,0,0,3,4,1,1,0
E09-static_continuity-20260909-20260906T142520987951Z,primary,E09,static_continuity,B300 static continuity,20260909,default,1,0.0803785,0.15029584999999987,,0.020099,0.0235775,,,0,0,0,2,,1,0.01,48.864,58.6640625,0.020465,16.0,1.0,0.0,3,1,0,1,3,3,0,0,3,4,1,1,0
E09-static_continuity-20260910-20260906T142521120143Z,primary,E09,static_continuity,B300 static continuity,20260910,default,1,0.10257749999999999,0.18476869999999995,,0.031083,0.029747,,,0,0,0,2,,1,0.02,125.929,58.6640625,0.015882,16.0,1.0,0.0,3,1,0,1,3,3,0,0,3,4,1,1,0
E09-static_continuity-20260911-20260906T142521252220Z,primary,E09,static_continuity,B300 static continuity,20260911,default,1,0.0869085,0.19496214999999986,,0.027776,0.017047,,,0,0,0,2,,1,0.02,115.701,58.6640625,0.017286,16.0,1.0,0.0,3,1,0,1,3,3,0,0,3,4,1,1,0
E09-static_continuity-20260912-20260906T142521382509Z,primary,E09,static_continuity,B300 static continuity,20260912,default,1,0.0993755,0.18712234999999988,,0.02769,0.0280295,,,0,0,0,2,,1,0.01,63.549,58.6640625,0.015736,16.0,1.0,0.0,3,1,0,1,3,3,0,0,3,4,1,1,0
E09-static_continuity-20260913-20260906T142521500616Z,primary,E09,static_continuity,B300 static continuity,20260913,default,1,0.10849249999999999,0.1829197499999999,,0.02998,0.028178,,,0,0,0,2,,1,0.01,64.029,58.6640625,0.015618,16.0,1.0,0.0,3,1,0,1,3,3,0,0,3,4,1,1,0
E09-static_continuity-20260914-20260906T142521636130Z,primary,E09,static_continuity,B300 static continuity,20260914,default,1,0.09002550000000001,0.18502934999999987,,0.027181,0.02504,,,0,0,0,2,,1,0.01,53.522,58.6640625,0.018684,16.0,1.0,0.0,3,1,0,1,3,3,0,0,3,4,1,1,0
E09-static_continuity-20260915-20260906T142521779091Z,primary,E09,static_continuity,B300 static continuity,20260915,default,1,0.098803,0.1824837499999999,,0.030743,0.0265035,,,0,0,0,2,,1,0.01,61.504,58.6640625,0.016259,16.0,1.0,0.0,3,1,0,1,3,3,0,0,3,4,1,1,0
E09-static_continuity-20260916-20260906T142521911709Z,primary,E09,static_continuity,B300 static continuity,20260916,default,1,0.09738250000000001,0.1651881999999999,,0.02485,0.0212875,,,0,0,0,2,,1,0.01,59.231,58.6640625,0.016883,16.0,1.0,0.0,3,1,0,1,3,3,0,0,3,4,1,1,0
E09-static_continuity-20260917-20260906T142522042676Z,primary,E09,static_continuity,B300 static continuity,20260917,default,1,0.100964,0.1787648999999999,,0.027886,0.033852,,,0,0,0,2,,1,0.02,106.707,58.6640625,0.018743,16.0,1.0,0.0,3,1,0,1,3,3,0,0,3,4,1,1,0
E09-static_continuity-20260918-20260906T142522175637Z,primary,E09,static_continuity,B300 static continuity,20260918,default,1,0.09772700000000001,0.17464084999999988,,0.024459,0.0363705,,,0,0,0,2,,1,0.02,110.975,58.6640625,0.018022,16.0,1.0,0.0,3,1,0,1,3,3,0,0,3,4,1,1,0
E09-static_continuity-20260919-20260906T142522307449Z,primary,E09,static_continuity,B300 static continuity,20260919,default,1,0.09360099999999999,0.1622421999999999,,0.026743,0.032731,,,0,0,0,2,,1,0.01,53.427,58.6640625,0.018717,16.0,1.0,0.0,3,1,0,1,3,3,0,0,3,4,1,1,0
E09-static_continuity-20260920-20260906T142522438922Z,primary,E09,static_continuity,B300 static continuity,20260920,default,1,0.1037565,0.1718442999999999,,0.027759,0.02412,,,0,0,0,2,,1,0.01,62.461,58.6640625,0.01601,16.0,1.0,0.0,3,1,0,1,3,3,0,0,3,4,1,1,0
E09-static_continuity-20260921-20260906T142522556232Z,primary,E09,static_continuity,B300 static continuity,20260921,default,1,0.0945745,0.16249294999999989,,0.020057,0.025516,,,0,0,0,2,,1,0.02,108.998,58.6640625,0.018349,16.0,1.0,0.0,3,1,0,1,3,3,0,0,3,4,1,1,0
E09-static_continuity-20260922-20260906T142522691097Z,primary,E09,static_continuity,B300 static continuity,20260922,default,1,0.10595750000000001,0.1697165499999999,,0.025093,0.029515,,,0,0,0,2,,1,0.01,61.061,58.6640625,0.016377,16.0,1.0,0.0,3,1,0,1,3,3,0,0,3,4,1,1,0
E09-static_continuity-20260923-20260906T142522833693Z,primary,E09,static_continuity,B300 static continuity,20260923,default,1,0.1029955,0.1771887999999999,,0.026574,0.0299375,,,0,0,0,2,,1,0.01,53.769,58.6640625,0.018598,16.0,1.0,0.0,3,1,0,1,3,3,0,0,3,4,1,1,0
E09-static_continuity-20260924-20260906T142522961494Z,primary,E09,static_continuity,B300 static continuity,20260924,default,1,0.098552,0.1718759499999999,,0.031102,0.0297475,,,0,0,0,2,,1,0.02,108.903,58.6640625,0.018365,16.0,1.0,0.0,3,1,0,1,3,3,0,0,3,4,1,1,0
E09-static_continuity-20260925-20260906T142523093020Z,primary,E09,static_continuity,B300 static continuity,20260925,default,1,0.096722,0.18251534999999985,,0.028087,0.0309595,,,0,0,0,2,,1,0.02,106.644,58.6640625,0.018754,16.0,1.0,0.0,3,1,0,1,3,3,0,0,3,4,1,1,0
E09-static_continuity-20260926-20260906T142523213806Z,primary,E09,static_continuity,B300 static continuity,20260926,default,1,0.1013465,0.2006436499999999,,0.029566,0.026968,,,0,0,0,2,,1,0.01,58.575,58.6640625,0.017072,16.0,1.0,0.0,3,1,0,1,3,3,0,0,3,4,1,1,0
E09-static_continuity-20260927-20260906T142523349577Z,primary,E09,static_continuity,B300 static continuity,20260927,default,1,0.093174,0.1569263999999999,,0.024033,0.020865,,,0,0,0,2,,1,0.01,55.878,58.6640625,0.017896,16.0,1.0,0.0,3,1,0,1,3,3,0,0,3,4,1,1,0
E09-static_continuity-20260928-20260906T142523482113Z,primary,E09,static_continuity,B300 static continuity,20260928,default,1,0.104958,0.18631494999999992,,0.02568,0.0268625,,,0,0,0,2,,1,0.02,118.638,58.6640625,0.016858,16.0,1.0,0.0,3,1,0,1,3,3,0,0,3,4,1,1,0
E09-static_continuity-20260929-20260906T142523613601Z,primary,E09,static_continuity,B300 static continuity,20260929,default,1,0.1031845,0.1672277999999999,,0.029439,0.0255955,,,0,0,0,2,,1,0.01,51.688,58.6640625,0.019347,16.0,1.0,0.0,3,1,0,1,3,3,0,0,3,4,1,1,0
E09-static_continuity-20260930-20260906T142523746084Z,primary,E09,static_continuity,B300 static continuity,20260930,default,1,0.1098575,0.18300934999999993,,0.02813,0.026736,,,0,0,0,2,,1,0.02,113.154,58.6640625,0.017675,16.0,1.0,0.0,3,1,0,1,3,3,0,0,3,4,1,1,0
E09-static_continuity-20260931-20260906T142523877243Z,primary,E09,static_continuity,B300 static continuity,20260931,default,1,0.10785149999999999,0.19686124999999988,,0.031466,0.031847,,,0,0,0,2,,1,0.01,48.862,58.6640625,0.020466,16.0,1.0,0.0,3,1,0,1,3,3,0,0,3,4,1,1,0
E09-static_continuity-20260932-20260906T142524023707Z,primary,E09,static_continuity,B300 static continuity,20260932,default,1,0.1034165,0.1798802499999999,,0.02918,0.026418,,,0,0,0,2,,1,0.01,49.89,58.6796875,0.020044,16.0,1.0,0.0,3,1,0,1,3,3,0,0,3,4,1,1,0
E09-static_continuity-20260933-20260906T142524157162Z,primary,E09,static_continuity,B300 static continuity,20260933,default,1,0.114254,0.18068169999999995,,0.029307,0.029159499999999998,,,0,0,0,2,,1,0.01,60.427,58.68359375,0.016549,16.0,1.0,0.0,3,1,0,1,3,3,0,0,3,4,1,1,0
E09-static_continuity-20260934-20260906T142524287639Z,primary,E09,static_continuity,B300 static continuity,20260934,default,1,0.1030165,0.17688854999999992,,0.028084,0.025848999999999997,,,0,0,0,2,,1,0.01,60.798,58.69921875,0.016448,16.0,1.0,0.0,3,1,0,1,3,3,0,0,3,4,1,1,0
E09-static_continuity-20260935-20260906T142524415775Z,primary,E09,static_continuity,B300 static continuity,20260935,default,1,0.1060525,0.1708356499999999,,0.029307,0.030445,,,0,0,0,2,,1,0.02,127.943,58.69921875,0.015632,16.0,1.0,0.0,3,1,0,1,3,3,0,0,3,4,1,1,0
E09-static_continuity-20260936-20260906T142524545877Z,primary,E09,static_continuity,B300 static continuity,20260936,default,1,0.09163099999999999,0.18285129999999986,,0.020578,0.019459999999999998,,,0,0,0,2,,1,0.02,105.502,58.69921875,0.018957,16.0,1.0,0.0,3,1,0,1,3,3,0,0,3,4,1,1,0
E10-ca_ztcf-20260907-20260906T142536455613Z,primary,E10,ca_ztcf,C CA-ZTCF,20260907,default,1,0.5150745,0.5343493500000001,5.8004999999999995,0.031022,,,,1,0,1,2,,1,0.02,129.921,58.84375,0.015394,3.0,0.0,0.0,2,1,2,3,0,0,0,0,2,3,1,1,2
E10-ca_ztcf-20260908-20260906T142536584953Z,primary,E10,ca_ztcf,C CA-ZTCF,20260908,default,1,0.465999,0.47053860000000003,4.981,0.026734,,,,1,0,1,2,,1,0.02,85.543,58.83984375,0.02338,3.0,0.0,0.0,2,1,2,3,0,0,0,0,2,3,1,1,2
E10-ca_ztcf-20260909-20260906T142536710267Z,primary,E10,ca_ztcf,C CA-ZTCF,20260909,default,1,0.5081175,0.56043855,5.885,0.02955,,,,1,0,1,2,,1,0.01,75.506,58.85546875,0.013244,3.0,0.0,0.0,2,1,2,3,0,0,0,0,2,3,1,1,2
E10-ca_ztcf-20260910-20260906T142536838588Z,primary,E10,ca_ztcf,C CA-ZTCF,20260910,default,1,0.5309005,0.5627924499999999,5.8215,0.028163,,,,1,0,1,2,,1,0.01,65.462,58.85546875,0.015276,3.0,0.0,0.0,2,1,2,3,0,0,0,0,2,3,1,1,2
E10-ca_ztcf-20260911-20260906T142536971913Z,primary,E10,ca_ztcf,C CA-ZTCF,20260911,default,1,0.48556600000000005,0.5475526000000001,6.579000000000001,0.027533,,,,1,0,1,2,,1,0.01,69.672,58.85546875,0.014353,3.0,0.0,0.0,2,1,2,3,0,0,0,0,2,3,1,1,2
E10-ca_ztcf-20260912-20260906T142537103469Z,primary,E10,ca_ztcf,C CA-ZTCF,20260912,default,1,0.522668,0.5385782,6.214499999999999,0.02889,,,,1,0,1,2,,1,0.02,146.531,58.85546875,0.013649,3.0,0.0,0.0,2,1,2,3,0,0,0,0,2,3,1,1,2
E10-ca_ztcf-20260913-20260906T142537235938Z,primary,E10,ca_ztcf,C CA-ZTCF,20260913,default,1,0.556135,0.5916598,6.173,0.028135,,,,1,0,1,2,,1,0.01,71.139,58.859375,0.014057,3.0,0.0,0.0,2,1,2,3,0,0,0,0,2,3,1,1,2
E10-ca_ztcf-20260914-20260906T142537355423Z,primary,E10,ca_ztcf,C CA-ZTCF,20260914,default,1,0.5181955,0.5311397499999999,5.48,0.028806,,,,1,0,1,2,,1,0.01,65.13,58.859375,0.015354,3.0,0.0,0.0,2,1,2,3,0,0,0,0,2,3,1,1,2
E10-ca_ztcf-20260915-20260906T142537486090Z,primary,E10,ca_ztcf,C CA-ZTCF,20260915,default,1,0.527539,0.5397457,5.6899999999999995,0.02847,,,,1,0,1,2,,1,0.01,66.234,58.859375,0.015098,3.0,0.0,0.0,2,1,2,3,0,0,0,0,2,3,1,1,2
E10-ca_ztcf-20260916-20260906T142537619189Z,primary,E10,ca_ztcf,C CA-ZTCF,20260916,default,1,0.4985855,0.51905015,5.606,0.0312,,,,1,0,1,2,,1,0.01,65.415,58.859375,0.015287,3.0,0.0,0.0,2,1,2,3,0,0,0,0,2,3,1,1,2
E10-ca_ztcf-20260917-20260906T142537749277Z,primary,E10,ca_ztcf,C CA-ZTCF,20260917,default,1,0.520505,0.5289137,6.1305,0.029058,,,,1,0,1,2,,1,0.02,136.416,58.859375,0.014661,3.0,0.0,0.0,2,1,2,3,0,0,0,0,2,3,1,1,2
E10-ca_ztcf-20260918-20260906T142537865214Z,primary,E10,ca_ztcf,C CA-ZTCF,20260918,default,1,0.49396650000000003,0.5364253500000001,5.606,0.031157,,,,1,0,1,2,,1,0.01,71.454,58.859375,0.013995,3.0,0.0,0.0,2,1,2,3,0,0,0,0,2,3,1,1,2
E10-ca_ztcf-20260919-20260906T142537996794Z,primary,E10,ca_ztcf,C CA-ZTCF,20260919,default,1,0.5096925,0.51445035,5.6635,0.038933,,,,1,0,1,2,,1,0.01,63.751,58.86328125,0.015686,3.0,0.0,0.0,2,1,2,3,0,0,0,0,2,3,1,1,2
E10-ca_ztcf-20260920-20260906T142538117688Z,primary,E10,ca_ztcf,C CA-ZTCF,20260920,default,1,0.4731305,0.51011465,5.5375,0.027144,,,,1,0,1,2,,1,0.01,66.76,58.86328125,0.014979,3.0,0.0,0.0,2,1,2,3,0,0,0,0,2,3,1,1,2
E10-ca_ztcf-20260921-20260906T142538247886Z,primary,E10,ca_ztcf,C CA-ZTCF,20260921,default,1,0.5211675,0.53024805,5.559,0.0279,,,,1,0,1,2,,1,0.01,70.492,58.86328125,0.014186,3.0,0.0,0.0,2,1,2,3,0,0,0,0,2,3,1,1,2
E10-ca_ztcf-20260922-20260906T142538379950Z,primary,E10,ca_ztcf,C CA-ZTCF,20260922,default,1,0.517622,0.5182259,6.104,0.027815,,,,1,0,1,2,,1,0.01,73.992,58.86328125,0.013515,3.0,0.0,0.0,2,1,2,3,0,0,0,0,2,3,1,1,2
E10-ca_ztcf-20260923-20260906T142538396403Z,primary,E10,ca_ztcf,C CA-ZTCF,20260923,default,1,0.533266,0.5463601,6.0024999999999995,0.02843,,,,1,0,1,2,,1,0.02,148.335,58.86328125,0.013483,3.0,0.0,0.0,2,1,2,3,0,0,0,0,2,3,1,1,2
E10-ca_ztcf-20260924-20260906T142538521144Z,primary,E10,ca_ztcf,C CA-ZTCF,20260924,default,1,0.5238655,0.54073015,5.9405,0.028306,,,,1,0,1,2,,1,0.01,59.347,58.86328125,0.01685,3.0,0.0,0.0,2,1,2,3,0,0,0,0,2,3,1,1,2
E10-ca_ztcf-20260925-20260906T142538646953Z,primary,E10,ca_ztcf,C CA-ZTCF,20260925,default,1,0.4998745,0.5088785499999999,5.6485,0.027847,,,,1,0,1,2,,1,0.01,60.266,58.86328125,0.016593,3.0,0.0,0.0,2,1,2,3,0,0,0,0,2,3,1,1,2
E10-ca_ztcf-20260926-20260906T142538763575Z,primary,E10,ca_ztcf,C CA-ZTCF,20260926,default,1,0.48476300000000005,0.5313425,5.5024999999999995,0.027972,,,,1,0,1,2,,1,0.01,76.307,58.86328125,0.013105,3.0,0.0,0.0,2,1,2,3,0,0,0,0,2,3,1,1,2
E10-ca_ztcf-20260927-20260906T142538893138Z,primary,E10,ca_ztcf,C CA-ZTCF,20260927,default,1,0.546565,0.5620225,5.67,0.035267,,,,1,0,1,2,,1,0.01,65.398,58.87890625,0.015291,3.0,0.0,0.0,2,1,2,3,0,0,0,0,2,3,1,1,2
E10-ca_ztcf-20260928-20260906T142539023103Z,primary,E10,ca_ztcf,C CA-ZTCF,20260928,default,1,0.5214315,0.54458805,6.0755,0.029119,,,,1,0,1,2,,1,0.01,68.39,58.87890625,0.014622,3.0,0.0,0.0,2,1,2,3,0,0,0,0,2,3,1,1,2
E10-ca_ztcf-20260929-20260906T142539151695Z,primary,E10,ca_ztcf,C CA-ZTCF,20260929,default,1,0.532644,0.5468217,5.9045000000000005,0.028224,,,,1,0,1,2,,1,0.01,58.521,58.87890625,0.017088,3.0,0.0,0.0,2,1,2,3,0,0,0,0,2,3,1,1,2
E10-ca_ztcf-20260930-20260906T142539289732Z,primary,E10,ca_ztcf,C CA-ZTCF,20260930,default,1,0.523776,0.5593647,6.3100000000000005,0.029587,,,,1,0,1,2,,1,0.02,120.424,58.87890625,0.016608,3.0,0.0,0.0,2,1,2,3,0,0,0,0,2,3,1,1,2
E10-ca_ztcf-20260931-20260906T142539421862Z,primary,E10,ca_ztcf,C CA-ZTCF,20260931,default,1,0.468246,0.4817523,5.201499999999999,0.031719,,,,1,0,1,2,,1,0.0,0.0,58.87890625,0.016843,3.0,0.0,0.0,2,1,2,3,0,0,0,0,2,3,1,1,2
E10-ca_ztcf-20260932-20260906T142539558109Z,primary,E10,ca_ztcf,C CA-ZTCF,20260932,default,1,0.519022,0.5681359,6.2669999999999995,0.033169,,,,1,0,1,2,,1,0.01,55.985,58.87890625,0.017862,3.0,0.0,0.0,2,1,2,3,0,0,0,0,2,3,1,1,2
E10-ca_ztcf-20260933-20260906T142539687025Z,primary,E10,ca_ztcf,C CA-ZTCF,20260933,default,1,0.5163584999999999,0.53398995,6.651,0.030057,,,,1,0,1,2,,1,0.01,74.113,58.87890625,0.013493,3.0,0.0,0.0,2,1,2,3,0,0,0,0,2,3,1,1,2
E10-ca_ztcf-20260934-20260906T142539819200Z,primary,E10,ca_ztcf,C CA-ZTCF,20260934,default,1,0.471252,0.5085291,5.393,0.028351,,,,1,0,1,2,,1,0.01,74.906,58.87890625,0.01335,3.0,0.0,0.0,2,1,2,3,0,0,0,0,2,3,1,1,2
E10-ca_ztcf-20260935-20260906T142539950672Z,primary,E10,ca_ztcf,C CA-ZTCF,20260935,default,1,0.5311520000000001,0.5583374,5.9045000000000005,0.028394,,,,1,0,1,2,,1,0.01,74.694,58.87890625,0.013388,3.0,0.0,0.0,2,1,2,3,0,0,0,0,2,3,1,1,2
E10-ca_ztcf-20260936-20260906T142540084882Z,primary,E10,ca_ztcf,C CA-ZTCF,20260936,default,1,0.5242575,0.5317954500000001,5.5905000000000005,0.02772,,,,1,0,1,2,,1,0.02,105.53,58.87890625,0.018952,3.0,0.0,0.0,2,1,2,3,0,0,0,0,2,3,1,1,2
E10-independent-20260907-20260906T142528584454Z,primary,E10,independent,A independent,20260907,default,1,0.22029749999999998,0.22789485,,0.029764,,,,0,0,0,2,,1,0.01,54.909,58.80078125,0.018212,3.0,1.0,0.0,2,1,0,1,2,2,0,0,2,3,1,1,0
E10-independent-20260908-20260906T142528715165Z,primary,E10,independent,A independent,20260908,default,1,0.208042,0.24118989999999998,,0.028806,,,,0,0,0,2,,1,0.01,62.197,58.80078125,0.016078,3.0,1.0,0.0,2,1,0,1,2,2,0,0,2,3,1,1,0
E10-independent-20260909-20260906T142528842729Z,primary,E10,independent,A independent,20260909,default,1,0.206978,0.23260369999999997,,0.027056,,,,0,0,0,2,,1,0.01,79.955,58.80078125,0.012507,3.0,1.0,0.0,2,1,0,1,2,2,0,0,2,3,1,1,0
E10-independent-20260910-20260906T142528967558Z,primary,E10,independent,A independent,20260910,default,1,0.21364850000000002,0.21732545000000003,,0.03139,,,,0,0,0,2,,1,0.01,72.354,58.80078125,0.013821,3.0,1.0,0.0,2,1,0,1,2,2,0,0,2,3,1,1,0
E10-independent-20260911-20260906T142529088474Z,primary,E10,independent,A independent,20260911,default,1,0.2193955,0.23596674999999998,,0.028566,,,,0,0,0,2,,1,0.01,65.193,58.80078125,0.015339,3.0,1.0,0.0,2,1,0,1,2,2,0,0,2,3,1,1,0
E10-independent-20260912-20260906T142529224993Z,primary,E10,independent,A independent,20260912,default,1,0.204218,0.2289311,,0.029928,,,,0,0,0,2,,1,0.01,75.019,58.8046875,0.01333,3.0,1.0,0.0,2,1,0,1,2,2,0,0,2,3,1,1,0
E10-independent-20260913-20260906T142529345346Z,primary,E10,independent,A independent,20260913,default,1,0.220694,0.22398890000000002,,0.028821,,,,0,0,0,2,,1,0.01,60.787,58.8046875,0.016451,3.0,1.0,0.0,2,1,0,1,2,2,0,0,2,3,1,1,0
E10-independent-20260914-20260906T142529466031Z,primary,E10,independent,A independent,20260914,default,1,0.2212685,0.22278185,,0.028694,,,,0,0,0,2,,1,0.01,63.629,58.8046875,0.015716,3.0,1.0,0.0,2,1,0,1,2,2,0,0,2,3,1,1,0
E10-independent-20260915-20260906T142529602570Z,primary,E10,independent,A independent,20260915,default,1,0.2115195,0.24127125,,0.029034,,,,0,0,0,2,,1,0.01,66.885,58.8046875,0.014951,3.0,1.0,0.0,2,1,0,1,2,2,0,0,2,3,1,1,0
E10-independent-20260916-20260906T142529722468Z,primary,E10,independent,A independent,20260916,default,1,0.2231845,0.22358635,,0.029289,,,,0,0,0,2,,1,0.01,65.351,58.8046875,0.015302,3.0,1.0,0.0,2,1,0,1,2,2,0,0,2,3,1,1,0
E10-independent-20260917-20260906T142529855595Z,primary,E10,independent,A independent,20260917,default,1,0.220034,0.2371034,,0.027587,,,,0,0,0,2,,1,0.01,72.622,58.8046875,0.01377,3.0,1.0,0.0,2,1,0,1,2,2,0,0,2,3,1,1,0
E10-independent-20260918-20260906T142529991133Z,primary,E10,independent,A independent,20260918,default,1,0.204431,0.2309333,,0.029638,,,,0,0,0,2,,1,0.01,65.02,58.8046875,0.01538,3.0,1.0,0.0,2,1,0,1,2,2,0,0,2,3,1,1,0
E10-independent-20260919-20260906T142530119687Z,primary,E10,independent,A independent,20260919,default,1,0.2157045,0.23320725,,0.034606,,,,0,0,0,2,,1,0.01,60.775,58.8046875,0.016454,3.0,1.0,0.0,2,1,0,1,2,2,0,0,2,3,1,1,0
E10-independent-20260920-20260906T142530250840Z,primary,E10,independent,A independent,20260920,default,1,0.186809,0.20188489999999998,,0.026411,,,,0,0,0,2,,1,0.01,61.981,58.8046875,0.016134,3.0,1.0,0.0,2,1,0,1,2,2,0,0,2,3,1,1,0
E10-independent-20260921-20260906T142530389566Z,primary,E10,independent,A independent,20260921,default,1,0.205344,0.2087829,,0.026963,,,,0,0,0,2,,1,0.01,61.664,58.8046875,0.016217,3.0,1.0,0.0,2,1,0,1,2,2,0,0,2,3,1,1,0
E10-independent-20260922-20260906T142530522790Z,primary,E10,independent,A independent,20260922,default,1,0.212817,0.2136198,,0.037069,,,,0,0,0,2,,1,0.01,63.299,58.8046875,0.015798,3.0,1.0,0.0,2,1,0,1,2,2,0,0,2,3,1,1,0
E10-independent-20260923-20260906T142530658091Z,primary,E10,independent,A independent,20260923,default,1,0.1965965,0.20198524999999998,,0.027303,,,,0,0,0,2,,1,0.02,117.062,58.8046875,0.017085,3.0,1.0,0.0,2,1,0,1,2,2,0,0,2,3,1,1,0
E10-independent-20260924-20260906T142530800260Z,primary,E10,independent,A independent,20260924,default,1,0.2305235,0.24978394999999998,,0.028577,,,,0,0,0,2,,1,0.01,64.172,58.8046875,0.015583,3.0,1.0,0.0,2,1,0,1,2,2,0,0,2,3,1,1,0
E10-independent-20260925-20260906T142530933763Z,primary,E10,independent,A independent,20260925,default,1,0.21311449999999998,0.22392935,,0.038725,,,,0,0,0,2,,1,0.01,63.243,58.8046875,0.015812,3.0,1.0,0.0,2,1,0,1,2,2,0,0,2,3,1,1,0
E10-independent-20260926-20260906T142531063097Z,primary,E10,independent,A independent,20260926,default,1,0.1955135,0.20027945,,0.026774,,,,0,0,0,2,,1,0.01,58.848,58.8046875,0.016993,3.0,1.0,0.0,2,1,0,1,2,2,0,0,2,3,1,1,0
E10-independent-20260927-20260906T142531198098Z,primary,E10,independent,A independent,20260927,default,1,0.21764899999999998,0.2354744,,0.028384,,,,0,0,0,2,,1,0.02,150.568,58.8046875,0.013283,3.0,1.0,0.0,2,1,0,1,2,2,0,0,2,3,1,1,0
E10-independent-20260928-20260906T142531336028Z,primary,E10,independent,A independent,20260928,default,1,0.2288965,0.23797074999999998,,0.028384,,,,0,0,0,2,,1,0.01,74.56,58.8046875,0.013412,3.0,1.0,0.0,2,1,0,1,2,2,0,0,2,3,1,1,0
E10-independent-20260929-20260906T142531469123Z,primary,E10,independent,A independent,20260929,default,1,0.208181,0.2225171,,0.028427,,,,0,0,0,2,,1,0.01,60.376,58.8046875,0.016563,3.0,1.0,0.0,2,1,0,1,2,2,0,0,2,3,1,1,0
E10-independent-20260930-20260906T142531607770Z,primary,E10,independent,A independent,20260930,default,1,0.218369,0.2210186,,0.028766,,,,0,0,0,2,,1,0.01,78.579,58.8046875,0.012726,3.0,1.0,0.0,2,1,0,1,2,2,0,0,2,3,1,1,0
E10-independent-20260931-20260906T142531743313Z,primary,E10,independent,A independent,20260931,default,1,0.219662,0.2285459,,0.038594,,,,0,0,0,2,,1,0.01,69.711,58.8046875,0.014345,3.0,1.0,0.0,2,1,0,1,2,2,0,0,2,3,1,1,0
E10-independent-20260932-20260906T142531879740Z,primary,E10,independent,A independent,20260932,default,1,0.2170775,0.24121235000000002,,0.028088,,,,0,0,0,2,,1,0.02,138.523,58.8046875,0.014438,3.0,1.0,0.0,2,1,0,1,2,2,0,0,2,3,1,1,0
E10-independent-20260933-20260906T142532010980Z,primary,E10,independent,A independent,20260933,default,1,0.2178905,0.23716355,,0.028201,,,,0,0,0,2,,1,0.01,59.464,58.8046875,0.016817,3.0,1.0,0.0,2,1,0,1,2,2,0,0,2,3,1,1,0
E10-independent-20260934-20260906T142532148275Z,primary,E10,independent,A independent,20260934,default,1,0.228545,0.2426435,,0.029935,,,,0,0,0,2,,1,0.01,60.887,58.8046875,0.016424,3.0,1.0,0.0,2,1,0,1,2,2,0,0,2,3,1,1,0
E10-independent-20260935-20260906T142532285351Z,primary,E10,independent,A independent,20260935,default,1,0.2057775,0.21589935,,0.027905,,,,0,0,0,2,,1,0.01,67.549,58.8046875,0.014804,3.0,1.0,0.0,2,1,0,1,2,2,0,0,2,3,1,1,0
E10-independent-20260936-20260906T142532415508Z,primary,E10,independent,A independent,20260936,default,1,0.19755450000000002,0.21568635,,0.033401,,,,0,0,0,2,,1,0.01,73.676,58.8046875,0.013573,3.0,1.0,0.0,2,1,0,1,2,2,0,0,2,3,1,1,0
E10-static_continuity-20260907-20260906T142532546104Z,primary,E10,static_continuity,B300 static continuity,20260907,default,1,0.164047,0.2084539,,0.028328,,,,0,0,0,2,,1,0.01,70.116,58.8046875,0.014262,3.0,1.0,0.0,2,1,0,1,2,2,0,0,2,3,1,1,0
E10-static_continuity-20260908-20260906T142532678441Z,primary,E10,static_continuity,B300 static continuity,20260908,default,1,0.17888749999999998,0.23071445,,0.037249,,,,0,0,0,2,,1,0.01,74.113,58.8203125,0.013493,3.0,1.0,0.0,2,1,0,1,2,2,0,0,2,3,1,1,0
E10-static_continuity-20260909-20260906T142532819726Z,primary,E10,static_continuity,B300 static continuity,20260909,default,1,0.1655265,0.21016155,,0.028286,,,,0,0,0,2,,1,0.01,61.158,58.82421875,0.016351,3.0,1.0,0.0,2,1,0,1,2,2,0,0,2,3,1,1,0
E10-static_continuity-20260910-20260906T142532941470Z,primary,E10,static_continuity,B300 static continuity,20260910,default,1,0.168042,0.22985759999999997,,0.028201,,,,0,0,0,2,,1,0.01,77.924,58.82421875,0.012833,3.0,1.0,0.0,2,1,0,1,2,2,0,0,2,3,1,1,0
E10-static_continuity-20260911-20260906T142533070612Z,primary,E10,static_continuity,B300 static continuity,20260911,default,1,0.167769,0.2172258,,0.032625,,,,0,0,0,2,,1,0.01,63.247,58.82421875,0.015811,3.0,1.0,0.0,2,1,0,1,2,2,0,0,2,3,1,1,0
E10-static_continuity-20260912-20260906T142533207297Z,primary,E10,static_continuity,B300 static continuity,20260912,default,1,0.175408,0.2056066,,0.02832,,,,0,0,0,2,,1,0.01,63.898,58.82421875,0.01565,3.0,1.0,0.0,2,1,0,1,2,2,0,0,2,3,1,1,0
E10-static_continuity-20260913-20260906T142533338082Z,primary,E10,static_continuity,B300 static continuity,20260913,default,1,0.174163,0.2270578,,0.028405,,,,0,0,0,2,,1,0.01,76.115,58.82421875,0.013138,3.0,1.0,0.0,2,1,0,1,2,2,0,0,2,3,1,1,0
E10-static_continuity-20260914-20260906T142533467163Z,primary,E10,static_continuity,B300 static continuity,20260914,default,1,0.16027750000000002,0.22035115,,0.029207,,,,0,0,0,2,,1,0.01,58.917,58.82421875,0.016973,3.0,1.0,0.0,2,1,0,1,2,2,0,0,2,3,1,1,0
E10-static_continuity-20260915-20260906T142533603362Z,primary,E10,static_continuity,B300 static continuity,20260915,default,1,0.1609105,0.22159255,,0.031148,,,,0,0,0,2,,1,0.01,62.854,58.82421875,0.01591,3.0,1.0,0.0,2,1,0,1,2,2,0,0,2,3,1,1,0
E10-static_continuity-20260916-20260906T142533735251Z,primary,E10,static_continuity,B300 static continuity,20260916,default,1,0.167769,0.216504,,0.02946,,,,0,0,0,2,,1,0.01,75.29,58.82421875,0.013282,3.0,1.0,0.0,2,1,0,1,2,2,0,0,2,3,1,1,0
E10-static_continuity-20260917-20260906T142533866977Z,primary,E10,static_continuity,B300 static continuity,20260917,default,1,0.1701115,0.21130675,,0.029671,,,,0,0,0,2,,1,0.01,33.528,58.82421875,0.029826,3.0,1.0,0.0,2,1,0,1,2,2,0,0,2,3,1,1,0
E10-static_continuity-20260918-20260906T142534021846Z,primary,E10,static_continuity,B300 static continuity,20260918,default,1,0.175076,0.22739659999999998,,0.028529,,,,0,0,0,2,,1,0.01,64.691,58.82421875,0.015458,3.0,1.0,0.0,2,1,0,1,2,2,0,0,2,3,1,1,0
E10-static_continuity-20260919-20260906T142534144305Z,primary,E10,static_continuity,B300 static continuity,20260919,default,1,0.1827665,0.23229935,,0.031016,,,,0,0,0,2,,1,0.01,72.659,58.82421875,0.013763,3.0,1.0,0.0,2,1,0,1,2,2,0,0,2,3,1,1,0
E10-static_continuity-20260920-20260906T142534280964Z,primary,E10,static_continuity,B300 static continuity,20260920,default,1,0.165784,0.213079,,0.0311,,,,0,0,0,2,,1,0.01,68.106,58.82421875,0.014683,3.0,1.0,0.0,2,1,0,1,2,2,0,0,2,3,1,1,0
E10-static_continuity-20260921-20260906T142534399650Z,primary,E10,static_continuity,B300 static continuity,20260921,default,1,0.1631075,0.20818354999999997,,0.02933,,,,0,0,0,2,,1,0.01,64.696,58.82421875,0.015457,3.0,1.0,0.0,2,1,0,1,2,2,0,0,2,3,1,1,0
E10-static_continuity-20260922-20260906T142534518237Z,primary,E10,static_continuity,B300 static continuity,20260922,default,1,0.1708825,0.22352485,,0.031563,,,,0,0,0,2,,1,0.01,77.286,58.82421875,0.012939,3.0,1.0,0.0,2,1,0,1,2,2,0,0,2,3,1,1,0
E10-static_continuity-20260923-20260906T142534650322Z,primary,E10,static_continuity,B300 static continuity,20260923,default,1,0.1538995,0.20783154999999998,,0.027055,,,,0,0,0,2,,1,0.02,159.515,58.82421875,0.012538,3.0,1.0,0.0,2,1,0,1,2,2,0,0,2,3,1,1,0
E10-static_continuity-20260924-20260906T142534779315Z,primary,E10,static_continuity,B300 static continuity,20260924,default,1,0.1725475,0.21815545,,0.029162,,,,0,0,0,2,,1,0.02,93.686,58.82421875,0.021348,3.0,1.0,0.0,2,1,0,1,2,2,0,0,2,3,1,1,0
E10-static_continuity-20260925-20260906T142534914561Z,primary,E10,static_continuity,B300 static continuity,20260925,default,1,0.1749915,0.21096584999999998,,0.027982,,,,0,0,0,2,,1,0.01,70.796,58.82421875,0.014125,3.0,1.0,0.0,2,1,0,1,2,2,0,0,2,3,1,1,0
E10-static_continuity-20260926-20260906T142535031894Z,primary,E10,static_continuity,B300 static continuity,20260926,default,1,0.177344,0.2286287,,0.027859,,,,0,0,0,2,,1,0.01,68.47,58.82421875,0.014605,3.0,1.0,0.0,2,1,0,1,2,2,0,0,2,3,1,1,0
E10-static_continuity-20260927-20260906T142535165604Z,primary,E10,static_continuity,B300 static continuity,20260927,default,1,0.1858245,0.23887005,,0.035015,,,,0,0,0,2,,1,0.01,74.8,58.82421875,0.013369,3.0,1.0,0.0,2,1,0,1,2,2,0,0,2,3,1,1,0
E10-static_continuity-20260928-20260906T142535302698Z,primary,E10,static_continuity,B300 static continuity,20260928,default,1,0.17204149999999999,0.21624274999999998,,0.028996,,,,0,0,0,2,,1,0.01,78.333,58.82421875,0.012766,3.0,1.0,0.0,2,1,0,1,2,2,0,0,2,3,1,1,0
E10-static_continuity-20260929-20260906T142535431351Z,primary,E10,static_continuity,B300 static continuity,20260929,default,1,0.1664025,0.23185275,,0.027313,,,,0,0,0,2,,1,0.01,72.807,58.82421875,0.013735,3.0,1.0,0.0,2,1,0,1,2,2,0,0,2,3,1,1,0
E10-static_continuity-20260930-20260906T142535560134Z,primary,E10,static_continuity,B300 static continuity,20260930,default,1,0.172315,0.21096730000000002,,0.02887,,,,0,0,0,2,,1,0.01,80.096,58.82421875,0.012485,3.0,1.0,0.0,2,1,0,1,2,2,0,0,2,3,1,1,0
E10-static_continuity-20260931-20260906T142535691845Z,primary,E10,static_continuity,B300 static continuity,20260931,default,1,0.15565,0.2102107,,0.028786,,,,0,0,0,2,,1,0.01,70.185,58.82421875,0.014248,3.0,1.0,0.0,2,1,0,1,2,2,0,0,2,3,1,1,0
E10-static_continuity-20260932-20260906T142535816320Z,primary,E10,static_continuity,B300 static continuity,20260932,default,1,0.168338,0.2112518,,0.028534,,,,0,0,0,2,,1,0.02,121.729,58.828125,0.01643,3.0,1.0,0.0,2,1,0,1,2,2,0,0,2,3,1,1,0
E10-static_continuity-20260933-20260906T142535950850Z,primary,E10,static_continuity,B300 static continuity,20260933,default,1,0.1688855,0.23702495,,0.028113,,,,0,0,0,2,,1,0.01,80.985,58.828125,0.012348,3.0,1.0,0.0,2,1,0,1,2,2,0,0,2,3,1,1,0
E10-static_continuity-20260934-20260906T142536077988Z,primary,E10,static_continuity,B300 static continuity,20260934,default,1,0.1810445,0.23684585000000002,,0.029635,,,,0,0,0,2,,1,0.01,68.937,58.828125,0.014506,3.0,1.0,0.0,2,1,0,1,2,2,0,0,2,3,1,1,0
E10-static_continuity-20260935-20260906T142536195616Z,primary,E10,static_continuity,B300 static continuity,20260935,default,1,0.1802875,0.21758935,,0.028164,,,,0,0,0,2,,1,0.01,66.177,58.828125,0.015111,3.0,1.0,0.0,2,1,0,1,2,2,0,0,2,3,1,1,0
E10-static_continuity-20260936-20260906T142536327264Z,primary,E10,static_continuity,B300 static continuity,20260936,default,1,0.16643750000000002,0.21366995,,0.030349,,,,0,0,0,2,,1,0.01,70.527,58.84375,0.014179,3.0,1.0,0.0,2,1,0,1,2,2,0,0,2,3,1,1,0
E11-ca_ztcf-20260907-20260906T142548142737Z,primary,E11,ca_ztcf,C CA-ZTCF,20260907,default,1,0.405743,0.5201249,5.414,0.03171,,,,0,1,2,3,,2,0.02,116.884,58.89453125,0.017111,40.0,,0.0,0,5,0,5,0,0,0,0,0,5,5,5,0
E11-ca_ztcf-20260908-20260906T142548266205Z,primary,E11,ca_ztcf,C CA-ZTCF,20260908,default,1,0.396384,0.5035506,5.372,0.031332,,,,0,1,2,3,,2,0.01,67.399,58.91015625,0.014837,40.0,,0.0,0,5,0,5,0,0,0,0,0,5,5,5,0
E11-ca_ztcf-20260909-20260906T142548396870Z,primary,E11,ca_ztcf,C CA-ZTCF,20260909,default,1,0.417202,0.4984927,5.667,0.0261905,,,,0,1,2,3,,2,0.02,108.219,58.91015625,0.018481,40.0,,0.0,0,5,0,5,0,0,0,0,0,5,5,5,0
E11-ca_ztcf-20260910-20260906T142548412437Z,primary,E11,ca_ztcf,C CA-ZTCF,20260910,default,1,0.410163,0.505986,5.252,0.025346,,,,0,1,2,3,,2,0.01,65.151,58.91015625,0.015349,40.0,,0.0,0,5,0,5,0,0,0,0,0,5,5,5,0
E11-ca_ztcf-20260911-20260906T142548539538Z,primary,E11,ca_ztcf,C CA-ZTCF,20260911,default,1,0.421044,0.5038476,5.67,0.029076499999999998,,,,0,1,2,3,,2,0.01,49.988,58.91015625,0.020005,40.0,,0.0,0,5,0,5,0,0,0,0,0,5,5,5,0
E11-ca_ztcf-20260912-20260906T142548672791Z,primary,E11,ca_ztcf,C CA-ZTCF,20260912,default,1,0.42688,0.5123854,5.586,0.032703499999999996,,,,0,1,2,3,,2,0.01,67.195,58.91015625,0.014882,40.0,,0.0,0,5,0,5,0,0,0,0,0,5,5,5,0
E11-ca_ztcf-20260913-20260906T142548805311Z,primary,E11,ca_ztcf,C CA-ZTCF,20260913,default,1,0.436552,0.5196553,5.461,0.027743,,,,0,1,2,3,,2,0.01,72.301,58.91015625,0.013831,40.0,,0.0,0,5,0,5,0,0,0,0,0,5,5,5,0
E11-ca_ztcf-20260914-20260906T142548939317Z,primary,E11,ca_ztcf,C CA-ZTCF,20260914,default,1,0.432216,0.5236497,5.628,0.0290145,,,,0,1,2,3,,2,0.01,65.946,58.91015625,0.015164,40.0,,0.0,0,5,0,5,0,0,0,0,0,5,5,5,0
E11-ca_ztcf-20260915-20260906T142549055349Z,primary,E11,ca_ztcf,C CA-ZTCF,20260915,default,1,0.434306,0.5424599,6.054,0.026430000000000002,,,,0,1,2,3,,2,0.01,65.185,58.92578125,0.015341,40.0,,0.0,0,5,0,5,0,0,0,0,0,5,5,5,0
E11-ca_ztcf-20260916-20260906T142549187088Z,primary,E11,ca_ztcf,C CA-ZTCF,20260916,default,1,0.392657,0.5285498000000001,5.201,0.029392500000000002,,,,0,1,2,3,,2,0.01,54.57,58.92578125,0.018325,40.0,,0.0,0,5,0,5,0,0,0,0,0,5,5,5,0
E11-ca_ztcf-20260917-20260906T142549325134Z,primary,E11,ca_ztcf,C CA-ZTCF,20260917,default,1,0.36546,0.5298972,5.541,0.024405000000000003,,,,0,1,2,3,,2,0.01,71.195,58.92578125,0.014046,40.0,,0.0,0,5,0,5,0,0,0,0,0,5,5,5,0
E11-ca_ztcf-20260918-20260906T142549460293Z,primary,E11,ca_ztcf,C CA-ZTCF,20260918,default,1,0.424799,0.5320718,5.926,0.033890500000000004,,,,0,1,2,3,,2,0.01,61.485,58.92578125,0.016264,40.0,,0.0,0,5,0,5,0,0,0,0,0,5,5,5,0
E11-ca_ztcf-20260919-20260906T142549596079Z,primary,E11,ca_ztcf,C CA-ZTCF,20260919,default,1,0.41184,0.5220665999999999,5.882,0.026494,,,,0,1,2,3,,2,0.02,142.025,58.92578125,0.014082,40.0,,0.0,0,5,0,5,0,0,0,0,0,5,5,5,0
E11-ca_ztcf-20260920-20260906T142549728961Z,primary,E11,ca_ztcf,C CA-ZTCF,20260920,default,1,0.416998,0.5172102999999999,6.139,0.029734,,,,0,1,2,3,,2,0.01,63.179,58.92578125,0.015828,40.0,,0.0,0,5,0,5,0,0,0,0,0,5,5,5,0
E11-ca_ztcf-20260921-20260906T142549861585Z,primary,E11,ca_ztcf,C CA-ZTCF,20260921,default,1,0.380934,0.5355117,6.778,0.033272499999999997,,,,0,1,2,3,,2,0.01,53.104,58.92578125,0.018831,40.0,,0.0,0,5,0,5,0,0,0,0,0,5,5,5,0
E11-ca_ztcf-20260922-20260906T142549998487Z,primary,E11,ca_ztcf,C CA-ZTCF,20260922,default,1,0.398884,0.49882089999999996,5.272,0.02895,,,,0,1,2,3,,2,0.01,59.966,58.92578125,0.016676,40.0,,0.0,0,5,0,5,0,0,0,0,0,5,5,5,0
E11-ca_ztcf-20260923-20260906T142550137481Z,primary,E11,ca_ztcf,C CA-ZTCF,20260923,default,1,0.42758,0.5269418,5.696,0.0424475,,,,0,1,2,3,,2,0.01,64.533,58.92578125,0.015496,40.0,,0.0,0,5,0,5,0,0,0,0,0,5,5,5,0
E11-ca_ztcf-20260924-20260906T142550271849Z,primary,E11,ca_ztcf,C CA-ZTCF,20260924,default,1,0.427707,0.516969,6.462,0.0358375,,,,0,1,2,3,,2,0.02,141.283,58.92578125,0.014156,40.0,,0.0,0,5,0,5,0,0,0,0,0,5,5,5,0
E11-ca_ztcf-20260925-20260906T142550397827Z,primary,E11,ca_ztcf,C CA-ZTCF,20260925,default,1,0.445648,0.5220922,5.569,0.0344765,,,,0,1,2,3,,2,0.01,58.865,58.92578125,0.016988,40.0,,0.0,0,5,0,5,0,0,0,0,0,5,5,5,0
E11-ca_ztcf-20260926-20260906T142550529125Z,primary,E11,ca_ztcf,C CA-ZTCF,20260926,default,1,0.399565,0.5436154000000001,5.782,0.033456,,,,0,1,2,3,,2,0.01,61.74,58.92578125,0.016197,40.0,,0.0,0,5,0,5,0,0,0,0,0,5,5,5,0
E11-ca_ztcf-20260927-20260906T142550660693Z,primary,E11,ca_ztcf,C CA-ZTCF,20260927,default,1,0.403773,0.5138862,5.952,0.027547,,,,0,1,2,3,,2,0.02,129.291,58.92578125,0.015469,40.0,,0.0,0,5,0,5,0,0,0,0,0,5,5,5,0
E11-ca_ztcf-20260928-20260906T142550813643Z,primary,E11,ca_ztcf,C CA-ZTCF,20260928,default,1,0.412404,0.5295183,5.399,0.030310499999999997,,,,0,1,2,3,,2,0.01,54.963,58.92578125,0.018194,40.0,,0.0,0,5,0,5,0,0,0,0,0,5,5,5,0
E11-ca_ztcf-20260929-20260906T142550951374Z,primary,E11,ca_ztcf,C CA-ZTCF,20260929,default,1,0.395781,0.5176023,5.654,0.031565,,,,0,1,2,3,,2,0.01,56.896,58.92578125,0.017576,40.0,,0.0,0,5,0,5,0,0,0,0,0,5,5,5,0
E11-ca_ztcf-20260930-20260906T142551076155Z,primary,E11,ca_ztcf,C CA-ZTCF,20260930,default,1,0.418996,0.5144149,5.429,0.0357505,,,,0,1,2,3,,2,0.01,62.298,58.92578125,0.016052,40.0,,0.0,0,5,0,5,0,0,0,0,0,5,5,5,0
E11-ca_ztcf-20260931-20260906T142551210279Z,primary,E11,ca_ztcf,C CA-ZTCF,20260931,default,1,0.437359,0.5296099,5.598,0.025466500000000003,,,,0,1,2,3,,2,0.01,70.23,58.92578125,0.014239,40.0,,0.0,0,5,0,5,0,0,0,0,0,5,5,5,0
E11-ca_ztcf-20260932-20260906T142551346971Z,primary,E11,ca_ztcf,C CA-ZTCF,20260932,default,1,0.450504,0.5230611,5.386,0.0309585,,,,0,1,2,3,,2,0.01,62.893,58.92578125,0.0159,40.0,,0.0,0,5,0,5,0,0,0,0,0,5,5,5,0
E11-ca_ztcf-20260933-20260906T142551478534Z,primary,E11,ca_ztcf,C CA-ZTCF,20260933,default,1,0.443932,0.527938,5.81,0.0288805,,,,0,1,2,3,,2,0.02,130.217,58.94140625,0.015359,40.0,,0.0,0,5,0,5,0,0,0,0,0,5,5,5,0
E11-ca_ztcf-20260934-20260906T142551606167Z,primary,E11,ca_ztcf,C CA-ZTCF,20260934,default,1,0.484347,0.5561022,6.022,0.0314035,,,,0,1,2,3,,2,0.01,54.744,58.94140625,0.018267,40.0,,0.0,0,5,0,5,0,0,0,0,0,5,5,5,0
E11-ca_ztcf-20260935-20260906T142551752019Z,primary,E11,ca_ztcf,C CA-ZTCF,20260935,default,1,0.446052,0.6688362,6.319,0.07133099999999999,,,,0,1,2,3,,2,0.01,57.544,58.94140625,0.017378,40.0,,0.0,0,5,0,5,0,0,0,0,0,5,5,5,0
E11-ca_ztcf-20260936-20260906T142551900476Z,primary,E11,ca_ztcf,C CA-ZTCF,20260936,default,1,0.441005,0.5231039,5.852,0.0264845,,,,0,1,2,3,,2,0.01,66.565,58.94140625,0.015023,40.0,,0.0,0,5,0,5,0,0,0,0,0,5,5,5,0
E11-independent-20260907-20260906T142540223653Z,primary,E11,independent,A independent,20260907,default,1,0.124953,0.23052299999999998,,0.0253815,,,,0,0,0,3,,2,0.01,61.35,58.87890625,0.0163,40.0,,0.0,0,5,0,5,0,0,0,0,0,5,5,5,0
E11-independent-20260908-20260906T142540364789Z,primary,E11,independent,A independent,20260908,default,1,0.121722,0.2122161,,0.026168999999999998,,,,0,0,0,3,,2,0.02,152.311,58.87890625,0.013131,40.0,,0.0,0,5,0,5,0,0,0,0,0,5,5,5,0
E11-independent-20260909-20260906T142540493853Z,primary,E11,independent,A independent,20260909,default,1,0.12406,0.21815049999999997,,0.032907,,,,0,0,0,3,,2,0.01,70.862,58.87890625,0.014112,40.0,,0.0,0,5,0,5,0,0,0,0,0,5,5,5,0
E11-independent-20260910-20260906T142540622745Z,primary,E11,independent,A independent,20260910,default,1,0.118873,0.2051965,,0.031079000000000002,,,,0,0,0,3,,2,0.01,61.391,58.87890625,0.016289,40.0,,0.0,0,5,0,5,0,0,0,0,0,5,5,5,0
E11-independent-20260911-20260906T142540768168Z,primary,E11,independent,A independent,20260911,default,1,0.131373,0.2096991,,0.031504,,,,0,0,0,3,,2,0.0,0.0,58.87890625,0.013221,40.0,,0.0,0,5,0,5,0,0,0,0,0,5,5,5,0
E11-independent-20260912-20260906T142540898592Z,primary,E11,independent,A independent,20260912,default,1,0.107989,0.21183729999999998,,0.033332,,,,0,0,0,3,,2,0.01,64.977,58.87890625,0.01539,40.0,,0.0,0,5,0,5,0,0,0,0,0,5,5,5,0
E11-independent-20260913-20260906T142541030483Z,primary,E11,independent,A independent,20260913,default,1,0.122782,0.2006896,,0.0268895,,,,0,0,0,3,,2,0.01,57.727,58.87890625,0.017323,40.0,,0.0,0,5,0,5,0,0,0,0,0,5,5,5,0
E11-independent-20260914-20260906T142541164909Z,primary,E11,independent,A independent,20260914,default,1,0.147085,0.21407379999999998,,0.0318935,,,,0,0,0,3,,2,0.01,69.73,58.87890625,0.014341,40.0,,0.0,0,5,0,5,0,0,0,0,0,5,5,5,0
E11-independent-20260915-20260906T142541294306Z,primary,E11,independent,A independent,20260915,default,1,0.116463,0.20627939999999997,,0.0297945,,,,0,0,0,3,,2,0.01,75.775,58.87890625,0.013197,40.0,,0.0,0,5,0,5,0,0,0,0,0,5,5,5,0
E11-independent-20260916-20260906T142541433434Z,primary,E11,independent,A independent,20260916,default,1,0.13207,0.214978,,0.030748,,,,0,0,0,3,,2,0.01,76.034,58.87890625,0.013152,40.0,,0.0,0,5,0,5,0,0,0,0,0,5,5,5,0
E11-independent-20260917-20260906T142541562089Z,primary,E11,independent,A independent,20260917,default,1,0.138645,0.2098719,,0.0315755,,,,0,0,0,3,,2,0.02,123.609,58.87890625,0.01618,40.0,,0.0,0,5,0,5,0,0,0,0,0,5,5,5,0
E11-independent-20260918-20260906T142541696376Z,primary,E11,independent,A independent,20260918,default,1,0.1252,0.22677309999999998,,0.033124,,,,0,0,0,3,,2,0.01,54.951,58.87890625,0.018198,40.0,,0.0,0,5,0,5,0,0,0,0,0,5,5,5,0
E11-independent-20260919-20260906T142541829350Z,primary,E11,independent,A independent,20260919,default,1,0.135845,0.19344499999999998,,0.029263499999999998,,,,0,0,0,3,,2,0.01,53.011,58.87890625,0.018864,40.0,,0.0,0,5,0,5,0,0,0,0,0,5,5,5,0
E11-independent-20260920-20260906T142541967735Z,primary,E11,independent,A independent,20260920,default,1,0.11659,0.20743689999999998,,0.030515,,,,0,0,0,3,,2,0.02,111.888,58.87890625,0.017875,40.0,,0.0,0,5,0,5,0,0,0,0,0,5,5,5,0
E11-independent-20260921-20260906T142542100098Z,primary,E11,independent,A independent,20260921,default,1,0.097043,0.20487379999999997,,0.025266,,,,0,0,0,3,,2,0.02,143.771,58.87890625,0.013911,40.0,,0.0,0,5,0,5,0,0,0,0,0,5,5,5,0
E11-independent-20260922-20260906T142542235673Z,primary,E11,independent,A independent,20260922,default,1,0.109655,0.2076209,,0.030302000000000003,,,,0,0,0,3,,2,0.01,64.247,58.87890625,0.015565,40.0,,0.0,0,5,0,5,0,0,0,0,0,5,5,5,0
E11-independent-20260923-20260906T142542368021Z,primary,E11,independent,A independent,20260923,default,1,0.131661,0.2127924,,0.028821,,,,0,0,0,3,,2,0.01,60.713,58.87890625,0.016471,40.0,,0.0,0,5,0,5,0,0,0,0,0,5,5,5,0
E11-independent-20260924-20260906T142542505124Z,primary,E11,independent,A independent,20260924,default,1,0.105464,0.2059823,,0.028694,,,,0,0,0,3,,2,0.01,65.049,58.87890625,0.015373,40.0,,0.0,0,5,0,5,0,0,0,0,0,5,5,5,0
E11-independent-20260925-20260906T142542634776Z,primary,E11,independent,A independent,20260925,default,1,0.110501,0.20267719999999997,,0.029095999999999997,,,,0,0,0,3,,2,0.02,115.34,58.87890625,0.01734,40.0,,0.0,0,5,0,5,0,0,0,0,0,5,5,5,0
E11-independent-20260926-20260906T142542774013Z,primary,E11,independent,A independent,20260926,default,1,0.129503,0.21032839999999997,,0.032481499999999996,,,,0,0,0,3,,2,0.01,68.423,58.87890625,0.014615,40.0,,0.0,0,5,0,5,0,0,0,0,0,5,5,5,0
E11-independent-20260927-20260906T142542907007Z,primary,E11,independent,A independent,20260927,default,1,0.131365,0.2108953,,0.032651,,,,0,0,0,3,,2,0.02,142.816,58.87890625,0.014004,40.0,,0.0,0,5,0,5,0,0,0,0,0,5,5,5,0
E11-independent-20260928-20260906T142543038500Z,primary,E11,independent,A independent,20260928,default,1,0.106831,0.20054439999999998,,0.0309635,,,,0,0,0,3,,2,0.01,54.236,58.87890625,0.018438,40.0,,0.0,0,5,0,5,0,0,0,0,0,5,5,5,0
E11-independent-20260929-20260906T142543165765Z,primary,E11,independent,A independent,20260929,default,1,0.115237,0.2065942,,0.0297175,,,,0,0,0,3,,2,0.01,75.381,58.87890625,0.013266,40.0,,0.0,0,5,0,5,0,0,0,0,0,5,5,5,0
E11-independent-20260930-20260906T142543296700Z,primary,E11,independent,A independent,20260930,default,1,0.115954,0.1970845,,0.031744999999999995,,,,0,0,0,3,,2,0.01,58.872,58.87890625,0.016986,40.0,,0.0,0,5,0,5,0,0,0,0,0,5,5,5,0
E11-independent-20260931-20260906T142543417253Z,primary,E11,independent,A independent,20260931,default,1,0.125079,0.2009634,,0.0317235,,,,0,0,0,3,,2,0.02,111.514,58.87890625,0.017935,40.0,,0.0,0,5,0,5,0,0,0,0,0,5,5,5,0
E11-independent-20260932-20260906T142543557114Z,primary,E11,independent,A independent,20260932,default,1,0.127782,0.23035409999999998,,0.030435,,,,0,0,0,3,,2,0.02,140.687,58.87890625,0.014216,40.0,,0.0,0,5,0,5,0,0,0,0,0,5,5,5,0
E11-independent-20260933-20260906T142543682101Z,primary,E11,independent,A independent,20260933,default,1,0.154859,0.2186537,,0.0325265,,,,0,0,0,3,,2,0.01,54.654,58.87890625,0.018297,40.0,,0.0,0,5,0,5,0,0,0,0,0,5,5,5,0
E11-independent-20260934-20260906T142543803557Z,primary,E11,independent,A independent,20260934,default,1,0.114898,0.200857,,0.030477499999999998,,,,0,0,0,3,,2,0.01,56.013,58.87890625,0.017853,40.0,,0.0,0,5,0,5,0,0,0,0,0,5,5,5,0
E11-independent-20260935-20260906T142543955979Z,primary,E11,independent,A independent,20260935,default,1,0.123938,0.2100491,,0.0304565,,,,0,0,0,3,,2,0.01,61.342,58.87890625,0.016302,40.0,,0.0,0,5,0,5,0,0,0,0,0,5,5,5,0
E11-independent-20260936-20260906T142544082695Z,primary,E11,independent,A independent,20260936,default,1,0.117578,0.2140985,,0.025768,,,,0,0,0,3,,2,0.02,151.309,58.87890625,0.013218,40.0,,0.0,0,5,0,5,0,0,0,0,0,5,5,5,0
E11-static_continuity-20260907-20260906T142544210053Z,primary,E11,static_continuity,B300 static continuity,20260907,default,1,0.118252,0.20926989999999998,,0.025219,,,,0,0,0,3,,2,0.02,141.093,58.87890625,0.014175,40.0,,0.0,0,5,0,5,0,0,0,0,0,5,5,5,0
E11-static_continuity-20260908-20260906T142544340282Z,primary,E11,static_continuity,B300 static continuity,20260908,default,1,0.108384,0.20710679999999998,,0.029732,,,,0,0,0,3,,2,0.01,71.008,58.87890625,0.014083,40.0,,0.0,0,5,0,5,0,0,0,0,0,5,5,5,0
E11-static_continuity-20260909-20260906T142544470645Z,primary,E11,static_continuity,B300 static continuity,20260909,default,1,0.112644,0.204534,,0.028234500000000003,,,,0,0,0,3,,2,0.01,78.217,58.87890625,0.012785,40.0,,0.0,0,5,0,5,0,0,0,0,0,5,5,5,0
E11-static_continuity-20260910-20260906T142544604694Z,primary,E11,static_continuity,B300 static continuity,20260910,default,1,0.107498,0.19866799999999998,,0.028614,,,,0,0,0,3,,2,0.01,57.501,58.87890625,0.017391,40.0,,0.0,0,5,0,5,0,0,0,0,0,5,5,5,0
E11-static_continuity-20260911-20260906T142544738248Z,primary,E11,static_continuity,B300 static continuity,20260911,default,1,0.126814,0.2021557,,0.025198,,,,0,0,0,3,,2,0.01,59.018,58.87890625,0.016944,40.0,,0.0,0,5,0,5,0,0,0,0,0,5,5,5,0
E11-static_continuity-20260912-20260906T142544867027Z,primary,E11,static_continuity,B300 static continuity,20260912,default,1,0.112307,0.20560099999999998,,0.026358,,,,0,0,0,3,,2,0.01,63.992,58.87890625,0.015627,40.0,,0.0,0,5,0,5,0,0,0,0,0,5,5,5,0
E11-static_continuity-20260913-20260906T142544995988Z,primary,E11,static_continuity,B300 static continuity,20260913,default,1,0.110839,0.2119207,,0.034869,,,,0,0,0,3,,2,0.01,62.379,58.87890625,0.016031,40.0,,0.0,0,5,0,5,0,0,0,0,0,5,5,5,0
E11-static_continuity-20260914-20260906T142545126012Z,primary,E11,static_continuity,B300 static continuity,20260914,default,1,0.129074,0.23345329999999997,,0.0326585,,,,0,0,0,3,,2,0.02,122.122,58.87890625,0.016377,40.0,,0.0,0,5,0,5,0,0,0,0,0,5,5,5,0
E11-static_continuity-20260915-20260906T142545266136Z,primary,E11,static_continuity,B300 static continuity,20260915,default,1,0.116735,0.21705889999999997,,0.027415000000000002,,,,0,0,0,3,,2,0.01,63.143,58.87890625,0.015837,40.0,,0.0,0,5,0,5,0,0,0,0,0,5,5,5,0
E11-static_continuity-20260916-20260906T142545399542Z,primary,E11,static_continuity,B300 static continuity,20260916,default,1,0.113956,0.21905529999999998,,0.037164,,,,0,0,0,3,,2,0.01,65.223,58.87890625,0.015332,40.0,,0.0,0,5,0,5,0,0,0,0,0,5,5,5,0
E11-static_continuity-20260917-20260906T142545521806Z,primary,E11,static_continuity,B300 static continuity,20260917,default,1,0.113113,0.2178712,,0.030447,,,,0,0,0,3,,2,0.01,55.392,58.87890625,0.018053,40.0,,0.0,0,5,0,5,0,0,0,0,0,5,5,5,0
E11-static_continuity-20260918-20260906T142545654984Z,primary,E11,static_continuity,B300 static continuity,20260918,default,1,0.1316,0.1961453,,0.029731,,,,0,0,0,3,,2,0.01,54.648,58.87890625,0.018299,40.0,,0.0,0,5,0,5,0,0,0,0,0,5,5,5,0
E11-static_continuity-20260919-20260906T142545783709Z,primary,E11,static_continuity,B300 static continuity,20260919,default,1,0.117283,0.20676640000000002,,0.0306575,,,,0,0,0,3,,2,0.01,54.729,58.87890625,0.018272,40.0,,0.0,0,5,0,5,0,0,0,0,0,5,5,5,0
E11-static_continuity-20260920-20260906T142545917805Z,primary,E11,static_continuity,B300 static continuity,20260920,default,1,0.120314,0.20619739999999998,,0.0313735,,,,0,0,0,3,,2,0.01,76.576,58.87890625,0.013059,40.0,,0.0,0,5,0,5,0,0,0,0,0,5,5,5,0
E11-static_continuity-20260921-20260906T142546048894Z,primary,E11,static_continuity,B300 static continuity,20260921,default,1,0.13909,0.2105941,,0.0270015,,,,0,0,0,3,,2,0.01,61.35,58.87890625,0.0163,40.0,,0.0,0,5,0,5,0,0,0,0,0,5,5,5,0
E11-static_continuity-20260922-20260906T142546184393Z,primary,E11,static_continuity,B300 static continuity,20260922,default,1,0.14115,0.2076204,,0.0284105,,,,0,0,0,3,,2,0.01,59.407,58.87890625,0.016833,40.0,,0.0,0,5,0,5,0,0,0,0,0,5,5,5,0
E11-static_continuity-20260923-20260906T142546314643Z,primary,E11,static_continuity,B300 static continuity,20260923,default,1,0.111456,0.22770359999999998,,0.031522999999999995,,,,0,0,0,3,,2,0.01,59.147,58.87890625,0.016907,40.0,,0.0,0,5,0,5,0,0,0,0,0,5,5,5,0
E11-static_continuity-20260924-20260906T142546449187Z,primary,E11,static_continuity,B300 static continuity,20260924,default,1,0.095516,0.2223629,,0.028474,,,,0,0,0,3,,2,0.01,68.222,58.87890625,0.014658,40.0,,0.0,0,5,0,5,0,0,0,0,0,5,5,5,0
E11-static_continuity-20260925-20260906T142546579396Z,primary,E11,static_continuity,B300 static continuity,20260925,default,1,0.102961,0.2278387,,0.027191,,,,0,0,0,3,,2,0.01,60.672,58.87890625,0.016482,40.0,,0.0,0,5,0,5,0,0,0,0,0,5,5,5,0
E11-static_continuity-20260926-20260906T142546714877Z,primary,E11,static_continuity,B300 static continuity,20260926,default,1,0.112971,0.20272079999999998,,0.029778,,,,0,0,0,3,,2,0.01,60.165,58.87890625,0.016621,40.0,,0.0,0,5,0,5,0,0,0,0,0,5,5,5,0
E11-static_continuity-20260927-20260906T142546846638Z,primary,E11,static_continuity,B300 static continuity,20260927,default,1,0.134042,0.21171649999999997,,0.030051500000000002,,,,0,0,0,3,,2,0.01,72.955,58.87890625,0.013707,40.0,,0.0,0,5,0,5,0,0,0,0,0,5,5,5,0
E11-static_continuity-20260928-20260906T142546977228Z,primary,E11,static_continuity,B300 static continuity,20260928,default,1,0.114611,0.2033771,,0.031376,,,,0,0,0,3,,2,0.01,66.782,58.89453125,0.014974,40.0,,0.0,0,5,0,5,0,0,0,0,0,5,5,5,0
E11-static_continuity-20260929-20260906T142547097732Z,primary,E11,static_continuity,B300 static continuity,20260929,default,1,0.114862,0.24500919999999995,,0.032434000000000004,,,,0,0,0,3,,2,0.01,66.818,58.89453125,0.014966,40.0,,0.0,0,5,0,5,0,0,0,0,0,5,5,5,0
E11-static_continuity-20260930-20260906T142547231661Z,primary,E11,static_continuity,B300 static continuity,20260930,default,1,0.108435,0.2036055,,0.034828,,,,0,0,0,3,,2,0.01,68.871,58.89453125,0.01452,40.0,,0.0,0,5,0,5,0,0,0,0,0,5,5,5,0
E11-static_continuity-20260931-20260906T142547369371Z,primary,E11,static_continuity,B300 static continuity,20260931,default,1,0.125323,0.20654260000000002,,0.033085500000000004,,,,0,0,0,3,,2,0.01,67.272,58.89453125,0.014865,40.0,,0.0,0,5,0,5,0,0,0,0,0,5,5,5,0
E11-static_continuity-20260932-20260906T142547502862Z,primary,E11,static_continuity,B300 static continuity,20260932,default,1,0.132844,0.20570619999999998,,0.031888,,,,0,0,0,3,,2,0.01,77.888,58.89453125,0.012839,40.0,,0.0,0,5,0,5,0,0,0,0,0,5,5,5,0
E11-static_continuity-20260933-20260906T142547638133Z,primary,E11,static_continuity,B300 static continuity,20260933,default,1,0.146919,0.2060175,,0.0320975,,,,0,0,0,3,,2,0.01,62.473,58.89453125,0.016007,40.0,,0.0,0,5,0,5,0,0,0,0,0,5,5,5,0
E11-static_continuity-20260934-20260906T142547763150Z,primary,E11,static_continuity,B300 static continuity,20260934,default,1,0.114779,0.2009126,,0.027202999999999998,,,,0,0,0,3,,2,0.01,62.321,58.89453125,0.016046,40.0,,0.0,0,5,0,5,0,0,0,0,0,5,5,5,0
E11-static_continuity-20260935-20260906T142547884384Z,primary,E11,static_continuity,B300 static continuity,20260935,default,1,0.115367,0.21753229999999998,,0.029199000000000003,,,,0,0,0,3,,2,0.01,68.578,58.89453125,0.014582,40.0,,0.0,0,5,0,5,0,0,0,0,0,5,5,5,0
E11-static_continuity-20260936-20260906T142548015064Z,primary,E11,static_continuity,B300 static continuity,20260936,default,1,0.116724,0.20696789999999998,,0.034816,,,,0,0,0,3,,2,0.01,64.445,58.89453125,0.015517,40.0,,0.0,0,5,0,5,0,0,0,0,0,5,5,5,0
E12-ca_ztcf-20260907-20260906T142600422335Z,primary,E12,ca_ztcf,C CA-ZTCF,20260907,default,10,0.4240645,0.5095919499999999,3.89,0.019535,0.0205335,,,0,0,20,,,,0.04,79.206,59.2421875,0.050501,30.0,,0.0,0,30,0,30,0,0,0,0,0,30,30,30,0
E12-ca_ztcf-20260908-20260906T142600591346Z,primary,E12,ca_ztcf,C CA-ZTCF,20260908,default,10,0.4330775,0.49100274999999993,4.1025,0.020045,0.0188755,,,0,0,20,,,,0.03,73.16,59.2890625,0.041006,30.0,,0.0,0,30,0,30,0,0,0,0,0,30,30,30,0
E12-ca_ztcf-20260909-20260906T142600748791Z,primary,E12,ca_ztcf,C CA-ZTCF,20260909,default,10,0.4245105,0.5308757,3.996,0.014135499999999999,0.0165795,,,0,0,20,,,,0.03,85.727,59.30859375,0.034995,30.0,,0.0,0,30,0,30,0,0,0,0,0,30,30,30,0
E12-ca_ztcf-20260910-20260906T142600902957Z,primary,E12,ca_ztcf,C CA-ZTCF,20260910,default,10,0.42687050000000004,0.5163654999999999,3.9965,0.020789,0.019322,,,0,0,20,,,,0.03,80.634,59.30859375,0.037205,30.0,,0.0,0,30,0,30,0,0,0,0,0,30,30,30,0
E12-ca_ztcf-20260911-20260906T142601061242Z,primary,E12,ca_ztcf,C CA-ZTCF,20260911,default,10,0.437815,0.4944092499999999,4.135,0.019508499999999998,0.0177275,,,0,0,20,,,,0.03,78.769,59.3203125,0.038086,30.0,,0.0,0,30,0,30,0,0,0,0,0,30,30,30,0
E12-ca_ztcf-20260912-20260906T142601216321Z,primary,E12,ca_ztcf,C CA-ZTCF,20260912,default,10,0.4275525,0.50078695,4.029,0.017260499999999998,0.018427,,,0,0,20,,,,0.02,53.862,59.3203125,0.037132,30.0,,0.0,0,30,0,30,0,0,0,0,0,30,30,30,0
E12-ca_ztcf-20260913-20260906T142601367836Z,primary,E12,ca_ztcf,C CA-ZTCF,20260913,default,10,0.4346555,0.5168368499999999,3.965,0.02411,0.017578999999999997,,,0,0,20,,,,0.03,78.524,59.31640625,0.038205,30.0,,0.0,0,30,0,30,0,0,0,0,0,30,30,30,0
E12-ca_ztcf-20260914-20260906T142601519371Z,primary,E12,ca_ztcf,C CA-ZTCF,20260914,default,10,0.42787,0.48552595,4.029,0.0170485,0.016815,,,0,0,20,,,,0.03,76.935,59.3125,0.038994,30.0,,0.0,0,30,0,30,0,0,0,0,0,30,30,30,0
E12-ca_ztcf-20260915-20260906T142601670756Z,primary,E12,ca_ztcf,C CA-ZTCF,20260915,default,10,0.4419925,0.5113343499999999,4.1345,0.016857999999999998,0.0198475,,,0,0,20,,,,0.04,110.324,59.3125,0.036257,30.0,,0.0,0,30,0,30,0,0,0,0,0,30,30,30,0
E12-ca_ztcf-20260916-20260906T142601828862Z,primary,E12,ca_ztcf,C CA-ZTCF,20260916,default,10,0.42403199999999996,0.51049035,4.05,0.019805,0.018109,,,0,0,20,,,,0.03,84.786,59.3125,0.035383,30.0,,0.0,0,30,0,30,0,0,0,0,0,30,30,30,0
E12-ca_ztcf-20260917-20260906T142601977781Z,primary,E12,ca_ztcf,C CA-ZTCF,20260917,default,10,0.43323999999999996,0.5157174,4.126,0.020463000000000002,0.0189385,,,0,0,20,,,,0.03,78.147,59.3125,0.038389,30.0,,0.0,0,30,0,30,0,0,0,0,0,30,30,30,0
E12-ca_ztcf-20260918-20260906T142602134543Z,primary,E12,ca_ztcf,C CA-ZTCF,20260918,default,10,0.4239975,0.4925505499999999,4.02,0.017055,0.018282,,,0,0,20,,,,0.02,52.84,59.3125,0.03785,30.0,,0.0,0,30,0,30,0,0,0,0,0,30,30,30,0
E12-ca_ztcf-20260919-20260906T142602286323Z,primary,E12,ca_ztcf,C CA-ZTCF,20260919,default,10,0.4200615,0.50081105,3.957,0.0148115,0.015996499999999997,,,0,0,20,,,,0.02,57.906,59.328125,0.034539,30.0,,0.0,0,30,0,30,0,0,0,0,0,30,30,30,0
E12-ca_ztcf-20260920-20260906T142602422723Z,primary,E12,ca_ztcf,C CA-ZTCF,20260920,default,10,0.42486500000000005,0.49121709999999996,3.915,0.0218155,0.018916500000000003,,,0,0,20,,,,0.03,86.858,59.328125,0.034539,30.0,,0.0,0,30,0,30,0,0,0,0,0,30,30,30,0
E12-ca_ztcf-20260921-20260906T142602574292Z,primary,E12,ca_ztcf,C CA-ZTCF,20260921,default,10,0.4175645,0.5128025499999999,3.872,0.020461,0.016378,,,0,0,20,,,,0.03,86.939,59.328125,0.034507,30.0,,0.0,0,30,0,30,0,0,0,0,0,30,30,30,0
E12-ca_ztcf-20260922-20260906T142602714244Z,primary,E12,ca_ztcf,C CA-ZTCF,20260922,default,10,0.42835599999999996,0.5046069999999999,3.9355,0.021435,0.019784,,,0,0,20,,,,0.03,76.813,59.328125,0.039056,30.0,,0.0,0,30,0,30,0,0,0,0,0,30,30,30,0
E12-ca_ztcf-20260923-20260906T142602868389Z,primary,E12,ca_ztcf,C CA-ZTCF,20260923,default,10,0.445368,0.5146604,4.1685,0.0215195,0.021900000000000003,,,0,0,20,,,,0.03,80.741,59.328125,0.037156,30.0,,0.0,0,30,0,30,0,0,0,0,0,30,30,30,0
E12-ca_ztcf-20260924-20260906T142603026265Z,primary,E12,ca_ztcf,C CA-ZTCF,20260924,default,10,0.42812649999999997,0.5062106499999999,3.9915000000000003,0.020085,0.019473,,,0,0,20,,,,0.02,48.557,59.328125,0.041189,30.0,,0.0,0,30,0,30,0,0,0,0,0,30,30,30,0
E12-ca_ztcf-20260925-20260906T142603183126Z,primary,E12,ca_ztcf,C CA-ZTCF,20260925,default,10,0.4265425,0.5072664,4.0760000000000005,0.015692,0.018417,,,0,0,20,,,,0.03,85.709,59.328125,0.035002,30.0,,0.0,0,30,0,30,0,0,0,0,0,30,30,30,0
E12-ca_ztcf-20260926-20260906T142603331216Z,primary,E12,ca_ztcf,C CA-ZTCF,20260926,default,10,0.42470549999999996,0.49514784999999994,4.055,0.0187755,0.018543999999999998,,,0,0,20,,,,0.03,78.109,59.328125,0.038408,30.0,,0.0,0,30,0,30,0,0,0,0,0,30,30,30,0
E12-ca_ztcf-20260927-20260906T142603479141Z,primary,E12,ca_ztcf,C CA-ZTCF,20260927,default,10,0.429183,0.4831199,4.055,0.0167905,0.0181005,,,0,0,20,,,,0.02,53.47,59.328125,0.037404,30.0,,0.0,0,30,0,30,0,0,0,0,0,30,30,30,0
E12-ca_ztcf-20260928-20260906T142603630919Z,primary,E12,ca_ztcf,C CA-ZTCF,20260928,default,10,0.419531,0.4675791999999999,4.0335,0.017656,0.0167275,,,0,0,20,,,,0.02,52.944,59.328125,0.037776,30.0,,0.0,0,30,0,30,0,0,0,0,0,30,30,30,0
E12-ca_ztcf-20260929-20260906T142603776325Z,primary,E12,ca_ztcf,C CA-ZTCF,20260929,default,10,0.4164265,0.5016993,3.907,0.017023,0.017044,,,0,0,20,,,,0.03,74.27,59.34375,0.040393,30.0,,0.0,0,30,0,30,0,0,0,0,0,30,30,30,0
E12-ca_ztcf-20260930-20260906T142603938216Z,primary,E12,ca_ztcf,C CA-ZTCF,20260930,default,10,0.4433545,0.51056295,4.0975,0.0174875,0.0213315,,,0,0,20,,,,0.03,73.212,59.34375,0.040977,30.0,,0.0,0,30,0,30,0,0,0,0,0,30,30,30,0
E12-ca_ztcf-20260931-20260906T142604099355Z,primary,E12,ca_ztcf,C CA-ZTCF,20260931,default,10,0.445054,0.53409045,4.154,0.021149,0.020853999999999998,,,0,0,20,,,,0.03,81.274,59.34375,0.036912,30.0,,0.0,0,30,0,30,0,0,0,0,0,30,30,30,0
E12-ca_ztcf-20260932-20260906T142604246314Z,primary,E12,ca_ztcf,C CA-ZTCF,20260932,default,10,0.42346249999999996,0.4825295999999999,3.964,0.0205375,0.019103500000000002,,,0,0,20,,,,0.02,53.923,59.34375,0.03709,30.0,,0.0,0,30,0,30,0,0,0,0,0,30,30,30,0
E12-ca_ztcf-20260933-20260906T142604396445Z,primary,E12,ca_ztcf,C CA-ZTCF,20260933,default,10,0.424917,0.4972582499999999,4.049,0.017859,0.018661,,,0,0,20,,,,0.03,84.947,59.34375,0.035316,30.0,,0.0,0,30,0,30,0,0,0,0,0,30,30,30,0
E12-ca_ztcf-20260934-20260906T142604545619Z,primary,E12,ca_ztcf,C CA-ZTCF,20260934,default,10,0.4473735,0.521658,4.133,0.0210645,0.0199255,,,0,0,20,,,,0.03,78.695,59.34375,0.038122,30.0,,0.0,0,30,0,30,0,0,0,0,0,30,30,30,0
E12-ca_ztcf-20260935-20260906T142604686076Z,primary,E12,ca_ztcf,C CA-ZTCF,20260935,default,10,0.43735749999999995,0.48265669999999994,4.048500000000001,0.0181755,0.019672500000000002,,,0,0,20,,,,0.02,52.932,59.34375,0.037784,30.0,,0.0,0,30,0,30,0,0,0,0,0,30,30,30,0
E12-ca_ztcf-20260936-20260906T142604836956Z,primary,E12,ca_ztcf,C CA-ZTCF,20260936,default,10,0.423273,0.5017388,3.88,0.019167,0.019652500000000003,,,0,0,20,,,,0.03,77.578,59.34375,0.038671,30.0,,0.0,0,30,0,30,0,0,0,0,0,30,30,30,0
E12-independent-20260907-20260906T142552033172Z,primary,E12,independent,A independent,20260907,default,10,0.153277,0.19795235,,0.0274855,0.014134,,,10,0,20,,,,0.02,78.539,58.95703125,0.025465,30.0,,0.3333333333333333,0,20,0,20,0,0,10,10,0,30,30,20,0
E12-independent-20260908-20260906T142552176305Z,primary,E12,independent,A independent,20260908,default,10,0.15786899999999998,0.19414445,,0.0194035,0.0152765,,,10,0,20,,,,0.03,102.515,59.00390625,0.029264,30.0,,0.3333333333333333,0,20,0,20,0,0,10,10,0,30,30,20,0
E12-independent-20260909-20260906T142552320131Z,primary,E12,independent,A independent,20260909,default,10,0.154864,0.1930648,,0.017562,0.015531,,,10,0,20,,,,0.02,72.359,59.0625,0.02764,30.0,,0.3333333333333333,0,20,0,20,0,0,10,10,0,30,30,20,0
E12-independent-20260910-20260906T142552463263Z,primary,E12,independent,A independent,20260910,default,10,0.156684,0.19304579999999996,,0.017499,0.0159965,,,10,0,20,,,,0.02,69.859,59.0859375,0.028629,30.0,,0.3333333333333333,0,20,0,20,0,0,10,10,0,30,30,20,0
E12-independent-20260911-20260906T142552599131Z,primary,E12,independent,A independent,20260911,default,10,0.164703,0.21449445,,0.016927,0.0195505,,,10,0,20,,,,0.01,35.557,59.1015625,0.028124,30.0,,0.3333333333333333,0,20,0,20,0,0,10,10,0,30,30,20,0
E12-independent-20260912-20260906T142552757682Z,primary,E12,independent,A independent,20260912,default,10,0.1678135,0.21943734999999998,,0.019021999999999997,0.017815499999999998,,,10,0,20,,,,0.01,33.975,59.1015625,0.029433,30.0,,0.3333333333333333,0,20,0,20,0,0,10,10,0,30,30,20,0
E12-independent-20260913-20260906T142552919383Z,primary,E12,independent,A independent,20260913,default,10,0.15782649999999998,0.2157786,,0.021582499999999998,0.0143035,,,10,0,20,,,,0.02,79.869,59.1015625,0.025041,30.0,,0.3333333333333333,0,20,0,20,0,0,10,10,0,30,30,20,0
E12-independent-20260914-20260906T142553059220Z,primary,E12,independent,A independent,20260914,default,10,0.1530965,0.1967348,,0.0173815,0.013663999999999999,,,10,0,20,,,,0.02,78.768,59.1171875,0.025391,30.0,,0.3333333333333333,0,20,0,20,0,0,10,10,0,30,30,20,0
E12-independent-20260915-20260906T142553200105Z,primary,E12,independent,A independent,20260915,default,10,0.15926400000000002,0.21466734999999992,,0.021880499999999997,0.013559000000000002,,,10,0,20,,,,0.02,79.92,59.1171875,0.025025,30.0,,0.3333333333333333,0,20,0,20,0,0,10,10,0,30,30,20,0
E12-independent-20260916-20260906T142553336395Z,primary,E12,independent,A independent,20260916,default,10,0.152125,0.19070695,,0.0157135,0.0140655,,,10,0,20,,,,0.01,35.694,59.1171875,0.028016,30.0,,0.3333333333333333,0,20,0,20,0,0,10,10,0,30,30,20,0
E12-independent-20260917-20260906T142553488277Z,primary,E12,independent,A independent,20260917,default,10,0.156476,0.20607594999999995,,0.019408500000000002,0.01565,,,10,0,20,,,,0.01,38.264,59.1171875,0.026134,30.0,,0.3333333333333333,0,20,0,20,0,0,10,10,0,30,30,20,0
E12-independent-20260918-20260906T142553630052Z,primary,E12,independent,A independent,20260918,default,10,0.156751,0.19967459999999998,,0.0183745,0.0167695,,,10,0,20,,,,0.02,77.322,59.1171875,0.025866,30.0,,0.3333333333333333,0,20,0,20,0,0,10,10,0,30,30,20,0
E12-independent-20260919-20260906T142553777326Z,primary,E12,independent,A independent,20260919,default,10,0.1586935,0.21672444999999999,,0.021648,0.0157555,,,10,0,20,,,,0.02,68.425,59.1171875,0.029229,30.0,,0.3333333333333333,0,20,0,20,0,0,10,10,0,30,30,20,0
E12-independent-20260920-20260906T142553937788Z,primary,E12,independent,A independent,20260920,default,10,0.161503,0.20536,,0.021331,0.016642,,,10,0,20,,,,0.02,73.228,59.1171875,0.027312,30.0,,0.3333333333333333,0,20,0,20,0,0,10,10,0,30,30,20,0
E12-independent-20260921-20260906T142554088859Z,primary,E12,independent,A independent,20260921,default,10,0.1571485,0.21465984999999999,,0.021739500000000002,0.0156245,,,10,0,20,,,,0.02,76.144,59.1171875,0.026266,30.0,,0.3333333333333333,0,20,0,20,0,0,10,10,0,30,30,20,0
E12-independent-20260922-20260906T142554232926Z,primary,E12,independent,A independent,20260922,default,10,0.15685300000000002,0.20911524999999997,,0.019757,0.015286999999999999,,,10,0,20,,,,0.02,70.666,59.1171875,0.028302,30.0,,0.3333333333333333,0,20,0,20,0,0,10,10,0,30,30,20,0
E12-independent-20260923-20260906T142554374120Z,primary,E12,independent,A independent,20260923,default,10,0.157001,0.19319735,,0.016362500000000002,0.014696500000000001,,,10,0,20,,,,0.03,107.492,59.1171875,0.027909,30.0,,0.3333333333333333,0,20,0,20,0,0,10,10,0,30,30,20,0
E12-independent-20260924-20260906T142554514672Z,primary,E12,independent,A independent,20260924,default,10,0.1537115,0.21323704999999993,,0.017142499999999998,0.014106,,,10,0,20,,,,0.02,79.936,59.1171875,0.02502,30.0,,0.3333333333333333,0,20,0,20,0,0,10,10,0,30,30,20,0
E12-independent-20260925-20260906T142554657937Z,primary,E12,independent,A independent,20260925,default,10,0.15786499999999998,0.19553004999999998,,0.018344,0.0158345,,,10,0,20,,,,0.02,71.749,59.1171875,0.027875,30.0,,0.3333333333333333,0,20,0,20,0,0,10,10,0,30,30,20,0
E12-independent-20260926-20260906T142554799666Z,primary,E12,independent,A independent,20260926,default,10,0.15883550000000002,0.19224459999999993,,0.01457,0.0162145,,,10,0,20,,,,0.02,73.654,59.1328125,0.027154,30.0,,0.3333333333333333,0,20,0,20,0,0,10,10,0,30,30,20,0
E12-independent-20260927-20260906T142554933066Z,primary,E12,independent,A independent,20260927,default,10,0.1537535,0.19347805,,0.0220135,0.015075999999999999,,,10,0,20,,,,0.02,73.913,59.1328125,0.027059,30.0,,0.3333333333333333,0,20,0,20,0,0,10,10,0,30,30,20,0
E12-independent-20260928-20260906T142555064416Z,primary,E12,independent,A independent,20260928,default,10,0.15387,0.1890637,,0.0195185,0.0140855,,,10,0,20,,,,0.01,35.615,59.1328125,0.028078,30.0,,0.3333333333333333,0,20,0,20,0,0,10,10,0,30,30,20,0
E12-independent-20260929-20260906T142555208063Z,primary,E12,independent,A independent,20260929,default,10,0.152333,0.1890741,,0.0189495,0.0147595,,,10,0,20,,,,0.02,71.393,59.1328125,0.028014,30.0,,0.3333333333333333,0,20,0,20,0,0,10,10,0,30,30,20,0
E12-independent-20260930-20260906T142555347372Z,primary,E12,independent,A independent,20260930,default,10,0.15437499999999998,0.1868973,,0.0185915,0.014801499999999999,,,10,0,20,,,,0.02,74.627,59.1328125,0.0268,30.0,,0.3333333333333333,0,20,0,20,0,0,10,10,0,30,30,20,0
E12-independent-20260931-20260906T142555489190Z,primary,E12,independent,A independent,20260931,default,10,0.15517599999999998,0.1859077,,0.0213495,0.0157705,,,10,0,20,,,,0.02,69.75,59.1328125,0.028674,30.0,,0.3333333333333333,0,20,0,20,0,0,10,10,0,30,30,20,0
E12-independent-20260932-20260906T142555633187Z,primary,E12,independent,A independent,20260932,default,10,0.156165,0.20374969999999998,,0.016402,0.015181,,,10,0,20,,,,0.02,81.763,59.1328125,0.024461,30.0,,0.3333333333333333,0,20,0,20,0,0,10,10,0,30,30,20,0
E12-independent-20260933-20260906T142555767569Z,primary,E12,independent,A independent,20260933,default,10,0.151533,0.2044844499999999,,0.023203,0.0139595,,,10,0,20,,,,0.03,113.943,59.1328125,0.026329,30.0,,0.3333333333333333,0,20,0,20,0,0,10,10,0,30,30,20,0
E12-independent-20260934-20260906T142555910684Z,primary,E12,independent,A independent,20260934,default,10,0.16395549999999998,0.20283174999999998,,0.0164655,0.020443999999999997,,,10,0,20,,,,0.02,67.833,59.1328125,0.029484,30.0,,0.3333333333333333,0,20,0,20,0,0,10,10,0,30,30,20,0
E12-independent-20260935-20260906T142556061448Z,primary,E12,independent,A independent,20260935,default,10,0.1635605,0.20121050000000001,,0.018926,0.016129,,,10,0,20,,,,0.02,73.354,59.1328125,0.027265,30.0,,0.3333333333333333,0,20,0,20,0,0,10,10,0,30,30,20,0
E12-independent-20260936-20260906T142556204207Z,primary,E12,independent,A independent,20260936,default,10,0.157526,0.21094034999999997,,0.0192415,0.014299,,,10,0,20,,,,0.02,68.821,59.1328125,0.029061,30.0,,0.3333333333333333,0,20,0,20,0,0,10,10,0,30,30,20,0
E12-static_continuity-20260907-20260906T142556348899Z,primary,E12,static_continuity,B300 static continuity,20260907,default,10,0.0846825,0.21107109999999996,,0.0239305,0.015098,,,0,0,0,,,,0.02,84.044,59.1484375,0.023797,30.0,,0.0,0,30,0,30,0,0,0,0,0,30,30,30,0
E12-static_continuity-20260908-20260906T142556491849Z,primary,E12,static_continuity,B300 static continuity,20260908,default,10,0.0826215,0.20474334999999994,,0.0186735,0.0136055,,,0,0,0,,,,0.02,73.359,59.1484375,0.027263,30.0,,0.0,0,30,0,30,0,0,0,0,0,30,30,30,0
E12-static_continuity-20260909-20260906T142556633010Z,primary,E12,static_continuity,B300 static continuity,20260909,default,10,0.0894765,0.19971085,,0.018252499999999998,0.013647,,,0,0,0,,,,0.02,82.034,59.1640625,0.02438,30.0,,0.0,0,30,0,30,0,0,0,0,0,30,30,30,0
E12-static_continuity-20260910-20260906T142556773617Z,primary,E12,static_continuity,B300 static continuity,20260910,default,10,0.0910955,0.19237055,,0.015582499999999999,0.013815500000000001,,,0,0,0,,,,0.02,75.841,59.1640625,0.026371,30.0,,0.0,0,30,0,30,0,0,0,0,0,30,30,30,0
E12-static_continuity-20260911-20260906T142556911874Z,primary,E12,static_continuity,B300 static continuity,20260911,default,10,0.0887195,0.20632239999999996,,0.0182745,0.0154355,,,0,0,0,,,,0.02,79.299,59.1640625,0.025221,30.0,,0.0,0,30,0,30,0,0,0,0,0,30,30,30,0
E12-static_continuity-20260912-20260906T142557047975Z,primary,E12,static_continuity,B300 static continuity,20260912,default,10,0.1048595,0.19743494999999994,,0.018758,0.022014,,,0,0,0,,,,0.02,74.088,59.1640625,0.026995,30.0,,0.0,0,30,0,30,0,0,0,0,0,30,30,30,0
E12-static_continuity-20260913-20260906T142557193774Z,primary,E12,static_continuity,B300 static continuity,20260913,default,10,0.09107950000000001,0.19690189999999996,,0.016867,0.015858999999999998,,,0,0,0,,,,0.02,69.245,59.1640625,0.028883,30.0,,0.0,0,30,0,30,0,0,0,0,0,30,30,30,0
E12-static_continuity-20260914-20260906T142557327661Z,primary,E12,static_continuity,B300 static continuity,20260914,default,10,0.084169,0.20267224999999994,,0.01901,0.013864000000000001,,,0,0,0,,,,0.01,34.438,59.1640625,0.029038,30.0,,0.0,0,30,0,30,0,0,0,0,0,30,30,30,0
E12-static_continuity-20260915-20260906T142557459167Z,primary,E12,static_continuity,B300 static continuity,20260915,default,10,0.0915005,0.19664104999999998,,0.022791,0.015208,,,0,0,0,,,,0.03,124.932,59.1796875,0.024013,30.0,,0.0,0,30,0,30,0,0,0,0,0,30,30,30,0
E12-static_continuity-20260916-20260906T142557585223Z,primary,E12,static_continuity,B300 static continuity,20260916,default,10,0.0922145,0.20150809999999997,,0.0199765,0.01504,,,0,0,0,,,,0.02,78.018,59.1796875,0.025635,30.0,,0.0,0,30,0,30,0,0,0,0,0,30,30,30,0
E12-static_continuity-20260917-20260906T142557726187Z,primary,E12,static_continuity,B300 static continuity,20260917,default,10,0.097844,0.20480189999999998,,0.019724,0.01691,,,0,0,0,,,,0.02,73.298,59.1796875,0.027286,30.0,,0.0,0,30,0,30,0,0,0,0,0,30,30,30,0
E12-static_continuity-20260918-20260906T142557870300Z,primary,E12,static_continuity,B300 static continuity,20260918,default,10,0.08931549999999999,0.20698434999999998,,0.0191785,0.014787999999999999,,,0,0,0,,,,0.03,102.655,59.1796875,0.029224,30.0,,0.0,0,30,0,30,0,0,0,0,0,30,30,30,0
E12-static_continuity-20260919-20260906T142558011090Z,primary,E12,static_continuity,B300 static continuity,20260919,default,10,0.085326,0.20009744999999998,,0.022454000000000002,0.0135145,,,0,0,0,,,,0.01,37.584,59.1796875,0.026607,30.0,,0.0,0,30,0,30,0,0,0,0,0,30,30,30,0
E12-static_continuity-20260920-20260906T142558150053Z,primary,E12,static_continuity,B300 static continuity,20260920,default,10,0.08973300000000001,0.19929324999999998,,0.024322,0.0133255,,,0,0,0,,,,0.02,81.473,59.1953125,0.024548,30.0,,0.0,0,30,0,30,0,0,0,0,0,30,30,30,0
E12-static_continuity-20260921-20260906T142558289429Z,primary,E12,static_continuity,B300 static continuity,20260921,default,10,0.09095049999999999,0.1993795,,0.019286,0.0172285,,,0,0,0,,,,0.03,115.057,59.1953125,0.026074,30.0,,0.0,0,30,0,30,0,0,0,0,0,30,30,30,0
E12-static_continuity-20260922-20260906T142558431130Z,primary,E12,static_continuity,B300 static continuity,20260922,default,10,0.103688,0.21578129999999995,,0.016494,0.019139000000000003,,,0,0,0,,,,0.02,69.967,59.1953125,0.028585,30.0,,0.0,0,30,0,30,0,0,0,0,0,30,30,30,0
E12-static_continuity-20260923-20260906T142558434544Z,primary,E12,static_continuity,B300 static continuity,20260923,default,10,0.08022750000000001,0.20458325,,0.02099,0.013548000000000001,,,0,0,0,,,,0.02,74.982,59.2109375,0.026673,30.0,,0.0,0,30,0,30,0,0,0,0,0,30,30,30,0
E12-static_continuity-20260924-20260906T142558573894Z,primary,E12,static_continuity,B300 static continuity,20260924,default,10,0.091525,0.1984157,,0.018446999999999998,0.0166955,,,0,0,0,,,,0.02,91.592,59.2109375,0.021836,30.0,,0.0,0,30,0,30,0,0,0,0,0,30,30,30,0
E12-static_continuity-20260925-20260906T142558714340Z,primary,E12,static_continuity,B300 static continuity,20260925,default,10,0.0809575,0.2013547999999999,,0.0215735,0.013132,,,0,0,0,,,,0.02,77.625,59.2109375,0.025765,30.0,,0.0,0,30,0,30,0,0,0,0,0,30,30,30,0
E12-static_continuity-20260926-20260906T142558853915Z,primary,E12,static_continuity,B300 static continuity,20260926,default,10,0.09346299999999999,0.1955333,,0.023282,0.0150905,,,0,0,0,,,,0.02,86.843,59.2109375,0.02303,30.0,,0.0,0,30,0,30,0,0,0,0,0,30,30,30,0
E12-static_continuity-20260927-20260906T142558990003Z,primary,E12,static_continuity,B300 static continuity,20260927,default,10,0.0865615,0.21143079999999997,,0.0170525,0.014579,,,0,0,0,,,,0.01,36.054,59.2109375,0.027736,30.0,,0.0,0,30,0,30,0,0,0,0,0,30,30,30,0
E12-static_continuity-20260928-20260906T142559121982Z,primary,E12,static_continuity,B300 static continuity,20260928,default,10,0.0895885,0.19152864999999997,,0.0196955,0.016093000000000003,,,0,0,0,,,,0.02,71.974,59.2109375,0.027788,30.0,,0.0,0,30,0,30,0,0,0,0,0,30,30,30,0
E12-static_continuity-20260929-20260906T142559256245Z,primary,E12,static_continuity,B300 static continuity,20260929,default,10,0.0950445,0.19224679999999988,,0.016156999999999998,0.015816,,,0,0,0,,,,0.03,109.099,59.2109375,0.027498,30.0,,0.0,0,30,0,30,0,0,0,0,0,30,30,30,0
E12-static_continuity-20260930-20260906T142559401014Z,primary,E12,static_continuity,B300 static continuity,20260930,default,10,0.0856025,0.19283124999999998,,0.021954500000000002,0.0152615,,,0,0,0,,,,0.01,38.686,59.2109375,0.025849,30.0,,0.0,0,30,0,30,0,0,0,0,0,30,30,30,0
E12-static_continuity-20260931-20260906T142559542022Z,primary,E12,static_continuity,B300 static continuity,20260931,default,10,0.113248,0.23113659999999997,,0.0233615,0.0211445,,,0,0,0,,,,0.02,73.735,59.2265625,0.027124,30.0,,0.0,0,30,0,30,0,0,0,0,0,30,30,30,0
E12-static_continuity-20260932-20260906T142559688027Z,primary,E12,static_continuity,B300 static continuity,20260932,default,10,0.0952365,0.20922894999999997,,0.017137,0.0157305,,,0,0,0,,,,0.02,73.638,59.2265625,0.02716,30.0,,0.0,0,30,0,30,0,0,0,0,0,30,30,30,0
E12-static_continuity-20260933-20260906T142559836990Z,primary,E12,static_continuity,B300 static continuity,20260933,default,10,0.0930415,0.19901059999999995,,0.0180115,0.0168175,,,0,0,0,,,,0.02,78.564,59.2265625,0.025457,30.0,,0.0,0,30,0,30,0,0,0,0,0,30,30,30,0
E12-static_continuity-20260934-20260906T142559982138Z,primary,E12,static_continuity,B300 static continuity,20260934,default,10,0.10518050000000001,0.22047509999999998,,0.022338499999999997,0.016304,,,0,0,0,,,,0.02,83.967,59.2265625,0.023819,30.0,,0.0,0,30,0,30,0,0,0,0,0,30,30,30,0
E12-static_continuity-20260935-20260906T142600128557Z,primary,E12,static_continuity,B300 static continuity,20260935,default,10,0.0965675,0.20603419999999997,,0.0239985,0.0150285,,,0,0,0,,,,0.02,77.751,59.2265625,0.025723,30.0,,0.0,0,30,0,30,0,0,0,0,0,30,30,30,0
E12-static_continuity-20260936-20260906T142600269401Z,primary,E12,static_continuity,B300 static continuity,20260936,default,10,0.100734,0.22881404999999996,,0.0255295,0.0153895,,,0,0,0,,,,0.02,71.831,59.2265625,0.027843,30.0,,0.0,0,30,0,30,0,0,0,0,0,30,30,30,0
E13-ca_ztcf-20260907-20260906T142612836419Z,primary,E13,ca_ztcf,C CA-ZTCF,20260907,devices=1,1,0.573251,0.6377423000000001,5.269500000000001,0.033141,0.040548,,,0,0,1,,,,0.01,53.319,59.33984375,0.018755,1.0,,0.0,0,1,0,1,0,0,0,0,0,1,1,1,0
E13-ca_ztcf-20260907-20260906T142625369578Z,primary,E13,ca_ztcf,C CA-ZTCF,20260907,devices=5,5,0.429891,0.52512025,3.9225000000000003,0.018263,0.022902,,,0,0,5,,,,0.02,81.559,59.3359375,0.024522,5.0,,0.0,0,5,0,5,0,0,0,0,0,5,5,5,0
E13-ca_ztcf-20260907-20260906T142637970981Z,primary,E13,ca_ztcf,C CA-ZTCF,20260907,devices=10,10,0.4322365,0.49762215,4.093,0.016517999999999998,0.019603500000000003,,,0,0,10,,,,0.02,63.967,59.48828125,0.031266,10.0,,0.0,0,10,0,10,0,0,0,0,0,10,10,10,0
E13-ca_ztcf-20260907-20260906T142651565157Z,primary,E13,ca_ztcf,C CA-ZTCF,20260907,devices=25,25,0.42735650000000003,0.47419715,4.0925,0.014547,0.017431,,,0,0,25,,,,0.04,72.758,59.7890625,0.054977,25.0,,0.0,0,25,0,25,0,0,0,0,0,25,25,25,0
E13-ca_ztcf-20260908-20260906T142612997745Z,primary,E13,ca_ztcf,C CA-ZTCF,20260908,devices=1,1,0.5146755000000001,0.53224125,5.048,0.02974,0.039161,,,0,0,1,,,,0.02,145.075,59.33984375,0.013786,1.0,,0.0,0,1,0,1,0,0,0,0,0,1,1,1,0
E13-ca_ztcf-20260908-20260906T142625511053Z,primary,E13,ca_ztcf,C CA-ZTCF,20260908,devices=5,5,0.4604475,0.5176698,4.197,0.024209,0.018642,,,0,0,5,,,,0.02,92.67,59.3359375,0.021582,5.0,,0.0,0,5,0,5,0,0,0,0,0,5,5,5,0
E13-ca_ztcf-20260908-20260906T142638125675Z,primary,E13,ca_ztcf,C CA-ZTCF,20260908,devices=10,10,0.426286,0.5135145,4.089,0.0162945,0.019313999999999998,,,0,0,10,,,,0.03,105.108,59.5234375,0.028542,10.0,,0.0,0,10,0,10,0,0,0,0,0,10,10,10,0
E13-ca_ztcf-20260908-20260906T142651728500Z,primary,E13,ca_ztcf,C CA-ZTCF,20260908,devices=25,25,0.447628,0.51291265,4.156499999999999,0.016031,0.018618,,,0,0,25,,,,0.05,88.533,59.84765625,0.056476,25.0,,0.0,0,25,0,25,0,0,0,0,0,25,25,25,0
E13-ca_ztcf-20260909-20260906T142613136542Z,primary,E13,ca_ztcf,C CA-ZTCF,20260909,devices=1,1,0.9170200000000001,1.3066192,8.9985,0.027924,0.093701,,,0,0,1,,,,0.01,5.507,59.33984375,0.181589,1.0,,0.0,0,1,0,1,0,0,0,0,0,1,1,1,0
E13-ca_ztcf-20260909-20260906T142625654509Z,primary,E13,ca_ztcf,C CA-ZTCF,20260909,devices=5,5,0.45711650000000004,0.49422984999999997,4.176,0.018052,0.021595,,,0,0,5,,,,0.02,83.616,59.3515625,0.023919,5.0,,0.0,0,5,0,5,0,0,0,0,0,5,5,5,0
E13-ca_ztcf-20260909-20260906T142638260451Z,primary,E13,ca_ztcf,C CA-ZTCF,20260909,devices=10,10,0.4231195,0.4918098000000001,4.0055,0.016818,0.0167975,,,0,0,10,,,,0.02,64.635,59.53515625,0.030943,10.0,,0.0,0,10,0,10,0,0,0,0,0,10,10,10,0
E13-ca_ztcf-20260909-20260906T142651890922Z,primary,E13,ca_ztcf,C CA-ZTCF,20260909,devices=25,25,0.433739,0.5150606499999999,4.05,0.014588,0.018109,,,0,0,25,,,,0.04,77.69,59.8828125,0.051487,25.0,,0.0,0,25,0,25,0,0,0,0,0,25,25,25,0
E13-ca_ztcf-20260910-20260906T142613449818Z,primary,E13,ca_ztcf,C CA-ZTCF,20260910,devices=1,1,0.540297,0.5670063,5.4495000000000005,0.030289,0.041232,,,0,0,1,,,,0.01,73.654,59.3359375,0.013577,1.0,,0.0,0,1,0,1,0,0,0,0,0,1,1,1,0
E13-ca_ztcf-20260910-20260906T142625794746Z,primary,E13,ca_ztcf,C CA-ZTCF,20260910,devices=5,5,0.43718749999999995,0.52774835,4.049,0.022354,0.017461,,,0,0,5,,,,0.02,86.911,59.3515625,0.023012,5.0,,0.0,0,5,0,5,0,0,0,0,0,5,5,5,0
E13-ca_ztcf-20260910-20260906T142638399140Z,primary,E13,ca_ztcf,C CA-ZTCF,20260910,devices=10,10,0.421589,0.52118625,4.047499999999999,0.016357,0.021285,,,0,0,10,,,,0.02,63.243,59.53515625,0.031624,10.0,,0.0,0,10,0,10,0,0,0,0,0,10,10,10,0
E13-ca_ztcf-20260910-20260906T142652059530Z,primary,E13,ca_ztcf,C CA-ZTCF,20260910,devices=25,25,0.428246,0.49159784999999995,4.02,0.015489,0.017308,,,0,0,25,,,,0.05,92.945,59.8984375,0.053795,25.0,,0.0,0,25,0,25,0,0,0,0,0,25,25,25,0
E13-ca_ztcf-20260911-20260906T142613587347Z,primary,E13,ca_ztcf,C CA-ZTCF,20260911,devices=1,1,0.545895,0.5469975,5.302,0.030332,0.034472,,,0,0,1,,,,0.02,148.104,59.3359375,0.013504,1.0,,0.0,0,1,0,1,0,0,0,0,0,1,1,1,0
E13-ca_ztcf-20260911-20260906T142625934029Z,primary,E13,ca_ztcf,C CA-ZTCF,20260911,devices=5,5,0.548303,0.8453227999999999,4.8925,0.024927,0.03661,,,0,0,5,,,,0.03,113.396,59.3515625,0.026456,5.0,,0.0,0,5,0,5,0,0,0,0,0,5,5,5,0
E13-ca_ztcf-20260911-20260906T142638436566Z,primary,E13,ca_ztcf,C CA-ZTCF,20260911,devices=10,10,0.4264835,0.5262066,4.1274999999999995,0.015195,0.0177585,,,0,0,10,,,,0.02,71.8,59.53515625,0.027855,10.0,,0.0,0,10,0,10,0,0,0,0,0,10,10,10,0
E13-ca_ztcf-20260911-20260906T142652228703Z,primary,E13,ca_ztcf,C CA-ZTCF,20260911,devices=25,25,0.4292195,0.5020601,4.021,0.0146,0.017309,,,0,0,25,,,,0.04,74.097,59.8984375,0.053983,25.0,,0.0,0,25,0,25,0,0,0,0,0,25,25,25,0
E13-ca_ztcf-20260912-20260906T142613737411Z,primary,E13,ca_ztcf,C CA-ZTCF,20260912,devices=1,1,0.5954485,0.61822345,5.2385,0.029614,0.040133,,,0,0,1,,,,0.01,72.27,59.3359375,0.013837,1.0,,0.0,0,1,0,1,0,0,0,0,0,1,1,1,0
E13-ca_ztcf-20260912-20260906T142626068465Z,primary,E13,ca_ztcf,C CA-ZTCF,20260912,devices=5,5,0.4517565,0.51225445,4.2745,0.016636,0.024764,,,0,0,5,,,,0.01,41.708,59.3515625,0.023976,5.0,,0.0,0,5,0,5,0,0,0,0,0,5,5,5,0
E13-ca_ztcf-20260912-20260906T142638587166Z,primary,E13,ca_ztcf,C CA-ZTCF,20260912,devices=10,10,0.4220025,0.5789559,4.0225,0.0149655,0.015153,,,0,0,10,,,,0.02,76.617,59.53515625,0.026104,10.0,,0.0,0,10,0,10,0,0,0,0,0,10,10,10,0
E13-ca_ztcf-20260912-20260906T142652398217Z,primary,E13,ca_ztcf,C CA-ZTCF,20260912,devices=25,25,0.428987,0.5139633,4.062,0.014347,0.017012,,,0,0,25,,,,0.04,74.202,59.8984375,0.053907,25.0,,0.0,0,25,0,25,0,0,0,0,0,25,25,25,0
E13-ca_ztcf-20260913-20260906T142613884308Z,primary,E13,ca_ztcf,C CA-ZTCF,20260913,devices=1,1,0.545641,0.5521048,5.365,0.029657,0.034895,,,0,0,1,,,,0.02,60.964,59.3359375,0.032806,1.0,,0.0,0,1,0,1,0,0,0,0,0,1,1,1,0
E13-ca_ztcf-20260913-20260906T142626208452Z,primary,E13,ca_ztcf,C CA-ZTCF,20260913,devices=5,5,0.4468715,0.50710315,4.233,0.016846,0.028429,,,0,0,5,,,,0.01,48.607,59.3515625,0.020573,5.0,,0.0,0,5,0,5,0,0,0,0,0,5,5,5,0
E13-ca_ztcf-20260913-20260906T142638734782Z,primary,E13,ca_ztcf,C CA-ZTCF,20260913,devices=10,10,0.439073,0.5229323,4.1895,0.0161745,0.0203225,,,0,0,10,,,,0.02,70.801,59.53515625,0.028248,10.0,,0.0,0,10,0,10,0,0,0,0,0,10,10,10,0
E13-ca_ztcf-20260913-20260906T142652573625Z,primary,E13,ca_ztcf,C CA-ZTCF,20260913,devices=25,25,0.438212,0.5539757999999999,4.105,0.015235,0.018282,,,0,0,25,,,,0.04,71.21,59.9140625,0.056172,25.0,,0.0,0,25,0,25,0,0,0,0,0,25,25,25,0
E13-ca_ztcf-20260914-20260906T142614046776Z,primary,E13,ca_ztcf,C CA-ZTCF,20260914,devices=1,1,0.5223875,0.53536955,4.8919999999999995,0.030113,0.036525,,,0,0,1,,,,0.01,64.662,59.3359375,0.015465,1.0,,0.0,0,1,0,1,0,0,0,0,0,1,1,1,0
E13-ca_ztcf-20260914-20260906T142626344985Z,primary,E13,ca_ztcf,C CA-ZTCF,20260914,devices=5,5,0.45070350000000003,0.5382144499999999,4.1905,0.019542,0.018995,,,0,0,5,,,,0.01,44.383,59.3515625,0.022531,5.0,,0.0,0,5,0,5,0,0,0,0,0,5,5,5,0
E13-ca_ztcf-20260914-20260906T142638885511Z,primary,E13,ca_ztcf,C CA-ZTCF,20260914,devices=10,10,0.43296599999999996,0.5300774,4.044,0.0169875,0.0190305,,,0,0,10,,,,0.02,70.689,59.53515625,0.028293,10.0,,0.0,0,10,0,10,0,0,0,0,0,10,10,10,0
E13-ca_ztcf-20260914-20260906T142652748689Z,primary,E13,ca_ztcf,C CA-ZTCF,20260914,devices=25,25,0.43558850000000005,0.59181705,4.084,0.016082,0.021159,,,0,0,25,,,,0.04,72.73,59.9140625,0.054998,25.0,,0.0,0,25,0,25,0,0,0,0,0,25,25,25,0
E13-ca_ztcf-20260915-20260906T142614173860Z,primary,E13,ca_ztcf,C CA-ZTCF,20260915,devices=1,1,0.527533,0.5597971,5.1875,0.032096,0.032602,,,0,0,1,,,,0.01,63.119,59.33984375,0.015843,1.0,,0.0,0,1,0,1,0,0,0,0,0,1,1,1,0
E13-ca_ztcf-20260915-20260906T142626484755Z,primary,E13,ca_ztcf,C CA-ZTCF,20260915,devices=5,5,0.455063,0.5700836499999999,4.2955000000000005,0.028007,0.019584,,,0,0,5,,,,0.02,93.967,59.3515625,0.021284,5.0,,0.0,0,5,0,5,0,0,0,0,0,5,5,5,0
E13-ca_ztcf-20260915-20260906T142639036647Z,primary,E13,ca_ztcf,C CA-ZTCF,20260915,devices=10,10,0.43191999999999997,0.5249732500000001,4.136,0.018589500000000002,0.017160500000000002,,,0,0,10,,,,0.02,60.805,59.53515625,0.032892,10.0,,0.0,0,10,0,10,0,0,0,0,0,10,10,10,0
E13-ca_ztcf-20260915-20260906T142652919780Z,primary,E13,ca_ztcf,C CA-ZTCF,20260915,devices=25,25,0.430891,0.51264735,4.062,0.015404,0.017223,,,0,0,25,,,,0.04,75.92,59.91796875,0.052687,25.0,,0.0,0,25,0,25,0,0,0,0,0,25,25,25,0
E13-ca_ztcf-20260916-20260906T142614303911Z,primary,E13,ca_ztcf,C CA-ZTCF,20260916,devices=1,1,0.5403545000000001,0.54194885,5.778499999999999,0.02927,0.033572,,,0,0,1,,,,0.01,69.959,59.33984375,0.014294,1.0,,0.0,0,1,0,1,0,0,0,0,0,1,1,1,0
E13-ca_ztcf-20260916-20260906T142626616590Z,primary,E13,ca_ztcf,C CA-ZTCF,20260916,devices=5,5,0.482438,0.5180783499999999,4.275,0.025101,0.019205,,,0,0,5,,,,0.02,91.567,59.3515625,0.021842,5.0,,0.0,0,5,0,5,0,0,0,0,0,5,5,5,0
E13-ca_ztcf-20260916-20260906T142639191296Z,primary,E13,ca_ztcf,C CA-ZTCF,20260916,devices=10,10,0.4526845,0.547821,4.2,0.0224045,0.017566,,,0,0,10,,,,0.03,98.103,59.53515625,0.03058,10.0,,0.0,0,10,0,10,0,0,0,0,0,10,10,10,0
E13-ca_ztcf-20260916-20260906T142653091500Z,primary,E13,ca_ztcf,C CA-ZTCF,20260916,devices=25,25,0.4478075,0.5194227,4.203,0.017234,0.018374,,,0,0,25,,,,0.04,73.746,59.9140625,0.05424,25.0,,0.0,0,25,0,25,0,0,0,0,0,25,25,25,0
E13-ca_ztcf-20260917-20260906T142614430865Z,primary,E13,ca_ztcf,C CA-ZTCF,20260917,devices=1,1,0.533353,0.5555965,5.2925,0.029354,0.041247,,,0,0,1,,,,0.01,72.828,59.33984375,0.013731,1.0,,0.0,0,1,0,1,0,0,0,0,0,1,1,1,0
E13-ca_ztcf-20260917-20260906T142626759735Z,primary,E13,ca_ztcf,C CA-ZTCF,20260917,devices=5,5,0.4360475,0.5346681499999999,4.169499999999999,0.018446,0.024638,,,0,0,5,,,,0.02,102.176,59.3515625,0.019574,5.0,,0.0,0,5,0,5,0,0,0,0,0,5,5,5,0
E13-ca_ztcf-20260917-20260906T142639343281Z,primary,E13,ca_ztcf,C CA-ZTCF,20260917,devices=10,10,0.4325815,0.52735785,4.072,0.0173315,0.0197825,,,0,0,10,,,,0.02,62.891,59.53515625,0.031801,10.0,,0.0,0,10,0,10,0,0,0,0,0,10,10,10,0
E13-ca_ztcf-20260917-20260906T142653265037Z,primary,E13,ca_ztcf,C CA-ZTCF,20260917,devices=25,25,0.425589,0.5008967499999999,3.8645,0.014995,0.016854,,,0,0,25,,,,0.04,75.512,59.93359375,0.052972,25.0,,0.0,0,25,0,25,0,0,0,0,0,25,25,25,0
E13-ca_ztcf-20260918-20260906T142614565345Z,primary,E13,ca_ztcf,C CA-ZTCF,20260918,devices=1,1,0.5234209999999999,0.5264009,5.1035,0.028216,0.034373,,,0,0,1,,,,0.01,56.205,59.33984375,0.017792,1.0,,0.0,0,1,0,1,0,0,0,0,0,1,1,1,0
E13-ca_ztcf-20260918-20260906T142626896909Z,primary,E13,ca_ztcf,C CA-ZTCF,20260918,devices=5,5,0.468919,0.52338345,4.317,0.018321,0.022111,,,0,0,5,,,,0.02,82.549,59.3515625,0.024228,5.0,,0.0,0,5,0,5,0,0,0,0,0,5,5,5,0
E13-ca_ztcf-20260918-20260906T142639484218Z,primary,E13,ca_ztcf,C CA-ZTCF,20260918,devices=10,10,0.446395,0.53241635,4.2425,0.019334999999999998,0.0176725,,,0,0,10,,,,0.02,65.274,59.5390625,0.03064,10.0,,0.0,0,10,0,10,0,0,0,0,0,10,10,10,0
E13-ca_ztcf-20260918-20260906T142653434130Z,primary,E13,ca_ztcf,C CA-ZTCF,20260918,devices=25,25,0.42871499999999996,0.5097566499999999,3.97,0.01432,0.016684,,,0,0,25,,,,0.05,100.482,59.9453125,0.04976,25.0,,0.0,0,25,0,25,0,0,0,0,0,25,25,25,0
E13-ca_ztcf-20260919-20260906T142614705125Z,primary,E13,ca_ztcf,C CA-ZTCF,20260919,devices=1,1,0.549169,0.5683759,5.9045000000000005,0.034162,0.033867,,,0,0,1,,,,0.01,63.621,59.33984375,0.015718,1.0,,0.0,0,1,0,1,0,0,0,0,0,1,1,1,0
E13-ca_ztcf-20260919-20260906T142627031408Z,primary,E13,ca_ztcf,C CA-ZTCF,20260919,devices=5,5,0.4567135,0.5303861999999999,4.269500000000001,0.01775,0.01998,,,0,0,5,,,,0.01,43.838,59.3515625,0.022811,5.0,,0.0,0,5,0,5,0,0,0,0,0,5,5,5,0
E13-ca_ztcf-20260919-20260906T142639628420Z,primary,E13,ca_ztcf,C CA-ZTCF,20260919,devices=10,10,0.46803249999999996,0.5450122,4.392,0.0202095,0.021552500000000002,,,0,0,10,,,,0.03,99.381,59.5390625,0.030187,10.0,,0.0,0,10,0,10,0,0,0,0,0,10,10,10,0
E13-ca_ztcf-20260919-20260906T142653598773Z,primary,E13,ca_ztcf,C CA-ZTCF,20260919,devices=25,25,0.42233600000000004,0.4925937,4.055,0.014657,0.01639,,,0,0,25,,,,0.04,74.909,59.9453125,0.053398,25.0,,0.0,0,25,0,25,0,0,0,0,0,25,25,25,0
E13-ca_ztcf-20260920-20260906T142614838688Z,primary,E13,ca_ztcf,C CA-ZTCF,20260920,devices=1,1,0.5254875,0.5362105500000001,5.1035,0.027878,0.03682,,,0,0,1,,,,0.01,74.388,59.33984375,0.013443,1.0,,0.0,0,1,0,1,0,0,0,0,0,1,1,1,0
E13-ca_ztcf-20260920-20260906T142627176217Z,primary,E13,ca_ztcf,C CA-ZTCF,20260920,devices=5,5,0.44682849999999996,0.5315926499999999,4.122,0.018171,0.01754,,,0,0,5,,,,0.01,46.125,59.3515625,0.02168,5.0,,0.0,0,5,0,5,0,0,0,0,0,5,5,5,0
E13-ca_ztcf-20260920-20260906T142639781514Z,primary,E13,ca_ztcf,C CA-ZTCF,20260920,devices=10,10,0.4447115,0.5351351500000001,4.2635000000000005,0.0170545,0.019313999999999998,,,0,0,10,,,,0.02,66.225,59.53515625,0.0302,10.0,,0.0,0,10,0,10,0,0,0,0,0,10,10,10,0
E13-ca_ztcf-20260920-20260906T142653781207Z,primary,E13,ca_ztcf,C CA-ZTCF,20260920,devices=25,25,0.428187,0.5062041499999999,4.013,0.014699,0.016558,,,0,0,25,,,,0.04,71.025,59.9609375,0.056318,25.0,,0.0,0,25,0,25,0,0,0,0,0,25,25,25,0
E13-ca_ztcf-20260921-20260906T142614972689Z,primary,E13,ca_ztcf,C CA-ZTCF,20260921,devices=1,1,0.5339860000000001,0.5369092,5.250500000000001,0.027751,0.038337,,,0,0,1,,,,0.02,146.821,59.33984375,0.013622,1.0,,0.0,0,1,0,1,0,0,0,0,0,1,1,1,0
E13-ca_ztcf-20260921-20260906T142627315602Z,primary,E13,ca_ztcf,C CA-ZTCF,20260921,devices=5,5,0.478628,0.5574659,4.3325,0.021578,0.019306,,,0,0,5,,,,0.02,98.319,59.3515625,0.020342,5.0,,0.0,0,5,0,5,0,0,0,0,0,5,5,5,0
E13-ca_ztcf-20260921-20260906T142639934084Z,primary,E13,ca_ztcf,C CA-ZTCF,20260921,devices=10,10,0.436696,0.5295618000000001,4.136,0.0169265,0.018802,,,0,0,10,,,,0.02,64.735,59.53515625,0.030895,10.0,,0.0,0,10,0,10,0,0,0,0,0,10,10,10,0
E13-ca_ztcf-20260921-20260906T142653980597Z,primary,E13,ca_ztcf,C CA-ZTCF,20260921,devices=25,25,0.442183,0.5454807999999999,4.175,0.016784,0.018597,,,0,0,25,,,,0.05,88.799,59.96484375,0.056307,25.0,,0.0,0,25,0,25,0,0,0,0,0,25,25,25,0
E13-ca_ztcf-20260922-20260906T142615104394Z,primary,E13,ca_ztcf,C CA-ZTCF,20260922,devices=1,1,0.4694515,0.49746175,4.7375,0.027375,0.029017,,,0,0,1,,,,0.01,51.789,59.33984375,0.019309,1.0,,0.0,0,1,0,1,0,0,0,0,0,1,1,1,0
E13-ca_ztcf-20260922-20260906T142627451482Z,primary,E13,ca_ztcf,C CA-ZTCF,20260922,devices=5,5,0.4591535,0.5093865,4.206,0.018508,0.022251,,,0,0,5,,,,0.02,85.877,59.36328125,0.023289,5.0,,0.0,0,5,0,5,0,0,0,0,0,5,5,5,0
E13-ca_ztcf-20260922-20260906T142640090955Z,primary,E13,ca_ztcf,C CA-ZTCF,20260922,devices=10,10,0.459461,0.5295314,4.230499999999999,0.019494,0.0189625,,,0,0,10,,,,0.03,98.161,59.53515625,0.030562,10.0,,0.0,0,10,0,10,0,0,0,0,0,10,10,10,0
E13-ca_ztcf-20260922-20260906T142654159524Z,primary,E13,ca_ztcf,C CA-ZTCF,20260922,devices=25,25,0.433475,0.49980114999999997,3.964,0.015308,0.01767,,,0,0,25,,,,0.04,75.978,59.9609375,0.052647,25.0,,0.0,0,25,0,25,0,0,0,0,0,25,25,25,0
E13-ca_ztcf-20260923-20260906T142615231830Z,primary,E13,ca_ztcf,C CA-ZTCF,20260923,devices=1,1,0.470568,0.4942767,4.6955,0.027964,0.037103,,,0,0,1,,,,0.01,58.976,59.33984375,0.016956,1.0,,0.0,0,1,0,1,0,0,0,0,0,1,1,1,0
E13-ca_ztcf-20260923-20260906T142627590496Z,primary,E13,ca_ztcf,C CA-ZTCF,20260923,devices=5,5,0.44426299999999996,0.5158007499999999,4.269,0.01876,0.020443,,,0,0,5,,,,0.02,84.342,59.36328125,0.023713,5.0,,0.0,0,5,0,5,0,0,0,0,0,5,5,5,0
E13-ca_ztcf-20260923-20260906T142640235925Z,primary,E13,ca_ztcf,C CA-ZTCF,20260923,devices=10,10,0.4534235,0.5416619,4.337,0.017708,0.020706000000000002,,,0,0,10,,,,0.03,84.943,59.53515625,0.035318,10.0,,0.0,0,10,0,10,0,0,0,0,0,10,10,10,0
E13-ca_ztcf-20260923-20260906T142654334844Z,primary,E13,ca_ztcf,C CA-ZTCF,20260923,devices=25,25,0.432884,0.53769555,4.09,0.01573,0.017965,,,0,0,25,,,,0.04,72.788,59.9765625,0.054954,25.0,,0.0,0,25,0,25,0,0,0,0,0,25,25,25,0
E13-ca_ztcf-20260924-20260906T142615365126Z,primary,E13,ca_ztcf,C CA-ZTCF,20260924,devices=1,1,0.46090200000000003,0.46791390000000005,4.696,0.026111,0.037229,,,0,0,1,,,,0.02,121.197,59.33984375,0.016502,1.0,,0.0,0,1,0,1,0,0,0,0,0,1,1,1,0
E13-ca_ztcf-20260924-20260906T142627734926Z,primary,E13,ca_ztcf,C CA-ZTCF,20260924,devices=5,5,0.45446299999999995,0.5115375,4.164,0.016362,0.020905,,,0,0,5,,,,0.02,88.195,59.36328125,0.022677,5.0,,0.0,0,5,0,5,0,0,0,0,0,5,5,5,0
E13-ca_ztcf-20260924-20260906T142640396675Z,primary,E13,ca_ztcf,C CA-ZTCF,20260924,devices=10,10,0.441009,0.5572683000000002,4.124499999999999,0.017772000000000003,0.0172195,,,0,0,10,,,,0.03,91.469,59.53515625,0.032798,10.0,,0.0,0,10,0,10,0,0,0,0,0,10,10,10,0
E13-ca_ztcf-20260924-20260906T142654508066Z,primary,E13,ca_ztcf,C CA-ZTCF,20260924,devices=25,25,0.4281825,0.48950754999999996,4.0065,0.01438,0.016826,,,0,0,25,,,,0.04,75.559,59.9765625,0.052939,25.0,,0.0,0,25,0,25,0,0,0,0,0,25,25,25,0
E13-ca_ztcf-20260925-20260906T142615505176Z,primary,E13,ca_ztcf,C CA-ZTCF,20260925,devices=1,1,0.525822,0.5387280000000001,5.8535,0.028385,0.037398,,,0,0,1,,,,0.01,62.98,59.33984375,0.015878,1.0,,0.0,0,1,0,1,0,0,0,0,0,1,1,1,0
E13-ca_ztcf-20260925-20260906T142627873468Z,primary,E13,ca_ztcf,C CA-ZTCF,20260925,devices=5,5,0.4771555,0.52139495,4.1645,0.024648,0.019264,,,0,0,5,,,,0.02,93.136,59.36328125,0.021474,5.0,,0.0,0,5,0,5,0,0,0,0,0,5,5,5,0
E13-ca_ztcf-20260925-20260906T142640554685Z,primary,E13,ca_ztcf,C CA-ZTCF,20260925,devices=10,10,0.436864,0.5136898000000001,4.230499999999999,0.015221,0.0187715,,,0,0,10,,,,0.02,72.469,59.53515625,0.027598,10.0,,0.0,0,10,0,10,0,0,0,0,0,10,10,10,0
E13-ca_ztcf-20260925-20260906T142654675496Z,primary,E13,ca_ztcf,C CA-ZTCF,20260925,devices=25,25,0.430481,0.512092,4.006,0.015434,0.017037,,,0,0,25,,,,0.04,70.965,59.9765625,0.056366,25.0,,0.0,0,25,0,25,0,0,0,0,0,25,25,25,0
E13-ca_ztcf-20260926-20260906T142615640890Z,primary,E13,ca_ztcf,C CA-ZTCF,20260926,devices=1,1,0.508618,0.5389029999999999,4.9065,0.028469,0.027585,,,0,0,1,,,,0.01,69.652,59.33984375,0.014357,1.0,,0.0,0,1,0,1,0,0,0,0,0,1,1,1,0
E13-ca_ztcf-20260926-20260906T142628013428Z,primary,E13,ca_ztcf,C CA-ZTCF,20260926,devices=5,5,0.45736,0.546059,4.18,0.02126,0.021848,,,0,0,5,,,,0.01,46.841,59.36328125,0.021349,5.0,,0.0,0,5,0,5,0,0,0,0,0,5,5,5,0
E13-ca_ztcf-20260926-20260906T142640701207Z,primary,E13,ca_ztcf,C CA-ZTCF,20260926,devices=10,10,0.442284,0.57170425,4.21,0.019749,0.018198,,,0,0,10,,,,0.04,101.525,59.53515625,0.039399,10.0,,0.0,0,10,0,10,0,0,0,0,0,10,10,10,0
E13-ca_ztcf-20260926-20260906T142654849703Z,primary,E13,ca_ztcf,C CA-ZTCF,20260926,devices=25,25,0.42769749999999995,0.47455765,3.9215,0.014254,0.016953,,,0,0,25,,,,0.04,81.213,59.9921875,0.049253,25.0,,0.0,0,25,0,25,0,0,0,0,0,25,25,25,0
E13-ca_ztcf-20260927-20260906T142615777642Z,primary,E13,ca_ztcf,C CA-ZTCF,20260927,devices=1,1,0.541889,0.5744096,4.8435,0.028765,0.024931,,,0,0,1,,,,0.01,60.463,59.33984375,0.016539,1.0,,0.0,0,1,0,1,0,0,0,0,0,1,1,1,0
E13-ca_ztcf-20260927-20260906T142628145121Z,primary,E13,ca_ztcf,C CA-ZTCF,20260927,devices=5,5,0.4683895,0.52274455,4.138999999999999,0.019033,0.022898,,,0,0,5,,,,0.01,47.792,59.36328125,0.020924,5.0,,0.0,0,5,0,5,0,0,0,0,0,5,5,5,0
E13-ca_ztcf-20260927-20260906T142640865411Z,primary,E13,ca_ztcf,C CA-ZTCF,20260927,devices=10,10,0.438458,0.52523115,4.145,0.0161355,0.018771,,,0,0,10,,,,0.02,68.428,59.55078125,0.029228,10.0,,0.0,0,10,0,10,0,0,0,0,0,10,10,10,0
E13-ca_ztcf-20260927-20260906T142655007040Z,primary,E13,ca_ztcf,C CA-ZTCF,20260927,devices=25,25,0.4301165,0.5020667,4.043,0.014444,0.017223,,,0,0,25,,,,0.06,94.773,59.9921875,0.063309,25.0,,0.0,0,25,0,25,0,0,0,0,0,25,25,25,0
E13-ca_ztcf-20260928-20260906T142615915549Z,primary,E13,ca_ztcf,C CA-ZTCF,20260928,devices=1,1,0.500996,0.5347676,5.3065,0.031501,0.026532,,,0,0,1,,,,0.01,61.47,59.33984375,0.016268,1.0,,0.0,0,1,0,1,0,0,0,0,0,1,1,1,0
E13-ca_ztcf-20260928-20260906T142628276191Z,primary,E13,ca_ztcf,C CA-ZTCF,20260928,devices=5,5,0.4362685,0.5195133999999999,4.18,0.01794,0.02084,,,0,0,5,,,,0.02,85.514,59.36328125,0.023388,5.0,,0.0,0,5,0,5,0,0,0,0,0,5,5,5,0
E13-ca_ztcf-20260928-20260906T142641017064Z,primary,E13,ca_ztcf,C CA-ZTCF,20260928,devices=10,10,0.4465285,0.51029325,4.114,0.018407,0.018661999999999998,,,0,0,10,,,,0.02,60.883,59.55078125,0.03285,10.0,,0.0,0,10,0,10,0,0,0,0,0,10,10,10,0
E13-ca_ztcf-20260928-20260906T142655185641Z,primary,E13,ca_ztcf,C CA-ZTCF,20260928,devices=25,25,0.4297585,0.4960217,4.0634999999999994,0.014612,0.016928,,,0,0,25,,,,0.04,72.734,59.9921875,0.054995,25.0,,0.0,0,25,0,25,0,0,0,0,0,25,25,25,0
E13-ca_ztcf-20260929-20260906T142616052562Z,primary,E13,ca_ztcf,C CA-ZTCF,20260929,devices=1,1,0.514178,0.5448976999999999,4.858,0.029149,0.029695,,,0,0,1,,,,0.01,74.107,59.33984375,0.013494,1.0,,0.0,0,1,0,1,0,0,0,0,0,1,1,1,0
E13-ca_ztcf-20260929-20260906T142628417032Z,primary,E13,ca_ztcf,C CA-ZTCF,20260929,devices=5,5,0.44009149999999997,0.5404436,4.159,0.018738,0.017311,,,0,0,5,,,,0.01,46.832,59.36328125,0.021353,5.0,,0.0,0,5,0,5,0,0,0,0,0,5,5,5,0
E13-ca_ztcf-20260929-20260906T142641172349Z,primary,E13,ca_ztcf,C CA-ZTCF,20260929,devices=10,10,0.436307,0.50301645,4.1145,0.015736,0.0174535,,,0,0,10,,,,0.04,133.985,59.55078125,0.029854,10.0,,0.0,0,10,0,10,0,0,0,0,0,10,10,10,0
E13-ca_ztcf-20260929-20260906T142655356067Z,primary,E13,ca_ztcf,C CA-ZTCF,20260929,devices=25,25,0.42127349999999997,0.48985214999999993,3.9165,0.015539,0.017728,,,0,0,25,,,,0.05,95.615,59.9921875,0.052293,25.0,,0.0,0,25,0,25,0,0,0,0,0,25,25,25,0
E13-ca_ztcf-20260930-20260906T142616185289Z,primary,E13,ca_ztcf,C CA-ZTCF,20260930,devices=1,1,0.5180045,0.52877435,5.1315,0.029148,0.035205,,,0,0,1,,,,0.01,73.883,59.33984375,0.013535,1.0,,0.0,0,1,0,1,0,0,0,0,0,1,1,1,0
E13-ca_ztcf-20260930-20260906T142628425228Z,primary,E13,ca_ztcf,C CA-ZTCF,20260930,devices=5,5,0.4490995,0.51708155,4.085,0.018509,0.021761,,,0,0,5,,,,0.02,78.653,59.36328125,0.025428,5.0,,0.0,0,5,0,5,0,0,0,0,0,5,5,5,0
E13-ca_ztcf-20260930-20260906T142641322420Z,primary,E13,ca_ztcf,C CA-ZTCF,20260930,devices=10,10,0.433423,0.52243775,4.114,0.016541,0.017665,,,0,0,10,,,,0.02,60.01,59.5546875,0.033328,10.0,,0.0,0,10,0,10,0,0,0,0,0,10,10,10,0
E13-ca_ztcf-20260930-20260906T142655524761Z,primary,E13,ca_ztcf,C CA-ZTCF,20260930,devices=25,25,0.42518900000000004,0.50083245,4.0,0.014318,0.016718,,,0,0,25,,,,0.04,79.659,59.9921875,0.050214,25.0,,0.0,0,25,0,25,0,0,0,0,0,25,25,25,0
E13-ca_ztcf-20260931-20260906T142616322204Z,primary,E13,ca_ztcf,C CA-ZTCF,20260931,devices=1,1,0.5305179999999999,0.5794644999999999,5.6995000000000005,0.05081,0.034868,,,0,0,1,,,,0.01,63.444,59.33984375,0.015762,1.0,,0.0,0,1,0,1,0,0,0,0,0,1,1,1,0
E13-ca_ztcf-20260931-20260906T142628570565Z,primary,E13,ca_ztcf,C CA-ZTCF,20260931,devices=5,5,0.47209,0.58649945,4.3145,0.026388,0.020636,,,0,0,5,,,,0.01,24.29,59.36328125,0.041169,5.0,,0.0,0,5,0,5,0,0,0,0,0,5,5,5,0
E13-ca_ztcf-20260931-20260906T142641480139Z,primary,E13,ca_ztcf,C CA-ZTCF,20260931,devices=10,10,0.4478645,0.5384985,4.284,0.0166895,0.0191285,,,0,0,10,,,,0.03,99.575,59.5546875,0.030128,10.0,,0.0,0,10,0,10,0,0,0,0,0,10,10,10,0
E13-ca_ztcf-20260931-20260906T142655681935Z,primary,E13,ca_ztcf,C CA-ZTCF,20260931,devices=25,25,0.4326005,0.51420725,4.043,0.015033,0.018108,,,0,0,25,,,,0.05,95.425,59.9921875,0.052397,25.0,,0.0,0,25,0,25,0,0,0,0,0,25,25,25,0
E13-ca_ztcf-20260932-20260906T142616465807Z,primary,E13,ca_ztcf,C CA-ZTCF,20260932,devices=1,1,0.5365125,0.55523205,5.4465,0.032555,0.043113,,,0,0,1,,,,0.01,70.937,59.33984375,0.014097,1.0,,0.0,0,1,0,1,0,0,0,0,0,1,1,1,0
E13-ca_ztcf-20260932-20260906T142628732538Z,primary,E13,ca_ztcf,C CA-ZTCF,20260932,devices=5,5,0.438219,0.50295175,4.2105,0.0178,0.019968,,,0,0,5,,,,0.01,39.568,59.36328125,0.025273,5.0,,0.0,0,5,0,5,0,0,0,0,0,5,5,5,0
E13-ca_ztcf-20260932-20260906T142641622983Z,primary,E13,ca_ztcf,C CA-ZTCF,20260932,devices=10,10,0.437749,0.52248065,4.114,0.017284,0.017156499999999998,,,0,0,10,,,,0.03,91.277,59.55078125,0.032867,10.0,,0.0,0,10,0,10,0,0,0,0,0,10,10,10,0
E13-ca_ztcf-20260932-20260906T142655854342Z,primary,E13,ca_ztcf,C CA-ZTCF,20260932,devices=25,25,0.424579,0.4744374499999999,4.043,0.014107,0.017055,,,0,0,25,,,,0.05,89.361,59.9921875,0.055953,25.0,,0.0,0,25,0,25,0,0,0,0,0,25,25,25,0
E13-ca_ztcf-20260933-20260906T142616590766Z,primary,E13,ca_ztcf,C CA-ZTCF,20260933,devices=1,1,0.5344725,0.5423839500000001,5.048,0.027928,0.037645,,,0,0,1,,,,0.01,71.649,59.33984375,0.013957,1.0,,0.0,0,1,0,1,0,0,0,0,0,1,1,1,0
E13-ca_ztcf-20260933-20260906T142628875936Z,primary,E13,ca_ztcf,C CA-ZTCF,20260933,devices=5,5,0.43865699999999996,0.50529795,3.939,0.018551,0.019801,,,0,0,5,,,,0.02,86.453,59.36328125,0.023134,5.0,,0.0,0,5,0,5,0,0,0,0,0,5,5,5,0
E13-ca_ztcf-20260933-20260906T142641781525Z,primary,E13,ca_ztcf,C CA-ZTCF,20260933,devices=10,10,0.4549685,0.52167015,4.199,0.016923,0.019913,,,0,0,10,,,,0.03,92.367,59.55078125,0.032479,10.0,,0.0,0,10,0,10,0,0,0,0,0,10,10,10,0
E13-ca_ztcf-20260933-20260906T142656025660Z,primary,E13,ca_ztcf,C CA-ZTCF,20260933,devices=25,25,0.4416255,0.5439809999999999,4.1005,0.016865,0.020398,,,0,0,25,,,,0.04,71.047,59.9921875,0.056301,25.0,,0.0,0,25,0,25,0,0,0,0,0,25,25,25,0
E13-ca_ztcf-20260934-20260906T142616724693Z,primary,E13,ca_ztcf,C CA-ZTCF,20260934,devices=1,1,0.5101610000000001,0.5174672,5.089499999999999,0.028181,0.029906,,,0,0,1,,,,0.01,69.969,59.33984375,0.014292,1.0,,0.0,0,1,0,1,0,0,0,0,0,1,1,1,0
E13-ca_ztcf-20260934-20260906T142629013527Z,primary,E13,ca_ztcf,C CA-ZTCF,20260934,devices=5,5,0.463067,0.5503252999999999,4.2745,0.025221,0.019819,,,0,0,5,,,,0.02,78.604,59.36328125,0.025444,5.0,,0.0,0,5,0,5,0,0,0,0,0,5,5,5,0
E13-ca_ztcf-20260934-20260906T142641934915Z,primary,E13,ca_ztcf,C CA-ZTCF,20260934,devices=10,10,0.4357975,0.5397505,4.199,0.017983,0.016434999999999998,,,0,0,10,,,,0.02,67.902,59.55078125,0.029454,10.0,,0.0,0,10,0,10,0,0,0,0,0,10,10,10,0
E13-ca_ztcf-20260934-20260906T142656191987Z,primary,E13,ca_ztcf,C CA-ZTCF,20260934,devices=25,25,0.4333405,0.5313181999999999,4.079,0.015393,0.01758,,,0,0,25,,,,0.04,75.338,59.9921875,0.053094,25.0,,0.0,0,25,0,25,0,0,0,0,0,25,25,25,0
E13-ca_ztcf-20260935-20260906T142616859572Z,primary,E13,ca_ztcf,C CA-ZTCF,20260935,devices=1,1,0.508079,0.5239216999999999,4.984,0.029148,0.031462,,,0,0,1,,,,0.01,59.563,59.33984375,0.016789,1.0,,0.0,0,1,0,1,0,0,0,0,0,1,1,1,0
E13-ca_ztcf-20260935-20260906T142629158450Z,primary,E13,ca_ztcf,C CA-ZTCF,20260935,devices=5,5,0.45126449999999996,0.5269039999999999,4.062,0.022073,0.021095,,,0,0,5,,,,0.03,132.614,59.36328125,0.022622,5.0,,0.0,0,5,0,5,0,0,0,0,0,5,5,5,0
E13-ca_ztcf-20260935-20260906T142642084297Z,primary,E13,ca_ztcf,C CA-ZTCF,20260935,devices=10,10,0.4303155,0.53231155,4.0845,0.015531999999999999,0.019214500000000002,,,0,0,10,,,,0.02,68.418,59.55078125,0.029232,10.0,,0.0,0,10,0,10,0,0,0,0,0,10,10,10,0
E13-ca_ztcf-20260935-20260906T142656361760Z,primary,E13,ca_ztcf,C CA-ZTCF,20260935,devices=25,25,0.4252865,0.4668559,3.996,0.014804,0.016319,,,0,0,25,,,,0.05,94.889,59.9921875,0.052693,25.0,,0.0,0,25,0,25,0,0,0,0,0,25,25,25,0
E13-ca_ztcf-20260936-20260906T142616986588Z,primary,E13,ca_ztcf,C CA-ZTCF,20260936,devices=1,1,0.5290250000000001,0.5469872,5.068,0.031041,0.039538,,,0,0,1,,,,0.01,72.637,59.33984375,0.013767,1.0,,0.0,0,1,0,1,0,0,0,0,0,1,1,1,0
E13-ca_ztcf-20260936-20260906T142629298236Z,primary,E13,ca_ztcf,C CA-ZTCF,20260936,devices=5,5,0.456198,0.49694389999999994,4.253,0.024795,0.019096,,,0,0,5,,,,0.02,78.14,59.36328125,0.025595,5.0,,0.0,0,5,0,5,0,0,0,0,0,5,5,5,0
E13-ca_ztcf-20260936-20260906T142642230711Z,primary,E13,ca_ztcf,C CA-ZTCF,20260936,devices=10,10,0.42995649999999996,0.526071,4.126,0.0173105,0.0175855,,,0,0,10,,,,0.02,64.307,59.55078125,0.031101,10.0,,0.0,0,10,0,10,0,0,0,0,0,10,10,10,0
E13-ca_ztcf-20260936-20260906T142656533808Z,primary,E13,ca_ztcf,C CA-ZTCF,20260936,devices=25,25,0.439355,0.51513225,4.1005,0.016277,0.017707,,,0,0,25,,,,0.05,92.653,59.9921875,0.053965,25.0,,0.0,0,25,0,25,0,0,0,0,0,25,25,25,0
E13-independent-20260907-20260906T142604990162Z,primary,E13,independent,A independent,20260907,devices=1,1,0.175223,0.21046969999999998,,0.026783,0.033394,,,1,0,1,,,,0.01,65.317,59.34375,0.01531,1.0,,1.0,0,0,0,0,0,0,1,1,0,1,1,0,0
E13-independent-20260907-20260906T142617119141Z,primary,E13,independent,A independent,20260907,devices=5,5,0.1370725,0.21115095,,0.017604,0.016049,,,5,0,5,,,,0.01,60.92,59.33984375,0.016415,5.0,,1.0,0,0,0,0,0,0,5,5,0,5,5,0,0
E13-independent-20260907-20260906T142629430200Z,primary,E13,independent,A independent,20260907,devices=10,10,0.13396950000000002,0.20626800000000003,,0.0205845,0.020031,,,10,0,10,,,,0.01,49.608,59.37890625,0.020158,10.0,,1.0,0,0,0,0,0,0,10,10,0,10,10,0,0
E13-independent-20260907-20260906T142642382442Z,primary,E13,independent,A independent,20260907,devices=25,25,0.15443600000000002,0.19385719999999992,,0.015024,0.01549,,,25,0,25,,,,0.03,80.075,59.55078125,0.037465,25.0,,1.0,0,0,0,0,0,0,25,25,0,25,25,0,0
E13-independent-20260908-20260906T142605128000Z,primary,E13,independent,A independent,20260908,devices=1,1,0.1635585,0.20668875,,0.027751,0.030699,,,1,0,1,,,,0.01,53.425,59.34375,0.018718,1.0,,1.0,0,0,0,0,0,0,1,1,0,1,1,0,0
E13-independent-20260908-20260906T142617254973Z,primary,E13,independent,A independent,20260908,devices=5,5,0.156252,0.22783009999999998,,0.018486,0.021974,,,5,0,5,,,,0.02,125.078,59.3359375,0.01599,5.0,,1.0,0,0,0,0,0,0,5,5,0,5,5,0,0
E13-independent-20260908-20260906T142629573517Z,primary,E13,independent,A independent,20260908,devices=10,10,0.135394,0.2134678,,0.0163105,0.01429,,,10,0,10,,,,0.02,95.402,59.37890625,0.020964,10.0,,1.0,0,0,0,0,0,0,10,10,0,10,10,0,0
E13-independent-20260908-20260906T142642540842Z,primary,E13,independent,A independent,20260908,devices=25,25,0.1394745,0.1931587,,0.014474,0.017014,,,25,0,25,,,,0.02,59.707,59.58984375,0.033497,25.0,,1.0,0,0,0,0,0,0,25,25,0,25,25,0,0
E13-independent-20260909-20260906T142605272672Z,primary,E13,independent,A independent,20260909,devices=1,1,0.1716225,0.22860465000000002,,0.028383,0.024424,,,1,0,1,,,,0.01,75.12,59.33984375,0.013312,1.0,,1.0,0,0,0,0,0,0,1,1,0,1,1,0,0
E13-independent-20260909-20260906T142617389999Z,primary,E13,independent,A independent,20260909,devices=5,5,0.14072800000000002,0.20880335,,0.02441,0.015461,,,5,0,5,,,,0.01,59.287,59.3359375,0.016867,5.0,,1.0,0,0,0,0,0,0,5,5,0,5,5,0,0
E13-independent-20260909-20260906T142629711749Z,primary,E13,independent,A independent,20260909,devices=10,10,0.14555849999999998,0.19304170000000004,,0.01631,0.015779,,,10,0,10,,,,0.03,125.162,59.37890625,0.023969,10.0,,1.0,0,0,0,0,0,0,10,10,0,10,10,0,0
E13-independent-20260909-20260906T142642695825Z,primary,E13,independent,A independent,20260909,devices=25,25,0.153568,0.22261329999999996,,0.016632,0.020908,,,25,0,25,,,,0.02,57.18,59.63671875,0.034977,25.0,,1.0,0,0,0,0,0,0,25,25,0,25,25,0,0
E13-independent-20260910-20260906T142605400029Z,primary,E13,independent,A independent,20260910,devices=1,1,0.179876,0.2387153,,0.027583,0.035246,,,1,0,1,,,,0.01,58.217,59.33984375,0.017177,1.0,,1.0,0,0,0,0,0,0,1,1,0,1,1,0,0
E13-independent-20260910-20260906T142617530682Z,primary,E13,independent,A independent,20260910,devices=5,5,0.1482275,0.21145249999999993,,0.020882,0.022184,,,5,0,5,,,,0.03,107.07,59.3359375,0.028019,5.0,,1.0,0,0,0,0,0,0,5,5,0,5,5,0,0
E13-independent-20260910-20260906T142629853274Z,primary,E13,independent,A independent,20260910,devices=10,10,0.16271950000000002,0.21315195,,0.0169905,0.01867,,,10,0,10,,,,0.01,39.414,59.37890625,0.025372,10.0,,1.0,0,0,0,0,0,0,10,10,0,10,10,0,0
E13-independent-20260910-20260906T142642852630Z,primary,E13,independent,A independent,20260910,devices=25,25,0.15407549999999998,0.19122689999999998,,0.013331,0.016252,,,25,0,25,,,,0.02,57.835,59.66015625,0.034581,25.0,,1.0,0,0,0,0,0,0,25,25,0,25,25,0,0
E13-independent-20260911-20260906T142605530173Z,primary,E13,independent,A independent,20260911,devices=1,1,0.1774965,0.22282455,,0.027793,0.032636,,,1,0,1,,,,0.01,72.244,59.33984375,0.013842,1.0,,1.0,0,0,0,0,0,0,1,1,0,1,1,0,0
E13-independent-20260911-20260906T142617682824Z,primary,E13,independent,A independent,20260911,devices=5,5,0.145286,0.21000314999999994,,0.012646,0.013613,,,5,0,5,,,,0.01,49.259,59.3359375,0.020301,5.0,,1.0,0,0,0,0,0,0,5,5,0,5,5,0,0
E13-independent-20260911-20260906T142629987771Z,primary,E13,independent,A independent,20260911,devices=10,10,0.137095,0.20922595000000002,,0.0132575,0.015485,,,10,0,10,,,,0.02,86.787,59.37890625,0.023045,10.0,,1.0,0,0,0,0,0,0,10,10,0,10,10,0,0
E13-independent-20260911-20260906T142642999013Z,primary,E13,independent,A independent,20260911,devices=25,25,0.154378,0.19332449999999995,,0.013645,0.015588,,,25,0,25,,,,0.03,81.266,59.66015625,0.036916,25.0,,1.0,0,0,0,0,0,0,25,25,0,25,25,0,0
E13-independent-20260912-20260906T142605646737Z,primary,E13,independent,A independent,20260912,devices=1,1,0.1677905,0.21249304999999996,,0.030109,0.029646,,,1,0,1,,,,0.01,62.96,59.34375,0.015883,1.0,,1.0,0,0,0,0,0,0,1,1,0,1,1,0,0
E13-independent-20260912-20260906T142617822937Z,primary,E13,independent,A independent,20260912,devices=5,5,0.1409795,0.23880024999999994,,0.018529,0.019452,,,5,0,5,,,,0.01,53.961,59.3359375,0.018532,5.0,,1.0,0,0,0,0,0,0,5,5,0,5,5,0,0
E13-independent-20260912-20260906T142630124088Z,primary,E13,independent,A independent,20260912,devices=10,10,0.154808,0.18683610000000006,,0.016694,0.0186455,,,10,0,10,,,,0.02,90.872,59.37890625,0.022009,10.0,,1.0,0,0,0,0,0,0,10,10,0,10,10,0,0
E13-independent-20260912-20260906T142643150883Z,primary,E13,independent,A independent,20260912,devices=25,25,0.1473235,0.19805329999999996,,0.015503,0.016095,,,25,0,25,,,,0.02,50.95,59.66015625,0.039254,25.0,,1.0,0,0,0,0,0,0,25,25,0,25,25,0,0
E13-independent-20260913-20260906T142605779967Z,primary,E13,independent,A independent,20260913,devices=1,1,0.1696225,0.22408465,,0.028888,0.028383,,,1,0,1,,,,0.01,68.241,59.34375,0.014654,1.0,,1.0,0,0,0,0,0,0,1,1,0,1,1,0,0
E13-independent-20260913-20260906T142617957808Z,primary,E13,independent,A independent,20260913,devices=5,5,0.15066400000000002,0.19095384999999998,,0.023402,0.021637,,,5,0,5,,,,0.01,49.948,59.3359375,0.020021,5.0,,1.0,0,0,0,0,0,0,5,5,0,5,5,0,0
E13-independent-20260913-20260906T142630275550Z,primary,E13,independent,A independent,20260913,devices=10,10,0.1506285,0.19315985000000002,,0.017606499999999997,0.0207455,,,10,0,10,,,,0.02,83.731,59.37890625,0.023886,10.0,,1.0,0,0,0,0,0,0,10,10,0,10,10,0,0
E13-independent-20260913-20260906T142643317660Z,primary,E13,independent,A independent,20260913,devices=25,25,0.15397650000000002,0.18123815,,0.013348,0.016729,,,25,0,25,,,,0.02,53.729,59.66015625,0.037224,25.0,,1.0,0,0,0,0,0,0,25,25,0,25,25,0,0
E13-independent-20260914-20260906T142605905017Z,primary,E13,independent,A independent,20260914,devices=1,1,0.1679795,0.20997215,,0.028214,0.033773,,,1,0,1,,,,0.01,63.416,59.3359375,0.015769,1.0,,1.0,0,0,0,0,0,0,1,1,0,1,1,0,0
E13-independent-20260914-20260906T142618088882Z,primary,E13,independent,A independent,20260914,devices=5,5,0.14117849999999998,0.20434285,,0.017419,0.016076,,,5,0,5,,,,0.01,54.271,59.3359375,0.018426,5.0,,1.0,0,0,0,0,0,0,5,5,0,5,5,0,0
E13-independent-20260914-20260906T142630420628Z,primary,E13,independent,A independent,20260914,devices=10,10,0.14761649999999998,0.20836380000000002,,0.015633,0.016058,,,10,0,10,,,,0.02,79.352,59.37890625,0.025204,10.0,,1.0,0,0,0,0,0,0,10,10,0,10,10,0,0
E13-independent-20260914-20260906T142643473315Z,primary,E13,independent,A independent,20260914,devices=25,25,0.153766,0.19234835,,0.015207,0.018756,,,25,0,25,,,,0.04,124.293,59.66015625,0.032182,25.0,,1.0,0,0,0,0,0,0,25,25,0,25,25,0,0
E13-independent-20260915-20260906T142606038332Z,primary,E13,independent,A independent,20260915,devices=1,1,0.183141,0.2116242,,0.034151,0.032385,,,1,0,1,,,,0.01,62.309,59.3359375,0.016049,1.0,,1.0,0,0,0,0,0,0,1,1,0,1,1,0,0
E13-independent-20260915-20260906T142618222734Z,primary,E13,independent,A independent,20260915,devices=5,5,0.16189199999999998,0.22008324999999995,,0.025772,0.025394,,,5,0,5,,,,0.01,52.918,59.3359375,0.018897,5.0,,1.0,0,0,0,0,0,0,5,5,0,5,5,0,0
E13-independent-20260915-20260906T142630565363Z,primary,E13,independent,A independent,20260915,devices=10,10,0.1452835,0.2013956,,0.015506,0.0174575,,,10,0,10,,,,0.01,43.919,59.37890625,0.022769,10.0,,1.0,0,0,0,0,0,0,10,10,0,10,10,0,0
E13-independent-20260915-20260906T142643629115Z,primary,E13,independent,A independent,20260915,devices=25,25,0.1530265,0.18151075,,0.013603,0.015207,,,25,0,25,,,,0.02,57.624,59.66015625,0.034708,25.0,,1.0,0,0,0,0,0,0,25,25,0,25,25,0,0
E13-independent-20260916-20260906T142606170494Z,primary,E13,independent,A independent,20260916,devices=1,1,0.1709445,0.22384335000000002,,0.030113,0.027758,,,1,0,1,,,,0.01,79.688,59.3359375,0.012549,1.0,,1.0,0,0,0,0,0,0,1,1,0,1,1,0,0
E13-independent-20260916-20260906T142618359985Z,primary,E13,independent,A independent,20260916,devices=5,5,0.1474745,0.20431095,,0.017713,0.023883,,,5,0,5,,,,0.01,55.543,59.3359375,0.018004,5.0,,1.0,0,0,0,0,0,0,5,5,0,5,5,0,0
E13-independent-20260916-20260906T142630717736Z,primary,E13,independent,A independent,20260916,devices=10,10,0.1522625,0.2192973,,0.016291,0.0231425,,,10,0,10,,,,0.02,81.913,59.37890625,0.024416,10.0,,1.0,0,0,0,0,0,0,10,10,0,10,10,0,0
E13-independent-20260916-20260906T142643787712Z,primary,E13,independent,A independent,20260916,devices=25,25,0.1453805,0.183921,,0.013687,0.015292,,,25,0,25,,,,0.03,81.826,59.66015625,0.036663,25.0,,1.0,0,0,0,0,0,0,25,25,0,25,25,0,0
E13-independent-20260917-20260906T142606302361Z,primary,E13,independent,A independent,20260917,devices=1,1,0.167832,0.2112669,,0.029062,0.025403,,,1,0,1,,,,0.01,74.722,59.3359375,0.013383,1.0,,1.0,0,0,0,0,0,0,1,1,0,1,1,0,0
E13-independent-20260917-20260906T142618363536Z,primary,E13,independent,A independent,20260917,devices=5,5,0.129523,0.19866759999999994,,0.01234,0.013924,,,5,0,5,,,,0.01,54.154,59.3359375,0.018466,5.0,,1.0,0,0,0,0,0,0,5,5,0,5,5,0,0
E13-independent-20260917-20260906T142630864683Z,primary,E13,independent,A independent,20260917,devices=10,10,0.132959,0.20180990000000001,,0.017267,0.017818,,,10,0,10,,,,0.02,89.606,59.37890625,0.02232,10.0,,1.0,0,0,0,0,0,0,10,10,0,10,10,0,0
E13-independent-20260917-20260906T142643959235Z,primary,E13,independent,A independent,20260917,devices=25,25,0.1530055,0.2037244,,0.014194,0.016686,,,25,0,25,,,,0.02,57.812,59.66015625,0.034595,25.0,,1.0,0,0,0,0,0,0,25,25,0,25,25,0,0
E13-independent-20260918-20260906T142606428558Z,primary,E13,independent,A independent,20260918,devices=1,1,0.19247750000000002,0.24590555,,0.028684,0.041301,,,1,0,1,,,,0.01,69.435,59.3359375,0.014402,1.0,,1.0,0,0,0,0,0,0,1,1,0,1,1,0,0
E13-independent-20260918-20260906T142618505110Z,primary,E13,independent,A independent,20260918,devices=5,5,0.1366935,0.21598245,,0.014174,0.020885,,,5,0,5,,,,0.02,119.36,59.3359375,0.016756,5.0,,1.0,0,0,0,0,0,0,5,5,0,5,5,0,0
E13-independent-20260918-20260906T142631008646Z,primary,E13,independent,A independent,20260918,devices=10,10,0.145814,0.19577915,,0.017293,0.017928,,,10,0,10,,,,0.01,48.75,59.37890625,0.020513,10.0,,1.0,0,0,0,0,0,0,10,10,0,10,10,0,0
E13-independent-20260918-20260906T142644115781Z,primary,E13,independent,A independent,20260918,devices=25,25,0.155031,0.19712504999999997,,0.015225,0.016911,,,25,0,25,,,,0.02,56.392,59.66015625,0.035466,25.0,,1.0,0,0,0,0,0,0,25,25,0,25,25,0,0
E13-independent-20260919-20260906T142606555750Z,primary,E13,independent,A independent,20260919,devices=1,1,0.1723535,0.20967605,,0.027926,0.041511,,,1,0,1,,,,0.01,78.315,59.3359375,0.012769,1.0,,1.0,0,0,0,0,0,0,1,1,0,1,1,0,0
E13-independent-20260919-20260906T142618624400Z,primary,E13,independent,A independent,20260919,devices=5,5,0.1430505,0.21432805,,0.013757,0.014465,,,5,0,5,,,,0.01,50.927,59.3359375,0.019636,5.0,,1.0,0,0,0,0,0,0,5,5,0,5,5,0,0
E13-independent-20260919-20260906T142631145617Z,primary,E13,independent,A independent,20260919,devices=10,10,0.1444385,0.1992566,,0.015282,0.0150705,,,10,0,10,,,,0.02,93.423,59.37890625,0.021408,10.0,,1.0,0,0,0,0,0,0,10,10,0,10,10,0,0
E13-independent-20260919-20260906T142644272755Z,primary,E13,independent,A independent,20260919,devices=25,25,0.15241549999999998,0.19434554999999995,,0.013496,0.014002,,,25,0,25,,,,0.02,61.183,59.66015625,0.032689,25.0,,1.0,0,0,0,0,0,0,25,25,0,25,25,0,0
E13-independent-20260920-20260906T142606686974Z,primary,E13,independent,A independent,20260920,devices=1,1,0.215063,0.27534230000000004,,0.04168,0.037642,,,1,0,1,,,,0.02,125.842,59.3359375,0.015893,1.0,,1.0,0,0,0,0,0,0,1,1,0,1,1,0,0
E13-independent-20260920-20260906T142618750797Z,primary,E13,independent,A independent,20260920,devices=5,5,0.146511,0.22011174999999994,,0.020052,0.022886,,,5,0,5,,,,0.01,58.889,59.3359375,0.016981,5.0,,1.0,0,0,0,0,0,0,5,5,0,5,5,0,0
E13-independent-20260920-20260906T142631286573Z,primary,E13,independent,A independent,20260920,devices=10,10,0.1469785,0.22676649999999998,,0.0186265,0.0206375,,,10,0,10,,,,0.02,80.441,59.37890625,0.024863,10.0,,1.0,0,0,0,0,0,0,10,10,0,10,10,0,0
E13-independent-20260920-20260906T142644425493Z,primary,E13,independent,A independent,20260920,devices=25,25,0.1434755,0.19468239999999998,,0.013664,0.016152,,,25,0,25,,,,0.02,58.548,59.66015625,0.03416,25.0,,1.0,0,0,0,0,0,0,25,25,0,25,25,0,0
E13-independent-20260921-20260906T142606827079Z,primary,E13,independent,A independent,20260921,devices=1,1,0.1683155,0.20753074999999999,,0.028599,0.023636,,,1,0,1,,,,0.01,61.323,59.3359375,0.016307,1.0,,1.0,0,0,0,0,0,0,1,1,0,1,1,0,0
E13-independent-20260921-20260906T142618874185Z,primary,E13,independent,A independent,20260921,devices=5,5,0.1444265,0.21038245,,0.017842,0.028056,,,5,0,5,,,,0.01,64.927,59.3359375,0.015402,5.0,,1.0,0,0,0,0,0,0,5,5,0,5,5,0,0
E13-independent-20260921-20260906T142631440417Z,primary,E13,independent,A independent,20260921,devices=10,10,0.140396,0.19224645000000007,,0.015282,0.019493999999999997,,,10,0,10,,,,0.02,82.058,59.37890625,0.024373,10.0,,1.0,0,0,0,0,0,0,10,10,0,10,10,0,0
E13-independent-20260921-20260906T142644577614Z,primary,E13,independent,A independent,20260921,devices=25,25,0.156275,0.19947555,,0.016026,0.016026,,,25,0,25,,,,0.03,81.96,59.67578125,0.036603,25.0,,1.0,0,0,0,0,0,0,25,25,0,25,25,0,0
E13-independent-20260922-20260906T142606959856Z,primary,E13,independent,A independent,20260922,devices=1,1,0.1751085,0.22376744999999998,,0.028767,0.035034,,,1,0,1,,,,0.01,60.223,59.3359375,0.016605,1.0,,1.0,0,0,0,0,0,0,1,1,0,1,1,0,0
E13-independent-20260922-20260906T142619011353Z,primary,E13,independent,A independent,20260922,devices=5,5,0.171564,0.2227477,,0.029261,0.028705,,,5,0,5,,,,0.01,53.882,59.3359375,0.018559,5.0,,1.0,0,0,0,0,0,0,5,5,0,5,5,0,0
E13-independent-20260922-20260906T142631584275Z,primary,E13,independent,A independent,20260922,devices=10,10,0.132141,0.20047004999999998,,0.016023000000000003,0.01579,,,10,0,10,,,,0.02,80.746,59.37890625,0.024769,10.0,,1.0,0,0,0,0,0,0,10,10,0,10,10,0,0
E13-independent-20260922-20260906T142644734805Z,primary,E13,independent,A independent,20260922,devices=25,25,0.15264850000000002,0.18368349999999994,,0.014212,0.015519,,,25,0,25,,,,0.02,58.396,59.67578125,0.034249,25.0,,1.0,0,0,0,0,0,0,25,25,0,25,25,0,0
E13-independent-20260923-20260906T142607088489Z,primary,E13,independent,A independent,20260923,devices=1,1,0.17604950000000003,0.21531515,,0.028861,0.050204,,,1,0,1,,,,0.01,77.328,59.3359375,0.012932,1.0,,1.0,0,0,0,0,0,0,1,1,0,1,1,0,0
E13-independent-20260923-20260906T142619153978Z,primary,E13,independent,A independent,20260923,devices=5,5,0.1599285,0.21893645,,0.023742,0.030886,,,5,0,5,,,,0.02,118.991,59.3359375,0.016808,5.0,,1.0,0,0,0,0,0,0,5,5,0,5,5,0,0
E13-independent-20260923-20260906T142631732972Z,primary,E13,independent,A independent,20260923,devices=10,10,0.1446715,0.20852510000000005,,0.014138999999999999,0.015853,,,10,0,10,,,,0.01,42.513,59.37890625,0.023522,10.0,,1.0,0,0,0,0,0,0,10,10,0,10,10,0,0
E13-independent-20260923-20260906T142644885447Z,primary,E13,independent,A independent,20260923,devices=25,25,0.151172,0.18712259999999997,,0.012821,0.014845,,,25,0,25,,,,0.03,79.908,59.67578125,0.037543,25.0,,1.0,0,0,0,0,0,0,25,25,0,25,25,0,0
E13-independent-20260924-20260906T142607220234Z,primary,E13,independent,A independent,20260924,devices=1,1,0.1831705,0.22445935,,0.030333,0.032012,,,1,0,1,,,,0.01,78.518,59.3359375,0.012736,1.0,,1.0,0,0,0,0,0,0,1,1,0,1,1,0,0
E13-independent-20260924-20260906T142619288684Z,primary,E13,independent,A independent,20260924,devices=5,5,0.145084,0.21671859999999998,,0.017111,0.021732,,,5,0,5,,,,0.01,49.302,59.3359375,0.020283,5.0,,1.0,0,0,0,0,0,0,5,5,0,5,5,0,0
E13-independent-20260924-20260906T142631881538Z,primary,E13,independent,A independent,20260924,devices=10,10,0.14156000000000002,0.20342060000000003,,0.0180335,0.017293,,,10,0,10,,,,0.02,87.785,59.37890625,0.022783,10.0,,1.0,0,0,0,0,0,0,10,10,0,10,10,0,0
E13-independent-20260924-20260906T142645042056Z,primary,E13,independent,A independent,20260924,devices=25,25,0.139142,0.17386754999999998,,0.014108,0.018614,,,25,0,25,,,,0.03,97.075,59.67578125,0.030904,25.0,,1.0,0,0,0,0,0,0,25,25,0,25,25,0,0
E13-independent-20260925-20260906T142607363837Z,primary,E13,independent,A independent,20260925,devices=1,1,0.17084,0.2261,,0.027307,0.028484,,,1,0,1,,,,0.01,75.592,59.3359375,0.013229,1.0,,1.0,0,0,0,0,0,0,1,1,0,1,1,0,0
E13-independent-20260925-20260906T142619436839Z,primary,E13,independent,A independent,20260925,devices=5,5,0.1522485,0.19830644999999997,,0.016812,0.028277,,,5,0,5,,,,0.02,99.91,59.3359375,0.020018,5.0,,1.0,0,0,0,0,0,0,5,5,0,5,5,0,0
E13-independent-20260925-20260906T142632022610Z,primary,E13,independent,A independent,20260925,devices=10,10,0.1368325,0.20143545000000002,,0.0169215,0.0163515,,,10,0,10,,,,0.02,90.897,59.37890625,0.022003,10.0,,1.0,0,0,0,0,0,0,10,10,0,10,10,0,0
E13-independent-20260925-20260906T142645201445Z,primary,E13,independent,A independent,20260925,devices=25,25,0.150133,0.18421474999999995,,0.014908,0.017435,,,25,0,25,,,,0.02,65.229,59.67578125,0.030661,25.0,,1.0,0,0,0,0,0,0,25,25,0,25,25,0,0
E13-independent-20260926-20260906T142607491313Z,primary,E13,independent,A independent,20260926,devices=1,1,0.182309,0.2336369,,0.028526,0.031887,,,1,0,1,,,,0.01,79.611,59.3359375,0.012561,1.0,,1.0,0,0,0,0,0,0,1,1,0,1,1,0,0
E13-independent-20260926-20260906T142619581754Z,primary,E13,independent,A independent,20260926,devices=5,5,0.14352199999999998,0.21480379999999993,,0.022501,0.028704,,,5,0,5,,,,0.01,48.347,59.3359375,0.020684,5.0,,1.0,0,0,0,0,0,0,5,5,0,5,5,0,0
E13-independent-20260926-20260906T142632162252Z,primary,E13,independent,A independent,20260926,devices=10,10,0.1432555,0.20515375000000002,,0.019182499999999998,0.0213585,,,10,0,10,,,,0.01,39.186,59.39453125,0.025519,10.0,,1.0,0,0,0,0,0,0,10,10,0,10,10,0,0
E13-independent-20260926-20260906T142645354030Z,primary,E13,independent,A independent,20260926,devices=25,25,0.1532915,0.19063934999999999,,0.012255,0.013729,,,25,0,25,,,,0.02,55.01,59.67578125,0.036357,25.0,,1.0,0,0,0,0,0,0,25,25,0,25,25,0,0
E13-independent-20260927-20260906T142607622387Z,primary,E13,independent,A independent,20260927,devices=1,1,0.17794,0.2108539,,0.028106,0.032055,,,1,0,1,,,,0.01,71.485,59.3359375,0.013989,1.0,,1.0,0,0,0,0,0,0,1,1,0,1,1,0,0
E13-independent-20260927-20260906T142619710135Z,primary,E13,independent,A independent,20260927,devices=5,5,0.142153,0.19913379999999997,,0.016085,0.015401,,,5,0,5,,,,0.02,106.718,59.3359375,0.018741,5.0,,1.0,0,0,0,0,0,0,5,5,0,5,5,0,0
E13-independent-20260927-20260906T142632308520Z,primary,E13,independent,A independent,20260927,devices=10,10,0.1368965,0.20602,,0.017576500000000002,0.021147,,,10,0,10,,,,0.02,98.697,59.41015625,0.020264,10.0,,1.0,0,0,0,0,0,0,10,10,0,10,10,0,0
E13-independent-20260927-20260906T142645494683Z,primary,E13,independent,A independent,20260927,devices=25,25,0.1548495,0.19158894999999998,,0.013645,0.01495,,,25,0,25,,,,0.03,86.523,59.67578125,0.034673,25.0,,1.0,0,0,0,0,0,0,25,25,0,25,25,0,0
E13-independent-20260928-20260906T142607753594Z,primary,E13,independent,A independent,20260928,devices=1,1,0.1819735,0.21326155,,0.027097,0.031382,,,1,0,1,,,,0.01,71.023,59.3359375,0.01408,1.0,,1.0,0,0,0,0,0,0,1,1,0,1,1,0,0
E13-independent-20260928-20260906T142619846396Z,primary,E13,independent,A independent,20260928,devices=5,5,0.145233,0.20859054999999999,,0.017112,0.02494,,,5,0,5,,,,0.01,49.596,59.3359375,0.020163,5.0,,1.0,0,0,0,0,0,0,5,5,0,5,5,0,0
E13-independent-20260928-20260906T142632448356Z,primary,E13,independent,A independent,20260928,devices=10,10,0.1363255,0.19005750000000002,,0.0174495,0.0178305,,,10,0,10,,,,0.02,90.95,59.41015625,0.02199,10.0,,1.0,0,0,0,0,0,0,10,10,0,10,10,0,0
E13-independent-20260928-20260906T142645649659Z,primary,E13,independent,A independent,20260928,devices=25,25,0.140384,0.1817584,,0.013476,0.014024,,,25,0,25,,,,0.02,56.351,59.67578125,0.035492,25.0,,1.0,0,0,0,0,0,0,25,25,0,25,25,0,0
E13-independent-20260929-20260906T142607885517Z,primary,E13,independent,A independent,20260929,devices=1,1,0.172961,0.2081249,,0.027265,0.032559,,,1,0,1,,,,0.01,65.643,59.3359375,0.015234,1.0,,1.0,0,0,0,0,0,0,1,1,0,1,1,0,0
E13-independent-20260929-20260906T142619989157Z,primary,E13,independent,A independent,20260929,devices=5,5,0.1365405,0.2168956,,0.021663,0.019658,,,5,0,5,,,,0.01,52.168,59.3359375,0.019169,5.0,,1.0,0,0,0,0,0,0,5,5,0,5,5,0,0
E13-independent-20260929-20260906T142632592235Z,primary,E13,independent,A independent,20260929,devices=10,10,0.13372699999999998,0.19969025,,0.016119,0.016605500000000002,,,10,0,10,,,,0.02,91.722,59.41015625,0.021805,10.0,,1.0,0,0,0,0,0,0,10,10,0,10,10,0,0
E13-independent-20260929-20260906T142645798125Z,primary,E13,independent,A independent,20260929,devices=25,25,0.1520705,0.18978724999999996,,0.012676,0.016297,,,25,0,25,,,,0.02,58.746,59.67578125,0.034045,25.0,,1.0,0,0,0,0,0,0,25,25,0,25,25,0,0
E13-independent-20260930-20260906T142608016430Z,primary,E13,independent,A independent,20260930,devices=1,1,0.1702765,0.21269665,,0.027575,0.032107,,,1,0,1,,,,0.01,69.711,59.3359375,0.014345,1.0,,1.0,0,0,0,0,0,0,1,1,0,1,1,0,0
E13-independent-20260930-20260906T142620129484Z,primary,E13,independent,A independent,20260930,devices=5,5,0.181315,0.26484019999999997,,0.027462,0.03002,,,5,0,5,,,,0.01,45.298,59.3359375,0.022076,5.0,,1.0,0,0,0,0,0,0,5,5,0,5,5,0,0
E13-independent-20260930-20260906T142632733167Z,primary,E13,independent,A independent,20260930,devices=10,10,0.15229700000000002,0.2222422000000001,,0.018992000000000002,0.020555499999999997,,,10,0,10,,,,0.02,72.419,59.41015625,0.027617,10.0,,1.0,0,0,0,0,0,0,10,10,0,10,10,0,0
E13-independent-20260930-20260906T142645950136Z,primary,E13,independent,A independent,20260930,devices=25,25,0.1576495,0.21078814999999995,,0.01495,0.017645,,,25,0,25,,,,0.03,78.96,59.69140625,0.037994,25.0,,1.0,0,0,0,0,0,0,25,25,0,25,25,0,0
E13-independent-20260931-20260906T142608148981Z,primary,E13,independent,A independent,20260931,devices=1,1,0.169584,0.2111919,,0.028456,0.030722,,,1,0,1,,,,0.02,148.357,59.3359375,0.013481,1.0,,1.0,0,0,0,0,0,0,1,1,0,1,1,0,0
E13-independent-20260931-20260906T142620279040Z,primary,E13,independent,A independent,20260931,devices=5,5,0.150271,0.23183209999999996,,0.026438,0.028656,,,5,0,5,,,,0.01,54.434,59.3359375,0.018371,5.0,,1.0,0,0,0,0,0,0,5,5,0,5,5,0,0
E13-independent-20260931-20260906T142632877550Z,primary,E13,independent,A independent,20260931,devices=10,10,0.1407415,0.19690904999999997,,0.0179565,0.0193935,,,10,0,10,,,,0.02,100.246,59.41015625,0.019951,10.0,,1.0,0,0,0,0,0,0,10,10,0,10,10,0,0
E13-independent-20260931-20260906T142646095948Z,primary,E13,independent,A independent,20260931,devices=25,25,0.157072,0.1993488,,0.0151,0.016487,,,25,0,25,,,,0.03,84.343,59.69140625,0.035569,25.0,,1.0,0,0,0,0,0,0,25,25,0,25,25,0,0
E13-independent-20260932-20260906T142608277453Z,primary,E13,independent,A independent,20260932,devices=1,1,0.1697515,0.21479695,,0.028499,0.036724,,,1,0,1,,,,0.01,67.962,59.3359375,0.014714,1.0,,1.0,0,0,0,0,0,0,1,1,0,1,1,0,0
E13-independent-20260932-20260906T142620432720Z,primary,E13,independent,A independent,20260932,devices=5,5,0.1490765,0.22508889999999998,,0.024007,0.023112,,,5,0,5,,,,0.02,96.386,59.3359375,0.02075,5.0,,1.0,0,0,0,0,0,0,5,5,0,5,5,0,0
E13-independent-20260932-20260906T142633016232Z,primary,E13,independent,A independent,20260932,devices=10,10,0.1505665,0.21357980000000001,,0.016957,0.020521499999999998,,,10,0,10,,,,0.01,37.899,59.42578125,0.026386,10.0,,1.0,0,0,0,0,0,0,10,10,0,10,10,0,0
E13-independent-20260932-20260906T142646242370Z,primary,E13,independent,A independent,20260932,devices=25,25,0.150827,0.20016935,,0.012365,0.014132,,,25,0,25,,,,0.02,57.58,59.69140625,0.034734,25.0,,1.0,0,0,0,0,0,0,25,25,0,25,25,0,0
E13-independent-20260933-20260906T142608408817Z,primary,E13,independent,A independent,20260933,devices=1,1,0.172354,0.233869,,0.028373,0.024134,,,1,0,1,,,,0.01,66.133,59.3359375,0.015121,1.0,,1.0,0,0,0,0,0,0,1,1,0,1,1,0,0
E13-independent-20260933-20260906T142620576531Z,primary,E13,independent,A independent,20260933,devices=5,5,0.15325650000000002,0.21553909999999998,,0.023069,0.025755,,,5,0,5,,,,0.01,46.981,59.3359375,0.021285,5.0,,1.0,0,0,0,0,0,0,5,5,0,5,5,0,0
E13-independent-20260933-20260906T142633150723Z,primary,E13,independent,A independent,20260933,devices=10,10,0.140675,0.20666035,,0.0162815,0.0178215,,,10,0,10,,,,0.01,38.755,59.42578125,0.025803,10.0,,1.0,0,0,0,0,0,0,10,10,0,10,10,0,0
E13-independent-20260933-20260906T142646398381Z,primary,E13,independent,A independent,20260933,devices=25,25,0.150196,0.20002214999999995,,0.014805,0.015478,,,25,0,25,,,,0.04,113.311,59.69140625,0.035301,25.0,,1.0,0,0,0,0,0,0,25,25,0,25,25,0,0
E13-independent-20260934-20260906T142608416688Z,primary,E13,independent,A independent,20260934,devices=1,1,0.1620395,0.21145175,,0.029473,0.025263,,,1,0,1,,,,0.01,76.746,59.3359375,0.01303,1.0,,1.0,0,0,0,0,0,0,1,1,0,1,1,0,0
E13-independent-20260934-20260906T142620712817Z,primary,E13,independent,A independent,20260934,devices=5,5,0.15387499999999998,0.2371413999999999,,0.01936,0.021279,,,5,0,5,,,,0.03,103.356,59.3359375,0.029026,5.0,,1.0,0,0,0,0,0,0,5,5,0,5,5,0,0
E13-independent-20260934-20260906T142633295797Z,primary,E13,independent,A independent,20260934,devices=10,10,0.126691,0.20564745,,0.0180535,0.0188135,,,10,0,10,,,,0.02,76.658,59.42578125,0.02609,10.0,,1.0,0,0,0,0,0,0,10,10,0,10,10,0,0
E13-independent-20260934-20260906T142646553803Z,primary,E13,independent,A independent,20260934,devices=25,25,0.15581050000000002,0.20340504999999998,,0.015941,0.017119,,,25,0,25,,,,0.02,54.255,59.69140625,0.036863,25.0,,1.0,0,0,0,0,0,0,25,25,0,25,25,0,0
E13-independent-20260935-20260906T142608546816Z,primary,E13,independent,A independent,20260935,devices=1,1,0.17773450000000002,0.21699744999999998,,0.027848,0.033225,,,1,0,1,,,,0.01,59.06,59.3359375,0.016932,1.0,,1.0,0,0,0,0,0,0,1,1,0,1,1,0,0
E13-independent-20260935-20260906T142620869093Z,primary,E13,independent,A independent,20260935,devices=5,5,0.15359699999999998,0.21387834999999994,,0.023751,0.034327,,,5,0,5,,,,0.01,47.461,59.3359375,0.02107,5.0,,1.0,0,0,0,0,0,0,5,5,0,5,5,0,0
E13-independent-20260935-20260906T142633434134Z,primary,E13,independent,A independent,20260935,devices=10,10,0.13770100000000002,0.18328460000000002,,0.016598500000000002,0.020142,,,10,0,10,,,,0.01,41.629,59.42578125,0.024022,10.0,,1.0,0,0,0,0,0,0,10,10,0,10,10,0,0
E13-independent-20260935-20260906T142646712588Z,primary,E13,independent,A independent,20260935,devices=25,25,0.15358149999999998,0.17966735,,0.013375,0.015898,,,25,0,25,,,,0.03,82.447,59.69140625,0.036387,25.0,,1.0,0,0,0,0,0,0,25,25,0,25,25,0,0
E13-independent-20260936-20260906T142608673302Z,primary,E13,independent,A independent,20260936,devices=1,1,0.17608800000000002,0.224112,,0.029348,0.037352,,,1,0,1,,,,0.01,77.369,59.3359375,0.012925,1.0,,1.0,0,0,0,0,0,0,1,1,0,1,1,0,0
E13-independent-20260936-20260906T142621016323Z,primary,E13,independent,A independent,20260936,devices=5,5,0.1481065,0.20592734999999998,,0.020156,0.025387,,,5,0,5,,,,0.01,61.05,59.3359375,0.01638,5.0,,1.0,0,0,0,0,0,0,5,5,0,5,5,0,0
E13-independent-20260936-20260906T142633575985Z,primary,E13,independent,A independent,20260936,devices=10,10,0.1394935,0.20032365000000002,,0.018096,0.018264500000000003,,,10,0,10,,,,0.01,50.327,59.42578125,0.01987,10.0,,1.0,0,0,0,0,0,0,10,10,0,10,10,0,0
E13-independent-20260936-20260906T142646872163Z,primary,E13,independent,A independent,20260936,devices=25,25,0.15057399999999999,0.19664189999999998,,0.011693,0.014174,,,25,0,25,,,,0.02,57.364,59.69140625,0.034865,25.0,,1.0,0,0,0,0,0,0,25,25,0,25,25,0,0
E13-static_continuity-20260907-20260906T142608811702Z,primary,E13,static_continuity,B300 static continuity,20260907,devices=1,1,0.179173,0.21841750000000001,,0.026805,0.031015,,,0,0,0,,,,0.01,67.495,59.3359375,0.014816,1.0,,0.0,0,1,0,1,0,0,0,0,0,1,1,1,0
E13-static_continuity-20260907-20260906T142621153950Z,primary,E13,static_continuity,B300 static continuity,20260907,devices=5,5,0.153742,0.24739819999999996,,0.03236,0.025216,,,0,0,0,,,,0.02,115.447,59.3359375,0.017324,5.0,,0.0,0,5,0,5,0,0,0,0,0,5,5,5,0
E13-static_continuity-20260907-20260906T142633717629Z,primary,E13,static_continuity,B300 static continuity,20260907,devices=10,10,0.1574415,0.18574190000000004,,0.018202,0.016092000000000002,,,0,0,0,,,,0.02,76.47,59.42578125,0.026154,10.0,,0.0,0,10,0,10,0,0,0,0,0,10,10,10,0
E13-static_continuity-20260907-20260906T142647029289Z,primary,E13,static_continuity,B300 static continuity,20260907,devices=25,25,0.15032299999999998,0.20305259999999992,,0.015587,0.018696,,,0,0,0,,,,0.02,62.434,59.69140625,0.032034,25.0,,0.0,0,25,0,25,0,0,0,0,0,25,25,25,0
E13-static_continuity-20260908-20260906T142608933151Z,primary,E13,static_continuity,B300 static continuity,20260908,devices=1,1,0.1688965,0.21311215,,0.031975,0.037978,,,0,0,0,,,,0.01,59.848,59.3359375,0.016709,1.0,,0.0,0,1,0,1,0,0,0,0,0,1,1,1,0
E13-static_continuity-20260908-20260906T142621296331Z,primary,E13,static_continuity,B300 static continuity,20260908,devices=5,5,0.15212550000000002,0.22428225,,0.025386,0.024663,,,0,0,0,,,,0.02,113.398,59.3359375,0.017637,5.0,,0.0,0,5,0,5,0,0,0,0,0,5,5,5,0
E13-static_continuity-20260908-20260906T142633856517Z,primary,E13,static_continuity,B300 static continuity,20260908,devices=10,10,0.156662,0.20643605,,0.015291,0.0163455,,,0,0,0,,,,0.02,48.138,59.44140625,0.041547,10.0,,0.0,0,10,0,10,0,0,0,0,0,10,10,10,0
E13-static_continuity-20260908-20260906T142647180056Z,primary,E13,static_continuity,B300 static continuity,20260908,devices=25,25,0.144547,0.20252484999999992,,0.015587,0.017688,,,0,0,0,,,,0.03,95.393,59.70703125,0.031449,25.0,,0.0,0,25,0,25,0,0,0,0,0,25,25,25,0
E13-static_continuity-20260909-20260906T142609071862Z,primary,E13,static_continuity,B300 static continuity,20260909,devices=1,1,0.17953249999999998,0.22951625,,0.029336,0.032832,,,0,0,0,,,,0.01,73.594,59.3359375,0.013588,1.0,,0.0,0,1,0,1,0,0,0,0,0,1,1,1,0
E13-static_continuity-20260909-20260906T142621428495Z,primary,E13,static_continuity,B300 static continuity,20260909,devices=5,5,0.1563565,0.21686650000000002,,0.027257,0.020241,,,0,0,0,,,,0.01,52.684,59.3359375,0.018981,5.0,,0.0,0,5,0,5,0,0,0,0,0,5,5,5,0
E13-static_continuity-20260909-20260906T142634016239Z,primary,E13,static_continuity,B300 static continuity,20260909,devices=10,10,0.16963699999999998,0.21202555000000006,,0.019901000000000002,0.022239000000000002,,,0,0,0,,,,0.02,80.312,59.44140625,0.024903,10.0,,0.0,0,10,0,10,0,0,0,0,0,10,10,10,0
E13-static_continuity-20260909-20260906T142647323544Z,primary,E13,static_continuity,B300 static continuity,20260909,devices=25,25,0.134716,0.21232879999999998,,0.013654,0.015083,,,0,0,0,,,,0.02,59.483,59.72265625,0.033623,25.0,,0.0,0,25,0,25,0,0,0,0,0,25,25,25,0
E13-static_continuity-20260910-20260906T142609206390Z,primary,E13,static_continuity,B300 static continuity,20260910,devices=1,1,0.16232749999999999,0.21309785,,0.027758,0.02665,,,0,0,0,,,,0.01,63.666,59.3359375,0.015707,1.0,,0.0,0,1,0,1,0,0,0,0,0,1,1,1,0
E13-static_continuity-20260910-20260906T142621572903Z,primary,E13,static_continuity,B300 static continuity,20260910,devices=5,5,0.1486385,0.21245699999999998,,0.017987,0.027895,,,0,0,0,,,,0.01,54.312,59.3359375,0.018412,5.0,,0.0,0,5,0,5,0,0,0,0,0,5,5,5,0
E13-static_continuity-20260910-20260906T142634161068Z,primary,E13,static_continuity,B300 static continuity,20260910,devices=10,10,0.15957,0.20720280000000005,,0.017711499999999998,0.016321500000000003,,,0,0,0,,,,0.02,91.37,59.44140625,0.021889,10.0,,0.0,0,10,0,10,0,0,0,0,0,10,10,10,0
E13-static_continuity-20260910-20260906T142647467192Z,primary,E13,static_continuity,B300 static continuity,20260910,devices=25,25,0.1317325,0.19123014999999993,,0.01252,0.014663,,,0,0,0,,,,0.03,86.049,59.72265625,0.034864,25.0,,0.0,0,25,0,25,0,0,0,0,0,25,25,25,0
E13-static_continuity-20260911-20260906T142609346503Z,primary,E13,static_continuity,B300 static continuity,20260911,devices=1,1,0.17307250000000002,0.21758785,,0.028014,0.036115,,,0,0,0,,,,0.01,78.235,59.3359375,0.012782,1.0,,0.0,0,1,0,1,0,0,0,0,0,1,1,1,0
E13-static_continuity-20260911-20260906T142621713175Z,primary,E13,static_continuity,B300 static continuity,20260911,devices=5,5,0.1567185,0.22691645,,0.027385,0.020836,,,0,0,0,,,,0.01,45.827,59.3359375,0.021821,5.0,,0.0,0,5,0,5,0,0,0,0,0,5,5,5,0
E13-static_continuity-20260911-20260906T142634300600Z,primary,E13,static_continuity,B300 static continuity,20260911,devices=10,10,0.1586015,0.21063245,,0.0154995,0.016848,,,0,0,0,,,,0.01,46.145,59.44140625,0.021671,10.0,,0.0,0,10,0,10,0,0,0,0,0,10,10,10,0
E13-static_continuity-20260911-20260906T142647619383Z,primary,E13,static_continuity,B300 static continuity,20260911,devices=25,25,0.13135449999999999,0.19772249999999997,,0.014327,0.015965,,,0,0,0,,,,0.02,30.059,59.72265625,0.066536,25.0,,0.0,0,25,0,25,0,0,0,0,0,25,25,25,0
E13-static_continuity-20260912-20260906T142609478228Z,primary,E13,static_continuity,B300 static continuity,20260912,devices=1,1,0.18669550000000001,0.23207395,,0.040123,0.039442,,,0,0,0,,,,0.02,121.551,59.3359375,0.016454,1.0,,0.0,0,1,0,1,0,0,0,0,0,1,1,1,0
E13-static_continuity-20260912-20260906T142621854624Z,primary,E13,static_continuity,B300 static continuity,20260912,devices=5,5,0.1438125,0.20266824999999997,,0.019603,0.026492,,,0,0,0,,,,0.01,49.251,59.3359375,0.020304,5.0,,0.0,0,5,0,5,0,0,0,0,0,5,5,5,0
E13-static_continuity-20260912-20260906T142634440640Z,primary,E13,static_continuity,B300 static continuity,20260912,devices=10,10,0.15849649999999998,0.20746225000000001,,0.0201335,0.0189955,,,0,0,0,,,,0.02,97.542,59.44140625,0.020504,10.0,,0.0,0,10,0,10,0,0,0,0,0,10,10,10,0
E13-static_continuity-20260912-20260906T142647800056Z,primary,E13,static_continuity,B300 static continuity,20260912,devices=25,25,0.1403455,0.20583369999999995,,0.017688,0.018612,,,0,0,0,,,,0.03,90.942,59.73828125,0.032988,25.0,,0.0,0,25,0,25,0,0,0,0,0,25,25,25,0
E13-static_continuity-20260913-20260906T142609619316Z,primary,E13,static_continuity,B300 static continuity,20260913,devices=1,1,0.164438,0.2163023,,0.031809,0.030274,,,0,0,0,,,,0.01,62.881,59.3359375,0.015903,1.0,,0.0,0,1,0,1,0,0,0,0,0,1,1,1,0
E13-static_continuity-20260913-20260906T142621990701Z,primary,E13,static_continuity,B300 static continuity,20260913,devices=5,5,0.135866,0.22118019999999994,,0.019216,0.025366,,,0,0,0,,,,0.01,47.353,59.3359375,0.021118,5.0,,0.0,0,5,0,5,0,0,0,0,0,5,5,5,0
E13-static_continuity-20260913-20260906T142634579314Z,primary,E13,static_continuity,B300 static continuity,20260913,devices=10,10,0.15759,0.22640615,,0.017143,0.0195435,,,0,0,0,,,,0.02,97.699,59.44140625,0.020471,10.0,,0.0,0,10,0,10,0,0,0,0,0,10,10,10,0
E13-static_continuity-20260913-20260906T142647948851Z,primary,E13,static_continuity,B300 static continuity,20260913,devices=25,25,0.1487275,0.20852524999999997,,0.016469,0.017016,,,0,0,0,,,,0.03,82.077,59.73828125,0.036551,25.0,,0.0,0,25,0,25,0,0,0,0,0,25,25,25,0
E13-static_continuity-20260914-20260906T142609746740Z,primary,E13,static_continuity,B300 static continuity,20260914,devices=1,1,0.178189,0.22040169999999998,,0.028313,0.034581,,,0,0,0,,,,0.01,67.527,59.3359375,0.014809,1.0,,0.0,0,1,0,1,0,0,0,0,0,1,1,1,0
E13-static_continuity-20260914-20260906T142622133901Z,primary,E13,static_continuity,B300 static continuity,20260914,devices=5,5,0.17164649999999998,0.2480884,,0.023839,0.021591,,,0,0,0,,,,0.01,48.295,59.3359375,0.020706,5.0,,0.0,0,5,0,5,0,0,0,0,0,5,5,5,0
E13-static_continuity-20260914-20260906T142634724129Z,primary,E13,static_continuity,B300 static continuity,20260914,devices=10,10,0.162961,0.1995922,,0.0167005,0.0197545,,,0,0,0,,,,0.02,86.244,59.44140625,0.02319,10.0,,0.0,0,10,0,10,0,0,0,0,0,10,10,10,0
E13-static_continuity-20260914-20260906T142648104885Z,primary,E13,static_continuity,B300 static continuity,20260914,devices=25,25,0.14226650000000002,0.20395114999999994,,0.016201,0.019098,,,0,0,0,,,,0.02,64.782,59.73828125,0.030873,25.0,,0.0,0,25,0,25,0,0,0,0,0,25,25,25,0
E13-static_continuity-20260915-20260906T142609883288Z,primary,E13,static_continuity,B300 static continuity,20260915,devices=1,1,0.227693,0.3293876,,0.03846,0.032236,,,0,0,0,,,,0.01,57.827,59.3359375,0.017293,1.0,,0.0,0,1,0,1,0,0,0,0,0,1,1,1,0
E13-static_continuity-20260915-20260906T142622269462Z,primary,E13,static_continuity,B300 static continuity,20260915,devices=5,5,0.155103,0.22074344999999998,,0.018155,0.023499,,,0,0,0,,,,0.01,52.466,59.3359375,0.01906,5.0,,0.0,0,5,0,5,0,0,0,0,0,5,5,5,0
E13-static_continuity-20260915-20260906T142634866761Z,primary,E13,static_continuity,B300 static continuity,20260915,devices=10,10,0.1604755,0.2108466,,0.0177535,0.0173115,,,0,0,0,,,,0.02,94.282,59.44140625,0.021213,10.0,,0.0,0,10,0,10,0,0,0,0,0,10,10,10,0
E13-static_continuity-20260915-20260906T142648253871Z,primary,E13,static_continuity,B300 static continuity,20260915,devices=25,25,0.13506800000000002,0.19554654999999993,,0.012592,0.014355,,,0,0,0,,,,0.03,85.455,59.73828125,0.035106,25.0,,0.0,0,25,0,25,0,0,0,0,0,25,25,25,0
E13-static_continuity-20260916-20260906T142610023171Z,primary,E13,static_continuity,B300 static continuity,20260916,devices=1,1,0.165319,0.21051340000000002,,0.03104,0.035377,,,0,0,0,,,,0.01,65.108,59.3359375,0.015359,1.0,,0.0,0,1,0,1,0,0,0,0,0,1,1,1,0
E13-static_continuity-20260916-20260906T142622406645Z,primary,E13,static_continuity,B300 static continuity,20260916,devices=5,5,0.150331,0.21304214999999999,,0.026299,0.019767,,,0,0,0,,,,0.01,56.465,59.3359375,0.01771,5.0,,0.0,0,5,0,5,0,0,0,0,0,5,5,5,0
E13-static_continuity-20260916-20260906T142635007077Z,primary,E13,static_continuity,B300 static continuity,20260916,devices=10,10,0.1568415,0.18206420000000004,,0.0156905,0.0161535,,,0,0,0,,,,0.01,46.959,59.44140625,0.021295,10.0,,0.0,0,10,0,10,0,0,0,0,0,10,10,10,0
E13-static_continuity-20260916-20260906T142648408105Z,primary,E13,static_continuity,B300 static continuity,20260916,devices=25,25,0.1343125,0.19554249999999998,,0.01171,0.013641,,,0,0,0,,,,0.03,91.808,59.75390625,0.032677,25.0,,0.0,0,25,0,25,0,0,0,0,0,25,25,25,0
E13-static_continuity-20260917-20260906T142610167586Z,primary,E13,static_continuity,B300 static continuity,20260917,devices=1,1,0.18447449999999999,0.22253235,,0.0307,0.046305,,,0,0,0,,,,0.01,74.912,59.3359375,0.013349,1.0,,0.0,0,1,0,1,0,0,0,0,0,1,1,1,0
E13-static_continuity-20260917-20260906T142622547688Z,primary,E13,static_continuity,B300 static continuity,20260917,devices=5,5,0.1548485,0.23036999999999996,,0.017604,0.029311,,,0,0,0,,,,0.01,59.945,59.3359375,0.016682,5.0,,0.0,0,5,0,5,0,0,0,0,0,5,5,5,0
E13-static_continuity-20260917-20260906T142635148707Z,primary,E13,static_continuity,B300 static continuity,20260917,devices=10,10,0.16637000000000002,0.18186670000000002,,0.016174,0.0188455,,,0,0,0,,,,0.02,84.094,59.44140625,0.023783,10.0,,0.0,0,10,0,10,0,0,0,0,0,10,10,10,0
E13-static_continuity-20260917-20260906T142648426445Z,primary,E13,static_continuity,B300 static continuity,20260917,devices=25,25,0.134818,0.1938972,,0.012881,0.01359,,,0,0,0,,,,0.02,55.797,59.76953125,0.035844,25.0,,0.0,0,25,0,25,0,0,0,0,0,25,25,25,0
E13-static_continuity-20260918-20260906T142610312229Z,primary,E13,static_continuity,B300 static continuity,20260918,devices=1,1,0.174844,0.21249999999999997,,0.029892,0.048217,,,0,0,0,,,,0.01,67.445,59.33984375,0.014827,1.0,,0.0,0,1,0,1,0,0,0,0,0,1,1,1,0
E13-static_continuity-20260918-20260906T142622685006Z,primary,E13,static_continuity,B300 static continuity,20260918,devices=5,5,0.1438835,0.24394429999999998,,0.022057,0.024475,,,0,0,0,,,,0.01,48.079,59.3359375,0.020799,5.0,,0.0,0,5,0,5,0,0,0,0,0,5,5,5,0
E13-static_continuity-20260918-20260906T142635290580Z,primary,E13,static_continuity,B300 static continuity,20260918,devices=10,10,0.16027,0.188811,,0.0170365,0.022463,,,0,0,0,,,,0.01,49.261,59.44140625,0.0203,10.0,,0.0,0,10,0,10,0,0,0,0,0,10,10,10,0
E13-static_continuity-20260918-20260906T142648573446Z,primary,E13,static_continuity,B300 static continuity,20260918,devices=25,25,0.137027,0.19597534999999994,,0.014507,0.015257,,,0,0,0,,,,0.03,92.14,59.76953125,0.032559,25.0,,0.0,0,25,0,25,0,0,0,0,0,25,25,25,0
E13-static_continuity-20260919-20260906T142610446078Z,primary,E13,static_continuity,B300 static continuity,20260919,devices=1,1,0.171697,0.2152462,,0.030954,0.036312,,,0,0,0,,,,0.01,56.218,59.33984375,0.017788,1.0,,0.0,0,1,0,1,0,0,0,0,0,1,1,1,0
E13-static_continuity-20260919-20260906T142622839619Z,primary,E13,static_continuity,B300 static continuity,20260919,devices=5,5,0.152261,0.21120145,,0.020954,0.023075,,,0,0,0,,,,0.02,89.859,59.3359375,0.022257,5.0,,0.0,0,5,0,5,0,0,0,0,0,5,5,5,0
E13-static_continuity-20260919-20260906T142635430598Z,primary,E13,static_continuity,B300 static continuity,20260919,devices=10,10,0.157136,0.2101791,,0.0153755,0.0156695,,,0,0,0,,,,0.02,88.782,59.44140625,0.022527,10.0,,0.0,0,10,0,10,0,0,0,0,0,10,10,10,0
E13-static_continuity-20260919-20260906T142648726947Z,primary,E13,static_continuity,B300 static continuity,20260919,devices=25,25,0.131253,0.21113479999999996,,0.016008,0.016801,,,0,0,0,,,,0.03,78.235,59.76953125,0.038346,25.0,,0.0,0,25,0,25,0,0,0,0,0,25,25,25,0
E13-static_continuity-20260920-20260906T142610582819Z,primary,E13,static_continuity,B300 static continuity,20260920,devices=1,1,0.16852899999999998,0.2094952,,0.026788,0.034399,,,0,0,0,,,,0.01,63.98,59.33984375,0.01563,1.0,,0.0,0,1,0,1,0,0,0,0,0,1,1,1,0
E13-static_continuity-20260920-20260906T142622987349Z,primary,E13,static_continuity,B300 static continuity,20260920,devices=5,5,0.1416895,0.24307079999999992,,0.022729,0.020867,,,0,0,0,,,,0.01,53.399,59.3359375,0.018727,5.0,,0.0,0,5,0,5,0,0,0,0,0,5,5,5,0
E13-static_continuity-20260920-20260906T142635567747Z,primary,E13,static_continuity,B300 static continuity,20260920,devices=10,10,0.1517305,0.19980045000000002,,0.013503000000000001,0.017814499999999997,,,0,0,0,,,,0.01,42.026,59.44140625,0.023795,10.0,,0.0,0,10,0,10,0,0,0,0,0,10,10,10,0
E13-static_continuity-20260920-20260906T142648882994Z,primary,E13,static_continuity,B300 static continuity,20260920,devices=25,25,0.1400075,0.20820989999999998,,0.014507,0.015508,,,0,0,0,,,,0.02,62.978,59.76953125,0.031757,25.0,,0.0,0,25,0,25,0,0,0,0,0,25,25,25,0
E13-static_continuity-20260921-20260906T142610709259Z,primary,E13,static_continuity,B300 static continuity,20260921,devices=1,1,0.22329500000000002,0.3018407,,0.048048,0.056509,,,0,0,0,,,,0.01,41.845,59.33984375,0.023898,1.0,,0.0,0,1,0,1,0,0,0,0,0,1,1,1,0
E13-static_continuity-20260921-20260906T142623130930Z,primary,E13,static_continuity,B300 static continuity,20260921,devices=5,5,0.1585565,0.21890244999999997,,0.025947,0.02383,,,0,0,0,,,,0.01,55.371,59.3359375,0.01806,5.0,,0.0,0,5,0,5,0,0,0,0,0,5,5,5,0
E13-static_continuity-20260921-20260906T142635710721Z,primary,E13,static_continuity,B300 static continuity,20260921,devices=10,10,0.1638035,0.21440605,,0.018340000000000002,0.0201285,,,0,0,0,,,,0.01,45.376,59.44140625,0.022038,10.0,,0.0,0,10,0,10,0,0,0,0,0,10,10,10,0
E13-static_continuity-20260921-20260906T142649038504Z,primary,E13,static_continuity,B300 static continuity,20260921,devices=25,25,0.158115,0.21454824999999994,,0.015219,0.017265,,,0,0,0,,,,0.03,76.425,59.76953125,0.039254,25.0,,0.0,0,25,0,25,0,0,0,0,0,25,25,25,0
E13-static_continuity-20260922-20260906T142610847593Z,primary,E13,static_continuity,B300 static continuity,20260922,devices=1,1,0.170655,0.2112387,,0.034271,0.034144,,,0,0,0,,,,0.01,67.949,59.33984375,0.014717,1.0,,0.0,0,1,0,1,0,0,0,0,0,1,1,1,0
E13-static_continuity-20260922-20260906T142623272957Z,primary,E13,static_continuity,B300 static continuity,20260922,devices=5,5,0.1637,0.20894364999999998,,0.024381,0.023745,,,0,0,0,,,,0.01,54.251,59.3359375,0.018433,5.0,,0.0,0,5,0,5,0,0,0,0,0,5,5,5,0
E13-static_continuity-20260922-20260906T142635854404Z,primary,E13,static_continuity,B300 static continuity,20260922,devices=10,10,0.15736699999999998,0.19222795000000006,,0.0144705,0.017478,,,0,0,0,,,,0.02,93.985,59.44140625,0.02128,10.0,,0.0,0,10,0,10,0,0,0,0,0,10,10,10,0
E13-static_continuity-20260922-20260906T142649198981Z,primary,E13,static_continuity,B300 static continuity,20260922,devices=25,25,0.132963,0.20894224999999994,,0.013898,0.016626,,,0,0,0,,,,0.03,82.576,59.78515625,0.03633,25.0,,0.0,0,25,0,25,0,0,0,0,0,25,25,25,0
E13-static_continuity-20260923-20260906T142610974649Z,primary,E13,static_continuity,B300 static continuity,20260923,devices=1,1,0.17679899999999998,0.2152587,,0.028872,0.033761,,,0,0,0,,,,0.01,72.265,59.33984375,0.013838,1.0,,0.0,0,1,0,1,0,0,0,0,0,1,1,1,0
E13-static_continuity-20260923-20260906T142623412800Z,primary,E13,static_continuity,B300 static continuity,20260923,devices=5,5,0.15068399999999998,0.22405025,,0.022561,0.027936,,,0,0,0,,,,0.02,104.624,59.3359375,0.019116,5.0,,0.0,0,5,0,5,0,0,0,0,0,5,5,5,0
E13-static_continuity-20260923-20260906T142635995977Z,primary,E13,static_continuity,B300 static continuity,20260923,devices=10,10,0.1550265,0.20302640000000002,,0.015105,0.0150845,,,0,0,0,,,,0.02,84.417,59.45703125,0.023692,10.0,,0.0,0,10,0,10,0,0,0,0,0,10,10,10,0
E13-static_continuity-20260923-20260906T142649356766Z,primary,E13,static_continuity,B300 static continuity,20260923,devices=25,25,0.1349245,0.20598219999999998,,0.014281,0.015773,,,0,0,0,,,,0.02,55.664,59.78515625,0.03593,25.0,,0.0,0,25,0,25,0,0,0,0,0,25,25,25,0
E13-static_continuity-20260924-20260906T142611098529Z,primary,E13,static_continuity,B300 static continuity,20260924,devices=1,1,0.164384,0.2123117,,0.028504,0.026595,,,0,0,0,,,,0.01,59.495,59.33984375,0.016808,1.0,,0.0,0,1,0,1,0,0,0,0,0,1,1,1,0
E13-static_continuity-20260924-20260906T142623559192Z,primary,E13,static_continuity,B300 static continuity,20260924,devices=5,5,0.159509,0.21845435,,0.023068,0.024676,,,0,0,0,,,,0.01,51.706,59.3359375,0.01934,5.0,,0.0,0,5,0,5,0,0,0,0,0,5,5,5,0
E13-static_continuity-20260924-20260906T142636135229Z,primary,E13,static_continuity,B300 static continuity,20260924,devices=10,10,0.15322,0.18490365,,0.017563,0.02248,,,0,0,0,,,,0.01,50.536,59.45703125,0.019788,10.0,,0.0,0,10,0,10,0,0,0,0,0,10,10,10,0
E13-static_continuity-20260924-20260906T142649515948Z,primary,E13,static_continuity,B300 static continuity,20260924,devices=25,25,0.135649,0.2007379,,0.014154,0.015731,,,0,0,0,,,,0.03,76.177,59.78515625,0.039382,25.0,,0.0,0,25,0,25,0,0,0,0,0,25,25,25,0
E13-static_continuity-20260925-20260906T142611223688Z,primary,E13,static_continuity,B300 static continuity,20260925,devices=1,1,0.17201850000000002,0.21360975,,0.028928,0.039872,,,0,0,0,,,,0.01,70.621,59.33984375,0.01416,1.0,,0.0,0,1,0,1,0,0,0,0,0,1,1,1,0
E13-static_continuity-20260925-20260906T142623702149Z,primary,E13,static_continuity,B300 static continuity,20260925,devices=5,5,0.141351,0.19988699999999998,,0.018413,0.029714,,,0,0,0,,,,0.01,49.778,59.3359375,0.020089,5.0,,0.0,0,5,0,5,0,0,0,0,0,5,5,5,0
E13-static_continuity-20260925-20260906T142636274812Z,primary,E13,static_continuity,B300 static continuity,20260925,devices=10,10,0.15093,0.1956122,,0.016408,0.0197905,,,0,0,0,,,,0.01,49.593,59.47265625,0.020164,10.0,,0.0,0,10,0,10,0,0,0,0,0,10,10,10,0
E13-static_continuity-20260925-20260906T142649674696Z,primary,E13,static_continuity,B300 static continuity,20260925,devices=25,25,0.1431945,0.19815125,,0.014622,0.015603,,,0,0,0,,,,0.02,55.136,59.78515625,0.036274,25.0,,0.0,0,25,0,25,0,0,0,0,0,25,25,25,0
E13-static_continuity-20260926-20260906T142611352458Z,primary,E13,static_continuity,B300 static continuity,20260926,devices=1,1,0.21312,0.2646369,,0.035248,0.166144,,,0,0,0,,,,0.01,73.605,59.33984375,0.013586,1.0,,0.0,0,1,0,1,0,0,0,0,0,1,1,1,0
E13-static_continuity-20260926-20260906T142623840415Z,primary,E13,static_continuity,B300 static continuity,20260926,devices=5,5,0.1297325,0.21267244999999996,,0.019428,0.016381,,,0,0,0,,,,0.01,51.943,59.3359375,0.019252,5.0,,0.0,0,5,0,5,0,0,0,0,0,5,5,5,0
E13-static_continuity-20260926-20260906T142636414279Z,primary,E13,static_continuity,B300 static continuity,20260926,devices=10,10,0.157002,0.20027335000000002,,0.017606,0.0169965,,,0,0,0,,,,0.01,46.389,59.47265625,0.021557,10.0,,0.0,0,10,0,10,0,0,0,0,0,10,10,10,0
E13-static_continuity-20260926-20260906T142649829671Z,primary,E13,static_continuity,B300 static continuity,20260926,devices=25,25,0.144878,0.20276979999999992,,0.014367,0.016071,,,0,0,0,,,,0.03,69.214,59.78515625,0.043344,25.0,,0.0,0,25,0,25,0,0,0,0,0,25,25,25,0
E13-static_continuity-20260927-20260906T142611487831Z,primary,E13,static_continuity,B300 static continuity,20260927,devices=1,1,0.178593,0.2238108,,0.032873,0.03389,,,0,0,0,,,,0.02,140.154,59.33984375,0.01427,1.0,,0.0,0,1,0,1,0,0,0,0,0,1,1,1,0
E13-static_continuity-20260927-20260906T142623994549Z,primary,E13,static_continuity,B300 static continuity,20260927,devices=5,5,0.14243650000000002,0.21680314999999994,,0.015039,0.023574,,,0,0,0,,,,0.01,49.933,59.3359375,0.020027,5.0,,0.0,0,5,0,5,0,0,0,0,0,5,5,5,0
E13-static_continuity-20260927-20260906T142636553414Z,primary,E13,static_continuity,B300 static continuity,20260927,devices=10,10,0.1504885,0.17789515000000003,,0.015924999999999998,0.018446,,,0,0,0,,,,0.02,86.103,59.48828125,0.023228,10.0,,0.0,0,10,0,10,0,0,0,0,0,10,10,10,0
E13-static_continuity-20260927-20260906T142649988519Z,primary,E13,static_continuity,B300 static continuity,20260927,devices=25,25,0.136974,0.2162383,,0.013519,0.015305,,,0,0,0,,,,0.02,58.241,59.78515625,0.03434,25.0,,0.0,0,25,0,25,0,0,0,0,0,25,25,25,0
E13-static_continuity-20260928-20260906T142611612360Z,primary,E13,static_continuity,B300 static continuity,20260928,devices=1,1,0.1664405,0.21354785,,0.029352,0.028377,,,0,0,0,,,,0.01,69.252,59.33984375,0.01444,1.0,,0.0,0,1,0,1,0,0,0,0,0,1,1,1,0
E13-static_continuity-20260928-20260906T142624130014Z,primary,E13,static_continuity,B300 static continuity,20260928,devices=5,5,0.1428795,0.2132699999999999,,0.014364,0.015293,,,0,0,0,,,,0.01,49.427,59.3359375,0.020232,5.0,,0.0,0,5,0,5,0,0,0,0,0,5,5,5,0
E13-static_continuity-20260928-20260906T142636693044Z,primary,E13,static_continuity,B300 static continuity,20260928,devices=10,10,0.15572,0.19896735000000002,,0.019034500000000003,0.0186565,,,0,0,0,,,,0.01,44.387,59.48828125,0.022529,10.0,,0.0,0,10,0,10,0,0,0,0,0,10,10,10,0
E13-static_continuity-20260928-20260906T142650131765Z,primary,E13,static_continuity,B300 static continuity,20260928,devices=25,25,0.1292585,0.20724859999999995,,0.013944,0.015687,,,0,0,0,,,,0.02,56.365,59.78515625,0.035483,25.0,,0.0,0,25,0,25,0,0,0,0,0,25,25,25,0
E13-static_continuity-20260929-20260906T142611737885Z,primary,E13,static_continuity,B300 static continuity,20260929,devices=1,1,0.1731645,0.23281244999999998,,0.030455,0.023117,,,0,0,0,,,,0.02,139.782,59.33984375,0.014308,1.0,,0.0,0,1,0,1,0,0,0,0,0,1,1,1,0
E13-static_continuity-20260929-20260906T142624273683Z,primary,E13,static_continuity,B300 static continuity,20260929,devices=5,5,0.1475485,0.21888854999999996,,0.029362,0.026066,,,0,0,0,,,,0.01,57.28,59.3359375,0.017458,5.0,,0.0,0,5,0,5,0,0,0,0,0,5,5,5,0
E13-static_continuity-20260929-20260906T142636833676Z,primary,E13,static_continuity,B300 static continuity,20260929,devices=10,10,0.1517075,0.20242735,,0.011828,0.013005,,,0,0,0,,,,0.02,91.676,59.48828125,0.021816,10.0,,0.0,0,10,0,10,0,0,0,0,0,10,10,10,0
E13-static_continuity-20260929-20260906T142650293300Z,primary,E13,static_continuity,B300 static continuity,20260929,devices=25,25,0.142097,0.21072654999999996,,0.014241,0.01624,,,0,0,0,,,,0.02,50.835,59.78515625,0.039343,25.0,,0.0,0,25,0,25,0,0,0,0,0,25,25,25,0
E13-static_continuity-20260930-20260906T142611872125Z,primary,E13,static_continuity,B300 static continuity,20260930,devices=1,1,0.1666955,0.22151405,,0.028121,0.0302,,,0,0,0,,,,0.01,68.629,59.33984375,0.014571,1.0,,0.0,0,1,0,1,0,0,0,0,0,1,1,1,0
E13-static_continuity-20260930-20260906T142624410464Z,primary,E13,static_continuity,B300 static continuity,20260930,devices=5,5,0.1434715,0.19957339999999998,,0.014152,0.015801,,,0,0,0,,,,0.02,105.302,59.3359375,0.018993,5.0,,0.0,0,5,0,5,0,0,0,0,0,5,5,5,0
E13-static_continuity-20260930-20260906T142636975135Z,primary,E13,static_continuity,B300 static continuity,20260930,devices=10,10,0.1547535,0.20658555,,0.01769,0.019937999999999997,,,0,0,0,,,,0.01,37.84,59.48828125,0.026427,10.0,,0.0,0,10,0,10,0,0,0,0,0,10,10,10,0
E13-static_continuity-20260930-20260906T142650460299Z,primary,E13,static_continuity,B300 static continuity,20260930,devices=25,25,0.147305,0.2089135,,0.015219,0.0176,,,0,0,0,,,,0.03,82.183,59.78515625,0.036504,25.0,,0.0,0,25,0,25,0,0,0,0,0,25,25,25,0
E13-static_continuity-20260931-20260906T142612007903Z,primary,E13,static_continuity,B300 static continuity,20260931,devices=1,1,0.156603,0.20273249999999998,,0.027385,0.025606,,,0,0,0,,,,0.01,60.798,59.33984375,0.016448,1.0,,0.0,0,1,0,1,0,0,0,0,0,1,1,1,0
E13-static_continuity-20260931-20260906T142624555163Z,primary,E13,static_continuity,B300 static continuity,20260931,devices=5,5,0.1564625,0.23449934999999997,,0.025686,0.025137,,,0,0,0,,,,0.01,62.492,59.3359375,0.016002,5.0,,0.0,0,5,0,5,0,0,0,0,0,5,5,5,0
E13-static_continuity-20260931-20260906T142637120501Z,primary,E13,static_continuity,B300 static continuity,20260931,devices=10,10,0.1548115,0.19237180000000004,,0.014985499999999999,0.0168535,,,0,0,0,,,,0.01,45.541,59.48828125,0.021958,10.0,,0.0,0,10,0,10,0,0,0,0,0,10,10,10,0
E13-static_continuity-20260931-20260906T142650614771Z,primary,E13,static_continuity,B300 static continuity,20260931,devices=25,25,0.1385685,0.202003,,0.012626,0.015177,,,0,0,0,,,,0.02,55.782,59.78515625,0.035854,25.0,,0.0,0,25,0,25,0,0,0,0,0,25,25,25,0
E13-static_continuity-20260932-20260906T142612147311Z,primary,E13,static_continuity,B300 static continuity,20260932,devices=1,1,0.1707815,0.22365425000000003,,0.0284,0.029162,,,0,0,0,,,,0.01,57.991,59.33984375,0.017244,1.0,,0.0,0,1,0,1,0,0,0,0,0,1,1,1,0
E13-static_continuity-20260932-20260906T142624701836Z,primary,E13,static_continuity,B300 static continuity,20260932,devices=5,5,0.144844,0.22111089999999994,,0.017659,0.020448,,,0,0,0,,,,0.02,109.565,59.3359375,0.018254,5.0,,0.0,0,5,0,5,0,0,0,0,0,5,5,5,0
E13-static_continuity-20260932-20260906T142637262835Z,primary,E13,static_continuity,B300 static continuity,20260932,devices=10,10,0.1564265,0.20223860000000002,,0.0168535,0.01975,,,0,0,0,,,,0.01,50.408,59.48828125,0.019838,10.0,,0.0,0,10,0,10,0,0,0,0,0,10,10,10,0
E13-static_continuity-20260932-20260906T142650784377Z,primary,E13,static_continuity,B300 static continuity,20260932,devices=25,25,0.1378455,0.22171375,,0.013178,0.014539,,,0,0,0,,,,0.03,84.069,59.78515625,0.035685,25.0,,0.0,0,25,0,25,0,0,0,0,0,25,25,25,0
E13-static_continuity-20260933-20260906T142612283411Z,primary,E13,static_continuity,B300 static continuity,20260933,devices=1,1,0.181109,0.23965669999999997,,0.03314,0.026072,,,0,0,0,,,,0.01,66.107,59.33984375,0.015127,1.0,,0.0,0,1,0,1,0,0,0,0,0,1,1,1,0
E13-static_continuity-20260933-20260906T142624833285Z,primary,E13,static_continuity,B300 static continuity,20260933,devices=5,5,0.141485,0.2044469,,0.022222,0.021462,,,0,0,0,,,,0.02,101.271,59.3359375,0.019749,5.0,,0.0,0,5,0,5,0,0,0,0,0,5,5,5,0
E13-static_continuity-20260933-20260906T142637402048Z,primary,E13,static_continuity,B300 static continuity,20260933,devices=10,10,0.1598695,0.19611655,,0.018722000000000003,0.020086,,,0,0,0,,,,0.03,96.818,59.48828125,0.030986,10.0,,0.0,0,10,0,10,0,0,0,0,0,10,10,10,0
E13-static_continuity-20260933-20260906T142650941113Z,primary,E13,static_continuity,B300 static continuity,20260933,devices=25,25,0.138335,0.1997986,,0.013222,0.015687,,,0,0,0,,,,0.02,56.335,59.78515625,0.035502,25.0,,0.0,0,25,0,25,0,0,0,0,0,25,25,25,0
E13-static_continuity-20260934-20260906T142612425208Z,primary,E13,static_continuity,B300 static continuity,20260934,devices=1,1,0.1719245,0.21912095,,0.029966,0.032506,,,0,0,0,,,,0.01,66.225,59.33984375,0.0151,1.0,,0.0,0,1,0,1,0,0,0,0,0,1,1,1,0
E13-static_continuity-20260934-20260906T142624968249Z,primary,E13,static_continuity,B300 static continuity,20260934,devices=5,5,0.15276499999999998,0.2090089,,0.024207,0.020364,,,0,0,0,,,,0.01,61.035,59.3359375,0.016384,5.0,,0.0,0,5,0,5,0,0,0,0,0,5,5,5,0
E13-static_continuity-20260934-20260906T142637550403Z,primary,E13,static_continuity,B300 static continuity,20260934,devices=10,10,0.15357300000000002,0.21305605,,0.014818,0.014629,,,0,0,0,,,,0.01,44.22,59.48828125,0.022614,10.0,,0.0,0,10,0,10,0,0,0,0,0,10,10,10,0
E13-static_continuity-20260934-20260906T142651100742Z,primary,E13,static_continuity,B300 static continuity,20260934,devices=25,25,0.1404585,0.20689474999999996,,0.014801,0.015437,,,0,0,0,,,,0.03,82.845,59.78515625,0.036212,25.0,,0.0,0,25,0,25,0,0,0,0,0,25,25,25,0
E13-static_continuity-20260935-20260906T142612565758Z,primary,E13,static_continuity,B300 static continuity,20260935,devices=1,1,0.20292749999999998,0.26884664999999996,,0.039066,0.039447,,,0,0,0,,,,0.01,75.529,59.33984375,0.01324,1.0,,0.0,0,1,0,1,0,0,0,0,0,1,1,1,0
E13-static_continuity-20260935-20260906T142625103476Z,primary,E13,static_continuity,B300 static continuity,20260935,devices=5,5,0.14852700000000002,0.20596355,,0.030537,0.024083,,,0,0,0,,,,0.02,113.398,59.3359375,0.017637,5.0,,0.0,0,5,0,5,0,0,0,0,0,5,5,5,0
E13-static_continuity-20260935-20260906T142637691798Z,primary,E13,static_continuity,B300 static continuity,20260935,devices=10,10,0.15697250000000001,0.19013315,,0.013999000000000001,0.016581,,,0,0,0,,,,0.01,46.742,59.48828125,0.021394,10.0,,0.0,0,10,0,10,0,0,0,0,0,10,10,10,0
E13-static_continuity-20260935-20260906T142651256225Z,primary,E13,static_continuity,B300 static continuity,20260935,devices=25,25,0.150976,0.216721,,0.0162,0.018575,,,0,0,0,,,,0.02,54.346,59.78515625,0.036801,25.0,,0.0,0,25,0,25,0,0,0,0,0,25,25,25,0
E13-static_continuity-20260936-20260906T142612697694Z,primary,E13,static_continuity,B300 static continuity,20260936,devices=1,1,0.179839,0.2197603,,0.030813,0.042875,,,0,0,0,,,,0.02,146.681,59.33984375,0.013635,1.0,,0.0,0,1,0,1,0,0,0,0,0,1,1,1,0
E13-static_continuity-20260936-20260906T142625245040Z,primary,E13,static_continuity,B300 static continuity,20260936,devices=5,5,0.1360005,0.1975729,,0.015859,0.020541,,,0,0,0,,,,0.01,51.067,59.3359375,0.019582,5.0,,0.0,0,5,0,5,0,0,0,0,0,5,5,5,0
E13-static_continuity-20260936-20260906T142637826623Z,primary,E13,static_continuity,B300 static continuity,20260936,devices=10,10,0.1603725,0.1935849,,0.0172945,0.0180715,,,0,0,0,,,,0.02,81.288,59.48828125,0.024604,10.0,,0.0,0,10,0,10,0,0,0,0,0,10,10,10,0
E13-static_continuity-20260936-20260906T142651413630Z,primary,E13,static_continuity,B300 static continuity,20260936,devices=25,25,0.154411,0.19870324999999994,,0.012341,0.014589,,,0,0,0,,,,0.02,62.305,59.78515625,0.0321,25.0,,0.0,0,25,0,25,0,0,0,0,0,25,25,25,0
E14-ca_ztcf-20260907-20260906T142705530906Z,primary,E14,ca_ztcf,C CA-ZTCF,20260907,default,5,0.4241015,0.48887864999999997,4.122,0.0175615,0.018676,,,0,8,7,,,,0.03,58.909,60.0,0.050926,277.0,,0.16666666666666666,0,5,0,5,0,0,1,1,0,6,6,5,0
E14-ca_ztcf-20260908-20260906T142705693888Z,primary,E14,ca_ztcf,C CA-ZTCF,20260908,default,5,0.42610000000000003,0.52167685,4.1850000000000005,0.017751,0.020064,,,0,8,7,,,,0.04,74.041,60.046875,0.054024,277.0,,0.16666666666666666,0,5,0,5,0,0,1,1,0,6,6,5,0
E14-ca_ztcf-20260909-20260906T142705855901Z,primary,E14,ca_ztcf,C CA-ZTCF,20260909,default,5,0.422187,0.51307945,4.08,0.016383,0.018592,,,0,8,7,,,,0.04,74.936,60.078125,0.053379,277.0,,0.16666666666666666,0,5,0,5,0,0,1,1,0,6,6,5,0
E14-ca_ztcf-20260910-20260906T142706026809Z,primary,E14,ca_ztcf,C CA-ZTCF,20260910,default,5,0.423397,0.5033909,4.1594999999999995,0.017605,0.019622,,,0,8,7,,,,0.05,84.189,60.078125,0.05939,277.0,,0.16666666666666666,0,5,0,5,0,0,1,1,0,6,6,5,0
E14-ca_ztcf-20260911-20260906T142706204306Z,primary,E14,ca_ztcf,C CA-ZTCF,20260911,default,5,0.43764000000000003,0.51284475,4.286,0.018991,0.021891,,,0,8,7,,,,0.05,90.818,60.078125,0.055055,277.0,,0.16666666666666666,0,5,0,5,0,0,1,1,0,6,6,5,0
E14-ca_ztcf-20260912-20260906T142706367580Z,primary,E14,ca_ztcf,C CA-ZTCF,20260912,default,5,0.41976250000000004,0.48796130000000004,4.117,0.016764,0.01853,,,0,8,7,,,,0.04,77.933,60.078125,0.051326,277.0,,0.16666666666666666,0,5,0,5,0,0,1,1,0,6,6,5,0
E14-ca_ztcf-20260913-20260906T142706536319Z,primary,E14,ca_ztcf,C CA-ZTCF,20260913,default,5,0.4323045,0.48554339999999996,4.076,0.0169115,0.018866,,,0,8,7,,,,0.05,94.079,60.078125,0.053147,277.0,,0.16666666666666666,0,5,0,5,0,0,1,1,0,6,6,5,0
E14-ca_ztcf-20260914-20260906T142706702255Z,primary,E14,ca_ztcf,C CA-ZTCF,20260914,default,5,0.42360699999999996,0.4938728,4.117,0.0170165,0.018361,,,0,8,7,,,,0.04,74.423,60.09375,0.053747,277.0,,0.16666666666666666,0,5,0,5,0,0,1,1,0,6,6,5,0
E14-ca_ztcf-20260915-20260906T142706860677Z,primary,E14,ca_ztcf,C CA-ZTCF,20260915,default,5,0.426065,0.49116465,4.1175,0.0170795,0.019076,,,0,8,7,,,,0.04,75.262,60.09375,0.053148,277.0,,0.16666666666666666,0,5,0,5,0,0,1,1,0,6,6,5,0
E14-ca_ztcf-20260916-20260906T142707034363Z,primary,E14,ca_ztcf,C CA-ZTCF,20260916,default,5,0.429741,0.4935071,4.114,0.018763,0.020106,,,0,8,7,,,,0.04,77.762,60.09375,0.051439,277.0,,0.16666666666666666,0,5,0,5,0,0,1,1,0,6,6,5,0
E14-ca_ztcf-20260917-20260906T142707204747Z,primary,E14,ca_ztcf,C CA-ZTCF,20260917,default,5,0.433498,0.50540765,4.1765,0.017713,0.020568,,,0,8,7,,,,0.04,76.603,60.109375,0.052217,277.0,,0.16666666666666666,0,5,0,5,0,0,1,1,0,6,6,5,0
E14-ca_ztcf-20260918-20260906T142707370445Z,primary,E14,ca_ztcf,C CA-ZTCF,20260918,default,5,0.42390649999999996,0.50005545,4.113,0.0173775,0.018889,,,0,8,7,,,,0.04,75.576,60.125,0.052927,277.0,,0.16666666666666666,0,5,0,5,0,0,1,1,0,6,6,5,0
E14-ca_ztcf-20260919-20260906T142707538969Z,primary,E14,ca_ztcf,C CA-ZTCF,20260919,default,5,0.4232135,0.5091745499999998,4.0715,0.016832,0.018763,,,0,8,7,,,,0.03,57.179,60.125,0.052467,277.0,,0.16666666666666666,0,5,0,5,0,0,1,1,0,6,6,5,0
E14-ca_ztcf-20260920-20260906T142707703927Z,primary,E14,ca_ztcf,C CA-ZTCF,20260920,default,5,0.429384,0.47609880000000004,4.071,0.017230500000000003,0.019435,,,0,8,7,,,,0.05,93.957,60.125,0.053216,277.0,,0.16666666666666666,0,5,0,5,0,0,1,1,0,6,6,5,0
E14-ca_ztcf-20260921-20260906T142707862040Z,primary,E14,ca_ztcf,C CA-ZTCF,20260921,default,5,0.417736,0.46665604999999993,3.946,0.0178815,0.018763,,,0,8,7,,,,0.04,76.41,60.125,0.052349,277.0,,0.16666666666666666,0,5,0,5,0,0,1,1,0,6,6,5,0
E14-ca_ztcf-20260922-20260906T142708024274Z,primary,E14,ca_ztcf,C CA-ZTCF,20260922,default,5,0.423145,0.4933509,4.068,0.016713,0.019586,,,0,8,7,,,,0.04,74.34,60.125,0.053807,277.0,,0.16666666666666666,0,5,0,5,0,0,1,1,0,6,6,5,0
E14-ca_ztcf-20260923-20260906T142708182799Z,primary,E14,ca_ztcf,C CA-ZTCF,20260923,default,5,0.42773700000000003,0.4762714,4.11,0.017467,0.019125,,,0,8,7,,,,0.04,74.97,60.125,0.053355,277.0,,0.16666666666666666,0,5,0,5,0,0,1,1,0,6,6,5,0
E14-ca_ztcf-20260924-20260906T142708352206Z,primary,E14,ca_ztcf,C CA-ZTCF,20260924,default,5,0.422222,0.49147815,4.11,0.016419,0.019083,,,0,8,7,,,,0.04,77.175,60.125,0.05183,277.0,,0.16666666666666666,0,5,0,5,0,0,1,1,0,6,6,5,0
E14-ca_ztcf-20260925-20260906T142708423274Z,primary,E14,ca_ztcf,C CA-ZTCF,20260925,default,5,0.419272,0.49655429999999995,3.9814999999999996,0.017571,0.019468,,,0,8,7,,,,0.04,74.111,60.125,0.053973,277.0,,0.16666666666666666,0,5,0,5,0,0,1,1,0,6,6,5,0
E14-ca_ztcf-20260926-20260906T142708594079Z,primary,E14,ca_ztcf,C CA-ZTCF,20260926,default,5,0.427339,0.47965849999999993,4.127,0.016925,0.018801,,,0,8,7,,,,0.05,76.364,60.125,0.065476,277.0,,0.16666666666666666,0,5,0,5,0,0,1,1,0,6,6,5,0
E14-ca_ztcf-20260927-20260906T142708775741Z,primary,E14,ca_ztcf,C CA-ZTCF,20260927,default,5,0.4155205,0.5047482000000001,4.0435,0.0169875,0.018676,,,0,8,7,,,,0.04,81.326,60.125,0.049185,277.0,,0.16666666666666666,0,5,0,5,0,0,1,1,0,6,6,5,0
E14-ca_ztcf-20260928-20260906T142708937743Z,primary,E14,ca_ztcf,C CA-ZTCF,20260928,default,5,0.42356550000000004,0.5063008999999999,4.169,0.017071,0.018676,,,0,8,7,,,,0.05,97.082,60.125,0.051503,277.0,,0.16666666666666666,0,5,0,5,0,0,1,1,0,6,6,5,0
E14-ca_ztcf-20260929-20260906T142709107344Z,primary,E14,ca_ztcf,C CA-ZTCF,20260929,default,5,0.43256300000000003,0.4985421499999999,4.185499999999999,0.0172965,0.018919,,,0,8,7,,,,0.04,73.646,60.125,0.054314,277.0,,0.16666666666666666,0,5,0,5,0,0,1,1,0,6,6,5,0
E14-ca_ztcf-20260930-20260906T142709280326Z,primary,E14,ca_ztcf,C CA-ZTCF,20260930,default,5,0.4356805,0.5254778,4.185,0.017382,0.02003,,,0,8,7,,,,0.05,98.135,60.125,0.05095,277.0,,0.16666666666666666,0,5,0,5,0,0,1,1,0,6,6,5,0
E14-ca_ztcf-20260931-20260906T142709446126Z,primary,E14,ca_ztcf,C CA-ZTCF,20260931,default,5,0.43550999999999995,0.49537755,4.292,0.018749000000000002,0.019389,,,0,8,7,,,,0.04,76.222,60.140625,0.052478,277.0,,0.16666666666666666,0,5,0,5,0,0,1,1,0,6,6,5,0
E14-ca_ztcf-20260932-20260906T142709619492Z,primary,E14,ca_ztcf,C CA-ZTCF,20260932,default,5,0.4299365,0.5006171,4.143,0.017126000000000002,0.018749,,,0,8,7,,,,0.03,56.171,60.140625,0.053408,277.0,,0.16666666666666666,0,5,0,5,0,0,1,1,0,6,6,5,0
E14-ca_ztcf-20260933-20260906T142709793667Z,primary,E14,ca_ztcf,C CA-ZTCF,20260933,default,5,0.4273955,0.47508925,4.1425,0.016998,0.019048,,,0,8,7,,,,0.04,74.852,60.140625,0.053439,277.0,,0.16666666666666666,0,5,0,5,0,0,1,1,0,6,6,5,0
E14-ca_ztcf-20260934-20260906T142709964908Z,primary,E14,ca_ztcf,C CA-ZTCF,20260934,default,5,0.4392295,0.5072907999999999,4.2705,0.017974499999999997,0.020864,,,0,8,7,,,,0.04,72.144,60.140625,0.055445,277.0,,0.16666666666666666,0,5,0,5,0,0,1,1,0,6,6,5,0
E14-ca_ztcf-20260935-20260906T142710125440Z,primary,E14,ca_ztcf,C CA-ZTCF,20260935,default,5,0.42722649999999995,0.50019825,4.215,0.017287,0.020226,,,0,8,7,,,,0.05,92.067,60.140625,0.054308,277.0,,0.16666666666666666,0,5,0,5,0,0,1,1,0,6,6,5,0
E14-ca_ztcf-20260936-20260906T142710296718Z,primary,E14,ca_ztcf,C CA-ZTCF,20260936,default,5,0.44325800000000004,0.525165,4.364,0.0186075,0.0198,,,0,8,7,,,,0.05,91.75,60.140625,0.054496,277.0,,0.16666666666666666,0,5,0,5,0,0,1,1,0,6,6,5,0
E14-independent-20260907-20260906T142656698176Z,primary,E14,independent,A independent,20260907,default,5,0.0875215,0.17737785,,0.0149095,0.016613,,,40,0,4,,,,0.02,62.949,59.9921875,0.031772,277.0,,0.0,0,6,0,6,0,0,0,0,0,6,6,6,0
E14-independent-20260908-20260906T142656845907Z,primary,E14,independent,A independent,20260908,default,5,0.08533450000000001,0.18243524999999994,,0.016864999999999998,0.01594,,,40,0,4,,,,0.02,62.706,59.9921875,0.031895,277.0,,0.0,0,6,0,6,0,0,0,0,0,6,6,6,0
E14-independent-20260909-20260906T142656994463Z,primary,E14,independent,A independent,20260909,default,5,0.085262,0.18890410000000002,,0.016237500000000002,0.015292,,,40,0,4,,,,0.02,70.904,59.9921875,0.028207,277.0,,0.0,0,6,0,6,0,0,0,0,0,6,6,6,0
E14-independent-20260910-20260906T142657141305Z,primary,E14,independent,A independent,20260910,default,5,0.084758,0.18235184999999993,,0.0157125,0.01735,,,40,0,4,,,,0.03,88.253,59.9921875,0.033993,277.0,,0.0,0,6,0,6,0,0,0,0,0,6,6,6,0
E14-independent-20260911-20260906T142657289523Z,primary,E14,independent,A independent,20260911,default,5,0.08244699999999999,0.1883664,,0.014305,0.01462,,,40,0,4,,,,0.03,85.825,59.9921875,0.034955,277.0,,0.0,0,6,0,6,0,0,0,0,0,6,6,6,0
E14-independent-20260912-20260906T142657434512Z,primary,E14,independent,A independent,20260912,default,5,0.083057,0.18246605,,0.015586,0.015418,,,40,0,4,,,,0.02,60.685,59.99609375,0.032957,277.0,,0.0,0,6,0,6,0,0,0,0,0,6,6,6,0
E14-independent-20260913-20260906T142657583631Z,primary,E14,independent,A independent,20260913,default,5,0.0873835,0.18779739999999998,,0.015649,0.015586,,,40,0,4,,,,0.03,80.476,59.9921875,0.037278,277.0,,0.0,0,6,0,6,0,0,0,0,0,6,6,6,0
E14-independent-20260914-20260906T142657737183Z,primary,E14,independent,A independent,20260914,default,5,0.0904085,0.18550914999999996,,0.015480999999999998,0.017099,,,40,0,4,,,,0.02,68.025,59.9921875,0.029401,277.0,,0.0,0,6,0,6,0,0,0,0,0,6,6,6,0
E14-independent-20260915-20260906T142657882887Z,primary,E14,independent,A independent,20260915,default,5,0.08309849999999999,0.19203874999999998,,0.016426,0.015292,,,40,0,4,,,,0.02,60.507,59.9921875,0.033054,277.0,,0.0,0,6,0,6,0,0,0,0,0,6,6,6,0
E14-independent-20260916-20260906T142658029987Z,primary,E14,independent,A independent,20260916,default,5,0.08199000000000001,0.1908586,,0.014165,0.015529,,,40,0,4,,,,0.02,61.578,59.9921875,0.032479,277.0,,0.0,0,6,0,6,0,0,0,0,0,6,6,6,0
E14-independent-20260917-20260906T142658166958Z,primary,E14,independent,A independent,20260917,default,5,0.08711050000000001,0.18861714999999996,,0.0146475,0.015571,,,40,0,4,,,,0.03,97.892,59.9921875,0.030646,277.0,,0.0,0,6,0,6,0,0,0,0,0,6,6,6,0
E14-independent-20260918-20260906T142658312400Z,primary,E14,independent,A independent,20260918,default,5,0.0860615,0.1851864999999999,,0.016495,0.019139,,,40,0,4,,,,0.02,62.763,59.9921875,0.031866,277.0,,0.0,0,6,0,6,0,0,0,0,0,6,6,6,0
E14-independent-20260919-20260906T142658457750Z,primary,E14,independent,A independent,20260919,default,5,0.08873149999999999,0.21213959999999998,,0.017196,0.017634,,,40,0,4,,,,0.03,-40.18,59.9921875,-0.074664,277.0,,0.0,0,6,0,6,0,0,0,0,0,6,6,6,0
E14-independent-20260920-20260906T142658498388Z,primary,E14,independent,A independent,20260920,default,5,0.08998249999999999,0.19185365,,0.016800000000000002,0.018968,,,40,0,4,,,,0.02,59.947,59.9921875,0.033363,277.0,,0.0,0,6,0,6,0,0,0,0,0,6,6,6,0
E14-independent-20260921-20260906T142658646302Z,primary,E14,independent,A independent,20260921,default,5,0.0869395,0.1894555,,0.0167165,0.01655,,,40,0,4,,,,0.02,65.2,59.99609375,0.030675,277.0,,0.0,0,6,0,6,0,0,0,0,0,6,6,6,0
E14-independent-20260922-20260906T142658791777Z,primary,E14,independent,A independent,20260922,default,5,0.0863555,0.17981519999999998,,0.0160085,0.017467,,,40,0,4,,,,0.02,65.07,59.99609375,0.030736,277.0,,0.0,0,6,0,6,0,0,0,0,0,6,6,6,0
E14-independent-20260923-20260906T142658937141Z,primary,E14,independent,A independent,20260923,default,5,0.0797895,0.19127474999999994,,0.013132,0.014049,,,40,0,4,,,,0.02,66.607,59.99609375,0.030027,277.0,,0.0,0,6,0,6,0,0,0,0,0,6,6,6,0
E14-independent-20260924-20260906T142659082804Z,primary,E14,independent,A independent,20260924,default,5,0.089088,0.1875094,,0.0156275,0.017052,,,40,0,4,,,,0.02,58.73,59.99609375,0.034054,277.0,,0.0,0,6,0,6,0,0,0,0,0,6,6,6,0
E14-independent-20260925-20260906T142659235655Z,primary,E14,independent,A independent,20260925,default,5,0.08589949999999999,0.1913223,,0.0174985,0.016117,,,40,0,4,,,,0.02,60.966,59.9921875,0.032805,277.0,,0.0,0,6,0,6,0,0,0,0,0,6,6,6,0
E14-independent-20260926-20260906T142659384149Z,primary,E14,independent,A independent,20260926,default,5,0.082625,0.1914668,,0.0138415,0.014926,,,40,0,4,,,,0.03,92.353,59.9921875,0.032484,277.0,,0.0,0,6,0,6,0,0,0,0,0,6,6,6,0
E14-independent-20260927-20260906T142659537735Z,primary,E14,independent,A independent,20260927,default,5,0.097934,0.20386585,,0.0213045,0.020539,,,40,0,4,,,,0.03,81.9,59.9921875,0.03663,277.0,,0.0,0,6,0,6,0,0,0,0,0,6,6,6,0
E14-independent-20260928-20260906T142659685838Z,primary,E14,independent,A independent,20260928,default,5,0.0861545,0.1908261,,0.0160955,0.01633,,,40,0,4,,,,0.02,59.723,59.9921875,0.033488,277.0,,0.0,0,6,0,6,0,0,0,0,0,6,6,6,0
E14-independent-20260929-20260906T142659837448Z,primary,E14,independent,A independent,20260929,default,5,0.0834755,0.2040109,,0.014522,0.015606,,,40,0,4,,,,0.03,92.865,59.9921875,0.032305,277.0,,0.0,0,6,0,6,0,0,0,0,0,6,6,6,0
E14-independent-20260930-20260906T142659989359Z,primary,E14,independent,A independent,20260930,default,5,0.0869395,0.19594569999999997,,0.013787,0.015016,,,40,0,4,,,,0.02,64.99,59.9921875,0.030774,277.0,,0.0,0,6,0,6,0,0,0,0,0,6,6,6,0
E14-independent-20260931-20260906T142700124633Z,primary,E14,independent,A independent,20260931,default,5,0.0857095,0.19250085,,0.0159505,0.015993,,,40,0,4,,,,0.03,92.169,59.9921875,0.032549,277.0,,0.0,0,6,0,6,0,0,0,0,0,6,6,6,0
E14-independent-20260932-20260906T142700277465Z,primary,E14,independent,A independent,20260932,default,5,0.094193,0.18820139999999996,,0.018007000000000002,0.017859,,,40,0,4,,,,0.02,60.201,59.9921875,0.033222,277.0,,0.0,0,6,0,6,0,0,0,0,0,6,6,6,0
E14-independent-20260933-20260906T142700429374Z,primary,E14,independent,A independent,20260933,default,5,0.08537,0.18003654999999996,,0.0159285,0.015611,,,40,0,4,,,,0.03,82.884,59.9921875,0.036195,277.0,,0.0,0,6,0,6,0,0,0,0,0,6,6,6,0
E14-independent-20260934-20260906T142700583464Z,primary,E14,independent,A independent,20260934,default,5,0.083652,0.19152604999999992,,0.0138715,0.014508,,,40,0,4,,,,0.01,32.889,59.9921875,0.030405,277.0,,0.0,0,6,0,6,0,0,0,0,0,6,6,6,0
E14-independent-20260935-20260906T142700754304Z,primary,E14,independent,A independent,20260935,default,5,0.08768200000000001,0.18528374999999997,,0.015525500000000001,0.015483,,,40,0,4,,,,0.03,86.78,59.9921875,0.03457,277.0,,0.0,0,6,0,6,0,0,0,0,0,6,6,6,0
E14-independent-20260936-20260906T142700913507Z,primary,E14,independent,A independent,20260936,default,5,0.087046,0.19912359999999996,,0.017519,0.018961,,,40,0,4,,,,0.02,61.654,59.9921875,0.032439,277.0,,0.0,0,6,0,6,0,0,0,0,0,6,6,6,0
E14-static_continuity-20260907-20260906T142701063269Z,primary,E14,static_continuity,B300 static continuity,20260907,default,5,0.082244,0.19224869999999994,,0.013947,0.014434,,,0,0,0,,,,0.03,87.594,59.9921875,0.034249,277.0,,0.0,0,6,0,6,0,0,0,0,0,6,6,6,0
E14-static_continuity-20260908-20260906T142701213028Z,primary,E14,static_continuity,B300 static continuity,20260908,default,5,0.08478350000000001,0.18978314999999996,,0.0168675,0.017016,,,0,0,0,,,,0.02,60.67,59.99609375,0.032965,277.0,,0.0,0,6,0,6,0,0,0,0,0,6,6,6,0
E14-static_continuity-20260909-20260906T142701359403Z,primary,E14,static_continuity,B300 static continuity,20260909,default,5,0.082921,0.17135815,,0.016762,0.016424,,,0,0,0,,,,0.03,92.002,59.99609375,0.032608,277.0,,0.0,0,6,0,6,0,0,0,0,0,6,6,6,0
E14-static_continuity-20260910-20260906T142701512007Z,primary,E14,static_continuity,B300 static continuity,20260910,default,5,0.091535,0.1978576,,0.0188575,0.020614,,,0,0,0,,,,0.02,60.927,59.99609375,0.032826,277.0,,0.0,0,6,0,6,0,0,0,0,0,6,6,6,0
E14-static_continuity-20260911-20260906T142701650535Z,primary,E14,static_continuity,B300 static continuity,20260911,default,5,0.0811855,0.1870209499999999,,0.013503000000000001,0.014773,,,0,0,0,,,,0.02,60.905,59.99609375,0.032838,277.0,,0.0,0,6,0,6,0,0,0,0,0,6,6,6,0
E14-static_continuity-20260912-20260906T142701808381Z,primary,E14,static_continuity,B300 static continuity,20260912,default,5,0.087535,0.20557385,,0.018497,0.018328,,,0,0,0,,,,0.03,85.426,59.99609375,0.035118,277.0,,0.0,0,6,0,6,0,0,0,0,0,6,6,6,0
E14-static_continuity-20260913-20260906T142701965436Z,primary,E14,static_continuity,B300 static continuity,20260913,default,5,0.084657,0.19414069999999994,,0.0175875,0.016804,,,0,0,0,,,,0.02,59.886,59.99609375,0.033397,277.0,,0.0,0,6,0,6,0,0,0,0,0,6,6,6,0
E14-static_continuity-20260914-20260906T142702104640Z,primary,E14,static_continuity,B300 static continuity,20260914,default,5,0.08111650000000001,0.18259199999999998,,0.0141535,0.014829,,,0,0,0,,,,0.02,58.353,60.0,0.034274,277.0,,0.0,0,6,0,6,0,0,0,0,0,6,6,6,0
E14-static_continuity-20260915-20260906T142702259579Z,primary,E14,static_continuity,B300 static continuity,20260915,default,5,0.086017,0.19697389999999998,,0.0155265,0.017618,,,0,0,0,,,,0.02,69.711,60.0,0.02869,277.0,,0.0,0,6,0,6,0,0,0,0,0,6,6,6,0
E14-static_continuity-20260916-20260906T142702401898Z,primary,E14,static_continuity,B300 static continuity,20260916,default,5,0.083863,0.18912435,,0.0155895,0.016139,,,0,0,0,,,,0.02,66.278,60.0,0.030176,277.0,,0.0,0,6,0,6,0,0,0,0,0,6,6,6,0
E14-static_continuity-20260917-20260906T142702547107Z,primary,E14,static_continuity,B300 static continuity,20260917,default,5,0.0821305,0.17073139999999998,,0.0170685,0.017955,,,0,0,0,,,,0.02,52.083,60.0,0.0384,277.0,,0.0,0,6,0,6,0,0,0,0,0,6,6,6,0
E14-static_continuity-20260918-20260906T142702703022Z,primary,E14,static_continuity,B300 static continuity,20260918,default,5,0.086588,0.20725454999999998,,0.0169835,0.014913,,,0,0,0,,,,0.02,58.773,60.0,0.034029,277.0,,0.0,0,6,0,6,0,0,0,0,0,6,6,6,0
E14-static_continuity-20260919-20260906T142702859957Z,primary,E14,static_continuity,B300 static continuity,20260919,default,5,0.082553,0.17197554999999998,,0.015505000000000001,0.016772,,,0,0,0,,,,0.03,93.318,60.0,0.032148,277.0,,0.0,0,6,0,6,0,0,0,0,0,6,6,6,0
E14-static_continuity-20260920-20260906T142703012557Z,primary,E14,static_continuity,B300 static continuity,20260920,default,5,0.0817415,0.18159599999999998,,0.015564,0.015395,,,0,0,0,,,,0.02,65.746,60.0,0.03042,277.0,,0.0,0,6,0,6,0,0,0,0,0,6,6,6,0
E14-static_continuity-20260921-20260906T142703151614Z,primary,E14,static_continuity,B300 static continuity,20260921,default,5,0.089417,0.19533289999999998,,0.0171455,0.01801,,,0,0,0,,,,0.02,58.641,60.0,0.034106,277.0,,0.0,0,6,0,6,0,0,0,0,0,6,6,6,0
E14-static_continuity-20260922-20260906T142703304241Z,primary,E14,static_continuity,B300 static continuity,20260922,default,5,0.0842715,0.18363499999999994,,0.0157955,0.017799,,,0,0,0,,,,0.02,58.346,60.0,0.034278,277.0,,0.0,0,6,0,6,0,0,0,0,0,6,6,6,0
E14-static_continuity-20260923-20260906T142703447942Z,primary,E14,static_continuity,B300 static continuity,20260923,default,5,0.0798005,0.18808334999999993,,0.0133495,0.014425,,,0,0,0,,,,0.02,61.698,60.0,0.032416,277.0,,0.0,0,6,0,6,0,0,0,0,0,6,6,6,0
E14-static_continuity-20260924-20260906T142703594040Z,primary,E14,static_continuity,B300 static continuity,20260924,default,5,0.08347,0.19850114999999996,,0.0146565,0.015564,,,0,0,0,,,,0.02,61.308,60.0,0.032622,277.0,,0.0,0,6,0,6,0,0,0,0,0,6,6,6,0
E14-static_continuity-20260925-20260906T142703741621Z,primary,E14,static_continuity,B300 static continuity,20260925,default,5,0.082711,0.18843639999999998,,0.016723500000000002,0.01607,,,0,0,0,,,,0.02,60.907,60.0,0.032837,277.0,,0.0,0,6,0,6,0,0,0,0,0,6,6,6,0
E14-static_continuity-20260926-20260906T142703903558Z,primary,E14,static_continuity,B300 static continuity,20260926,default,5,0.085474,0.19734724999999995,,0.016217000000000002,0.019233,,,0,0,0,,,,0.02,57.855,60.0,0.034569,277.0,,0.0,0,6,0,6,0,0,0,0,0,6,6,6,0
E14-static_continuity-20260927-20260906T142704054066Z,primary,E14,static_continuity,B300 static continuity,20260927,default,5,0.09103549999999999,0.19654834999999993,,0.0178995,0.020006,,,0,0,0,,,,0.02,53.813,60.0,0.037166,277.0,,0.0,0,6,0,6,0,0,0,0,0,6,6,6,0
E14-static_continuity-20260928-20260906T142704211414Z,primary,E14,static_continuity,B300 static continuity,20260928,default,5,0.08766550000000001,0.20454619999999996,,0.017794499999999998,0.018616,,,0,0,0,,,,0.02,60.84,60.0,0.032873,277.0,,0.0,0,6,0,6,0,0,0,0,0,6,6,6,0
E14-static_continuity-20260929-20260906T142704357251Z,primary,E14,static_continuity,B300 static continuity,20260929,default,5,0.0834545,0.193552,,0.016004,0.016299,,,0,0,0,,,,0.02,59.485,60.0,0.033622,277.0,,0.0,0,6,0,6,0,0,0,0,0,6,6,6,0
E14-static_continuity-20260930-20260906T142704503752Z,primary,E14,static_continuity,B300 static continuity,20260930,default,5,0.0836655,0.19112844999999998,,0.014594,0.015962,,,0,0,0,,,,0.03,92.461,60.0,0.032446,277.0,,0.0,0,6,0,6,0,0,0,0,0,6,6,6,0
E14-static_continuity-20260931-20260906T142704649499Z,primary,E14,static_continuity,B300 static continuity,20260931,default,5,0.0845495,0.18546334999999997,,0.0148045,0.015499,,,0,0,0,,,,0.02,66.687,60.0,0.029991,277.0,,0.0,0,6,0,6,0,0,0,0,0,6,6,6,0
E14-static_continuity-20260932-20260906T142704789476Z,primary,E14,static_continuity,B300 static continuity,20260932,default,5,0.0828015,0.20299045,,0.014045499999999999,0.01592,,,0,0,0,,,,0.03,93.038,60.0,0.032245,277.0,,0.0,0,6,0,6,0,0,0,0,0,6,6,6,0
E14-static_continuity-20260933-20260906T142704929092Z,primary,E14,static_continuity,B300 static continuity,20260933,default,5,0.083349,0.1865792499999999,,0.016257,0.01592,,,0,0,0,,,,0.02,63.436,60.0,0.031528,277.0,,0.0,0,6,0,6,0,0,0,0,0,6,6,6,0
E14-static_continuity-20260934-20260906T142705075362Z,primary,E14,static_continuity,B300 static continuity,20260934,default,5,0.0972495,0.2068198999999999,,0.020589499999999997,0.020821,,,0,0,0,,,,0.03,87.979,60.00390625,0.034099,277.0,,0.0,0,6,0,6,0,0,0,0,0,6,6,6,0
E14-static_continuity-20260935-20260906T142705230820Z,primary,E14,static_continuity,B300 static continuity,20260935,default,5,0.08864849999999999,0.18205729999999998,,0.017813500000000003,0.021242,,,0,0,0,,,,0.02,56.951,60.0,0.035118,277.0,,0.0,0,6,0,6,0,0,0,0,0,6,6,6,0
E14-static_continuity-20260936-20260906T142705381831Z,primary,E14,static_continuity,B300 static continuity,20260936,default,5,0.0816655,0.17349589999999998,,0.0151635,0.015437,,,0,0,0,,,,0.03,87.265,60.0,0.034378,277.0,,0.0,0,6,0,6,0,0,0,0,0,6,6,6,0
E15-ca_ztcf-20260907-20260906T142719448816Z,primary,E15,ca_ztcf,C CA-ZTCF,20260907,default,5,0.435852,0.5069782,4.049,0.017857,0.019860000000000003,,,2,2,11,,,,0.04,67.165,60.17578125,0.059555,139.0,0.16666666666666666,0.0,12,43,10,53,2,2,0,0,12,55,43,43,10
E15-ca_ztcf-20260908-20260906T142719628559Z,primary,E15,ca_ztcf,C CA-ZTCF,20260908,default,5,0.427713,0.5403684,4.091,0.018048500000000002,0.019646999999999998,,,2,2,12,,,,0.05,83.804,60.2109375,0.059663,180.0,0.4444444444444444,0.0,9,46,5,51,4,4,0,0,9,55,46,46,5
E15-ca_ztcf-20260909-20260906T142719802949Z,primary,E15,ca_ztcf,C CA-ZTCF,20260909,default,5,0.419999,0.4875910999999999,4.049,0.0178145,0.019391,,,4,0,10,,,,0.04,70.64,60.22265625,0.056625,151.0,0.3,0.0,10,45,7,52,3,3,0,0,10,55,45,45,7
E15-ca_ztcf-20260910-20260906T142719978538Z,primary,E15,ca_ztcf,C CA-ZTCF,20260910,default,5,0.426503,0.5086966,4.037,0.017808,0.0190195,,,2,2,11,,,,0.04,65.615,60.22265625,0.060962,139.0,0.25,0.0,8,47,6,53,2,2,0,0,8,55,47,47,6
E15-ca_ztcf-20260911-20260906T142720158282Z,primary,E15,ca_ztcf,C CA-ZTCF,20260911,default,5,0.421828,0.48391839999999997,4.037,0.0177655,0.019083,,,2,1,10,,,,0.05,86.299,60.22265625,0.057938,145.0,0.375,0.0,8,47,5,52,3,3,0,0,8,55,47,47,5
E15-ca_ztcf-20260912-20260906T142720342358Z,primary,E15,ca_ztcf,C CA-ZTCF,20260912,default,5,0.419448,0.47399839999999993,3.953,0.015768,0.018191,,,5,2,14,,,,0.05,87.517,60.23828125,0.057132,186.0,0.38461538461538464,0.0,13,42,8,50,5,5,0,0,13,55,42,42,8
E15-ca_ztcf-20260913-20260906T142720512499Z,primary,E15,ca_ztcf,C CA-ZTCF,20260913,default,5,0.428203,0.5119907999999999,4.123,0.018531,0.020061000000000002,,,6,0,9,,,,0.05,83.09,60.23828125,0.060176,174.0,0.1,0.0,10,45,9,54,1,1,0,0,10,55,45,45,9
E15-ca_ztcf-20260914-20260906T142720694726Z,primary,E15,ca_ztcf,C CA-ZTCF,20260914,default,5,0.430413,0.5334112999999999,4.08,0.018191,0.019125,,,3,0,8,,,,0.05,69.318,60.23828125,0.072131,139.0,0.14285714285714285,0.0,7,48,6,54,1,1,0,0,7,55,48,48,6
E15-ca_ztcf-20260915-20260906T142720887229Z,primary,E15,ca_ztcf,C CA-ZTCF,20260915,default,5,0.413795,0.4872501999999999,3.952,0.017043,0.018742500000000002,,,1,5,10,,,,0.04,75.466,60.23828125,0.053004,279.0,0.75,0.0,8,47,2,49,6,6,0,0,8,55,47,47,2
E15-ca_ztcf-20260916-20260906T142721059716Z,primary,E15,ca_ztcf,C CA-ZTCF,20260916,default,5,0.415815,0.49501329999999993,4.028,0.017596,0.0204575,,,2,6,10,,,,0.04,70.741,60.23828125,0.056544,314.0,0.6363636363636364,0.0,11,44,4,48,7,7,0,0,11,55,44,44,4
E15-ca_ztcf-20260917-20260906T142721222365Z,primary,E15,ca_ztcf,C CA-ZTCF,20260917,default,5,0.420649,0.4743435,3.986,0.017278,0.019547,,,4,0,8,,,,0.04,70.886,60.23828125,0.056429,139.0,0.125,0.0,8,47,7,54,1,1,0,0,8,55,47,47,7
E15-ca_ztcf-20260918-20260906T142721397701Z,primary,E15,ca_ztcf,C CA-ZTCF,20260918,default,5,0.424676,0.4730674999999999,4.071,0.018189,0.019037,,,7,1,11,,,,0.05,89.561,60.23828125,0.055828,209.0,0.16666666666666666,0.0,12,43,10,53,2,2,0,0,12,55,43,43,10
E15-ca_ztcf-20260919-20260906T142721566917Z,primary,E15,ca_ztcf,C CA-ZTCF,20260919,default,5,0.418189,0.4800591999999999,3.985,0.0164935,0.0179775,,,3,0,9,,,,0.04,71.196,60.23828125,0.056183,116.0,0.42857142857142855,0.0,7,48,4,52,3,3,0,0,7,55,48,48,4
E15-ca_ztcf-20260920-20260906T142721745428Z,primary,E15,ca_ztcf,C CA-ZTCF,20260920,default,5,0.431333,0.5163827999999999,4.07,0.018317,0.0195675,,,0,5,12,,,,0.05,82.121,60.23828125,0.060886,285.0,0.7,0.0,10,45,3,48,7,7,0,0,10,55,45,45,3
E15-ca_ztcf-20260921-20260906T142721928096Z,primary,E15,ca_ztcf,C CA-ZTCF,20260921,default,5,0.41433,0.46153909999999987,4.028,0.017235,0.019801,,,7,1,7,,,,0.04,69.863,60.23828125,0.057255,238.0,0.1,0.0,10,45,9,54,1,1,0,0,10,55,45,45,9
E15-ca_ztcf-20260922-20260906T142722100906Z,primary,E15,ca_ztcf,C CA-ZTCF,20260922,default,5,0.417988,0.48995449999999996,4.062,0.019463,0.01959,,,3,1,9,,,,0.04,70.748,60.23828125,0.056539,168.0,0.1,0.0,10,45,9,54,1,1,0,0,10,55,45,45,9
E15-ca_ztcf-20260923-20260906T142722274363Z,primary,E15,ca_ztcf,C CA-ZTCF,20260923,default,5,0.419892,0.4648939999999999,3.935,0.016776,0.019484,,,5,0,9,,,,0.04,72.163,60.23828125,0.05543,139.0,0.125,0.0,8,47,7,54,1,1,0,0,8,55,47,47,7
E15-ca_ztcf-20260924-20260906T142722448358Z,primary,E15,ca_ztcf,C CA-ZTCF,20260924,default,5,0.409907,0.4737706999999999,3.892,0.016628,0.016755,,,8,0,12,,,,0.05,86.085,60.23828125,0.058082,192.0,0.25,0.0,16,39,12,51,4,4,0,0,16,55,39,39,12
E15-ca_ztcf-20260925-20260906T142722626974Z,primary,E15,ca_ztcf,C CA-ZTCF,20260925,default,5,0.409948,0.4988694999999999,3.893,0.016586,0.018109,,,5,1,8,,,,0.04,76.431,60.23828125,0.052335,203.0,0.1111111111111111,0.0,9,46,8,54,1,1,0,0,9,55,46,46,8
E15-ca_ztcf-20260926-20260906T142722803492Z,primary,E15,ca_ztcf,C CA-ZTCF,20260926,default,5,0.418876,0.4934487999999999,4.019,0.016945500000000002,0.0187435,,,4,1,9,,,,0.04,71.704,60.23828125,0.055785,180.0,0.375,0.0,8,47,5,52,3,3,0,0,8,55,47,47,5
E15-ca_ztcf-20260927-20260906T142722968198Z,primary,E15,ca_ztcf,C CA-ZTCF,20260927,default,5,0.420808,0.4610941,3.935,0.019237499999999998,0.01968,,,2,1,8,,,,0.05,87.368,60.23828125,0.057229,168.0,0.125,0.0,8,47,7,54,1,1,0,0,8,55,47,47,7
E15-ca_ztcf-20260928-20260906T142723142930Z,primary,E15,ca_ztcf,C CA-ZTCF,20260928,default,5,0.418527,0.47340119999999997,4.012,0.017104,0.019321,,,3,1,15,,,,0.04,70.749,60.24609375,0.056538,215.0,0.2727272727272727,0.0,11,44,8,52,3,3,0,0,11,55,44,44,8
E15-ca_ztcf-20260929-20260906T142723317273Z,primary,E15,ca_ztcf,C CA-ZTCF,20260929,default,5,0.421611,0.5215379,3.969,0.0175055,0.017822,,,3,2,17,,,,0.04,67.72,60.2421875,0.059067,192.0,0.4,0.0,15,40,9,49,6,6,0,0,15,55,40,40,9
E15-ca_ztcf-20260930-20260906T142723492076Z,primary,E15,ca_ztcf,C CA-ZTCF,20260930,default,5,0.416585,0.4739420999999999,3.97,0.016766,0.01985,,,1,5,11,,,,0.04,73.477,60.24609375,0.054439,244.0,0.5,0.0,10,45,5,50,5,5,0,0,10,55,45,45,5
E15-ca_ztcf-20260931-20260906T142723665119Z,primary,E15,ca_ztcf,C CA-ZTCF,20260931,default,5,0.416331,0.5005269999999999,4.012,0.017569,0.019765,,,3,1,10,,,,0.05,89.458,60.24609375,0.055892,168.0,0.1,0.0,10,45,9,54,1,1,0,0,10,55,45,45,9
E15-ca_ztcf-20260932-20260906T142723836829Z,primary,E15,ca_ztcf,C CA-ZTCF,20260932,default,5,0.443656,0.599474,4.434,0.0219825,0.022257,,,9,0,11,,,,0.07,81.217,60.25,0.086189,145.0,0.14285714285714285,0.0,14,41,12,53,2,2,0,0,14,55,41,41,12
E15-ca_ztcf-20260933-20260906T142724042907Z,primary,E15,ca_ztcf,C CA-ZTCF,20260933,default,5,0.424725,0.5261822,4.006,0.020302,0.021251,,,4,5,13,,,,0.04,66.653,60.265625,0.060012,244.0,0.4166666666666667,0.0,12,43,7,50,5,5,0,0,12,55,43,43,7
E15-ca_ztcf-20260934-20260906T142724212493Z,primary,E15,ca_ztcf,C CA-ZTCF,20260934,default,5,0.42696,0.532481,4.09,0.017983,0.019691,,,3,4,17,,,,0.06,102.69,60.26171875,0.058428,221.0,0.29411764705882354,0.0,17,38,12,50,5,5,0,0,17,55,38,38,12
E15-ca_ztcf-20260935-20260906T142724389131Z,primary,E15,ca_ztcf,C CA-ZTCF,20260935,default,5,0.417389,0.4909783999999999,4.005,0.016782,0.0192485,,,3,0,9,,,,0.04,69.858,60.265625,0.057259,110.0,0.3333333333333333,0.0,6,49,4,53,2,2,0,0,6,55,49,49,4
E15-ca_ztcf-20260936-20260906T142724569327Z,primary,E15,ca_ztcf,C CA-ZTCF,20260936,default,5,0.422659,0.5012575,4.048,0.01792,0.019438,,,3,4,12,,,,0.06,102.902,60.26171875,0.058308,244.0,0.45454545454545453,0.0,11,44,6,50,5,5,0,0,11,55,44,44,6
E15-independent-20260907-20260906T142710458878Z,primary,E15,independent,A independent,20260907,default,5,0.162358,0.2181074,,0.01767,0.019928,,,14,0,7,,,,0.03,70.868,60.15625,0.042332,139.0,0.16666666666666666,0.09302325581395349,12,39,10,49,2,2,4,4,12,55,43,39,10
E15-independent-20260908-20260906T142710616770Z,primary,E15,independent,A independent,20260908,default,5,0.158184,0.2055931,,0.0148175,0.0161805,,,9,0,7,,,,0.04,63.139,60.15625,0.063352,180.0,0.5555555555555556,0.10869565217391304,9,41,4,45,5,5,5,5,9,55,46,41,4
E15-independent-20260909-20260906T142710806663Z,primary,E15,independent,A independent,20260909,default,5,0.155417,0.21582939999999995,,0.014584,0.015073,,,5,0,7,,,,0.02,55.828,60.15625,0.035824,151.0,0.7,0.044444444444444446,10,43,3,46,7,7,2,2,10,55,45,43,3
E15-independent-20260910-20260906T142710963266Z,primary,E15,independent,A independent,20260910,default,5,0.154523,0.2022679,,0.014945,0.016989,,,13,0,7,,,,0.02,56.343,60.15625,0.035497,139.0,0.125,0.1276595744680851,8,41,7,48,1,1,6,6,8,55,47,41,7
E15-independent-20260911-20260906T142711119280Z,primary,E15,independent,A independent,20260911,default,5,0.156963,0.2043622,,0.015437,0.015374,,,7,0,7,,,,0.04,116.819,60.15625,0.034241,145.0,0.5,0.06382978723404255,8,44,4,48,4,4,3,3,8,55,47,44,4
E15-independent-20260912-20260906T142711271534Z,primary,E15,independent,A independent,20260912,default,5,0.161507,0.2047869,,0.015543,0.01635,,,8,0,6,,,,0.03,75.737,60.15625,0.039611,186.0,0.7692307692307693,0.11904761904761904,13,37,3,40,10,10,5,5,13,55,42,37,3
E15-independent-20260913-20260906T142711430356Z,primary,E15,independent,A independent,20260913,default,5,0.158322,0.20553829999999998,,0.014694,0.0165205,,,10,0,8,,,,0.03,82.289,60.15625,0.036457,174.0,0.5,0.1111111111111111,10,40,5,45,5,5,5,5,10,55,45,40,5
E15-independent-20260914-20260906T142711589933Z,primary,E15,independent,A independent,20260914,default,5,0.154627,0.19814539999999997,,0.017412,0.015501,,,10,0,6,,,,0.02,50.841,60.15625,0.039338,139.0,0.42857142857142855,0.125,7,42,4,46,3,3,6,6,7,55,48,42,4
E15-independent-20260915-20260906T142711748937Z,primary,E15,independent,A independent,20260915,default,5,0.163843,0.20967919999999998,,0.01669,0.018198,,,7,0,8,,,,0.03,70.205,60.15625,0.042732,279.0,0.625,0.0851063829787234,8,43,3,46,5,5,4,4,8,55,47,43,3
E15-independent-20260916-20260906T142711909411Z,primary,E15,independent,A independent,20260916,default,5,0.159512,0.20275279999999996,,0.018388,0.017136,,,7,0,6,,,,0.02,53.332,60.15625,0.037501,314.0,0.8181818181818182,0.11363636363636363,11,39,2,41,9,9,5,5,11,55,44,39,2
E15-independent-20260917-20260906T142712063665Z,primary,E15,independent,A independent,20260917,default,5,0.158255,0.1820849,,0.0168425,0.017754,,,9,0,7,,,,0.02,51.268,60.15625,0.039011,139.0,0.5,0.10638297872340426,8,42,4,46,4,4,5,5,8,55,47,42,4
E15-independent-20260918-20260906T142712220975Z,primary,E15,independent,A independent,20260918,default,5,0.153509,0.19995619999999997,,0.014745,0.0145965,,,10,0,8,,,,0.03,86.828,60.15625,0.034551,209.0,0.5833333333333334,0.11627906976744186,12,38,5,43,7,7,5,5,12,55,43,38,5
E15-independent-20260919-20260906T142712374759Z,primary,E15,independent,A independent,20260919,default,5,0.164865,0.1997912,,0.01608,0.0167365,,,6,0,6,,,,0.03,79.271,60.15625,0.037845,116.0,0.5714285714285714,0.0625,7,45,3,48,4,4,3,3,7,55,48,45,3
E15-independent-20260920-20260906T142712528119Z,primary,E15,independent,A independent,20260920,default,5,0.156772,0.1866266,,0.014364,0.0156555,,,8,0,9,,,,0.03,82.115,60.15625,0.036534,285.0,0.5,0.06666666666666667,10,42,5,47,5,5,3,3,10,55,45,42,5
E15-independent-20260921-20260906T142712680756Z,primary,E15,independent,A independent,20260921,default,5,0.167704,0.2155066,,0.019702499999999998,0.020762,,,6,0,6,,,,0.03,69.628,60.15625,0.043086,238.0,0.8,0.08888888888888889,10,41,2,43,8,8,4,4,10,55,45,41,2
E15-independent-20260922-20260906T142712846335Z,primary,E15,independent,A independent,20260922,default,5,0.154569,0.19410929999999996,,0.016906,0.015762,,,12,0,7,,,,0.03,79.7,60.15625,0.037641,168.0,0.3,0.1111111111111111,10,40,7,47,3,3,5,5,10,55,45,40,7
E15-independent-20260923-20260906T142713003686Z,primary,E15,independent,A independent,20260923,default,5,0.15633,0.19180719999999996,,0.0151595,0.0158575,,,8,0,7,,,,0.03,80.182,60.15625,0.037415,139.0,0.625,0.10638297872340426,8,42,3,45,5,5,5,5,8,55,47,42,3
E15-independent-20260924-20260906T142713155472Z,primary,E15,independent,A independent,20260924,default,5,0.15912,0.2020018,,0.015561,0.015942,,,12,0,9,,,,0.03,79.838,60.15625,0.037576,192.0,0.5625,0.1282051282051282,16,34,7,41,9,9,5,5,16,55,39,34,7
E15-independent-20260925-20260906T142713318436Z,primary,E15,independent,A independent,20260925,default,5,0.155695,0.20658119999999996,,0.0172735,0.015899,,,10,0,8,,,,0.03,80.09,60.15625,0.037458,203.0,0.5555555555555556,0.13043478260869565,9,40,4,44,5,5,6,6,9,55,46,40,4
E15-independent-20260926-20260906T142713465040Z,primary,E15,independent,A independent,20260926,default,5,0.158359,0.1852272,,0.015498000000000001,0.01759,,,8,0,7,,,,0.02,54.733,60.15625,0.036541,180.0,0.75,0.1276595744680851,8,41,2,43,6,6,6,6,8,55,47,41,2
E15-independent-20260927-20260906T142713620549Z,primary,E15,independent,A independent,20260927,default,5,0.154849,0.19777309999999992,,0.016364,0.015646,,,10,0,8,,,,0.02,55.788,60.15625,0.03585,168.0,0.375,0.10638297872340426,8,42,5,47,3,3,5,5,8,55,47,42,5
E15-independent-20260928-20260906T142713776259Z,primary,E15,independent,A independent,20260928,default,5,0.15764,0.19992549999999998,,0.014716,0.0161745,,,12,0,7,,,,0.02,53.412,60.15625,0.037445,215.0,0.36363636363636365,0.11363636363636363,11,39,7,46,4,4,5,5,11,55,44,39,7
E15-independent-20260929-20260906T142713948893Z,primary,E15,independent,A independent,20260929,default,5,0.158021,0.20105849999999997,,0.0149905,0.015308,,,13,0,9,,,,0.03,77.793,60.15625,0.038564,192.0,0.26666666666666666,0.05,15,38,11,49,4,4,2,2,15,55,40,38,11
E15-independent-20260930-20260906T142714101655Z,primary,E15,independent,A independent,20260930,default,5,0.15352,0.21662069999999997,,0.016125,0.016041,,,9,0,7,,,,0.03,91.929,60.15625,0.032634,244.0,0.4,0.06666666666666667,10,42,6,48,4,4,3,3,10,55,45,42,6
E15-independent-20260931-20260906T142714251891Z,primary,E15,independent,A independent,20260931,default,5,0.155166,0.1962332,,0.01528,0.01604,,,8,0,6,,,,0.02,53.798,60.15625,0.037176,168.0,0.4,0.044444444444444446,10,43,6,49,4,4,2,2,10,55,45,43,6
E15-independent-20260932-20260906T142714396629Z,primary,E15,independent,A independent,20260932,default,5,0.155631,0.19315209999999997,,0.014689,0.015829,,,8,0,7,,,,0.02,57.239,60.15625,0.034941,145.0,0.7142857142857143,0.0975609756097561,14,37,4,41,10,10,4,4,14,55,41,37,4
E15-independent-20260933-20260906T142714546928Z,primary,E15,independent,A independent,20260933,default,5,0.165339,0.20017129999999997,,0.019417,0.020092,,,12,0,6,,,,0.03,78.627,60.15625,0.038155,244.0,0.5,0.13953488372093023,12,37,6,43,6,6,6,6,12,55,43,37,6
E15-independent-20260934-20260906T142714704085Z,primary,E15,independent,A independent,20260934,default,5,0.153056,0.19089409999999998,,0.014415,0.014647,,,16,0,9,,,,0.02,54.121,60.15625,0.036954,221.0,0.29411764705882354,0.10526315789473684,17,34,12,46,5,5,4,4,17,55,38,34,12
E15-independent-20260935-20260906T142714859535Z,primary,E15,independent,A independent,20260935,default,5,0.162891,0.18696439999999998,,0.016969,0.019164,,,7,0,6,,,,0.02,52.281,60.15625,0.038255,110.0,0.8333333333333334,0.12244897959183673,6,43,1,44,5,5,6,6,6,55,49,43,1
E15-independent-20260936-20260906T142715010232Z,primary,E15,independent,A independent,20260936,default,5,0.161037,0.20046019999999998,,0.017617,0.019218,,,11,0,6,,,,0.02,47.435,60.15625,0.042163,244.0,0.5454545454545454,0.13636363636363635,11,38,5,43,6,6,6,6,11,55,44,38,5
E15-static_continuity-20260907-20260906T142715156742Z,primary,E15,static_continuity,B300 static continuity,20260907,default,5,0.081382,0.17752839999999998,,0.016226,0.016542,,,0,0,0,,,,0.01,28.387,60.15625,0.035227,139.0,1.0,0.0,12,43,0,43,12,12,0,0,12,55,43,43,0
E15-static_continuity-20260908-20260906T142715302888Z,primary,E15,static_continuity,B300 static continuity,20260908,default,5,0.074598,0.20341869999999995,,0.013212499999999999,0.014118499999999999,,,0,0,0,,,,0.02,57.927,60.16015625,0.034526,180.0,1.0,0.0,9,46,0,46,9,9,0,0,9,55,46,46,0
E15-static_continuity-20260909-20260906T142715455376Z,primary,E15,static_continuity,B300 static continuity,20260909,default,5,0.079992,0.20280309999999996,,0.015551500000000001,0.015636,,,0,0,0,,,,0.03,98.425,60.16015625,0.03048,151.0,1.0,0.0,10,45,0,45,10,10,0,0,10,55,45,45,0
E15-static_continuity-20260910-20260906T142715597388Z,primary,E15,static_continuity,B300 static continuity,20260910,default,5,0.076873,0.1776217,,0.015636,0.016288999999999998,,,0,0,0,,,,0.03,89.185,60.16015625,0.033638,139.0,1.0,0.0,8,47,0,47,8,8,0,0,8,55,47,47,0
E15-static_continuity-20260911-20260906T142715747632Z,primary,E15,static_continuity,B300 static continuity,20260911,default,5,0.080961,0.1622259,,0.01572,0.015594,,,0,0,0,,,,0.02,56.191,60.16015625,0.035593,145.0,1.0,0.0,8,47,0,47,8,8,0,0,8,55,47,47,0
E15-static_continuity-20260912-20260906T142715887890Z,primary,E15,static_continuity,B300 static continuity,20260912,default,5,0.077505,0.17645849999999993,,0.014329,0.015509,,,0,0,0,,,,0.03,84.774,60.16015625,0.035388,186.0,1.0,0.0,13,42,0,42,13,13,0,0,13,55,42,42,0
E15-static_continuity-20260913-20260906T142716037219Z,primary,E15,static_continuity,B300 static continuity,20260913,default,5,0.081356,0.18826839999999997,,0.01532,0.017655999999999998,,,0,0,0,,,,0.02,67.937,60.16015625,0.029439,174.0,1.0,0.0,10,45,0,45,10,10,0,0,10,55,45,45,0
E15-static_continuity-20260914-20260906T142716184180Z,primary,E15,static_continuity,B300 static continuity,20260914,default,5,0.077316,0.17479609999999995,,0.014604,0.015657,,,0,0,0,,,,0.02,58.02,60.16015625,0.034471,139.0,1.0,0.0,7,48,0,48,7,7,0,0,7,55,48,48,0
E15-static_continuity-20260915-20260906T142716340246Z,primary,E15,static_continuity,B300 static continuity,20260915,default,5,0.075885,0.16246829999999998,,0.014226,0.015362500000000001,,,0,0,0,,,,0.02,58.912,60.16015625,0.033949,279.0,1.0,0.0,8,47,0,47,8,8,0,0,8,55,47,47,0
E15-static_continuity-20260916-20260906T142716495242Z,primary,E15,static_continuity,B300 static continuity,20260916,default,5,0.075843,0.18106289999999992,,0.013763,0.014605,,,0,1,2,,,,0.02,63.54,60.16015625,0.031476,314.0,1.0,0.0,11,44,0,44,11,11,0,0,11,55,44,44,0
E15-static_continuity-20260917-20260906T142716636175Z,primary,E15,static_continuity,B300 static continuity,20260917,default,5,0.076895,0.17274549999999994,,0.016351,0.016246,,,0,0,0,,,,0.02,58.541,60.16015625,0.034164,139.0,1.0,0.0,8,47,0,47,8,8,0,0,8,55,47,47,0
E15-static_continuity-20260918-20260906T142716788415Z,primary,E15,static_continuity,B300 static continuity,20260918,default,5,0.079294,0.1834578,,0.016119,0.015678,,,0,0,0,,,,0.02,59.187,60.16015625,0.033791,209.0,1.0,0.0,12,43,0,43,12,12,0,0,12,55,43,43,0
E15-static_continuity-20260919-20260906T142716939275Z,primary,E15,static_continuity,B300 static continuity,20260919,default,5,0.076095,0.19694219999999998,,0.0136365,0.014184,,,0,0,0,,,,0.02,67.774,60.16015625,0.02951,116.0,1.0,0.0,7,48,0,48,7,7,0,0,7,55,48,48,0
E15-static_continuity-20260920-20260906T142717089543Z,primary,E15,static_continuity,B300 static continuity,20260920,default,5,0.082058,0.20246719999999996,,0.015512,0.015932500000000002,,,0,0,0,,,,0.02,55.793,60.16015625,0.035847,285.0,1.0,0.0,10,45,0,45,10,10,0,0,10,55,45,45,0
E15-static_continuity-20260921-20260906T142717232535Z,primary,E15,static_continuity,B300 static continuity,20260921,default,5,0.076552,0.1808089999999999,,0.015365,0.015722,,,0,0,0,,,,0.02,58.367,60.16015625,0.034266,238.0,1.0,0.0,10,45,0,45,10,10,0,0,10,55,45,45,0
E15-static_continuity-20260922-20260906T142717382588Z,primary,E15,static_continuity,B300 static continuity,20260922,default,5,0.075668,0.18272209999999997,,0.015428,0.01526,,,0,0,0,,,,0.02,58.312,60.16015625,0.034298,168.0,1.0,0.0,10,45,0,45,10,10,0,0,10,55,45,45,0
E15-static_continuity-20260923-20260906T142717521295Z,primary,E15,static_continuity,B300 static continuity,20260923,default,5,0.076299,0.17821219999999993,,0.0145665,0.0154065,,,0,0,0,,,,0.03,87.334,60.16015625,0.034351,139.0,1.0,0.0,8,47,0,47,8,8,0,0,8,55,47,47,0
E15-static_continuity-20260924-20260906T142717675230Z,primary,E15,static_continuity,B300 static continuity,20260924,default,5,0.07714,0.1678026,,0.015764,0.015596,,,0,0,0,,,,0.02,58.326,60.16015625,0.03429,192.0,1.0,0.0,16,39,0,39,16,16,0,0,16,55,39,39,0
E15-static_continuity-20260925-20260906T142717825329Z,primary,E15,static_continuity,B300 static continuity,20260925,default,5,0.078148,0.18911630000000001,,0.015449000000000001,0.016101,,,0,0,0,,,,0.02,61.117,60.16015625,0.032724,203.0,1.0,0.0,9,46,0,46,9,9,0,0,9,55,46,46,0
E15-static_continuity-20260926-20260906T142717970358Z,primary,E15,static_continuity,B300 static continuity,20260926,default,5,0.079032,0.17247319999999994,,0.0147475,0.0152595,,,0,0,0,,,,0.02,57.159,60.16015625,0.03499,180.0,1.0,0.0,8,47,0,47,8,8,0,0,8,55,47,47,0
E15-static_continuity-20260927-20260906T142718120658Z,primary,E15,static_continuity,B300 static continuity,20260927,default,5,0.076261,0.1912207,,0.015223,0.015202,,,0,0,0,,,,0.03,75.273,60.16015625,0.039855,168.0,1.0,0.0,8,47,0,47,8,8,0,0,8,55,47,47,0
E15-static_continuity-20260928-20260906T142718275326Z,primary,E15,static_continuity,B300 static continuity,20260928,default,5,0.077647,0.17126039999999998,,0.014572,0.014824,,,0,0,0,,,,0.02,70.41,60.16015625,0.028405,215.0,1.0,0.0,11,44,0,44,11,11,0,0,11,55,44,44,0
E15-static_continuity-20260929-20260906T142718420322Z,primary,E15,static_continuity,B300 static continuity,20260929,default,5,0.078991,0.18080119999999997,,0.013984,0.014698,,,0,0,0,,,,0.02,61.482,60.16015625,0.03253,192.0,1.0,0.0,15,40,0,40,15,15,0,0,15,55,40,40,0
E15-static_continuity-20260930-20260906T142718421390Z,primary,E15,static_continuity,B300 static continuity,20260930,default,5,0.078498,0.1928924,,0.015466,0.01482,,,0,0,0,,,,0.02,63.814,60.17578125,0.031341,244.0,1.0,0.0,10,45,0,45,10,10,0,0,10,55,45,45,0
E15-static_continuity-20260931-20260906T142718565309Z,primary,E15,static_continuity,B300 static continuity,20260931,default,5,0.079373,0.19655279999999997,,0.016091,0.017175,,,0,0,0,,,,0.02,60.203,60.17578125,0.033221,168.0,1.0,0.0,10,45,0,45,10,10,0,0,10,55,45,45,0
E15-static_continuity-20260932-20260906T142718703166Z,primary,E15,static_continuity,B300 static continuity,20260932,default,5,0.077414,0.18400829999999999,,0.016091,0.016008,,,0,0,0,,,,0.04,102.762,60.17578125,0.038925,145.0,1.0,0.0,14,41,0,41,14,14,0,0,14,55,41,41,0
E15-static_continuity-20260933-20260906T142718847087Z,primary,E15,static_continuity,B300 static continuity,20260933,default,5,0.078331,0.18843559999999993,,0.0139865,0.015258,,,0,0,0,,,,0.02,63.04,60.17578125,0.031726,244.0,1.0,0.0,12,43,0,43,12,12,0,0,12,55,43,43,0
E15-static_continuity-20260934-20260906T142718991076Z,primary,E15,static_continuity,B300 static continuity,20260934,default,5,0.081869,0.1889207,,0.016961999999999998,0.015982,,,0,0,0,,,,0.02,53.485,60.17578125,0.037394,221.0,1.0,0.0,17,38,0,38,17,17,0,0,17,55,38,38,0
E15-static_continuity-20260935-20260906T142719150995Z,primary,E15,static_continuity,B300 static continuity,20260935,default,5,0.07586,0.16914249999999997,,0.016493,0.014916,,,0,0,0,,,,0.02,52.252,60.17578125,0.038276,110.0,1.0,0.0,6,49,0,49,6,6,0,0,6,55,49,49,0
E15-static_continuity-20260936-20260906T142719296308Z,primary,E15,static_continuity,B300 static continuity,20260936,default,5,0.075391,0.18131750000000002,,0.014277,0.015172,,,0,0,0,,,,0.02,62.504,60.17578125,0.031998,244.0,1.0,0.0,11,44,0,44,11,11,0,0,11,55,44,44,0
E03-static_continuity_ttl1800-20260907-20260906T142729856564Z,sensitivity,E03,static_continuity_ttl1800,B1800 static continuity,20260907,default,1,0.109434,0.221907,,0.028774,0.032924499999999995,0.396747,,0,0,0,4,,3,0.01,72.69,60.07421875,0.013757,30.0,,0.16666666666666666,0,5,0,5,0,0,1,1,0,6,6,5,0
E03-static_continuity_ttl1800-20260908-20260906T142729982957Z,sensitivity,E03,static_continuity_ttl1800,B1800 static continuity,20260908,default,1,0.122374,0.2332387,,0.028986,0.030902,0.526059,,0,0,0,4,,3,0.02,144.938,60.07421875,0.013799,30.0,,0.16666666666666666,0,5,0,5,0,0,1,1,0,6,6,5,0
E03-static_continuity_ttl1800-20260909-20260906T142730120451Z,sensitivity,E03,static_continuity_ttl1800,B1800 static continuity,20260909,default,1,0.141419,0.204311,,0.027638,0.028997000000000002,0.506151,,0,0,0,4,,3,0.01,60.946,60.08984375,0.016408,30.0,,0.16666666666666666,0,5,0,5,0,0,1,1,0,6,6,5,0
E03-static_continuity_ttl1800-20260910-20260906T142730244575Z,sensitivity,E03,static_continuity_ttl1800,B1800 static continuity,20260910,default,1,0.119511,0.2011275,,0.02802,0.032733,0.532515,,0,0,0,4,,3,0.01,63.448,60.08984375,0.015761,30.0,,0.16666666666666666,0,5,0,5,0,0,1,1,0,6,6,5,0
E03-static_continuity_ttl1800-20260911-20260906T142730391171Z,sensitivity,E03,static_continuity_ttl1800,B1800 static continuity,20260911,default,1,0.125243,0.2244347,,0.030228,0.0365115,0.485305,,0,0,0,4,,3,0.01,70.205,60.08984375,0.014244,30.0,,0.16666666666666666,0,5,0,5,0,0,1,1,0,6,6,5,0
E03-static_continuity_ttl1800-20260912-20260906T142730518179Z,sensitivity,E03,static_continuity_ttl1800,B1800 static continuity,20260912,default,1,0.122781,0.23225159999999997,,0.029337,0.0332,0.590424,,0,0,0,4,,3,0.01,61.113,60.08984375,0.016363,30.0,,0.16666666666666666,0,5,0,5,0,0,1,1,0,6,6,5,0
E03-static_continuity_ttl1800-20260913-20260906T142730659811Z,sensitivity,E03,static_continuity_ttl1800,B1800 static continuity,20260913,default,1,0.128469,0.2212806,,0.030015,0.036108,0.521519,,0,0,0,4,,3,0.02,123.434,60.08984375,0.016203,30.0,,0.16666666666666666,0,5,0,5,0,0,1,1,0,6,6,5,0
E03-static_continuity_ttl1800-20260914-20260906T142730808924Z,sensitivity,E03,static_continuity_ttl1800,B1800 static continuity,20260914,default,1,0.113313,0.2053596,,0.029889,0.0229045,0.49299,,0,0,0,4,,3,0.01,70.166,60.09375,0.014252,30.0,,0.16666666666666666,0,5,0,5,0,0,1,1,0,6,6,5,0
E03-static_continuity_ttl1800-20260915-20260906T142730942032Z,sensitivity,E03,static_continuity_ttl1800,B1800 static continuity,20260915,default,1,0.121847,0.2093855,,0.028954,0.026321999999999998,0.50925,,0,0,0,4,,3,0.01,70.607,60.10546875,0.014163,30.0,,0.16666666666666666,0,5,0,5,0,0,1,1,0,6,6,5,0
E03-static_continuity_ttl1800-20260916-20260906T142731064916Z,sensitivity,E03,static_continuity_ttl1800,B1800 static continuity,20260916,default,1,0.137159,0.21443479999999998,,0.029228,0.026983,0.561811,,0,0,0,4,,3,0.01,71.638,60.10546875,0.013959,30.0,,0.16666666666666666,0,5,0,5,0,0,1,1,0,6,6,5,0
E03-static_continuity_ttl1800-20260917-20260906T142731203800Z,sensitivity,E03,static_continuity_ttl1800,B1800 static continuity,20260917,default,1,0.119537,0.20874589999999998,,0.030245,0.028909999999999998,0.440705,,0,0,0,4,,3,0.01,75.199,60.10546875,0.013298,30.0,,0.16666666666666666,0,5,0,5,0,0,1,1,0,6,6,5,0
E03-static_continuity_ttl1800-20260918-20260906T142731340478Z,sensitivity,E03,static_continuity_ttl1800,B1800 static continuity,20260918,default,1,0.104797,0.20197359999999998,,0.02855,0.024801,0.468578,,0,0,0,4,,3,0.02,144.865,60.10546875,0.013806,30.0,,0.16666666666666666,0,5,0,5,0,0,1,1,0,6,6,5,0
E03-static_continuity_ttl1800-20260919-20260906T142731472539Z,sensitivity,E03,static_continuity_ttl1800,B1800 static continuity,20260919,default,1,0.123774,0.20280389999999998,,0.028,0.029016,0.553846,,0,0,0,4,,3,0.02,112.924,60.10546875,0.017711,30.0,,0.16666666666666666,0,5,0,5,0,0,1,1,0,6,6,5,0
E03-static_continuity_ttl1800-20260920-20260906T142731606489Z,sensitivity,E03,static_continuity_ttl1800,B1800 static continuity,20260920,default,1,0.154145,0.2059544,,0.028889,0.0295665,0.51153,,0,0,0,4,,3,0.01,69.716,60.10546875,0.014344,30.0,,0.16666666666666666,0,5,0,5,0,0,1,1,0,6,6,5,0
E03-static_continuity_ttl1800-20260921-20260906T142731742755Z,sensitivity,E03,static_continuity_ttl1800,B1800 static continuity,20260921,default,1,0.131059,0.21817089999999997,,0.042147,0.0301595,0.502041,,0,0,0,4,,3,0.01,71.266,60.10546875,0.014032,30.0,,0.16666666666666666,0,5,0,5,0,0,1,1,0,6,6,5,0
E03-static_continuity_ttl1800-20260922-20260906T142731874715Z,sensitivity,E03,static_continuity_ttl1800,B1800 static continuity,20260922,default,1,0.118437,0.2005539,,0.038039,0.028338000000000002,0.500474,,0,0,0,4,,3,0.01,62.798,60.10546875,0.015924,30.0,,0.16666666666666666,0,5,0,5,0,0,1,1,0,6,6,5,0
E03-static_continuity_ttl1800-20260923-20260906T142732010879Z,sensitivity,E03,static_continuity_ttl1800,B1800 static continuity,20260923,default,1,0.144877,0.20042680000000002,,0.029678,0.0306075,0.531358,,0,0,0,4,,3,0.01,71.849,60.10546875,0.013918,30.0,,0.16666666666666666,0,5,0,5,0,0,1,1,0,6,6,5,0
E03-static_continuity_ttl1800-20260924-20260906T142732129957Z,sensitivity,E03,static_continuity_ttl1800,B1800 static continuity,20260924,default,1,0.137183,0.21582769999999998,,0.028832,0.0268025,0.507472,,0,0,0,4,,3,0.01,66.596,60.10546875,0.015016,30.0,,0.16666666666666666,0,5,0,5,0,0,1,1,0,6,6,5,0
E03-static_continuity_ttl1800-20260925-20260906T142732268768Z,sensitivity,E03,static_continuity_ttl1800,B1800 static continuity,20260925,default,1,0.105138,0.2127375,,0.031453,0.0289795,0.365258,,0,0,0,4,,3,0.01,76.156,60.11328125,0.013131,30.0,,0.16666666666666666,0,5,0,5,0,0,1,1,0,6,6,5,0
E03-static_continuity_ttl1800-20260926-20260906T142732403085Z,sensitivity,E03,static_continuity_ttl1800,B1800 static continuity,20260926,default,1,0.103321,0.20905569999999998,,0.04033,0.028493499999999998,0.475977,,0,0,0,4,,3,0.01,56.76,60.13671875,0.017618,30.0,,0.16666666666666666,0,5,0,5,0,0,1,1,0,6,6,5,0
E03-static_continuity_ttl1800-20260927-20260906T142732539625Z,sensitivity,E03,static_continuity_ttl1800,B1800 static continuity,20260927,default,1,0.132829,0.2110552,,0.033102,0.0281555,0.504809,,0,0,0,4,,3,0.02,136.949,60.14453125,0.014604,30.0,,0.16666666666666666,0,5,0,5,0,0,1,1,0,6,6,5,0
E03-static_continuity_ttl1800-20260928-20260906T142732672132Z,sensitivity,E03,static_continuity_ttl1800,B1800 static continuity,20260928,default,1,0.120147,0.1978395,,0.029888,0.026908500000000002,0.577776,,0,0,0,4,,3,0.01,58.228,60.14453125,0.017174,30.0,,0.16666666666666666,0,5,0,5,0,0,1,1,0,6,6,5,0
E03-static_continuity_ttl1800-20260929-20260906T142732807408Z,sensitivity,E03,static_continuity_ttl1800,B1800 static continuity,20260929,default,1,0.122091,0.1997466,,0.028748,0.0305435,0.488956,,0,0,0,4,,3,0.01,59.719,60.14453125,0.016745,30.0,,0.16666666666666666,0,5,0,5,0,0,1,1,0,6,6,5,0
E03-static_continuity_ttl1800-20260930-20260906T142732932573Z,sensitivity,E03,static_continuity_ttl1800,B1800 static continuity,20260930,default,1,0.139678,0.22532289999999996,,0.029381,0.0317065,0.52954,,0,0,0,4,,3,0.01,66.667,60.14453125,0.015,30.0,,0.16666666666666666,0,5,0,5,0,0,1,1,0,6,6,5,0
E03-static_continuity_ttl1800-20260931-20260906T142733067765Z,sensitivity,E03,static_continuity_ttl1800,B1800 static continuity,20260931,default,1,0.103521,0.199956,,0.027684,0.022409,0.439025,,0,0,0,4,,3,0.01,57.59,60.14453125,0.017364,30.0,,0.16666666666666666,0,5,0,5,0,0,1,1,0,6,6,5,0
E03-static_continuity_ttl1800-20260932-20260906T142733197971Z,sensitivity,E03,static_continuity_ttl1800,B1800 static continuity,20260932,default,1,0.127703,0.20450089999999999,,0.02798,0.0291825,0.410961,,0,0,0,4,,3,0.01,76.552,60.14453125,0.013063,30.0,,0.16666666666666666,0,5,0,5,0,0,1,1,0,6,6,5,0
E03-static_continuity_ttl1800-20260933-20260906T142733341564Z,sensitivity,E03,static_continuity_ttl1800,B1800 static continuity,20260933,default,1,0.118376,0.2181158,,0.028781,0.02703,0.496293,,0,0,0,4,,3,0.01,64.671,60.14453125,0.015463,30.0,,0.16666666666666666,0,5,0,5,0,0,1,1,0,6,6,5,0
E03-static_continuity_ttl1800-20260934-20260906T142733475543Z,sensitivity,E03,static_continuity_ttl1800,B1800 static continuity,20260934,default,1,0.123651,0.2271888,,0.027769,0.0276,0.54301,,0,0,0,4,,3,0.01,58.665,60.14453125,0.017046,30.0,,0.16666666666666666,0,5,0,5,0,0,1,1,0,6,6,5,0
E03-static_continuity_ttl1800-20260935-20260906T142733612300Z,sensitivity,E03,static_continuity_ttl1800,B1800 static continuity,20260935,default,1,0.121119,0.21956729999999997,,0.029668,0.0353015,0.525496,,0,0,0,4,,3,0.01,62.131,60.14453125,0.016095,30.0,,0.16666666666666666,0,5,0,5,0,0,1,1,0,6,6,5,0
E03-static_continuity_ttl1800-20260936-20260906T142733739618Z,sensitivity,E03,static_continuity_ttl1800,B1800 static continuity,20260936,default,1,0.105251,0.2136128,,0.030006,0.0295625,0.476247,,0,0,0,4,,3,0.0,0.0,60.14453125,0.015929,30.0,,0.16666666666666666,0,5,0,5,0,0,1,1,0,6,6,5,0
E03-static_continuity_ttl30-20260907-20260906T142725991293Z,sensitivity,E03,static_continuity_ttl30,B30 static continuity,20260907,default,1,0.122373,0.24685469999999995,,0.038562,0.030888,0.419519,,0,0,0,4,,3,0.01,68.719,59.43359375,0.014552,30.0,,0.16666666666666666,0,5,0,5,0,0,1,1,0,6,6,5,0
E03-static_continuity_ttl30-20260908-20260906T142726128697Z,sensitivity,E03,static_continuity_ttl30,B30 static continuity,20260908,default,1,0.13377,0.20647469999999998,,0.030657,0.0255475,0.509386,,0,0,0,4,,3,0.01,57.86,59.85546875,0.017283,30.0,,0.16666666666666666,0,5,0,5,0,0,1,1,0,6,6,5,0
E03-static_continuity_ttl30-20260909-20260906T142726269475Z,sensitivity,E03,static_continuity_ttl30,B30 static continuity,20260909,default,1,0.146933,0.21475609999999998,,0.031792,0.024685,0.454886,,0,0,0,4,,3,0.01,61.399,59.88671875,0.016287,30.0,,0.16666666666666666,0,5,0,5,0,0,1,1,0,6,6,5,0
E03-static_continuity_ttl30-20260910-20260906T142726391895Z,sensitivity,E03,static_continuity_ttl30,B30 static continuity,20260910,default,1,0.141802,0.20549949999999997,,0.0291,0.028638499999999997,0.487308,,0,0,0,4,,3,0.01,76.888,59.91015625,0.013006,30.0,,0.16666666666666666,0,5,0,5,0,0,1,1,0,6,6,5,0
E03-static_continuity_ttl30-20260911-20260906T142726523831Z,sensitivity,E03,static_continuity_ttl30,B30 static continuity,20260911,default,1,0.13911,0.22021799999999997,,0.037722,0.028784999999999998,0.513297,,0,0,0,4,,3,0.02,124.409,59.92578125,0.016076,30.0,,0.16666666666666666,0,5,0,5,0,0,1,1,0,6,6,5,0
E03-static_continuity_ttl30-20260912-20260906T142726655380Z,sensitivity,E03,static_continuity_ttl30,B30 static continuity,20260912,default,1,0.143989,0.20378770000000002,,0.033853,0.034736,0.632559,,0,0,0,4,,3,0.01,60.354,59.9375,0.016569,30.0,,0.16666666666666666,0,5,0,5,0,0,1,1,0,6,6,5,0
E03-static_continuity_ttl30-20260913-20260906T142726790348Z,sensitivity,E03,static_continuity_ttl30,B30 static continuity,20260913,default,1,0.134527,0.206059,,0.030194,0.027524,0.530118,,0,0,0,4,,3,0.01,72.908,59.94140625,0.013716,30.0,,0.16666666666666666,0,5,0,5,0,0,1,1,0,6,6,5,0
E03-static_continuity_ttl30-20260914-20260906T142726917062Z,sensitivity,E03,static_continuity_ttl30,B30 static continuity,20260914,default,1,0.103702,0.2171686,,0.028007,0.021384,0.444709,,0,0,0,4,,3,0.01,73.632,59.94140625,0.013581,30.0,,0.16666666666666666,0,5,0,5,0,0,1,1,0,6,6,5,0
E03-static_continuity_ttl30-20260915-20260906T142727055325Z,sensitivity,E03,static_continuity_ttl30,B30 static continuity,20260915,default,1,0.119678,0.21381619999999998,,0.032472,0.029594000000000002,0.448762,,0,0,0,4,,3,0.02,122.347,59.953125,0.016347,30.0,,0.16666666666666666,0,5,0,5,0,0,1,1,0,6,6,5,0
E03-static_continuity_ttl30-20260916-20260906T142727193608Z,sensitivity,E03,static_continuity_ttl30,B30 static continuity,20260916,default,1,0.115142,0.2180507,,0.033984,0.0279135,0.477117,,0,0,0,4,,3,0.01,73.003,59.98046875,0.013698,30.0,,0.16666666666666666,0,5,0,5,0,0,1,1,0,6,6,5,0
E03-static_continuity_ttl30-20260917-20260906T142727325018Z,sensitivity,E03,static_continuity_ttl30,B30 static continuity,20260917,default,1,0.125601,0.2024619,,0.028397,0.029258,0.520889,,0,0,0,4,,3,0.01,58.449,59.9921875,0.017109,30.0,,0.16666666666666666,0,5,0,5,0,0,1,1,0,6,6,5,0
E03-static_continuity_ttl30-20260918-20260906T142727459217Z,sensitivity,E03,static_continuity_ttl30,B30 static continuity,20260918,default,1,0.128836,0.2212723,,0.029027,0.030392500000000003,0.419778,,0,0,0,4,,3,0.01,76.028,59.9921875,0.013153,30.0,,0.16666666666666666,0,5,0,5,0,0,1,1,0,6,6,5,0
E03-static_continuity_ttl30-20260919-20260906T142727585702Z,sensitivity,E03,static_continuity_ttl30,B30 static continuity,20260919,default,1,0.11909,0.2237015,,0.031506,0.028985,0.432212,,0,0,0,4,,3,0.01,68.259,59.9921875,0.01465,30.0,,0.16666666666666666,0,5,0,5,0,0,1,1,0,6,6,5,0
E03-static_continuity_ttl30-20260920-20260906T142727722630Z,sensitivity,E03,static_continuity_ttl30,B30 static continuity,20260920,default,1,0.128038,0.21038079999999998,,0.035749,0.029804,0.505851,,0,0,0,4,,3,0.01,61.87,60.0078125,0.016163,30.0,,0.16666666666666666,0,5,0,5,0,0,1,1,0,6,6,5,0
E03-static_continuity_ttl30-20260921-20260906T142727853143Z,sensitivity,E03,static_continuity_ttl30,B30 static continuity,20260921,default,1,0.13039,0.22203340000000002,,0.027977,0.0308965,0.595662,,0,0,0,4,,3,0.01,56.583,60.015625,0.017673,30.0,,0.16666666666666666,0,5,0,5,0,0,1,1,0,6,6,5,0
E03-static_continuity_ttl30-20260922-20260906T142727984769Z,sensitivity,E03,static_continuity_ttl30,B30 static continuity,20260922,default,1,0.134675,0.2043143,,0.028607,0.025981999999999998,0.452796,,0,0,0,4,,3,0.01,61.233,60.015625,0.016331,30.0,,0.16666666666666666,0,5,0,5,0,0,1,1,0,6,6,5,0
E03-static_continuity_ttl30-20260923-20260906T142728117415Z,sensitivity,E03,static_continuity_ttl30,B30 static continuity,20260923,default,1,0.11948,0.2231609,,0.032777,0.028517,0.487239,,0,0,0,4,,3,0.02,131.726,60.015625,0.015183,30.0,,0.16666666666666666,0,5,0,5,0,0,1,1,0,6,6,5,0
E03-static_continuity_ttl30-20260924-20260906T142728253268Z,sensitivity,E03,static_continuity_ttl30,B30 static continuity,20260924,default,1,0.102106,0.22818429999999998,,0.028916,0.024005,0.446112,,0,0,0,4,,3,0.01,65.604,60.015625,0.015243,30.0,,0.16666666666666666,0,5,0,5,0,0,1,1,0,6,6,5,0
E03-static_continuity_ttl30-20260925-20260906T142728386335Z,sensitivity,E03,static_continuity_ttl30,B30 static continuity,20260925,default,1,0.102568,0.2050393,,0.031979,0.0219065,0.456477,,0,0,0,4,,3,0.01,67.213,60.015625,0.014878,30.0,,0.16666666666666666,0,5,0,5,0,0,1,1,0,6,6,5,0
E03-static_continuity_ttl30-20260926-20260906T142728400321Z,sensitivity,E03,static_continuity_ttl30,B30 static continuity,20260926,default,1,0.114057,0.2147202,,0.028472,0.0311615,0.428506,,0,0,0,4,,3,0.01,61.648,60.01953125,0.016221,30.0,,0.16666666666666666,0,5,0,5,0,0,1,1,0,6,6,5,0
E03-static_continuity_ttl30-20260927-20260906T142728532120Z,sensitivity,E03,static_continuity_ttl30,B30 static continuity,20260927,default,1,0.118768,0.1992451,,0.027555,0.0385195,0.50321,,0,0,0,4,,3,0.01,72.181,60.03515625,0.013854,30.0,,0.16666666666666666,0,5,0,5,0,0,1,1,0,6,6,5,0
E03-static_continuity_ttl30-20260928-20260906T142728649810Z,sensitivity,E03,static_continuity_ttl30,B30 static continuity,20260928,default,1,0.118225,0.2089468,,0.027973,0.033350000000000005,0.542021,,0,0,0,4,,3,0.01,72.606,60.046875,0.013773,30.0,,0.16666666666666666,0,5,0,5,0,0,1,1,0,6,6,5,0
E03-static_continuity_ttl30-20260929-20260906T142728773925Z,sensitivity,E03,static_continuity_ttl30,B30 static continuity,20260929,default,1,0.100341,0.19627650000000002,,0.028556,0.025513,0.467108,,0,0,0,4,,3,0.01,64.21,60.046875,0.015574,30.0,,0.16666666666666666,0,5,0,5,0,0,1,1,0,6,6,5,0
E03-static_continuity_ttl30-20260930-20260906T142728908220Z,sensitivity,E03,static_continuity_ttl30,B30 static continuity,20260930,default,1,0.111931,0.21154299999999998,,0.027472,0.029702,0.434967,,0,0,0,4,,3,0.01,77.857,60.046875,0.012844,30.0,,0.16666666666666666,0,5,0,5,0,0,1,1,0,6,6,5,0
E03-static_continuity_ttl30-20260931-20260906T142729041747Z,sensitivity,E03,static_continuity_ttl30,B30 static continuity,20260931,default,1,0.122331,0.20040419999999998,,0.02822,0.028476,0.50286,,0,0,0,4,,3,0.01,58.875,60.05859375,0.016985,30.0,,0.16666666666666666,0,5,0,5,0,0,1,1,0,6,6,5,0
E03-static_continuity_ttl30-20260932-20260906T142729181324Z,sensitivity,E03,static_continuity_ttl30,B30 static continuity,20260932,default,1,0.105774,0.2251428,,0.030391,0.024432000000000002,0.482388,,0,0,0,4,,3,0.01,62.058,60.06640625,0.016114,30.0,,0.16666666666666666,0,5,0,5,0,0,1,1,0,6,6,5,0
E03-static_continuity_ttl30-20260933-20260906T142729318085Z,sensitivity,E03,static_continuity_ttl30,B30 static continuity,20260933,default,1,0.105008,0.19733089999999998,,0.03469,0.0284335,0.49073,,0,0,0,4,,3,0.01,59.88,60.06640625,0.0167,30.0,,0.16666666666666666,0,5,0,5,0,0,1,1,0,6,6,5,0
E03-static_continuity_ttl30-20260934-20260906T142729452996Z,sensitivity,E03,static_continuity_ttl30,B30 static continuity,20260934,default,1,0.129737,0.20014849999999998,,0.02805,0.032456,0.419987,,0,0,0,4,,3,0.01,76.681,60.06640625,0.013041,30.0,,0.16666666666666666,0,5,0,5,0,0,1,1,0,6,6,5,0
E03-static_continuity_ttl30-20260935-20260906T142729588619Z,sensitivity,E03,static_continuity_ttl30,B30 static continuity,20260935,default,1,0.123566,0.2101046,,0.03086,0.0268795,0.492518,,0,0,0,4,,3,0.01,65.694,60.06640625,0.015222,30.0,,0.16666666666666666,0,5,0,5,0,0,1,1,0,6,6,5,0
E03-static_continuity_ttl30-20260936-20260906T142729719247Z,sensitivity,E03,static_continuity_ttl30,B30 static continuity,20260936,default,1,0.154851,0.20082119999999998,,0.028263,0.03037,0.535977,,0,0,0,4,,3,0.01,60.176,60.07421875,0.016618,30.0,,0.16666666666666666,0,5,0,5,0,0,1,1,0,6,6,5,0
E04-static_continuity_ttl1800-20260907-20260906T142737909572Z,sensitivity,E04,static_continuity_ttl1800,B1800 static continuity,20260907,default,1,0.12412,0.20517939999999998,,0.023766,0.031449,0.540818,,0,0,0,3,,2,0.01,60.245,60.21484375,0.016599,30.0,,0.0,0,5,0,5,0,0,0,0,0,5,5,5,0
E04-static_continuity_ttl1800-20260908-20260906T142738038653Z,sensitivity,E04,static_continuity_ttl1800,B1800 static continuity,20260908,default,1,0.111507,0.1998555,,0.020304000000000003,0.031379,1.165868,,0,0,0,3,,2,0.01,68.629,60.21484375,0.014571,30.0,,0.0,0,5,0,5,0,0,0,0,0,5,5,5,0
E04-static_continuity_ttl1800-20260909-20260906T142738164465Z,sensitivity,E04,static_continuity_ttl1800,B1800 static continuity,20260909,default,1,0.134958,0.20450369999999998,,0.022275999999999997,0.030289,0.515078,,0,0,0,3,,2,0.01,73.153,60.21484375,0.01367,30.0,,0.0,0,5,0,5,0,0,0,0,0,5,5,5,0
E04-static_continuity_ttl1800-20260910-20260906T142738282967Z,sensitivity,E04,static_continuity_ttl1800,B1800 static continuity,20260910,default,1,0.123924,0.22548810000000002,,0.024877499999999997,0.034274,0.398285,,0,0,0,3,,2,0.02,150.761,60.21484375,0.013266,30.0,,0.0,0,5,0,5,0,0,0,0,0,5,5,5,0
E04-static_continuity_ttl1800-20260911-20260906T142738416641Z,sensitivity,E04,static_continuity_ttl1800,B1800 static continuity,20260911,default,1,0.119226,0.2029692,,0.021605,0.030624,0.47082,,0,0,0,3,,2,0.01,55.374,60.21484375,0.018059,30.0,,0.0,0,5,0,5,0,0,0,0,0,5,5,5,0
E04-static_continuity_ttl1800-20260912-20260906T142738433928Z,sensitivity,E04,static_continuity_ttl1800,B1800 static continuity,20260912,default,1,0.118226,0.2066942,,0.026013,0.038728,0.499208,,0,0,0,3,,2,0.01,59.963,60.21875,0.016677,30.0,,0.0,0,5,0,5,0,0,0,0,0,5,5,5,0
E04-static_continuity_ttl1800-20260913-20260906T142738555240Z,sensitivity,E04,static_continuity_ttl1800,B1800 static continuity,20260913,default,1,0.128398,0.2038855,,0.018237999999999997,0.030807,0.36735,,0,0,0,3,,2,0.01,81.526,60.21875,0.012266,30.0,,0.0,0,5,0,5,0,0,0,0,0,5,5,5,0
E04-static_continuity_ttl1800-20260914-20260906T142738684337Z,sensitivity,E04,static_continuity_ttl1800,B1800 static continuity,20260914,default,1,0.125813,0.19773649999999998,,0.0230525,0.029557,0.535476,,0,0,0,3,,2,0.01,59.995,60.21875,0.016668,30.0,,0.0,0,5,0,5,0,0,0,0,0,5,5,5,0
E04-static_continuity_ttl1800-20260915-20260906T142738821140Z,sensitivity,E04,static_continuity_ttl1800,B1800 static continuity,20260915,default,1,0.114307,0.1966975,,0.0240325,0.029557,0.472236,,0,0,0,3,,2,0.01,62.917,60.21875,0.015894,30.0,,0.0,0,5,0,5,0,0,0,0,0,5,5,5,0
E04-static_continuity_ttl1800-20260916-20260906T142738953139Z,sensitivity,E04,static_continuity_ttl1800,B1800 static continuity,20260916,default,1,0.096715,0.19692729999999997,,0.025554,0.028597,0.481783,,0,0,0,3,,2,0.01,58.207,60.21875,0.01718,30.0,,0.0,0,5,0,5,0,0,0,0,0,5,5,5,0
E04-static_continuity_ttl1800-20260917-20260906T142739076377Z,sensitivity,E04,static_continuity_ttl1800,B1800 static continuity,20260917,default,1,0.139025,0.2026604,,0.022844,0.030985,0.495922,,0,0,0,3,,2,0.01,54.301,60.21875,0.018416,30.0,,0.0,0,5,0,5,0,0,0,0,0,5,5,5,0
E04-static_continuity_ttl1800-20260918-20260906T142739214380Z,sensitivity,E04,static_continuity_ttl1800,B1800 static continuity,20260918,default,1,0.125046,0.22324139999999998,,0.02928,0.03026,0.493834,,0,0,0,3,,2,0.02,128.041,60.21875,0.01562,30.0,,0.0,0,5,0,5,0,0,0,0,0,5,5,5,0
E04-static_continuity_ttl1800-20260919-20260906T142739351569Z,sensitivity,E04,static_continuity_ttl1800,B1800 static continuity,20260919,default,1,0.108808,0.2050477,,0.0257635,0.031538,0.482412,,0,0,0,3,,2,0.01,59.666,60.21875,0.01676,30.0,,0.0,0,5,0,5,0,0,0,0,0,5,5,5,0
E04-static_continuity_ttl1800-20260920-20260906T142739491327Z,sensitivity,E04,static_continuity_ttl1800,B1800 static continuity,20260920,default,1,0.117118,0.2224495,,0.0244635,0.047052,0.480963,,0,0,0,3,,2,0.01,66.912,60.21875,0.014945,30.0,,0.0,0,5,0,5,0,0,0,0,0,5,5,5,0
E04-static_continuity_ttl1800-20260921-20260906T142739619462Z,sensitivity,E04,static_continuity_ttl1800,B1800 static continuity,20260921,default,1,0.12462,0.22699679999999997,,0.025017499999999998,0.033925,0.383918,,0,0,0,3,,2,0.01,67.485,60.21875,0.014818,30.0,,0.0,0,5,0,5,0,0,0,0,0,5,5,5,0
E04-static_continuity_ttl1800-20260922-20260906T142739744729Z,sensitivity,E04,static_continuity_ttl1800,B1800 static continuity,20260922,default,1,0.121636,0.207136,,0.0232915,0.032774,0.416394,,0,0,0,3,,2,0.01,76.289,60.21875,0.013108,30.0,,0.0,0,5,0,5,0,0,0,0,0,5,5,5,0
E04-static_continuity_ttl1800-20260923-20260906T142739878962Z,sensitivity,E04,static_continuity_ttl1800,B1800 static continuity,20260923,default,1,0.123512,0.22301149999999997,,0.028278,0.035588,0.563815,,0,0,0,3,,2,0.01,60.92,60.21875,0.016415,30.0,,0.0,0,5,0,5,0,0,0,0,0,5,5,5,0
E04-static_continuity_ttl1800-20260924-20260906T142740010675Z,sensitivity,E04,static_continuity_ttl1800,B1800 static continuity,20260924,default,1,0.131717,0.22562839999999998,,0.0248215,0.03617,0.664961,,0,0,0,3,,2,0.01,66.689,60.21875,0.014995,30.0,,0.0,0,5,0,5,0,0,0,0,0,5,5,5,0
E04-static_continuity_ttl1800-20260925-20260906T142740145356Z,sensitivity,E04,static_continuity_ttl1800,B1800 static continuity,20260925,default,1,0.103325,0.20901740000000002,,0.027414,0.030432,0.437484,,0,0,0,3,,2,0.01,77.423,60.234375,0.012916,30.0,,0.0,0,5,0,5,0,0,0,0,0,5,5,5,0
E04-static_continuity_ttl1800-20260926-20260906T142740279685Z,sensitivity,E04,static_continuity_ttl1800,B1800 static continuity,20260926,default,1,0.129167,0.2140496,,0.024652,0.031112,0.472253,,0,0,0,3,,2,0.02,116.822,60.23828125,0.01712,30.0,,0.0,0,5,0,5,0,0,0,0,0,5,5,5,0
E04-static_continuity_ttl1800-20260927-20260906T142740425441Z,sensitivity,E04,static_continuity_ttl1800,B1800 static continuity,20260927,default,1,0.131038,0.20566869999999998,,0.0281795,0.031198,0.497541,,0,0,0,3,,2,0.01,62.743,60.25,0.015938,30.0,,0.0,0,5,0,5,0,0,0,0,0,5,5,5,0
E04-static_continuity_ttl1800-20260928-20260906T142740574630Z,sensitivity,E04,static_continuity_ttl1800,B1800 static continuity,20260928,default,1,0.121176,0.2137482,,0.0271595,0.030857,0.49937,,0,0,0,3,,2,0.01,58.689,60.25,0.017039,30.0,,0.0,0,5,0,5,0,0,0,0,0,5,5,5,0
E04-static_continuity_ttl1800-20260929-20260906T142740712360Z,sensitivity,E04,static_continuity_ttl1800,B1800 static continuity,20260929,default,1,0.137668,0.23440899999999998,,0.025948,0.034003,0.452531,,0,0,0,3,,2,0.02,99.113,60.25,0.020179,30.0,,0.0,0,5,0,5,0,0,0,0,0,5,5,5,0
E04-static_continuity_ttl1800-20260930-20260906T142740857158Z,sensitivity,E04,static_continuity_ttl1800,B1800 static continuity,20260930,default,1,0.124789,0.2042401,,0.025332,0.0309,0.533457,,0,0,0,3,,2,0.02,120.019,60.25,0.016664,30.0,,0.0,0,5,0,5,0,0,0,0,0,5,5,5,0
E04-static_continuity_ttl1800-20260931-20260906T142740981083Z,sensitivity,E04,static_continuity_ttl1800,B1800 static continuity,20260931,default,1,0.122749,0.2030803,,0.025225,0.029327,0.479138,,0,0,0,3,,2,0.01,62.185,60.25,0.016081,30.0,,0.0,0,5,0,5,0,0,0,0,0,5,5,5,0
E04-static_continuity_ttl1800-20260932-20260906T142741117300Z,sensitivity,E04,static_continuity_ttl1800,B1800 static continuity,20260932,default,1,0.137422,0.21115,,0.0249325,0.032946,0.562918,,0,0,0,3,,2,0.01,68.357,60.25,0.014629,30.0,,0.0,0,5,0,5,0,0,0,0,0,5,5,5,0
E04-static_continuity_ttl1800-20260933-20260906T142741239305Z,sensitivity,E04,static_continuity_ttl1800,B1800 static continuity,20260933,default,1,0.124405,0.215953,,0.0282815,0.030952,0.469466,,0,0,0,3,,2,0.01,65.729,60.25,0.015214,30.0,,0.0,0,5,0,5,0,0,0,0,0,5,5,5,0
E04-static_continuity_ttl1800-20260934-20260906T142741378883Z,sensitivity,E04,static_continuity_ttl1800,B1800 static continuity,20260934,default,1,0.135768,0.21418949999999998,,0.0232785,0.030699,0.528234,,0,0,0,3,,2,0.01,71.567,60.25,0.013973,30.0,,0.0,0,5,0,5,0,0,0,0,0,5,5,5,0
E04-static_continuity_ttl1800-20260935-20260906T142741508122Z,sensitivity,E04,static_continuity_ttl1800,B1800 static continuity,20260935,default,1,0.146666,0.23344399999999998,,0.0324155,0.04592,0.551131,,0,0,0,3,,2,0.02,127.567,60.25,0.015678,30.0,,0.0,0,5,0,5,0,0,0,0,0,5,5,5,0
E04-static_continuity_ttl1800-20260936-20260906T142741652890Z,sensitivity,E04,static_continuity_ttl1800,B1800 static continuity,20260936,default,1,0.121946,0.20807509999999999,,0.027794,0.033327,0.409341,,0,0,0,3,,2,0.01,72.49,60.25,0.013795,30.0,,0.0,0,5,0,5,0,0,0,0,0,5,5,5,0
E04-static_continuity_ttl30-20260907-20260906T142733862457Z,sensitivity,E04,static_continuity_ttl30,B30 static continuity,20260907,default,1,0.154669,0.2732098,,0.033234,0.042793,0.615639,,0,0,0,3,,2,0.03,145.328,60.14453125,0.020643,30.0,,0.0,0,5,0,5,0,0,0,0,0,5,5,5,0
E04-static_continuity_ttl30-20260908-20260906T142734026917Z,sensitivity,E04,static_continuity_ttl30,B30 static continuity,20260908,default,1,0.132438,0.22516229999999998,,0.023576,0.032235,0.422639,,0,0,0,3,,2,0.01,58.289,60.14453125,0.017156,30.0,,0.0,0,5,0,5,0,0,0,0,0,5,5,5,0
E04-static_continuity_ttl30-20260909-20260906T142734164512Z,sensitivity,E04,static_continuity_ttl30,B30 static continuity,20260909,default,1,0.156582,0.2186262,,0.0261465,0.031603,0.588914,,0,0,0,3,,2,0.01,64.725,60.14453125,0.01545,30.0,,0.0,0,5,0,5,0,0,0,0,0,5,5,5,0
E04-static_continuity_ttl30-20260910-20260906T142734304752Z,sensitivity,E04,static_continuity_ttl30,B30 static continuity,20260910,default,1,0.121019,0.22697779999999998,,0.024229,0.035101,0.487699,,0,0,0,3,,2,0.01,68.05,60.15234375,0.014695,30.0,,0.0,0,5,0,5,0,0,0,0,0,5,5,5,0
E04-static_continuity_ttl30-20260911-20260906T142734436897Z,sensitivity,E04,static_continuity_ttl30,B30 static continuity,20260911,default,1,0.117142,0.20247099999999998,,0.0247975,0.030802,0.473331,,0,0,0,3,,2,0.01,54.404,60.15234375,0.018381,30.0,,0.0,0,5,0,5,0,0,0,0,0,5,5,5,0
E04-static_continuity_ttl30-20260912-20260906T142734568623Z,sensitivity,E04,static_continuity_ttl30,B30 static continuity,20260912,default,1,0.119375,0.2248793,,0.0282315,0.031182,0.517701,,0,0,0,3,,2,0.02,134.49,60.15234375,0.014871,30.0,,0.0,0,5,0,5,0,0,0,0,0,5,5,5,0
E04-static_continuity_ttl30-20260913-20260906T142734699806Z,sensitivity,E04,static_continuity_ttl30,B30 static continuity,20260913,default,1,0.126033,0.215457,,0.023745000000000002,0.031476,1.424121,,0,0,0,3,,2,0.01,68.828,60.16796875,0.014529,30.0,,0.0,0,5,0,5,0,0,0,0,0,5,5,5,0
E04-static_continuity_ttl30-20260914-20260906T142734826686Z,sensitivity,E04,static_continuity_ttl30,B30 static continuity,20260914,default,1,0.119544,0.20312879999999997,,0.025071,0.029243,0.48593,,0,0,0,3,,2,0.01,61.069,60.16796875,0.016375,30.0,,0.0,0,5,0,5,0,0,0,0,0,5,5,5,0
E04-static_continuity_ttl30-20260915-20260906T142734961579Z,sensitivity,E04,static_continuity_ttl30,B30 static continuity,20260915,default,1,0.12578,0.21577369999999998,,0.0227545,0.030128,0.489132,,0,0,0,3,,2,0.01,72.124,60.16796875,0.013865,30.0,,0.0,0,5,0,5,0,0,0,0,0,5,5,5,0
E04-static_continuity_ttl30-20260916-20260906T142735095469Z,sensitivity,E04,static_continuity_ttl30,B30 static continuity,20260916,default,1,0.134029,0.225379,,0.024428,0.029583,0.566876,,0,0,0,3,,2,0.01,62.15,60.171875,0.01609,30.0,,0.0,0,5,0,5,0,0,0,0,0,5,5,5,0
E04-static_continuity_ttl30-20260917-20260906T142735217462Z,sensitivity,E04,static_continuity_ttl30,B30 static continuity,20260917,default,1,0.121572,0.23007959999999997,,0.026300999999999998,0.047594,0.413238,,0,0,0,3,,2,0.01,77.22,60.18359375,0.01295,30.0,,0.0,0,5,0,5,0,0,0,0,0,5,5,5,0
E04-static_continuity_ttl30-20260918-20260906T142735353672Z,sensitivity,E04,static_continuity_ttl30,B30 static continuity,20260918,default,1,0.11707,0.20595759999999996,,0.02043,0.031477,0.500346,,0,0,0,3,,2,0.01,60.197,60.18359375,0.016612,30.0,,0.0,0,5,0,5,0,0,0,0,0,5,5,5,0
E04-static_continuity_ttl30-20260919-20260906T142735508670Z,sensitivity,E04,static_continuity_ttl30,B30 static continuity,20260919,default,1,0.15448,0.21568359999999998,,0.0292255,0.037326,0.547729,,0,0,0,3,,2,0.01,61.805,60.18359375,0.01618,30.0,,0.0,0,5,0,5,0,0,0,0,0,5,5,5,0
E04-static_continuity_ttl30-20260920-20260906T142735632166Z,sensitivity,E04,static_continuity_ttl30,B30 static continuity,20260920,default,1,0.104951,0.2160326,,0.0238815,0.03194,0.464492,,0,0,0,3,,2,0.01,67.209,60.18359375,0.014879,30.0,,0.0,0,5,0,5,0,0,0,0,0,5,5,5,0
E04-static_continuity_ttl30-20260921-20260906T142735763828Z,sensitivity,E04,static_continuity_ttl30,B30 static continuity,20260921,default,1,0.120732,0.2108688,,0.024176,0.03316,0.508088,,0,0,0,3,,2,0.01,67.195,60.18359375,0.014882,30.0,,0.0,0,5,0,5,0,0,0,0,0,5,5,5,0
E04-static_continuity_ttl30-20260922-20260906T142735897108Z,sensitivity,E04,static_continuity_ttl30,B30 static continuity,20260922,default,1,0.15448,0.20348860000000002,,0.025144,0.030004,0.547182,,0,0,0,3,,2,0.01,59.837,60.18359375,0.016712,30.0,,0.0,0,5,0,5,0,0,0,0,0,5,5,5,0
E04-static_continuity_ttl30-20260923-20260906T142736039714Z,sensitivity,E04,static_continuity_ttl30,B30 static continuity,20260923,default,1,0.12576,0.23145329999999997,,0.0245465,0.035685,0.496776,,0,0,0,3,,2,0.01,67.792,60.18359375,0.014751,30.0,,0.0,0,5,0,5,0,0,0,0,0,5,5,5,0
E04-static_continuity_ttl30-20260924-20260906T142736175520Z,sensitivity,E04,static_continuity_ttl30,B30 static continuity,20260924,default,1,0.126768,0.20329589999999997,,0.0245045,0.030179,0.481393,,0,0,0,3,,2,0.01,63.93,60.18359375,0.015642,30.0,,0.0,0,5,0,5,0,0,0,0,0,5,5,5,0
E04-static_continuity_ttl30-20260925-20260906T142736315411Z,sensitivity,E04,static_continuity_ttl30,B30 static continuity,20260925,default,1,0.127778,0.215465,,0.0246315,0.033878,0.529939,,0,0,0,3,,2,0.01,70.185,60.18359375,0.014248,30.0,,0.0,0,5,0,5,0,0,0,0,0,5,5,5,0
E04-static_continuity_ttl30-20260926-20260906T142736450497Z,sensitivity,E04,static_continuity_ttl30,B30 static continuity,20260926,default,1,0.141606,0.20126159999999998,,0.026165,0.033415,0.504931,,0,0,0,3,,2,0.01,61.451,60.18359375,0.016273,30.0,,0.0,0,5,0,5,0,0,0,0,0,5,5,5,0
E04-static_continuity_ttl30-20260927-20260906T142736585356Z,sensitivity,E04,static_continuity_ttl30,B30 static continuity,20260927,default,1,0.103945,0.2070292,,0.0177165,0.031313,0.383962,,0,0,0,3,,2,0.01,75.335,60.18359375,0.013274,30.0,,0.0,0,5,0,5,0,0,0,0,0,5,5,5,0
E04-static_continuity_ttl30-20260928-20260906T142736714639Z,sensitivity,E04,static_continuity_ttl30,B30 static continuity,20260928,default,1,0.136689,0.20444009999999999,,0.026501499999999997,0.030305,0.528006,,0,0,0,3,,2,0.01,66.081,60.18359375,0.015133,30.0,,0.0,0,5,0,5,0,0,0,0,0,5,5,5,0
E04-static_continuity_ttl30-20260929-20260906T142736849861Z,sensitivity,E04,static_continuity_ttl30,B30 static continuity,20260929,default,1,0.107181,0.2148048,,0.025640000000000003,0.030641,0.471263,,0,0,0,3,,2,0.01,63.424,60.18359375,0.015767,30.0,,0.0,0,5,0,5,0,0,0,0,0,5,5,5,0
E04-static_continuity_ttl30-20260930-20260906T142736979760Z,sensitivity,E04,static_continuity_ttl30,B30 static continuity,20260930,default,1,0.10735,0.204343,,0.020028,0.034929,0.531747,,0,0,0,3,,2,0.01,68.814,60.18359375,0.014532,30.0,,0.0,0,5,0,5,0,0,0,0,0,5,5,5,0
E04-static_continuity_ttl30-20260931-20260906T142737115504Z,sensitivity,E04,static_continuity_ttl30,B30 static continuity,20260931,default,1,0.11421,0.2353275,,0.0264525,0.031282,0.511342,,0,0,0,3,,2,0.01,58.469,60.18359375,0.017103,30.0,,0.0,0,5,0,5,0,0,0,0,0,5,5,5,0
E04-static_continuity_ttl30-20260932-20260906T142737251647Z,sensitivity,E04,static_continuity_ttl30,B30 static continuity,20260932,default,1,0.117989,0.22308379999999997,,0.024668,0.02977,0.473551,,0,0,0,3,,2,0.01,63.444,60.18359375,0.015762,30.0,,0.0,0,5,0,5,0,0,0,0,0,5,5,5,0
E04-static_continuity_ttl30-20260933-20260906T142737379046Z,sensitivity,E04,static_continuity_ttl30,B30 static continuity,20260933,default,1,0.154561,0.2109064,,0.028909999999999998,0.034599,0.544344,,0,0,0,3,,2,0.01,59.545,60.19921875,0.016794,30.0,,0.0,0,5,0,5,0,0,0,0,0,5,5,5,0
E04-static_continuity_ttl30-20260934-20260906T142737522189Z,sensitivity,E04,static_continuity_ttl30,B30 static continuity,20260934,default,1,0.123279,0.2033187,,0.025571,0.030988,0.562778,,0,0,0,3,,2,0.01,72.296,60.19921875,0.013832,30.0,,0.0,0,5,0,5,0,0,0,0,0,5,5,5,0
E04-static_continuity_ttl30-20260935-20260906T142737659557Z,sensitivity,E04,static_continuity_ttl30,B30 static continuity,20260935,default,1,0.120844,0.2159614,,0.0236395,0.03968,0.501054,,0,0,0,3,,2,0.01,52.54,60.19921875,0.019033,30.0,,0.0,0,5,0,5,0,0,0,0,0,5,5,5,0
E04-static_continuity_ttl30-20260936-20260906T142737789670Z,sensitivity,E04,static_continuity_ttl30,B30 static continuity,20260936,default,1,0.132727,0.21405190000000002,,0.022254,0.030064,0.53263,,0,0,0,3,,2,0.02,146.338,60.21484375,0.013667,30.0,,0.0,0,5,0,5,0,0,0,0,0,5,5,5,0
E05-static_continuity_ttl1800-20260907-20260906T142745776634Z,sensitivity,E05,static_continuity_ttl1800,B1800 static continuity,20260907,default,1,0.093433,0.2154345,,0.030274,0.032316,0.450427,,0,0,0,1,,,0.01,61.717,60.27734375,0.016203,12.0,,0.0,0,6,0,6,0,0,0,0,0,6,6,6,0
E05-static_continuity_ttl1800-20260908-20260906T142745914084Z,sensitivity,E05,static_continuity_ttl1800,B1800 static continuity,20260908,default,1,0.105117,0.18653975,,0.023032,0.026148,0.3699425,,0,0,0,1,,,0.02,119.926,60.28125,0.016677,12.0,,0.0,0,6,0,6,0,0,0,0,0,6,6,6,0
E05-static_continuity_ttl1800-20260909-20260906T142746043097Z,sensitivity,E05,static_continuity_ttl1800,B1800 static continuity,20260909,default,1,0.1201265,0.19683175,,0.031961,0.0332015,0.5005005,,0,0,0,1,,,0.01,61.132,60.28125,0.016358,12.0,,0.0,0,6,0,6,0,0,0,0,0,6,6,6,0
E05-static_continuity_ttl1800-20260910-20260906T142746171929Z,sensitivity,E05,static_continuity_ttl1800,B1800 static continuity,20260910,default,1,0.1152895,0.19382475,,0.02948,0.028449000000000002,0.474532,,0,0,0,1,,,0.01,55.121,60.28125,0.018142,12.0,,0.0,0,6,0,6,0,0,0,0,0,6,6,6,0
E05-static_continuity_ttl1800-20260911-20260906T142746306833Z,sensitivity,E05,static_continuity_ttl1800,B1800 static continuity,20260911,default,1,0.11827599999999999,0.1894405,,0.030909,0.029248000000000003,0.384706,,0,0,0,1,,,0.01,70.482,60.28125,0.014188,12.0,,0.0,0,6,0,6,0,0,0,0,0,6,6,6,0
E05-static_continuity_ttl1800-20260912-20260906T142746442658Z,sensitivity,E05,static_continuity_ttl1800,B1800 static continuity,20260912,default,1,0.120399,0.19136425,,0.030404,0.0398245,0.373099,,0,0,0,1,,,0.01,70.616,60.28125,0.014161,12.0,,0.0,0,6,0,6,0,0,0,0,0,6,6,6,0
E05-static_continuity_ttl1800-20260913-20260906T142746574659Z,sensitivity,E05,static_continuity_ttl1800,B1800 static continuity,20260913,default,1,0.11627799999999999,0.2109825,,0.031035,0.0277345,0.488074,,0,0,0,1,,,0.01,64.168,60.28515625,0.015584,12.0,,0.0,0,6,0,6,0,0,0,0,0,6,6,6,0
E05-static_continuity_ttl1800-20260914-20260906T142746707424Z,sensitivity,E05,static_continuity_ttl1800,B1800 static continuity,20260914,default,1,0.1071735,0.20378125,,0.026872,0.029353000000000004,0.399614,,0,0,0,1,,,0.02,134.147,60.296875,0.014909,12.0,,0.0,0,6,0,6,0,0,0,0,0,6,6,6,0
E05-static_continuity_ttl1800-20260915-20260906T142746842667Z,sensitivity,E05,static_continuity_ttl1800,B1800 static continuity,20260915,default,1,0.1010125,0.18752725,,0.023171,0.0327805,0.458342,,0,0,0,1,,,0.01,56.925,60.3125,0.017567,12.0,,0.0,0,6,0,6,0,0,0,0,0,6,6,6,0
E05-static_continuity_ttl1800-20260916-20260906T142746964836Z,sensitivity,E05,static_continuity_ttl1800,B1800 static continuity,20260916,default,1,0.111232,0.22113875,,0.028933,0.0259895,0.46258900000000003,,0,0,0,1,,,0.01,56.29,60.3125,0.017765,12.0,,0.0,0,6,0,6,0,0,0,0,0,6,6,6,0
E05-static_continuity_ttl1800-20260917-20260906T142747095785Z,sensitivity,E05,static_continuity_ttl1800,B1800 static continuity,20260917,default,1,0.098634,0.19073625,,0.038647,0.02092,0.353054,,0,0,0,1,,,0.02,112.189,60.3125,0.017827,12.0,,0.0,0,6,0,6,0,0,0,0,0,6,6,6,0
E05-static_continuity_ttl1800-20260918-20260906T142747229176Z,sensitivity,E05,static_continuity_ttl1800,B1800 static continuity,20260918,default,1,0.1000205,0.187817,,0.028355,0.03056,0.403695,,0,0,0,1,,,0.01,55.255,60.3125,0.018098,12.0,,0.0,0,6,0,6,0,0,0,0,0,6,6,6,0
E05-static_continuity_ttl1800-20260919-20260906T142747364402Z,sensitivity,E05,static_continuity_ttl1800,B1800 static continuity,20260919,default,1,0.11747450000000001,0.190086,,0.026045,0.041882,0.49075599999999997,,0,0,0,1,,,0.01,64.885,60.3125,0.015412,12.0,,0.0,0,6,0,6,0,0,0,0,0,6,6,6,0
E05-static_continuity_ttl1800-20260920-20260906T142747491709Z,sensitivity,E05,static_continuity_ttl1800,B1800 static continuity,20260920,default,1,0.11554249999999999,0.186515,,0.029069,0.0287335,0.431987,,0,0,0,1,,,0.02,119.111,60.328125,0.016791,12.0,,0.0,0,6,0,6,0,0,0,0,0,6,6,6,0
E05-static_continuity_ttl1800-20260921-20260906T142747612416Z,sensitivity,E05,static_continuity_ttl1800,B1800 static continuity,20260921,default,1,0.0970165,0.193971,,0.02638,0.026044499999999998,0.39012650000000004,,0,0,0,1,,,0.01,56.88,60.328125,0.017581,12.0,,0.0,0,6,0,6,0,0,0,0,0,6,6,6,0
E05-static_continuity_ttl1800-20260922-20260906T142747733658Z,sensitivity,E05,static_continuity_ttl1800,B1800 static continuity,20260922,default,1,0.096114,0.20324375,,0.02781,0.0291745,0.44967250000000003,,0,0,0,1,,,0.01,55.23,60.328125,0.018106,12.0,,0.0,0,6,0,6,0,0,0,0,0,6,6,6,0
E05-static_continuity_ttl1800-20260923-20260906T142747871235Z,sensitivity,E05,static_continuity_ttl1800,B1800 static continuity,20260923,default,1,0.11022799999999999,0.23779549999999997,,0.02823,0.033648,0.4760745,,0,0,0,1,,,0.02,137.893,60.328125,0.014504,12.0,,0.0,0,6,0,6,0,0,0,0,0,6,6,6,0
E05-static_continuity_ttl1800-20260924-20260906T142747989219Z,sensitivity,E05,static_continuity_ttl1800,B1800 static continuity,20260924,default,1,0.1092005,0.18811049999999999,,0.024047,0.0311405,0.469514,,0,0,0,1,,,0.01,57.029,60.328125,0.017535,12.0,,0.0,0,6,0,6,0,0,0,0,0,6,6,6,0
E05-static_continuity_ttl1800-20260925-20260906T142748124496Z,sensitivity,E05,static_continuity_ttl1800,B1800 static continuity,20260925,default,1,0.096358,0.19987175000000001,,0.027825,0.027299999999999998,0.46238049999999997,,0,0,0,1,,,0.01,61.009,60.328125,0.016391,12.0,,0.0,0,6,0,6,0,0,0,0,0,6,6,6,0
E05-static_continuity_ttl1800-20260926-20260906T142748247362Z,sensitivity,E05,static_continuity_ttl1800,B1800 static continuity,20260926,default,1,0.10735349999999999,0.19855974999999998,,0.029042,0.0236495,0.448552,,0,0,0,1,,,0.01,67.7,60.3359375,0.014771,12.0,,0.0,0,6,0,6,0,0,0,0,0,6,6,6,0
E05-static_continuity_ttl1800-20260927-20260906T142748365994Z,sensitivity,E05,static_continuity_ttl1800,B1800 static continuity,20260927,default,1,0.0994425,0.20468675,,0.025894,0.0282655,0.366777,,0,0,0,1,,,0.02,114.11,60.3359375,0.017527,12.0,,0.0,0,6,0,6,0,0,0,0,0,6,6,6,0
E05-static_continuity_ttl1800-20260928-20260906T142748370859Z,sensitivity,E05,static_continuity_ttl1800,B1800 static continuity,20260928,default,1,0.138257,0.2158265,,0.031266,0.0388945,0.458208,,0,0,0,1,,,0.01,56.889,60.3359375,0.017578,12.0,,0.0,0,6,0,6,0,0,0,0,0,6,6,6,0
E05-static_continuity_ttl1800-20260929-20260906T142748512555Z,sensitivity,E05,static_continuity_ttl1800,B1800 static continuity,20260929,default,1,0.116454,0.19121025,,0.031558,0.0332665,0.48253250000000003,,0,0,0,1,,,0.01,56.376,60.3359375,0.017738,12.0,,0.0,0,6,0,6,0,0,0,0,0,6,6,6,0
E05-static_continuity_ttl1800-20260930-20260906T142748651489Z,sensitivity,E05,static_continuity_ttl1800,B1800 static continuity,20260930,default,1,0.110013,0.18840625,,0.029139,0.041792,0.483784,,0,0,0,1,,,0.01,59.762,60.3359375,0.016733,12.0,,0.0,0,6,0,6,0,0,0,0,0,6,6,6,0
E05-static_continuity_ttl1800-20260931-20260906T142748775999Z,sensitivity,E05,static_continuity_ttl1800,B1800 static continuity,20260931,default,1,0.1078875,0.18824,,0.028514,0.034684,0.4890155,,0,0,0,1,,,0.01,54.484,60.3359375,0.018354,12.0,,0.0,0,6,0,6,0,0,0,0,0,6,6,6,0
E05-static_continuity_ttl1800-20260932-20260906T142748912152Z,sensitivity,E05,static_continuity_ttl1800,B1800 static continuity,20260932,default,1,0.10215550000000001,0.18492625000000001,,0.026972,0.02445,0.3571165,,0,0,0,1,,,0.01,69.556,60.3359375,0.014377,12.0,,0.0,0,6,0,6,0,0,0,0,0,6,6,6,0
E05-static_continuity_ttl1800-20260933-20260906T142749029085Z,sensitivity,E05,static_continuity_ttl1800,B1800 static continuity,20260933,default,1,0.1178275,0.193046,,0.024171,0.031631,0.48968049999999996,,0,0,0,1,,,0.01,58.343,60.3359375,0.01714,12.0,,0.0,0,6,0,6,0,0,0,0,0,6,6,6,0
E05-static_continuity_ttl1800-20260934-20260906T142749158290Z,sensitivity,E05,static_continuity_ttl1800,B1800 static continuity,20260934,default,1,0.1146085,0.2018065,,0.030224,0.0311615,0.4714355,,0,0,0,1,,,0.02,112.278,60.3359375,0.017813,12.0,,0.0,0,6,0,6,0,0,0,0,0,6,6,6,0
E05-static_continuity_ttl1800-20260935-20260906T142749287129Z,sensitivity,E05,static_continuity_ttl1800,B1800 static continuity,20260935,default,1,0.1104945,0.201689,,0.028135,0.0287745,0.46003150000000004,,0,0,0,1,,,0.01,54.212,60.3359375,0.018446,12.0,,0.0,0,6,0,6,0,0,0,0,0,6,6,6,0
E05-static_continuity_ttl1800-20260936-20260906T142749423382Z,sensitivity,E05,static_continuity_ttl1800,B1800 static continuity,20260936,default,1,0.09529699999999999,0.19697874999999998,,0.023574,0.0312475,0.4311935,,0,0,0,1,,,0.01,54.558,60.3359375,0.018329,12.0,,0.0,0,6,0,6,0,0,0,0,0,6,6,6,0
E05-static_continuity_ttl30-20260907-20260906T142741794346Z,sensitivity,E05,static_continuity_ttl30,B30 static continuity,20260907,default,1,0.102293,0.206112,,0.025908,0.0405355,0.475317,,0,0,0,1,,,0.02,124.301,60.25,0.01609,12.0,,0.0,0,6,0,6,0,0,0,0,0,6,6,6,0
E05-static_continuity_ttl30-20260908-20260906T142741925225Z,sensitivity,E05,static_continuity_ttl30,B30 static continuity,20260908,default,1,0.1186815,0.184318,,0.026162,0.0308685,0.3727065,,0,0,0,1,,,0.03,132.949,60.26953125,0.022565,12.0,,0.0,0,6,0,6,0,0,0,0,0,6,6,6,0
E05-static_continuity_ttl30-20260909-20260906T142742058150Z,sensitivity,E05,static_continuity_ttl30,B30 static continuity,20260909,default,1,0.12647049999999999,0.2129245,,0.032073,0.0297875,0.4139165,,0,0,0,1,,,0.01,52.729,60.27734375,0.018965,12.0,,0.0,0,6,0,6,0,0,0,0,0,6,6,6,0
E05-static_continuity_ttl30-20260910-20260906T142742196221Z,sensitivity,E05,static_continuity_ttl30,B30 static continuity,20260910,default,1,0.0981215,0.1990355,,0.02636,0.03184,0.4414625,,0,0,0,1,,,0.02,112.682,60.27734375,0.017749,12.0,,0.0,0,6,0,6,0,0,0,0,0,6,6,6,0
E05-static_continuity_ttl30-20260911-20260906T142742336174Z,sensitivity,E05,static_continuity_ttl30,B30 static continuity,20260911,default,1,0.1146235,0.20476850000000002,,0.028942,0.034019,0.3892065,,0,0,0,1,,,0.01,69.686,60.27734375,0.01435,12.0,,0.0,0,6,0,6,0,0,0,0,0,6,6,6,0
E05-static_continuity_ttl30-20260912-20260906T142742468671Z,sensitivity,E05,static_continuity_ttl30,B30 static continuity,20260912,default,1,0.1062035,0.2007175,,0.028222,0.03459,0.4561445,,0,0,0,1,,,0.01,53.166,60.27734375,0.018809,12.0,,0.0,0,6,0,6,0,0,0,0,0,6,6,6,0
E05-static_continuity_ttl30-20260913-20260906T142742602351Z,sensitivity,E05,static_continuity_ttl30,B30 static continuity,20260913,default,1,0.1049335,0.19386299999999998,,0.027926,0.034844,0.4516385,,0,0,0,1,,,0.02,116.986,60.27734375,0.017096,12.0,,0.0,0,6,0,6,0,0,0,0,0,6,6,6,0
E05-static_continuity_ttl30-20260914-20260906T142742724259Z,sensitivity,E05,static_continuity_ttl30,B30 static continuity,20260914,default,1,0.1028815,0.19967074999999998,,0.02691,0.036283,0.44135599999999997,,0,0,0,1,,,0.01,58.569,60.27734375,0.017074,12.0,,0.0,0,6,0,6,0,0,0,0,0,6,6,6,0
E05-static_continuity_ttl30-20260915-20260906T142742858357Z,sensitivity,E05,static_continuity_ttl30,B30 static continuity,20260915,default,1,0.116188,0.21147524999999998,,0.023356,0.033299499999999996,0.4056235,,0,0,0,1,,,0.02,139.626,60.27734375,0.014324,12.0,,0.0,0,6,0,6,0,0,0,0,0,6,6,6,0
E05-static_continuity_ttl30-20260916-20260906T142742989086Z,sensitivity,E05,static_continuity_ttl30,B30 static continuity,20260916,default,1,0.11394699999999999,0.20337775,,0.030197,0.029564,0.4767785,,0,0,0,1,,,0.01,61.192,60.27734375,0.016342,12.0,,0.0,0,6,0,6,0,0,0,0,0,6,6,6,0
E05-static_continuity_ttl30-20260917-20260906T142743121211Z,sensitivity,E05,static_continuity_ttl30,B30 static continuity,20260917,default,1,0.118614,0.1930835,,0.031929,0.032225000000000004,0.401961,,0,0,0,1,,,0.01,68.937,60.27734375,0.014506,12.0,,0.0,0,6,0,6,0,0,0,0,0,6,6,6,0
E05-static_continuity_ttl30-20260918-20260906T142743254089Z,sensitivity,E05,static_continuity_ttl30,B30 static continuity,20260918,default,1,0.1026705,0.184446,,0.029015,0.037377,0.449728,,0,0,0,1,,,0.01,57.971,60.27734375,0.01725,12.0,,0.0,0,6,0,6,0,0,0,0,0,6,6,6,0
E05-static_continuity_ttl30-20260919-20260906T142743391095Z,sensitivity,E05,static_continuity_ttl30,B30 static continuity,20260919,default,1,0.1101885,0.21688174999999998,,0.029775,0.031929,0.4105345,,0,0,0,1,,,0.01,56.035,60.27734375,0.017846,12.0,,0.0,0,6,0,6,0,0,0,0,0,6,6,6,0
E05-static_continuity_ttl30-20260920-20260906T142743518586Z,sensitivity,E05,static_continuity_ttl30,B30 static continuity,20260920,default,1,0.100749,0.19060225,,0.021498,0.0258045,0.353181,,0,0,0,1,,,0.01,61.384,60.27734375,0.016291,12.0,,0.0,0,6,0,6,0,0,0,0,0,6,6,6,0
E05-static_continuity_ttl30-20260921-20260906T142743647679Z,sensitivity,E05,static_continuity_ttl30,B30 static continuity,20260921,default,1,0.1313055,0.20440225,,0.030577,0.031781000000000004,0.461933,,0,0,0,1,,,0.01,64.458,60.27734375,0.015514,12.0,,0.0,0,6,0,6,0,0,0,0,0,6,6,6,0
E05-static_continuity_ttl30-20260922-20260906T142743781730Z,sensitivity,E05,static_continuity_ttl30,B30 static continuity,20260922,default,1,0.103156,0.1944765,,0.022257,0.027009,0.3416305,,0,0,0,1,,,0.01,58.531,60.27734375,0.017085,12.0,,0.0,0,6,0,6,0,0,0,0,0,6,6,6,0
E05-static_continuity_ttl30-20260923-20260906T142743939339Z,sensitivity,E05,static_continuity_ttl30,B30 static continuity,20260923,default,1,0.111202,0.21457975,,0.03062,0.032077,0.435368,,0,0,0,1,,,0.01,66.05,60.27734375,0.01514,12.0,,0.0,0,6,0,6,0,0,0,0,0,6,6,6,0
E05-static_continuity_ttl30-20260924-20260906T142744078953Z,sensitivity,E05,static_continuity_ttl30,B30 static continuity,20260924,default,1,0.1117815,0.2096475,,0.029685,0.032995000000000003,0.46793300000000004,,0,0,0,1,,,0.02,118.878,60.27734375,0.016824,12.0,,0.0,0,6,0,6,0,0,0,0,0,6,6,6,0
E05-static_continuity_ttl30-20260925-20260906T142744210203Z,sensitivity,E05,static_continuity_ttl30,B30 static continuity,20260925,default,1,0.1149435,0.21391675,,0.028124,0.032657,0.5067459999999999,,0,0,0,1,,,0.01,52.673,60.27734375,0.018985,12.0,,0.0,0,6,0,6,0,0,0,0,0,6,6,6,0
E05-static_continuity_ttl30-20260926-20260906T142744350141Z,sensitivity,E05,static_continuity_ttl30,B30 static continuity,20260926,default,1,0.1098625,0.20148825,,0.029179,0.0312235,0.402239,,0,0,0,1,,,0.01,70.902,60.27734375,0.014104,12.0,,0.0,0,6,0,6,0,0,0,0,0,6,6,6,0
E05-static_continuity_ttl30-20260927-20260906T142744481968Z,sensitivity,E05,static_continuity_ttl30,B30 static continuity,20260927,default,1,0.0938605,0.206927,,0.022896,0.02745,0.343418,,0,0,0,1,,,0.02,108.507,60.27734375,0.018432,12.0,,0.0,0,6,0,6,0,0,0,0,0,6,6,6,0
E05-static_continuity_ttl30-20260928-20260906T142744606061Z,sensitivity,E05,static_continuity_ttl30,B30 static continuity,20260928,default,1,0.1157655,0.20698075,,0.029558,0.029663500000000002,0.397643,,0,0,0,1,,,0.01,69.706,60.27734375,0.014346,12.0,,0.0,0,6,0,6,0,0,0,0,0,6,6,6,0
E05-static_continuity_ttl30-20260929-20260906T142744741124Z,sensitivity,E05,static_continuity_ttl30,B30 static continuity,20260929,default,1,0.1188645,0.1938775,,0.02842,0.028082000000000003,0.404347,,0,0,0,1,,,0.01,70.902,60.27734375,0.014104,12.0,,0.0,0,6,0,6,0,0,0,0,0,6,6,6,0
E05-static_continuity_ttl30-20260930-20260906T142744869874Z,sensitivity,E05,static_continuity_ttl30,B30 static continuity,20260930,default,1,0.1276775,0.20709625,,0.029642,0.030781,0.46190299999999995,,0,0,0,1,,,0.01,65.712,60.27734375,0.015218,12.0,,0.0,0,6,0,6,0,0,0,0,0,6,6,6,0
E05-static_continuity_ttl30-20260931-20260906T142745000042Z,sensitivity,E05,static_continuity_ttl30,B30 static continuity,20260931,default,1,0.0990535,0.188392,,0.023663,0.0284215,0.43952199999999997,,0,0,0,1,,,0.02,111.963,60.27734375,0.017863,12.0,,0.0,0,6,0,6,0,0,0,0,0,6,6,6,0
E05-static_continuity_ttl30-20260932-20260906T142745142590Z,sensitivity,E05,static_continuity_ttl30,B30 static continuity,20260932,default,1,0.127918,0.2066555,,0.028843,0.030842500000000002,0.4557325,,0,0,0,1,,,0.01,66.529,60.27734375,0.015031,12.0,,0.0,0,6,0,6,0,0,0,0,0,6,6,6,0
E05-static_continuity_ttl30-20260933-20260906T142745262212Z,sensitivity,E05,static_continuity_ttl30,B30 static continuity,20260933,default,1,0.1175385,0.2097925,,0.031116,0.0355795,0.44129,,0,0,0,1,,,0.01,62.586,60.27734375,0.015978,12.0,,0.0,0,6,0,6,0,0,0,0,0,6,6,6,0
E05-static_continuity_ttl30-20260934-20260906T142745394454Z,sensitivity,E05,static_continuity_ttl30,B30 static continuity,20260934,default,1,0.1215175,0.19550800000000002,,0.02779,0.0294535,0.508723,,0,0,0,1,,,0.02,133.601,60.27734375,0.01497,12.0,,0.0,0,6,0,6,0,0,0,0,0,6,6,6,0
E05-static_continuity_ttl30-20260935-20260906T142745518178Z,sensitivity,E05,static_continuity_ttl30,B30 static continuity,20260935,default,1,0.108486,0.200961,,0.026779,0.029158000000000003,0.463859,,0,0,0,1,,,0.01,61.369,60.27734375,0.016295,12.0,,0.0,0,6,0,6,0,0,0,0,0,6,6,6,0
E05-static_continuity_ttl30-20260936-20260906T142745641185Z,sensitivity,E05,static_continuity_ttl30,B30 static continuity,20260936,default,1,0.09537000000000001,0.20077125,,0.022148,0.0264,0.33579400000000004,,0,0,0,1,,,0.02,125.953,60.27734375,0.015879,12.0,,0.0,0,6,0,6,0,0,0,0,0,6,6,6,0
E06-static_continuity_ttl1800-20260907-20260906T142753622867Z,sensitivity,E06,static_continuity_ttl1800,B1800 static continuity,20260907,default,1,0.1219035,0.19816219999999996,,0.029864,0.031807,0.490104,,0,0,0,2,,1,0.02,110.272,60.3828125,0.018137,70.0,,0.0,0,5,0,5,0,0,0,0,0,5,5,5,0
E06-static_continuity_ttl1800-20260908-20260906T142753751999Z,sensitivity,E06,static_continuity_ttl1800,B1800 static continuity,20260908,default,1,0.125219,0.20589994999999997,,0.029357,0.0332,0.499482,,0,0,0,2,,1,0.01,62.402,60.3828125,0.016025,70.0,,0.0,0,5,0,5,0,0,0,0,0,5,5,5,0
E06-static_continuity_ttl1800-20260909-20260906T142753874295Z,sensitivity,E06,static_continuity_ttl1800,B1800 static continuity,20260909,default,1,0.1859805,0.24968764999999998,,0.037678,0.069568,2.503026,,0,0,0,2,,1,0.01,21.597,60.3828125,0.046302,70.0,,0.0,0,5,0,5,0,0,0,0,0,5,5,5,0
E06-static_continuity_ttl1800-20260910-20260906T142754051199Z,sensitivity,E06,static_continuity_ttl1800,B1800 static continuity,20260910,default,1,0.1128695,0.22692569999999995,,0.034622,0.019103,0.401716,,0,0,0,2,,1,0.02,121.921,60.3828125,0.016404,70.0,,0.0,0,5,0,5,0,0,0,0,0,5,5,5,0
E06-static_continuity_ttl1800-20260911-20260906T142754182802Z,sensitivity,E06,static_continuity_ttl1800,B1800 static continuity,20260911,default,1,0.1022845,0.21590729999999997,,0.029899,0.025471,0.386745,,0,0,0,2,,1,0.01,74.761,60.3828125,0.013376,70.0,,0.0,0,5,0,5,0,0,0,0,0,5,5,5,0
E06-static_continuity_ttl1800-20260912-20260906T142754318614Z,sensitivity,E06,static_continuity_ttl1800,B1800 static continuity,20260912,default,1,0.1359785,0.23133179999999998,,0.032007,0.027326,0.446121,,0,0,0,2,,1,0.01,67.93,60.3828125,0.014721,70.0,,0.0,0,5,0,5,0,0,0,0,0,5,5,5,0
E06-static_continuity_ttl1800-20260913-20260906T142754450349Z,sensitivity,E06,static_continuity_ttl1800,B1800 static continuity,20260913,default,1,0.116475,0.20776069999999996,,0.030658,0.028212,0.485677,,0,0,0,2,,1,0.01,64.008,60.3828125,0.015623,70.0,,0.0,0,5,0,5,0,0,0,0,0,5,5,5,0
E06-static_continuity_ttl1800-20260914-20260906T142754589559Z,sensitivity,E06,static_continuity_ttl1800,B1800 static continuity,20260914,default,1,0.129927,0.22353479999999998,,0.030573,0.028254,0.49078,,0,0,0,2,,1,0.01,65.394,60.3828125,0.015292,70.0,,0.0,0,5,0,5,0,0,0,0,0,5,5,5,0
E06-static_continuity_ttl1800-20260915-20260906T142754726273Z,sensitivity,E06,static_continuity_ttl1800,B1800 static continuity,20260915,default,1,0.1151255,0.21145989999999998,,0.030278,0.029224,0.475388,,0,0,0,2,,1,0.01,58.751,60.3828125,0.017021,70.0,,0.0,0,5,0,5,0,0,0,0,0,5,5,5,0
E06-static_continuity_ttl1800-20260916-20260906T142754864737Z,sensitivity,E06,static_continuity_ttl1800,B1800 static continuity,20260916,default,1,0.1099175,0.19865399999999997,,0.027453,0.021802,0.454049,,0,0,0,2,,1,0.01,70.077,60.3828125,0.01427,70.0,,0.0,0,5,0,5,0,0,0,0,0,5,5,5,0
E06-static_continuity_ttl1800-20260917-20260906T142754996781Z,sensitivity,E06,static_continuity_ttl1800,B1800 static continuity,20260917,default,1,0.116961,0.20452399999999996,,0.027624,0.032467,0.491635,,0,0,0,2,,1,0.01,58.761,60.3828125,0.017018,70.0,,0.0,0,5,0,5,0,0,0,0,0,5,5,5,0
E06-static_continuity_ttl1800-20260918-20260906T142755131242Z,sensitivity,E06,static_continuity_ttl1800,B1800 static continuity,20260918,default,1,0.1203295,0.19578009999999996,,0.028382,0.027077,0.466917,,0,0,0,2,,1,0.01,60.179,60.3828125,0.016617,70.0,,0.0,0,5,0,5,0,0,0,0,0,5,5,5,0
E06-static_continuity_ttl1800-20260919-20260906T142755253793Z,sensitivity,E06,static_continuity_ttl1800,B1800 static continuity,20260919,default,1,0.116413,0.19747789999999996,,0.028382,0.028762,0.385812,,0,0,0,2,,1,0.02,150.139,60.3828125,0.013321,70.0,,0.0,0,5,0,5,0,0,0,0,0,5,5,5,0
E06-static_continuity_ttl1800-20260920-20260906T142755387994Z,sensitivity,E06,static_continuity_ttl1800,B1800 static continuity,20260920,default,1,0.0989795,0.19667159999999995,,0.027245,0.021603,0.404552,,0,0,0,2,,1,0.01,65.946,60.3828125,0.015164,70.0,,0.0,0,5,0,5,0,0,0,0,0,5,5,5,0
E06-static_continuity_ttl1800-20260921-20260906T142755516365Z,sensitivity,E06,static_continuity_ttl1800,B1800 static continuity,20260921,default,1,0.1083495,0.20008864999999995,,0.030741,0.024845,0.448936,,0,0,0,2,,1,0.01,64.704,60.3828125,0.015455,70.0,,0.0,0,5,0,5,0,0,0,0,0,5,5,5,0
E06-static_continuity_ttl1800-20260922-20260906T142755639259Z,sensitivity,E06,static_continuity_ttl1800,B1800 static continuity,20260922,default,1,0.11521300000000001,0.21024024999999996,,0.029393,0.03053,0.378612,,0,0,0,2,,1,0.01,74.8,60.3828125,0.013369,70.0,,0.0,0,5,0,5,0,0,0,0,0,5,5,5,0
E06-static_continuity_ttl1800-20260923-20260906T142755769052Z,sensitivity,E06,static_continuity_ttl1800,B1800 static continuity,20260923,default,1,0.110981,0.21281009999999997,,0.028846,0.026192,0.45921,,0,0,0,2,,1,0.01,64.508,60.3828125,0.015502,70.0,,0.0,0,5,0,5,0,0,0,0,0,5,5,5,0
E06-static_continuity_ttl1800-20260924-20260906T142755905172Z,sensitivity,E06,static_continuity_ttl1800,B1800 static continuity,20260924,default,1,0.126625,0.20168389999999997,,0.02813,0.02775,0.515722,,0,0,0,2,,1,0.01,73.185,60.38671875,0.013664,70.0,,0.0,0,5,0,5,0,0,0,0,0,5,5,5,0
E06-static_continuity_ttl1800-20260925-20260906T142756038840Z,sensitivity,E06,static_continuity_ttl1800,B1800 static continuity,20260925,default,1,0.1172765,0.19955714999999996,,0.030155,0.030449,0.47899,,0,0,0,2,,1,0.01,65.514,60.3984375,0.015264,70.0,,0.0,0,5,0,5,0,0,0,0,0,5,5,5,0
E06-static_continuity_ttl1800-20260926-20260906T142756159166Z,sensitivity,E06,static_continuity_ttl1800,B1800 static continuity,20260926,default,1,0.1216295,0.20559509999999998,,0.029525,0.030197,0.427176,,0,0,0,2,,1,0.01,73.556,60.3984375,0.013595,70.0,,0.0,0,5,0,5,0,0,0,0,0,5,5,5,0
E06-static_continuity_ttl1800-20260927-20260906T142756291532Z,sensitivity,E06,static_continuity_ttl1800,B1800 static continuity,20260927,default,1,0.1099175,0.20533829999999997,,0.032427,0.038356,0.493038,,0,0,0,2,,1,0.02,129.803,60.40234375,0.015408,70.0,,0.0,0,5,0,5,0,0,0,0,0,5,5,5,0
E06-static_continuity_ttl1800-20260928-20260906T142756419135Z,sensitivity,E06,static_continuity_ttl1800,B1800 static continuity,20260928,default,1,0.1131345,0.20332199999999995,,0.034445,0.039786,0.534044,,0,0,0,2,,1,0.01,57.737,60.4296875,0.01732,70.0,,0.0,0,5,0,5,0,0,0,0,0,5,5,5,0
E06-static_continuity_ttl1800-20260929-20260906T142756549564Z,sensitivity,E06,static_continuity_ttl1800,B1800 static continuity,20260929,default,1,0.119001,0.20791239999999997,,0.041763,0.025318,0.479285,,0,0,0,2,,1,0.01,65.738,60.4296875,0.015212,70.0,,0.0,0,5,0,5,0,0,0,0,0,5,5,5,0
E06-static_continuity_ttl1800-20260930-20260906T142756688859Z,sensitivity,E06,static_continuity_ttl1800,B1800 static continuity,20260930,default,1,0.10825599999999999,0.19967604999999997,,0.028346,0.023384,0.48063,,0,0,0,2,,1,0.02,132.961,60.4296875,0.015042,70.0,,0.0,0,5,0,5,0,0,0,0,0,5,5,5,0
E06-static_continuity_ttl1800-20260931-20260906T142756817872Z,sensitivity,E06,static_continuity_ttl1800,B1800 static continuity,20260931,default,1,0.11935799999999999,0.20920289999999997,,0.031585,0.030408,0.485215,,0,0,0,2,,1,0.02,130.344,60.4296875,0.015344,70.0,,0.0,0,5,0,5,0,0,0,0,0,5,5,5,0
E06-static_continuity_ttl1800-20260932-20260906T142756952421Z,sensitivity,E06,static_continuity_ttl1800,B1800 static continuity,20260932,default,1,0.11885399999999999,0.19554149999999995,,0.027968,0.034403,0.536693,,0,0,0,2,,1,0.01,62.941,60.4296875,0.015888,70.0,,0.0,0,5,0,5,0,0,0,0,0,5,5,5,0
E06-static_continuity_ttl1800-20260933-20260906T142757093008Z,sensitivity,E06,static_continuity_ttl1800,B1800 static continuity,20260933,default,1,0.12403750000000001,0.21502904999999997,,0.028903,0.02966,0.508879,,0,0,0,2,,1,0.01,70.072,60.4296875,0.014271,70.0,,0.0,0,5,0,5,0,0,0,0,0,5,5,5,0
E06-static_continuity_ttl1800-20260934-20260906T142757214172Z,sensitivity,E06,static_continuity_ttl1800,B1800 static continuity,20260934,default,1,0.113346,0.19912789999999994,,0.028021,0.02924,0.495436,,0,0,0,2,,1,0.01,65.846,60.4296875,0.015187,70.0,,0.0,0,5,0,5,0,0,0,0,0,5,5,5,0
E06-static_continuity_ttl1800-20260935-20260906T142757337235Z,sensitivity,E06,static_continuity_ttl1800,B1800 static continuity,20260935,default,1,0.1083045,0.20123699999999994,,0.030752,0.027559,0.38541,,0,0,0,2,,1,0.02,149.376,60.4296875,0.013389,70.0,,0.0,0,5,0,5,0,0,0,0,0,5,5,5,0
E06-static_continuity_ttl1800-20260936-20260906T142757471576Z,sensitivity,E06,static_continuity_ttl1800,B1800 static continuity,20260936,default,1,0.1224835,0.19809094999999996,,0.028106,0.027601,0.436494,,0,0,0,2,,1,0.01,74.56,60.4296875,0.013412,70.0,,0.0,0,5,0,5,0,0,0,0,0,5,5,5,0
E06-static_continuity_ttl30-20260907-20260906T142749562358Z,sensitivity,E06,static_continuity_ttl30,B30 static continuity,20260907,default,1,0.11831749999999999,0.21705899999999997,,0.02967,0.027837,0.479535,,0,0,0,2,,1,0.01,54.36,60.3359375,0.018396,70.0,,0.0,0,5,0,5,0,0,0,0,0,5,5,5,0
E06-static_continuity_ttl30-20260908-20260906T142749699832Z,sensitivity,E06,static_continuity_ttl30,B30 static continuity,20260908,default,1,0.130253,0.22590454999999995,,0.02886,0.023446,0.483713,,0,0,0,2,,1,0.01,59.709,60.3359375,0.016748,70.0,,0.0,0,5,0,5,0,0,0,0,0,5,5,5,0
E06-static_continuity_ttl30-20260909-20260906T142749830176Z,sensitivity,E06,static_continuity_ttl30,B30 static continuity,20260909,default,1,0.125074,0.20864849999999996,,0.029201,0.026771,0.466234,,0,0,0,2,,1,0.01,61.177,60.3359375,0.016346,70.0,,0.0,0,5,0,5,0,0,0,0,0,5,5,5,0
E06-static_continuity_ttl30-20260910-20260906T142749969046Z,sensitivity,E06,static_continuity_ttl30,B30 static continuity,20260910,default,1,0.1048685,0.19940859999999996,,0.028476,0.027667,0.467471,,0,0,0,2,,1,0.01,62.298,60.3359375,0.016052,70.0,,0.0,0,5,0,5,0,0,0,0,0,5,5,5,0
E06-static_continuity_ttl30-20260911-20260906T142750103175Z,sensitivity,E06,static_continuity_ttl30,B30 static continuity,20260911,default,1,0.1253665,0.21165624999999996,,0.029035,0.027164,0.549332,,0,0,0,2,,1,0.01,62.039,60.3359375,0.016119,70.0,,0.0,0,5,0,5,0,0,0,0,0,5,5,5,0
E06-static_continuity_ttl30-20260912-20260906T142750239644Z,sensitivity,E06,static_continuity_ttl30,B30 static continuity,20260912,default,1,0.120286,0.21093799999999996,,0.027548,0.031799,0.476808,,0,0,0,2,,1,0.01,58.086,60.3359375,0.017216,70.0,,0.0,0,5,0,5,0,0,0,0,0,5,5,5,0
E06-static_continuity_ttl30-20260913-20260906T142750388739Z,sensitivity,E06,static_continuity_ttl30,B30 static continuity,20260913,default,1,0.1308715,0.20716669999999998,,0.030736,0.035582,0.554263,,0,0,0,2,,1,0.01,63.456,60.3359375,0.015759,70.0,,0.0,0,5,0,5,0,0,0,0,0,5,5,5,0
E06-static_continuity_ttl30-20260914-20260906T142750526275Z,sensitivity,E06,static_continuity_ttl30,B30 static continuity,20260914,default,1,0.136419,0.23009099999999996,,0.03065,0.042766,0.608509,,0,0,0,2,,1,0.02,126.382,60.3359375,0.015825,70.0,,0.0,0,5,0,5,0,0,0,0,0,5,5,5,0
E06-static_continuity_ttl30-20260915-20260906T142750660535Z,sensitivity,E06,static_continuity_ttl30,B30 static continuity,20260915,default,1,0.12247549999999999,0.19796755,,0.028441,0.024912,0.479188,,0,0,0,2,,1,0.01,57.127,60.33984375,0.017505,70.0,,0.0,0,5,0,5,0,0,0,0,0,5,5,5,0
E06-static_continuity_ttl30-20260916-20260906T142750805713Z,sensitivity,E06,static_continuity_ttl30,B30 static continuity,20260916,default,1,0.134464,0.20985964999999998,,0.02895,0.030864,0.478169,,0,0,0,2,,1,0.01,68.213,60.3515625,0.01466,70.0,,0.0,0,5,0,5,0,0,0,0,0,5,5,5,0
E06-static_continuity_ttl30-20260917-20260906T142750940292Z,sensitivity,E06,static_continuity_ttl30,B30 static continuity,20260917,default,1,0.1300425,0.21049139999999997,,0.029588,0.027845,0.545676,,0,0,0,2,,1,0.01,58.665,60.3515625,0.017046,70.0,,0.0,0,5,0,5,0,0,0,0,0,5,5,5,0
E06-static_continuity_ttl30-20260918-20260906T142751079469Z,sensitivity,E06,static_continuity_ttl30,B30 static continuity,20260918,default,1,0.11446049999999999,0.21139369999999996,,0.028753,0.023833,0.410895,,0,0,0,2,,1,0.02,146.06,60.3515625,0.013693,70.0,,0.0,0,5,0,5,0,0,0,0,0,5,5,5,0
E06-static_continuity_ttl30-20260919-20260906T142751214669Z,sensitivity,E06,static_continuity_ttl30,B30 static continuity,20260919,default,1,0.12330250000000001,0.21345239999999996,,0.029559,0.029517,0.545245,,0,0,0,2,,1,0.01,58.672,60.3515625,0.017044,70.0,,0.0,0,5,0,5,0,0,0,0,0,5,5,5,0
E06-static_continuity_ttl30-20260920-20260906T142751357190Z,sensitivity,E06,static_continuity_ttl30,B30 static continuity,20260920,default,1,0.125741,0.20571894999999996,,0.03028,0.033545,0.417299,,0,0,0,2,,1,0.01,64.675,60.3515625,0.015462,70.0,,0.0,0,5,0,5,0,0,0,0,0,5,5,5,0
E06-static_continuity_ttl30-20260921-20260906T142751493994Z,sensitivity,E06,static_continuity_ttl30,B30 static continuity,20260921,default,1,0.13258999999999999,0.21198504999999995,,0.031849,0.033163,0.502964,,0,0,0,2,,1,0.01,58.323,60.3515625,0.017146,70.0,,0.0,0,5,0,5,0,0,0,0,0,5,5,5,0
E06-static_continuity_ttl30-20260922-20260906T142751620211Z,sensitivity,E06,static_continuity_ttl30,B30 static continuity,20260922,default,1,0.11778949999999999,0.19772889999999996,,0.028795,0.02977,0.4807,,0,0,0,2,,1,0.01,56.316,60.3671875,0.017757,70.0,,0.0,0,5,0,5,0,0,0,0,0,5,5,5,0
E06-static_continuity_ttl30-20260923-20260906T142751761045Z,sensitivity,E06,static_continuity_ttl30,B30 static continuity,20260923,default,1,0.129664,0.22292609999999996,,0.030365,0.031679,0.477562,,0,0,0,2,,1,0.01,69.262,60.3671875,0.014438,70.0,,0.0,0,5,0,5,0,0,0,0,0,5,5,5,0
E06-static_continuity_ttl30-20260924-20260906T142751903439Z,sensitivity,E06,static_continuity_ttl30,B30 static continuity,20260924,default,1,0.11946500000000002,0.20117709999999997,,0.028328,0.026972,0.479215,,0,0,0,2,,1,0.01,59.52,60.3671875,0.016801,70.0,,0.0,0,5,0,5,0,0,0,0,0,5,5,5,0
E06-static_continuity_ttl30-20260925-20260906T142752031125Z,sensitivity,E06,static_continuity_ttl30,B30 static continuity,20260925,default,1,0.11993,0.20931289999999994,,0.029285,0.028903,0.503165,,0,0,0,2,,1,0.0,0.0,60.3671875,0.017197,70.0,,0.0,0,5,0,5,0,0,0,0,0,5,5,5,0
E06-static_continuity_ttl30-20260926-20260906T142752153531Z,sensitivity,E06,static_continuity_ttl30,B30 static continuity,20260926,default,1,0.1228925,0.20194439999999997,,0.029411,0.028438,0.463047,,0,0,0,2,,1,0.01,63.012,60.3671875,0.01587,70.0,,0.0,0,5,0,5,0,0,0,0,0,5,5,5,0
E06-static_continuity_ttl30-20260927-20260906T142752278227Z,sensitivity,E06,static_continuity_ttl30,B30 static continuity,20260927,default,1,0.1227865,0.20814234999999998,,0.029496,0.026406,0.399654,,0,0,0,2,,1,0.02,146.951,60.3671875,0.01361,70.0,,0.0,0,5,0,5,0,0,0,0,0,5,5,5,0
E06-static_continuity_ttl30-20260928-20260906T142752414123Z,sensitivity,E06,static_continuity_ttl30,B30 static continuity,20260928,default,1,0.11709449999999999,0.21922164999999996,,0.03212,0.032162,0.371173,,0,0,0,2,,1,0.01,74.683,60.3671875,0.01339,70.0,,0.0,0,5,0,5,0,0,0,0,0,5,5,5,0
E06-static_continuity_ttl30-20260929-20260906T142752544069Z,sensitivity,E06,static_continuity_ttl30,B30 static continuity,20260929,default,1,0.124225,0.21104509999999996,,0.032246,0.025645,0.454795,,0,0,0,2,,1,0.01,62.274,60.3671875,0.016058,70.0,,0.0,0,5,0,5,0,0,0,0,0,5,5,5,0
E06-static_continuity_ttl30-20260930-20260906T142752669774Z,sensitivity,E06,static_continuity_ttl30,B30 static continuity,20260930,default,1,0.1119955,0.20244234999999994,,0.032204,0.03267,0.527074,,0,0,0,2,,1,0.01,68.217,60.3671875,0.014659,70.0,,0.0,0,5,0,5,0,0,0,0,0,5,5,5,0
E06-static_continuity_ttl30-20260931-20260906T142752814152Z,sensitivity,E06,static_continuity_ttl30,B30 static continuity,20260931,default,1,0.0980725,0.21800434999999993,,0.02865,0.026068,0.451451,,0,0,0,2,,1,0.01,57.438,60.3828125,0.01741,70.0,,0.0,0,5,0,5,0,0,0,0,0,5,5,5,0
E06-static_continuity_ttl30-20260932-20260906T142752955807Z,sensitivity,E06,static_continuity_ttl30,B30 static continuity,20260932,default,1,0.127759,0.20434419999999998,,0.02975,0.032585,0.474515,,0,0,0,2,,1,0.01,57.837,60.3828125,0.01729,70.0,,0.0,0,5,0,5,0,0,0,0,0,5,5,5,0
E06-static_continuity_ttl30-20260933-20260906T142753090180Z,sensitivity,E06,static_continuity_ttl30,B30 static continuity,20260933,default,1,0.1331385,0.20009244999999998,,0.029441,0.028808,0.453441,,0,0,0,2,,1,0.01,58.408,60.3828125,0.017121,70.0,,0.0,0,5,0,5,0,0,0,0,0,5,5,5,0
E06-static_continuity_ttl30-20260934-20260906T142753225333Z,sensitivity,E06,static_continuity_ttl30,B30 static continuity,20260934,default,1,0.13822849999999998,0.20079979999999997,,0.028385,0.026653,0.47853,,0,0,0,2,,1,0.02,118.941,60.3828125,0.016815,70.0,,0.0,0,5,0,5,0,0,0,0,0,5,5,5,0
E06-static_continuity_ttl30-20260935-20260906T142753362464Z,sensitivity,E06,static_continuity_ttl30,B30 static continuity,20260935,default,1,0.0981435,0.20312559999999996,,0.031933,0.020782,0.443218,,0,0,0,2,,1,0.01,68.06,60.3828125,0.014693,70.0,,0.0,0,5,0,5,0,0,0,0,0,5,5,5,0
E06-static_continuity_ttl30-20260936-20260906T142753487813Z,sensitivity,E06,static_continuity_ttl30,B30 static continuity,20260936,default,1,0.11822750000000001,0.19398859999999996,,0.028596,0.024879,0.468816,,0,0,0,2,,1,0.01,70.067,60.3828125,0.014272,70.0,,0.0,0,5,0,5,0,0,0,0,0,5,5,5,0
E07-static_continuity_ttl1800-20260907-20260906T142801495793Z,sensitivity,E07,static_continuity_ttl1800,B1800 static continuity,20260907,default,2,0.159309,0.21575285,,0.023908,,,,0,0,0,3,,1,0.01,56.243,60.49609375,0.01778,3.0,1.0,0.0,2,3,0,3,2,2,0,0,2,5,3,3,0
E07-static_continuity_ttl1800-20260908-20260906T142801633642Z,sensitivity,E07,static_continuity_ttl1800,B1800 static continuity,20260908,default,2,0.151201,0.2143029,,0.026701000000000003,,,,0,0,0,3,,1,0.01,64.185,60.49609375,0.01558,3.0,1.0,0.0,2,3,0,3,2,2,0,0,2,5,3,3,0
E07-static_continuity_ttl1800-20260909-20260906T142801772726Z,sensitivity,E07,static_continuity_ttl1800,B1800 static continuity,20260909,default,2,0.151513,0.21082165,,0.023073499999999997,,,,0,0,0,3,,1,0.02,128.675,60.5,0.015543,3.0,1.0,0.0,2,3,0,3,2,2,0,0,2,5,3,3,0
E07-static_continuity_ttl1800-20260910-20260906T142801907537Z,sensitivity,E07,static_continuity_ttl1800,B1800 static continuity,20260910,default,2,0.164374,0.21235625,,0.0319745,,,,0,0,0,3,,1,0.01,73.11,60.51171875,0.013678,3.0,1.0,0.0,2,3,0,3,2,2,0,0,2,5,3,3,0
E07-static_continuity_ttl1800-20260911-20260906T142802031971Z,sensitivity,E07,static_continuity_ttl1800,B1800 static continuity,20260911,default,2,0.16773,0.2203326,,0.028618499999999998,,,,0,0,0,3,,1,0.01,73.589,60.51171875,0.013589,3.0,1.0,0.0,2,3,0,3,2,2,0,0,2,5,3,3,0
E07-static_continuity_ttl1800-20260912-20260906T142802163650Z,sensitivity,E07,static_continuity_ttl1800,B1800 static continuity,20260912,default,2,0.151701,0.2049126,,0.021656500000000002,,,,0,0,0,3,,1,0.01,58.952,60.51171875,0.016963,3.0,1.0,0.0,2,3,0,3,2,2,0,0,2,5,3,3,0
E07-static_continuity_ttl1800-20260913-20260906T142802304869Z,sensitivity,E07,static_continuity_ttl1800,B1800 static continuity,20260913,default,2,0.1456975,0.20615525,,0.023053,,,,0,0,0,3,,1,0.01,61.41,60.51171875,0.016284,3.0,1.0,0.0,2,3,0,3,2,2,0,0,2,5,3,3,0
E07-static_continuity_ttl1800-20260914-20260906T142802440262Z,sensitivity,E07,static_continuity_ttl1800,B1800 static continuity,20260914,default,2,0.174212,0.22155439999999998,,0.0304525,,,,0,0,0,3,,1,0.01,73.459,60.51171875,0.013613,3.0,1.0,0.0,2,3,0,3,2,2,0,0,2,5,3,3,0
E07-static_continuity_ttl1800-20260915-20260906T142802571312Z,sensitivity,E07,static_continuity_ttl1800,B1800 static continuity,20260915,default,2,0.156724,0.2107305,,0.0326825,,,,0,0,0,3,,1,0.01,62.798,60.51171875,0.015924,3.0,1.0,0.0,2,3,0,3,2,2,0,0,2,5,3,3,0
E07-static_continuity_ttl1800-20260916-20260906T142802698858Z,sensitivity,E07,static_continuity_ttl1800,B1800 static continuity,20260916,default,2,0.1904905,0.23315635,,0.030578,,,,0,0,0,3,,1,0.01,67.495,60.51171875,0.014816,3.0,1.0,0.0,2,3,0,3,2,2,0,0,2,5,3,3,0
E07-static_continuity_ttl1800-20260917-20260906T142802835551Z,sensitivity,E07,static_continuity_ttl1800,B1800 static continuity,20260917,default,2,0.162352,0.21048214999999998,,0.024325,,,,0,0,0,3,,1,0.01,64.733,60.51171875,0.015448,3.0,1.0,0.0,2,3,0,3,2,2,0,0,2,5,3,3,0
E07-static_continuity_ttl1800-20260918-20260906T142802972396Z,sensitivity,E07,static_continuity_ttl1800,B1800 static continuity,20260918,default,2,0.1449475,0.20556329999999995,,0.026825500000000002,,,,0,0,0,3,,1,0.01,62.996,60.51171875,0.015874,3.0,1.0,0.0,2,3,0,3,2,2,0,0,2,5,3,3,0
E07-static_continuity_ttl1800-20260919-20260906T142803099415Z,sensitivity,E07,static_continuity_ttl1800,B1800 static continuity,20260919,default,2,0.154536,0.2160164,,0.030349,,,,0,0,0,3,,1,0.01,62.586,60.51171875,0.015978,3.0,1.0,0.0,2,3,0,3,2,2,0,0,2,5,3,3,0
E07-static_continuity_ttl1800-20260920-20260906T142803230060Z,sensitivity,E07,static_continuity_ttl1800,B1800 static continuity,20260920,default,2,0.16333150000000002,0.22366799999999998,,0.028473,,,,0,0,0,3,,1,0.01,57.924,60.51171875,0.017264,3.0,1.0,0.0,2,3,0,3,2,2,0,0,2,5,3,3,0
E07-static_continuity_ttl1800-20260921-20260906T142803358318Z,sensitivity,E07,static_continuity_ttl1800,B1800 static continuity,20260921,default,2,0.17148200000000002,0.23694725,,0.032036999999999996,,,,0,0,0,3,,1,0.01,67.517,60.51171875,0.014811,3.0,1.0,0.0,2,3,0,3,2,2,0,0,2,5,3,3,0
E07-static_continuity_ttl1800-20260922-20260906T142803495368Z,sensitivity,E07,static_continuity_ttl1800,B1800 static continuity,20260922,default,2,0.14995,0.22654004999999997,,0.027492500000000003,,,,0,0,0,3,,1,0.01,66.335,60.51171875,0.015075,3.0,1.0,0.0,2,3,0,3,2,2,0,0,2,5,3,3,0
E07-static_continuity_ttl1800-20260923-20260906T142803627519Z,sensitivity,E07,static_continuity_ttl1800,B1800 static continuity,20260923,default,2,0.1604755,0.22390965,,0.027472000000000003,,,,0,0,0,3,,1,0.01,62.197,60.51171875,0.016078,3.0,1.0,0.0,2,3,0,3,2,2,0,0,2,5,3,3,0
E07-static_continuity_ttl1800-20260924-20260906T142803759510Z,sensitivity,E07,static_continuity_ttl1800,B1800 static continuity,20260924,default,2,0.14534350000000001,0.19849724999999996,,0.027638999999999997,,,,0,0,0,3,,1,0.02,126.944,60.51171875,0.015755,3.0,1.0,0.0,2,3,0,3,2,2,0,0,2,5,3,3,0
E07-static_continuity_ttl1800-20260925-20260906T142803909445Z,sensitivity,E07,static_continuity_ttl1800,B1800 static continuity,20260925,default,2,0.172253,0.25278924999999997,,0.0521725,,,,0,0,0,3,,1,0.01,69.871,60.51171875,0.014312,3.0,1.0,0.0,2,3,0,3,2,2,0,0,2,5,3,3,0
E07-static_continuity_ttl1800-20260926-20260906T142804036872Z,sensitivity,E07,static_continuity_ttl1800,B1800 static continuity,20260926,default,2,0.175108,0.22891825,,0.028576499999999998,,,,0,0,0,3,,1,0.01,66.072,60.51171875,0.015135,3.0,1.0,0.0,2,3,0,3,2,2,0,0,2,5,3,3,0
E07-static_continuity_ttl1800-20260927-20260906T142804177412Z,sensitivity,E07,static_continuity_ttl1800,B1800 static continuity,20260927,default,2,0.1486575,0.2441579,,0.028639500000000002,,,,0,0,0,3,,1,0.02,116.788,60.51171875,0.017125,3.0,1.0,0.0,2,3,0,3,2,2,0,0,2,5,3,3,0
E07-static_continuity_ttl1800-20260928-20260906T142804306542Z,sensitivity,E07,static_continuity_ttl1800,B1800 static continuity,20260928,default,2,0.1553275,0.20089564999999998,,0.0259505,,,,0,0,0,3,,1,0.02,116.475,60.51171875,0.017171,3.0,1.0,0.0,2,3,0,3,2,2,0,0,2,5,3,3,0
E07-static_continuity_ttl1800-20260929-20260906T142804442725Z,sensitivity,E07,static_continuity_ttl1800,B1800 static continuity,20260929,default,2,0.1538895,0.21791699999999997,,0.023240999999999998,,,,0,0,0,3,,1,0.01,70.353,60.51171875,0.014214,3.0,1.0,0.0,2,3,0,3,2,2,0,0,2,5,3,3,0
E07-static_continuity_ttl1800-20260930-20260906T142804570372Z,sensitivity,E07,static_continuity_ttl1800,B1800 static continuity,20260930,default,2,0.1731705,0.25876465,,0.026409000000000002,,,,0,0,0,3,,1,0.02,119.005,60.51171875,0.016806,3.0,1.0,0.0,2,3,0,3,2,2,0,0,2,5,3,3,0
E07-static_continuity_ttl1800-20260931-20260906T142804695758Z,sensitivity,E07,static_continuity_ttl1800,B1800 static continuity,20260931,default,2,0.170898,0.23186394999999999,,0.028409499999999997,,,,0,0,0,3,,1,0.01,68.273,60.52734375,0.014647,3.0,1.0,0.0,2,3,0,3,2,2,0,0,2,5,3,3,0
E07-static_continuity_ttl1800-20260932-20260906T142804827015Z,sensitivity,E07,static_continuity_ttl1800,B1800 static continuity,20260932,default,2,0.154723,0.20361469999999998,,0.022865499999999997,,,,0,0,0,3,,1,0.02,108.885,60.52734375,0.018368,3.0,1.0,0.0,2,3,0,3,2,2,0,0,2,5,3,3,0
E07-static_continuity_ttl1800-20260933-20260906T142804952217Z,sensitivity,E07,static_continuity_ttl1800,B1800 static continuity,20260933,default,2,0.138132,0.20451529999999998,,0.023323999999999998,,,,0,0,0,3,,1,0.01,62.641,60.52734375,0.015964,3.0,1.0,0.0,2,3,0,3,2,2,0,0,2,5,3,3,0
E07-static_continuity_ttl1800-20260934-20260906T142805087245Z,sensitivity,E07,static_continuity_ttl1800,B1800 static continuity,20260934,default,2,0.1498245,0.21564509999999998,,0.028721999999999998,,,,0,0,0,3,,1,0.02,114.89,60.52734375,0.017408,3.0,1.0,0.0,2,3,0,3,2,2,0,0,2,5,3,3,0
E07-static_continuity_ttl1800-20260935-20260906T142805223756Z,sensitivity,E07,static_continuity_ttl1800,B1800 static continuity,20260935,default,2,0.165041,0.21705195,,0.026013,,,,0,0,0,3,,1,0.01,69.92,60.52734375,0.014302,3.0,1.0,0.0,2,3,0,3,2,2,0,0,2,5,3,3,0
E07-static_continuity_ttl1800-20260936-20260906T142805357213Z,sensitivity,E07,static_continuity_ttl1800,B1800 static continuity,20260936,default,2,0.1567245,0.219051,,0.026638000000000002,,,,0,0,0,3,,1,0.01,58.251,60.52734375,0.017167,3.0,1.0,0.0,2,3,0,3,2,2,0,0,2,5,3,3,0
E07-static_continuity_ttl30-20260907-20260906T142757601233Z,sensitivity,E07,static_continuity_ttl30,B30 static continuity,20260907,default,2,0.14787899999999998,0.21317229999999998,,0.024135499999999997,,,,0,0,0,3,,1,0.01,62.367,60.4296875,0.016034,3.0,1.0,0.0,2,3,0,3,2,2,0,0,2,5,3,3,0
E07-static_continuity_ttl30-20260908-20260906T142757738667Z,sensitivity,E07,static_continuity_ttl30,B30 static continuity,20260908,default,2,0.178463,0.2262231,,0.0288825,,,,0,0,0,3,,1,0.02,112.88,60.4375,0.017718,3.0,1.0,0.0,2,3,0,3,2,2,0,0,2,5,3,3,0
E07-static_continuity_ttl30-20260909-20260906T142757874992Z,sensitivity,E07,static_continuity_ttl30,B30 static continuity,20260909,default,2,0.16501949999999999,0.2206403,,0.027223499999999998,,,,0,0,0,3,,1,0.01,59.404,60.44921875,0.016834,3.0,1.0,0.0,2,3,0,3,2,2,0,0,2,5,3,3,0
E07-static_continuity_ttl30-20260910-20260906T142758013242Z,sensitivity,E07,static_continuity_ttl30,B30 static continuity,20260910,default,2,0.16870049999999998,0.21182625,,0.0283515,,,,0,0,0,3,,1,0.01,57.834,60.44921875,0.017291,3.0,1.0,0.0,2,3,0,3,2,2,0,0,2,5,3,3,0
E07-static_continuity_ttl30-20260911-20260906T142758156110Z,sensitivity,E07,static_continuity_ttl30,B30 static continuity,20260911,default,2,0.15422149999999998,0.205186,,0.0281415,,,,0,0,0,3,,1,0.02,123.267,60.44921875,0.016225,3.0,1.0,0.0,2,3,0,3,2,2,0,0,2,5,3,3,0
E07-static_continuity_ttl30-20260912-20260906T142758286425Z,sensitivity,E07,static_continuity_ttl30,B30 static continuity,20260912,default,2,0.1532975,0.2172843,,0.027889,,,,0,0,0,3,,1,0.01,71.896,60.44921875,0.013909,3.0,1.0,0.0,2,3,0,3,2,2,0,0,2,5,3,3,0
E07-static_continuity_ttl30-20260913-20260906T142758412832Z,sensitivity,E07,static_continuity_ttl30,B30 static continuity,20260913,default,2,0.148534,0.21468374999999998,,0.028099,,,,0,0,0,3,,1,0.02,117.571,60.44921875,0.017011,3.0,1.0,0.0,2,3,0,3,2,2,0,0,2,5,3,3,0
E07-static_continuity_ttl30-20260914-20260906T142758431402Z,sensitivity,E07,static_continuity_ttl30,B30 static continuity,20260914,default,2,0.1444265,0.20393134999999998,,0.0242205,,,,0,0,0,3,,1,0.01,56.912,60.44921875,0.017571,3.0,1.0,0.0,2,3,0,3,2,2,0,0,2,5,3,3,0
E07-static_continuity_ttl30-20260915-20260906T142758564679Z,sensitivity,E07,static_continuity_ttl30,B30 static continuity,20260915,default,2,0.1471575,0.22711314999999996,,0.023845,,,,0,0,0,3,,1,0.01,67.399,60.44921875,0.014837,3.0,1.0,0.0,2,3,0,3,2,2,0,0,2,5,3,3,0
E07-static_continuity_ttl30-20260916-20260906T142758701161Z,sensitivity,E07,static_continuity_ttl30,B30 static continuity,20260916,default,2,0.143176,0.21326485,,0.0234075,,,,0,0,0,3,,1,0.01,70.048,60.44921875,0.014276,3.0,1.0,0.0,2,3,0,3,2,2,0,0,2,5,3,3,0
E07-static_continuity_ttl30-20260917-20260906T142758830542Z,sensitivity,E07,static_continuity_ttl30,B30 static continuity,20260917,default,2,0.1728985,0.2137319,,0.0323495,,,,0,0,0,3,,1,0.01,69.008,60.44921875,0.014491,3.0,1.0,0.0,2,3,0,3,2,2,0,0,2,5,3,3,0
E07-static_continuity_ttl30-20260918-20260906T142758957828Z,sensitivity,E07,static_continuity_ttl30,B30 static continuity,20260918,default,2,0.1546605,0.22505614999999998,,0.026700500000000002,,,,0,0,0,3,,1,0.02,122.572,60.44921875,0.016317,3.0,1.0,0.0,2,3,0,3,2,2,0,0,2,5,3,3,0
E07-static_continuity_ttl30-20260919-20260906T142759098228Z,sensitivity,E07,static_continuity_ttl30,B30 static continuity,20260919,default,2,0.156807,0.2164624,,0.0304525,,,,0,0,0,3,,1,0.01,61.61,60.44921875,0.016231,3.0,1.0,0.0,2,3,0,3,2,2,0,0,2,5,3,3,0
E07-static_continuity_ttl30-20260920-20260906T142759233310Z,sensitivity,E07,static_continuity_ttl30,B30 static continuity,20260920,default,2,0.1648735,0.24245884999999998,,0.0307235,,,,0,0,0,3,,1,0.01,62.594,60.44921875,0.015976,3.0,1.0,0.0,2,3,0,3,2,2,0,0,2,5,3,3,0
E07-static_continuity_ttl30-20260921-20260906T142759354612Z,sensitivity,E07,static_continuity_ttl30,B30 static continuity,20260921,default,2,0.175921,0.22430414999999998,,0.0309525,,,,0,0,0,3,,1,0.01,73.497,60.46484375,0.013606,3.0,1.0,0.0,2,3,0,3,2,2,0,0,2,5,3,3,0
E07-static_continuity_ttl30-20260922-20260906T142759481756Z,sensitivity,E07,static_continuity_ttl30,B30 static continuity,20260922,default,2,0.150242,0.21280634999999998,,0.027034000000000002,,,,0,0,0,3,,1,0.01,59.098,60.46484375,0.016921,3.0,1.0,0.0,2,3,0,3,2,2,0,0,2,5,3,3,0
E07-static_continuity_ttl30-20260923-20260906T142759623617Z,sensitivity,E07,static_continuity_ttl30,B30 static continuity,20260923,default,2,0.1651245,0.21561835000000001,,0.023740999999999998,,,,0,0,0,3,,1,0.01,66.212,60.46484375,0.015103,3.0,1.0,0.0,2,3,0,3,2,2,0,0,2,5,3,3,0
E07-static_continuity_ttl30-20260924-20260906T142759762390Z,sensitivity,E07,static_continuity_ttl30,B30 static continuity,20260924,default,2,0.1403615,0.2271512,,0.023428499999999998,,,,0,0,0,3,,1,0.02,134.454,60.46484375,0.014875,3.0,1.0,0.0,2,3,0,3,2,2,0,0,2,5,3,3,0
E07-static_continuity_ttl30-20260925-20260906T142759894577Z,sensitivity,E07,static_continuity_ttl30,B30 static continuity,20260925,default,2,0.16176849999999998,0.21830075,,0.0285355,,,,0,0,0,3,,1,0.01,58.456,60.46484375,0.017107,3.0,1.0,0.0,2,3,0,3,2,2,0,0,2,5,3,3,0
E07-static_continuity_ttl30-20260926-20260906T142800033403Z,sensitivity,E07,static_continuity_ttl30,B30 static continuity,20260926,default,2,0.168188,0.2318611,,0.029661,,,,0,0,0,3,,1,0.01,69.716,60.46484375,0.014344,3.0,1.0,0.0,2,3,0,3,2,2,0,0,2,5,3,3,0
E07-static_continuity_ttl30-20260927-20260906T142800166628Z,sensitivity,E07,static_continuity_ttl30,B30 static continuity,20260927,default,2,0.1668125,0.20779775,,0.023594999999999998,,,,0,0,0,3,,1,0.01,59.506,60.46484375,0.016805,3.0,1.0,0.0,2,3,0,3,2,2,0,0,2,5,3,3,0
E07-static_continuity_ttl30-20260928-20260906T142800297549Z,sensitivity,E07,static_continuity_ttl30,B30 static continuity,20260928,default,2,0.267571,0.37785519999999995,,0.043939,,,,0,0,0,3,,1,0.02,77.73,60.46484375,0.02573,3.0,1.0,0.0,2,3,0,3,2,2,0,0,2,5,3,3,0
E07-static_continuity_ttl30-20260929-20260906T142800430990Z,sensitivity,E07,static_continuity_ttl30,B30 static continuity,20260929,default,2,0.15989199999999998,0.20568135,,0.037476999999999996,,,,0,0,0,3,,1,0.01,57.65,60.46484375,0.017346,3.0,1.0,0.0,2,3,0,3,2,2,0,0,2,5,3,3,0
E07-static_continuity_ttl30-20260930-20260906T142800569214Z,sensitivity,E07,static_continuity_ttl30,B30 static continuity,20260930,default,2,0.18134050000000002,0.23088894999999998,,0.0291605,,,,0,0,0,3,,1,0.01,59.049,60.46484375,0.016935,3.0,1.0,0.0,2,3,0,3,2,2,0,0,2,5,3,3,0
E07-static_continuity_ttl30-20260931-20260906T142800712279Z,sensitivity,E07,static_continuity_ttl30,B30 static continuity,20260931,default,2,0.164686,0.21346345,,0.032579,,,,0,0,0,3,,1,0.01,61.675,60.46484375,0.016214,3.0,1.0,0.0,2,3,0,3,2,2,0,0,2,5,3,3,0
E07-static_continuity_ttl30-20260932-20260906T142800843005Z,sensitivity,E07,static_continuity_ttl30,B30 static continuity,20260932,default,2,0.15578599999999998,0.2725527,,0.0332455,,,,0,0,0,3,,1,0.02,112.082,60.46484375,0.017844,3.0,1.0,0.0,2,3,0,3,2,2,0,0,2,5,3,3,0
E07-static_continuity_ttl30-20260933-20260906T142800980111Z,sensitivity,E07,static_continuity_ttl30,B30 static continuity,20260933,default,2,0.1651655,0.21790664999999998,,0.026971500000000002,,,,0,0,0,3,,1,0.01,73.616,60.46484375,0.013584,3.0,1.0,0.0,2,3,0,3,2,2,0,0,2,5,3,3,0
E07-static_continuity_ttl30-20260934-20260906T142801101222Z,sensitivity,E07,static_continuity_ttl30,B30 static continuity,20260934,default,2,0.16474899999999998,0.21352885,,0.0266595,,,,0,0,0,3,,1,0.01,69.166,60.46484375,0.014458,3.0,1.0,0.0,2,3,0,3,2,2,0,0,2,5,3,3,0
E07-static_continuity_ttl30-20260935-20260906T142801236304Z,sensitivity,E07,static_continuity_ttl30,B30 static continuity,20260935,default,2,0.159184,0.21326309999999998,,0.026409,,,,0,0,0,3,,1,0.01,65.449,60.484375,0.015279,3.0,1.0,0.0,2,3,0,3,2,2,0,0,2,5,3,3,0
E07-static_continuity_ttl30-20260936-20260906T142801362344Z,sensitivity,E07,static_continuity_ttl30,B30 static continuity,20260936,default,2,0.160393,0.20952495000000002,,0.0268465,,,,0,0,0,3,,1,0.01,62.174,60.49609375,0.016084,3.0,1.0,0.0,2,3,0,3,2,2,0,0,2,5,3,3,0
E08-static_continuity_ttl1800-20260907-20260906T142809392215Z,sensitivity,E08,static_continuity_ttl1800,B1800 static continuity,20260907,default,1,0.1692095,0.21310655,,0.027264,0.036101,,,0,0,0,3,,2,0.01,62.586,60.58984375,0.015978,4.0,1.0,0.0,2,1,0,1,2,2,0,0,2,3,1,1,0
E08-static_continuity_ttl1800-20260908-20260906T142809515007Z,sensitivity,E08,static_continuity_ttl1800,B1800 static continuity,20260908,default,1,0.1686675,0.22269405,,0.035726,0.028348,,,0,0,0,3,,2,0.01,65.466,60.58984375,0.015275,4.0,1.0,0.0,2,1,0,1,2,2,0,0,2,3,1,1,0
E08-static_continuity_ttl1800-20260909-20260906T142809646891Z,sensitivity,E08,static_continuity_ttl1800,B1800 static continuity,20260909,default,1,0.155682,0.20410019999999998,,0.031849,0.034267,,,0,0,0,3,,2,0.01,80.386,60.58984375,0.01244,4.0,1.0,0.0,2,1,0,1,2,2,0,0,2,3,1,1,0
E08-static_continuity_ttl1800-20260910-20260906T142809777811Z,sensitivity,E08,static_continuity_ttl1800,B1800 static continuity,20260910,default,1,0.16527,0.2050968,,0.028306,0.03435,,,0,0,0,3,,2,0.02,134.156,60.58984375,0.014908,4.0,1.0,0.0,2,1,0,1,2,2,0,0,2,3,1,1,0
E08-static_continuity_ttl1800-20260911-20260906T142809909260Z,sensitivity,E08,static_continuity_ttl1800,B1800 static continuity,20260911,default,1,0.1726285,0.21915175,,0.028556,0.028681,,,0,0,0,3,,2,0.01,78.908,60.58984375,0.012673,4.0,1.0,0.0,2,1,0,1,2,2,0,0,2,3,1,1,0
E08-static_continuity_ttl1800-20260912-20260906T142815929113Z,sensitivity,E08,static_continuity_ttl1800,B1800 static continuity,20260912,default,1,0.1721485,0.21771505,,0.029515,0.025429,,,0,0,0,3,,2,0.01,80.006,60.58984375,0.012499,4.0,1.0,0.0,2,1,0,1,2,2,0,0,2,3,1,1,0
E08-static_continuity_ttl1800-20260913-20260906T142816056388Z,sensitivity,E08,static_continuity_ttl1800,B1800 static continuity,20260913,default,1,0.17608800000000002,0.2220861,,0.028014,0.046815,,,0,0,0,3,,2,0.02,134.291,60.58984375,0.014893,4.0,1.0,0.0,2,1,0,1,2,2,0,0,2,3,1,1,0
E08-static_continuity_ttl1800-20260914-20260906T142816176522Z,sensitivity,E08,static_continuity_ttl1800,B1800 static continuity,20260914,default,1,0.17392000000000002,0.2146279,,0.029223,0.038603,,,0,0,0,3,,2,0.01,76.935,60.58984375,0.012998,4.0,1.0,0.0,2,1,0,1,2,2,0,0,2,3,1,1,0
E08-static_continuity_ttl1800-20260915-20260906T142816318304Z,sensitivity,E08,static_continuity_ttl1800,B1800 static continuity,20260915,default,1,0.1788185,0.22494755,,0.028847,0.037519,,,0,0,0,3,,2,0.01,72.717,60.58984375,0.013752,4.0,1.0,0.0,2,1,0,1,2,2,0,0,2,3,1,1,0
E08-static_continuity_ttl1800-20260916-20260906T142816440464Z,sensitivity,E08,static_continuity_ttl1800,B1800 static continuity,20260916,default,1,0.1808615,0.22440215,,0.034142,0.032642,,,0,0,0,3,,2,0.01,76.202,60.59765625,0.013123,4.0,1.0,0.0,2,1,0,1,2,2,0,0,2,3,1,1,0
E08-static_continuity_ttl1800-20260917-20260906T142816576883Z,sensitivity,E08,static_continuity_ttl1800,B1800 static continuity,20260917,default,1,0.173983,0.2316685,,0.02989,0.029431,,,0,0,0,3,,2,0.01,40.303,60.61328125,0.024812,4.0,1.0,0.0,2,1,0,1,2,2,0,0,2,3,1,1,0
E08-static_continuity_ttl1800-20260918-20260906T142816711149Z,sensitivity,E08,static_continuity_ttl1800,B1800 static continuity,20260918,default,1,0.18724,0.23502009999999998,,0.029807,0.042771,,,0,0,0,3,,2,0.02,139.101,60.62109375,0.014378,4.0,1.0,0.0,2,1,0,1,2,2,0,0,2,3,1,1,0
E08-static_continuity_ttl1800-20260919-20260906T142816835134Z,sensitivity,E08,static_continuity_ttl1800,B1800 static continuity,20260919,default,1,0.1745665,0.20403745,,0.028889,0.031725,,,0,0,0,3,,2,0.01,58.61,60.63671875,0.017062,4.0,1.0,0.0,2,1,0,1,2,2,0,0,2,3,1,1,0
E08-static_continuity_ttl1800-20260920-20260906T142816979936Z,sensitivity,E08,static_continuity_ttl1800,B1800 static continuity,20260920,default,1,0.183946,0.2196076,,0.041062,0.033642,,,0,0,0,3,,2,0.01,75.563,60.63671875,0.013234,4.0,1.0,0.0,2,1,0,1,2,2,0,0,2,3,1,1,0
E08-static_continuity_ttl1800-20260921-20260906T142817102085Z,sensitivity,E08,static_continuity_ttl1800,B1800 static continuity,20260921,default,1,0.17773450000000002,0.23009155,,0.031266,0.031224,,,0,0,0,3,,2,0.01,68.287,60.63671875,0.014644,4.0,1.0,0.0,2,1,0,1,2,2,0,0,2,3,1,1,0
E08-static_continuity_ttl1800-20260922-20260906T142817229588Z,sensitivity,E08,static_continuity_ttl1800,B1800 static continuity,20260922,default,1,0.17752600000000002,0.21840310000000002,,0.044439,0.033266,,,0,0,0,3,,2,0.01,60.957,60.63671875,0.016405,4.0,1.0,0.0,2,1,0,1,2,2,0,0,2,3,1,1,0
E08-static_continuity_ttl1800-20260923-20260906T142817363599Z,sensitivity,E08,static_continuity_ttl1800,B1800 static continuity,20260923,default,1,0.195806,0.25268419999999997,,0.03631,0.036727,,,0,0,0,3,,2,0.01,70.887,60.63671875,0.014107,4.0,1.0,0.0,2,1,0,1,2,2,0,0,2,3,1,1,0
E08-static_continuity_ttl1800-20260924-20260906T142817502768Z,sensitivity,E08,static_continuity_ttl1800,B1800 static continuity,20260924,default,1,0.1812155,0.22841465000000002,,0.028973,0.038769,,,0,0,0,3,,2,0.01,77.053,60.63671875,0.012978,4.0,1.0,0.0,2,1,0,1,2,2,0,0,2,3,1,1,0
E08-static_continuity_ttl1800-20260925-20260906T142817642373Z,sensitivity,E08,static_continuity_ttl1800,B1800 static continuity,20260925,default,1,0.17919400000000002,0.2309134,,0.027889,0.02322,,,0,0,0,3,,2,0.01,78.425,60.63671875,0.012751,4.0,1.0,0.0,2,1,0,1,2,2,0,0,2,3,1,1,0
E08-static_continuity_ttl1800-20260926-20260906T142817775739Z,sensitivity,E08,static_continuity_ttl1800,B1800 static continuity,20260926,default,1,0.1737745,0.21746544999999998,,0.027972,0.031516,,,0,0,0,3,,2,0.02,141.955,60.63671875,0.014089,4.0,1.0,0.0,2,1,0,1,2,2,0,0,2,3,1,1,0
E08-static_continuity_ttl1800-20260927-20260906T142817907176Z,sensitivity,E08,static_continuity_ttl1800,B1800 static continuity,20260927,default,1,0.16989749999999998,0.20908575,,0.028514,0.027639,,,0,0,0,3,,2,0.01,65.295,60.63671875,0.015315,4.0,1.0,0.0,2,1,0,1,2,2,0,0,2,3,1,1,0
E08-static_continuity_ttl1800-20260928-20260906T142818029543Z,sensitivity,E08,static_continuity_ttl1800,B1800 static continuity,20260928,default,1,0.18217450000000002,0.21909294999999998,,0.035476,0.041145,,,0,0,0,3,,2,0.01,79.891,60.63671875,0.012517,4.0,1.0,0.0,2,1,0,1,2,2,0,0,2,3,1,1,0
E08-static_continuity_ttl1800-20260929-20260906T142818162179Z,sensitivity,E08,static_continuity_ttl1800,B1800 static continuity,20260929,default,1,0.1724405,0.23597825,,0.028764,0.02297,,,0,0,0,3,,2,0.01,68.648,60.63671875,0.014567,4.0,1.0,0.0,2,1,0,1,2,2,0,0,2,3,1,1,0
E08-static_continuity_ttl1800-20260930-20260906T142818296566Z,sensitivity,E08,static_continuity_ttl1800,B1800 static continuity,20260930,default,1,0.158829,0.20876640000000002,,0.027055,0.031433,,,0,0,0,3,,2,0.01,60.529,60.63671875,0.016521,4.0,1.0,0.0,2,1,0,1,2,2,0,0,2,3,1,1,0
E08-static_continuity_ttl1800-20260931-20260906T142818431609Z,sensitivity,E08,static_continuity_ttl1800,B1800 static continuity,20260931,default,1,0.173253,0.21163440000000003,,0.029223,0.034559,,,0,0,0,3,,2,0.01,68.204,60.63671875,0.014662,4.0,1.0,0.0,2,1,0,1,2,2,0,0,2,3,1,1,0
E08-static_continuity_ttl1800-20260932-20260906T142818569251Z,sensitivity,E08,static_continuity_ttl1800,B1800 static continuity,20260932,default,1,0.1814865,0.24888884999999997,,0.04248,0.046314,,,0,0,0,3,,2,0.01,65.854,60.63671875,0.015185,4.0,1.0,0.0,2,1,0,1,2,2,0,0,2,3,1,1,0
E08-static_continuity_ttl1800-20260933-20260906T142818710130Z,sensitivity,E08,static_continuity_ttl1800,B1800 static continuity,20260933,default,1,0.174254,0.22246519999999997,,0.038228,0.037852,,,0,0,0,3,,2,0.01,60.739,60.63671875,0.016464,4.0,1.0,0.0,2,1,0,1,2,2,0,0,2,3,1,1,0
E08-static_continuity_ttl1800-20260934-20260906T142818842493Z,sensitivity,E08,static_continuity_ttl1800,B1800 static continuity,20260934,default,1,0.1744415,0.21967055,,0.027931,0.034225,,,0,0,0,3,,2,0.01,74.789,60.65234375,0.013371,4.0,1.0,0.0,2,1,0,1,2,2,0,0,2,3,1,1,0
E08-static_continuity_ttl1800-20260935-20260906T142818973628Z,sensitivity,E08,static_continuity_ttl1800,B1800 static continuity,20260935,default,1,0.162936,0.20182409999999998,,0.026889,0.032433,,,0,0,0,3,,2,0.01,59.074,60.65234375,0.016928,4.0,1.0,0.0,2,1,0,1,2,2,0,0,2,3,1,1,0
E08-static_continuity_ttl1800-20260936-20260906T142819110626Z,sensitivity,E08,static_continuity_ttl1800,B1800 static continuity,20260936,default,1,0.1736075,0.20713025,,0.031099,0.028639,,,0,0,0,3,,2,0.01,60.376,60.65234375,0.016563,4.0,1.0,0.0,2,1,0,1,2,2,0,0,2,3,1,1,0
E08-static_continuity_ttl30-20260907-20260906T142805488692Z,sensitivity,E08,static_continuity_ttl30,B30 static continuity,20260907,default,1,0.1752335,0.21427145,,0.029598,0.043897,,,0,0,0,3,,2,0.01,79.365,60.52734375,0.0126,4.0,1.0,0.0,2,1,0,1,2,2,0,0,2,3,1,1,0
E08-static_continuity_ttl30-20260908-20260906T142805621596Z,sensitivity,E08,static_continuity_ttl30,B30 static continuity,20260908,default,1,0.1697305,0.21503424999999998,,0.028473,0.035684,,,0,0,0,3,,2,0.02,147.156,60.52734375,0.013591,4.0,1.0,0.0,2,1,0,1,2,2,0,0,2,3,1,1,0
E08-static_continuity_ttl30-20260909-20260906T142805752752Z,sensitivity,E08,static_continuity_ttl30,B30 static continuity,20260909,default,1,0.160122,0.2062326,,0.029265,0.024762,,,0,0,0,3,,2,0.01,75.552,60.52734375,0.013236,4.0,1.0,0.0,2,1,0,1,2,2,0,0,2,3,1,1,0
E08-static_continuity_ttl30-20260910-20260906T142805872808Z,sensitivity,E08,static_continuity_ttl30,B30 static continuity,20260910,default,1,0.17119,0.22245939999999997,,0.03335,0.024054,,,0,0,0,3,,2,0.01,68.573,60.52734375,0.014583,4.0,1.0,0.0,2,1,0,1,2,2,0,0,2,3,1,1,0
E08-static_continuity_ttl30-20260911-20260906T142806006714Z,sensitivity,E08,static_continuity_ttl30,B30 static continuity,20260911,default,1,0.1717105,0.21298135,,0.029139,0.031724,,,0,0,0,3,,2,0.01,76.196,60.54296875,0.013124,4.0,1.0,0.0,2,1,0,1,2,2,0,0,2,3,1,1,0
E08-static_continuity_ttl30-20260912-20260906T142806137461Z,sensitivity,E08,static_continuity_ttl30,B30 static continuity,20260912,default,1,0.177839,0.2091671,,0.027972,0.040645,,,0,0,0,3,,2,0.01,55.118,60.54296875,0.018143,4.0,1.0,0.0,2,1,0,1,2,2,0,0,2,3,1,1,0
E08-static_continuity_ttl30-20260913-20260906T142806275684Z,sensitivity,E08,static_continuity_ttl30,B30 static continuity,20260913,default,1,0.17821399999999998,0.2092046,,0.028931,0.032183,,,0,0,0,3,,2,0.01,71.429,60.54296875,0.014,4.0,1.0,0.0,2,1,0,1,2,2,0,0,2,3,1,1,0
E08-static_continuity_ttl30-20260914-20260906T142806410664Z,sensitivity,E08,static_continuity_ttl30,B30 static continuity,20260914,default,1,0.169731,0.21357179999999998,,0.031099,0.030557,,,0,0,0,3,,2,0.02,158.844,60.54296875,0.012591,4.0,1.0,0.0,2,1,0,1,2,2,0,0,2,3,1,1,0
E08-static_continuity_ttl30-20260915-20260906T142806542722Z,sensitivity,E08,static_continuity_ttl30,B30 static continuity,20260915,default,1,0.1944095,0.25367045,,0.031307,0.03164,,,0,0,0,3,,2,0.02,149.645,60.54296875,0.013365,4.0,1.0,0.0,2,1,0,1,2,2,0,0,2,3,1,1,0
E08-static_continuity_ttl30-20260916-20260906T142806675893Z,sensitivity,E08,static_continuity_ttl30,B30 static continuity,20260916,default,1,0.174087,0.22402439999999998,,0.029348,0.034267,,,0,0,0,3,,2,0.02,148.699,60.54296875,0.01345,4.0,1.0,0.0,2,1,0,1,2,2,0,0,2,3,1,1,0
E08-static_continuity_ttl30-20260917-20260906T142806810708Z,sensitivity,E08,static_continuity_ttl30,B30 static continuity,20260917,default,1,0.17185699999999998,0.21824929999999998,,0.030057,0.032099,,,0,0,0,3,,2,0.01,56.284,60.54296875,0.017767,4.0,1.0,0.0,2,1,0,1,2,2,0,0,2,3,1,1,0
E08-static_continuity_ttl30-20260918-20260906T142806946564Z,sensitivity,E08,static_continuity_ttl30,B30 static continuity,20260918,default,1,0.169418,0.2073494,,0.028806,0.034559,,,0,0,0,3,,2,0.02,121.131,60.54296875,0.016511,4.0,1.0,0.0,2,1,0,1,2,2,0,0,2,3,1,1,0
E08-static_continuity_ttl30-20260919-20260906T142807071450Z,sensitivity,E08,static_continuity_ttl30,B30 static continuity,20260919,default,1,0.17096050000000002,0.21515725,,0.030933,0.030141,,,0,0,0,3,,2,0.01,72.291,60.54296875,0.013833,4.0,1.0,0.0,2,1,0,1,2,2,0,0,2,3,1,1,0
E08-static_continuity_ttl30-20260920-20260906T142807205077Z,sensitivity,E08,static_continuity_ttl30,B30 static continuity,20260920,default,1,0.1634355,0.20344905,,0.028514,0.031599,,,0,0,0,3,,2,0.01,62.964,60.546875,0.015882,4.0,1.0,0.0,2,1,0,1,2,2,0,0,2,3,1,1,0
E08-static_continuity_ttl30-20260921-20260906T142807337423Z,sensitivity,E08,static_continuity_ttl30,B30 static continuity,20260921,default,1,0.1789015,0.21561385,,0.036768,0.029473,,,0,0,0,3,,2,0.01,70.661,60.5625,0.014152,4.0,1.0,0.0,2,1,0,1,2,2,0,0,2,3,1,1,0
E08-static_continuity_ttl30-20260922-20260906T142807463605Z,sensitivity,E08,static_continuity_ttl30,B30 static continuity,20260922,default,1,0.1656865,0.20798874999999997,,0.026889,0.025179,,,0,0,0,3,,2,0.01,66.23,60.57421875,0.015099,4.0,1.0,0.0,2,1,0,1,2,2,0,0,2,3,1,1,0
E08-static_continuity_ttl30-20260923-20260906T142807600335Z,sensitivity,E08,static_continuity_ttl30,B30 static continuity,20260923,default,1,0.1666255,0.20812135,,0.029348,0.03581,,,0,0,0,3,,2,0.01,73.915,60.578125,0.013529,4.0,1.0,0.0,2,1,0,1,2,2,0,0,2,3,1,1,0
E08-static_continuity_ttl30-20260924-20260906T142807731218Z,sensitivity,E08,static_continuity_ttl30,B30 static continuity,20260924,default,1,0.1629775,0.20771874999999998,,0.028222,0.028847,,,0,0,0,3,,2,0.01,65.428,60.58984375,0.015284,4.0,1.0,0.0,2,1,0,1,2,2,0,0,2,3,1,1,0
E08-static_continuity_ttl30-20260925-20260906T142807852495Z,sensitivity,E08,static_continuity_ttl30,B30 static continuity,20260925,default,1,0.1665,0.2220273,,0.028514,0.024262,,,0,0,0,3,,2,0.01,80.476,60.58984375,0.012426,4.0,1.0,0.0,2,1,0,1,2,2,0,0,2,3,1,1,0
E08-static_continuity_ttl30-20260926-20260906T142807984558Z,sensitivity,E08,static_continuity_ttl30,B30 static continuity,20260926,default,1,0.16429,0.2051482,,0.028014,0.031891,,,0,0,0,3,,2,0.01,66.467,60.58984375,0.015045,4.0,1.0,0.0,2,1,0,1,2,2,0,0,2,3,1,1,0
E08-static_continuity_ttl30-20260927-20260906T142808115467Z,sensitivity,E08,static_continuity_ttl30,B30 static continuity,20260927,default,1,0.165437,0.2200832,,0.028973,0.022595,,,0,0,0,3,,2,0.01,80.438,60.58984375,0.012432,4.0,1.0,0.0,2,1,0,1,2,2,0,0,2,3,1,1,0
E08-static_continuity_ttl30-20260928-20260906T142808245521Z,sensitivity,E08,static_continuity_ttl30,B30 static continuity,20260928,default,1,0.17512899999999998,0.226492,,0.029765,0.027555,,,0,0,0,3,,2,0.01,66.778,60.58984375,0.014975,4.0,1.0,0.0,2,1,0,1,2,2,0,0,2,3,1,1,0
E08-static_continuity_ttl30-20260929-20260906T142808370876Z,sensitivity,E08,static_continuity_ttl30,B30 static continuity,20260929,default,1,0.16624899999999998,0.21701169999999997,,0.03064,0.023929,,,0,0,0,3,,2,0.02,127.356,60.58984375,0.015704,4.0,1.0,0.0,2,1,0,1,2,2,0,0,2,3,1,1,0
E08-static_continuity_ttl30-20260930-20260906T142808488136Z,sensitivity,E08,static_continuity_ttl30,B30 static continuity,20260930,default,1,0.18004799999999999,0.22784700000000002,,0.028723,0.034433,,,0,0,0,3,,2,0.01,67.227,60.58984375,0.014875,4.0,1.0,0.0,2,1,0,1,2,2,0,0,2,3,1,1,0
E08-static_continuity_ttl30-20260931-20260906T142808618645Z,sensitivity,E08,static_continuity_ttl30,B30 static continuity,20260931,default,1,0.15983,0.20867929999999998,,0.031349,0.026554,,,0,0,0,3,,2,0.01,60.946,60.58984375,0.016408,4.0,1.0,0.0,2,1,0,1,2,2,0,0,2,3,1,1,0
E08-static_continuity_ttl30-20260932-20260906T142808750081Z,sensitivity,E08,static_continuity_ttl30,B30 static continuity,20260932,default,1,0.1646655,0.21812954999999998,,0.03606,0.024762,,,0,0,0,3,,2,0.01,70.373,60.58984375,0.01421,4.0,1.0,0.0,2,1,0,1,2,2,0,0,2,3,1,1,0
E08-static_continuity_ttl30-20260933-20260906T142808882669Z,sensitivity,E08,static_continuity_ttl30,B30 static continuity,20260933,default,1,0.1777135,0.20697835,,0.038811,0.031224,,,0,0,0,3,,2,0.02,135.511,60.58984375,0.014759,4.0,1.0,0.0,2,1,0,1,2,2,0,0,2,3,1,1,0
E08-static_continuity_ttl30-20260934-20260906T142809003287Z,sensitivity,E08,static_continuity_ttl30,B30 static continuity,20260934,default,1,0.1673965,0.20842344999999998,,0.029265,0.034475,,,0,0,0,3,,2,0.02,131.891,60.58984375,0.015164,4.0,1.0,0.0,2,1,0,1,2,2,0,0,2,3,1,1,0
E08-static_continuity_ttl30-20260935-20260906T142809136976Z,sensitivity,E08,static_continuity_ttl30,B30 static continuity,20260935,default,1,0.1579125,0.20484795,,0.028555,0.024512,,,0,0,0,3,,2,0.01,62.418,60.58984375,0.016021,4.0,1.0,0.0,2,1,0,1,2,2,0,0,2,3,1,1,0
E08-static_continuity_ttl30-20260936-20260906T142809260175Z,sensitivity,E08,static_continuity_ttl30,B30 static continuity,20260936,default,1,0.17102299999999998,0.208823,,0.028681,0.029473,,,0,0,0,3,,2,0.01,75.735,60.58984375,0.013204,4.0,1.0,0.0,2,1,0,1,2,2,0,0,2,3,1,1,0
E09-static_continuity_ttl1800-20260907-20260906T142823170519Z,sensitivity,E09,static_continuity_ttl1800,B1800 static continuity,20260907,default,1,0.08437549999999999,0.17171084999999991,,0.020218,0.0166545,,,0,0,0,2,,1,0.01,67.563,60.69921875,0.014801,16.0,1.0,0.0,3,1,0,1,3,3,0,0,3,4,1,1,0
E09-static_continuity_ttl1800-20260908-20260906T142823299339Z,sensitivity,E09,static_continuity_ttl1800,B1800 static continuity,20260908,default,1,0.0947975,0.19148974999999988,,0.023137,0.0283055,,,0,0,0,2,,1,0.01,64.717,60.69921875,0.015452,16.0,1.0,0.0,3,1,0,1,3,3,0,0,3,4,1,1,0
E09-static_continuity_ttl1800-20260909-20260906T142823431454Z,sensitivity,E09,static_continuity_ttl1800,B1800 static continuity,20260909,default,1,0.0926295,0.16588769999999992,,0.021969,0.029556,,,0,0,0,2,,1,0.01,52.116,60.69921875,0.019188,16.0,1.0,0.0,3,1,0,1,3,3,0,0,3,4,1,1,0
E09-static_continuity_ttl1800-20260910-20260906T142823564869Z,sensitivity,E09,static_continuity_ttl1800,B1800 static continuity,20260910,default,1,0.096652,0.17405209999999988,,0.027347,0.0311195,,,0,0,0,2,,1,0.01,63.996,60.69921875,0.015626,16.0,1.0,0.0,3,1,0,1,3,3,0,0,3,4,1,1,0
E09-static_continuity_ttl1800-20260911-20260906T142823682120Z,sensitivity,E09,static_continuity_ttl1800,B1800 static continuity,20260911,default,1,0.0923175,0.1719335499999999,,0.026513,0.0204895,,,0,0,0,2,,1,0.01,61.622,60.69921875,0.016228,16.0,1.0,0.0,3,1,0,1,3,3,0,0,3,4,1,1,0
E09-static_continuity_ttl1800-20260912-20260906T142823814590Z,sensitivity,E09,static_continuity_ttl1800,B1800 static continuity,20260912,default,1,0.0974865,0.1777156499999999,,0.02693,0.023594999999999998,,,0,0,0,2,,1,0.02,113.347,60.69921875,0.017645,16.0,1.0,0.0,3,1,0,1,3,3,0,0,3,4,1,1,0
E09-static_continuity_ttl1800-20260913-20260906T142823947424Z,sensitivity,E09,static_continuity_ttl1800,B1800 static continuity,20260913,default,1,0.1002795,0.1664893499999999,,0.025846,0.023783,,,0,0,0,2,,1,0.01,65.621,60.69921875,0.015239,16.0,1.0,0.0,3,1,0,1,3,3,0,0,3,4,1,1,0
E09-static_continuity_ttl1800-20260914-20260906T142824078129Z,sensitivity,E09,static_continuity_ttl1800,B1800 static continuity,20260914,default,1,0.1036145,0.17685104999999987,,0.029765,0.033391500000000005,,,0,0,0,2,,1,0.01,57.29,60.69921875,0.017455,16.0,1.0,0.0,3,1,0,1,3,3,0,0,3,4,1,1,0
E09-static_continuity_ttl1800-20260915-20260906T142824209986Z,sensitivity,E09,static_continuity_ttl1800,B1800 static continuity,20260915,default,1,0.10157150000000001,0.1747516999999999,,0.026597,0.0331625,,,0,0,0,2,,1,0.01,49.868,60.69921875,0.020053,16.0,1.0,0.0,3,1,0,1,3,3,0,0,3,4,1,1,0
E09-static_continuity_ttl1800-20260916-20260906T142818444620Z,sensitivity,E09,static_continuity_ttl1800,B1800 static continuity,20260916,default,1,0.08848149999999999,0.19022639999999985,,0.027222,0.028097499999999997,,,0,0,0,2,,1,0.02,101.6,60.69921875,0.019685,16.0,1.0,0.0,3,1,0,1,3,3,0,0,3,4,1,1,0
E09-static_continuity_ttl1800-20260917-20260906T142818584472Z,sensitivity,E09,static_continuity_ttl1800,B1800 static continuity,20260917,default,1,0.0933595,0.1773714499999999,,0.028514,0.028472499999999998,,,0,0,0,2,,1,0.01,65.155,60.69921875,0.015348,16.0,1.0,0.0,3,1,0,1,3,3,0,0,3,4,1,1,0
E09-static_continuity_ttl1800-20260918-20260906T142818714320Z,sensitivity,E09,static_continuity_ttl1800,B1800 static continuity,20260918,default,1,0.096048,0.1673104999999999,,0.031724,0.038123500000000005,,,0,0,0,2,,1,0.01,50.12,60.69921875,0.019952,16.0,1.0,0.0,3,1,0,1,3,3,0,0,3,4,1,1,0
E09-static_continuity_ttl1800-20260919-20260906T142818849699Z,sensitivity,E09,static_continuity_ttl1800,B1800 static continuity,20260919,default,1,0.0955895,0.16916334999999988,,0.024346,0.0299735,,,0,0,0,2,,1,0.01,56.725,60.69921875,0.017629,16.0,1.0,0.0,3,1,0,1,3,3,0,0,3,4,1,1,0
E09-static_continuity_ttl1800-20260920-20260906T142818979954Z,sensitivity,E09,static_continuity_ttl1800,B1800 static continuity,20260920,default,1,0.10019600000000001,0.17305524999999988,,0.028597,0.030702999999999998,,,0,0,0,2,,1,0.01,49.883,60.69921875,0.020047,16.0,1.0,0.0,3,1,0,1,3,3,0,0,3,4,1,1,0
E09-static_continuity_ttl1800-20260921-20260906T142819116184Z,sensitivity,E09,static_continuity_ttl1800,B1800 static continuity,20260921,default,1,0.107057,0.1838896499999999,,0.030899,0.0278085,,,0,0,0,2,,1,0.02,97.57,60.69921875,0.020498,16.0,1.0,0.0,3,1,0,1,3,3,0,0,3,4,1,1,0
E09-static_continuity_ttl1800-20260922-20260906T142819243492Z,sensitivity,E09,static_continuity_ttl1800,B1800 static continuity,20260922,default,1,0.09390899999999999,0.18121714999999988,,0.021735,0.026083000000000002,,,0,0,0,2,,1,0.01,58.548,60.69921875,0.01708,16.0,1.0,0.0,3,1,0,1,3,3,0,0,3,4,1,1,0
E09-static_continuity_ttl1800-20260923-20260906T142819367557Z,sensitivity,E09,static_continuity_ttl1800,B1800 static continuity,20260923,default,1,0.08451249999999999,0.16998579999999988,,0.018368,0.0166205,,,0,0,0,2,,1,0.02,111.229,60.69921875,0.017981,16.0,1.0,0.0,3,1,0,1,3,3,0,0,3,4,1,1,0
E09-static_continuity_ttl1800-20260924-20260906T142819504395Z,sensitivity,E09,static_continuity_ttl1800,B1800 static continuity,20260924,default,1,0.09653049999999999,0.1737763499999999,,0.028299,0.0311325,,,0,0,0,2,,1,0.02,106.9,60.69921875,0.018709,16.0,1.0,0.0,3,1,0,1,3,3,0,0,3,4,1,1,0
E09-static_continuity_ttl1800-20260925-20260906T142819646036Z,sensitivity,E09,static_continuity_ttl1800,B1800 static continuity,20260925,default,1,0.1071,0.17773559999999988,,0.029832,0.0273825,,,0,0,0,2,,1,0.01,61.576,60.69921875,0.01624,16.0,1.0,0.0,3,1,0,1,3,3,0,0,3,4,1,1,0
E09-static_continuity_ttl1800-20260926-20260906T142819778121Z,sensitivity,E09,static_continuity_ttl1800,B1800 static continuity,20260926,default,1,0.084981,0.17704934999999988,,0.017729,0.020734,,,0,0,0,2,,1,0.01,46.957,60.69921875,0.021296,16.0,1.0,0.0,3,1,0,1,3,3,0,0,3,4,1,1,0
E09-static_continuity_ttl1800-20260927-20260906T142819918522Z,sensitivity,E09,static_continuity_ttl1800,B1800 static continuity,20260927,default,1,0.107058,0.18653999999999993,,0.02148,0.031985,,,0,0,0,2,,1,0.01,25.67,60.69921875,0.038956,16.0,1.0,0.0,3,1,0,1,3,3,0,0,3,4,1,1,0
E09-static_continuity_ttl1800-20260928-20260906T142820078405Z,sensitivity,E09,static_continuity_ttl1800,B1800 static continuity,20260928,default,1,0.0961825,0.17395464999999988,,0.030601,0.0243325,,,0,0,0,2,,1,0.01,63.436,60.69921875,0.015764,16.0,1.0,0.0,3,1,0,1,3,3,0,0,3,4,1,1,0
E09-static_continuity_ttl1800-20260929-20260906T142820209070Z,sensitivity,E09,static_continuity_ttl1800,B1800 static continuity,20260929,default,1,0.0885315,0.1667224499999999,,0.020869,0.019551,,,0,0,0,2,,1,0.01,65.232,60.69921875,0.01533,16.0,1.0,0.0,3,1,0,1,3,3,0,0,3,4,1,1,0
E09-static_continuity_ttl1800-20260930-20260906T142820346629Z,sensitivity,E09,static_continuity_ttl1800,B1800 static continuity,20260930,default,1,0.09482199999999999,0.1820569999999999,,0.027159,0.034639500000000004,,,0,0,0,2,,1,0.01,54.154,60.69921875,0.018466,16.0,1.0,0.0,3,1,0,1,3,3,0,0,3,4,1,1,0
E09-static_continuity_ttl1800-20260931-20260906T142820488358Z,sensitivity,E09,static_continuity_ttl1800,B1800 static continuity,20260931,default,1,0.11362900000000001,0.19907739999999985,,0.033364,0.0239285,,,0,0,0,2,,1,0.02,109.957,60.69921875,0.018189,16.0,1.0,0.0,3,1,0,1,3,3,0,0,3,4,1,1,0
E09-static_continuity_ttl1800-20260932-20260906T142820628561Z,sensitivity,E09,static_continuity_ttl1800,B1800 static continuity,20260932,default,1,0.10134599999999999,0.18702999999999992,,0.026437,0.0202095,,,0,0,0,2,,1,0.02,104.422,60.71484375,0.019153,16.0,1.0,0.0,3,1,0,1,3,3,0,0,3,4,1,1,0
E09-static_continuity_ttl1800-20260933-20260906T142820774742Z,sensitivity,E09,static_continuity_ttl1800,B1800 static continuity,20260933,default,1,0.102409,0.19099149999999987,,0.031579,0.028072,,,0,0,0,2,,1,0.01,50.569,60.71484375,0.019775,16.0,1.0,0.0,3,1,0,1,3,3,0,0,3,4,1,1,0
E09-static_continuity_ttl1800-20260934-20260906T142820912044Z,sensitivity,E09,static_continuity_ttl1800,B1800 static continuity,20260934,default,1,0.1009,0.1713166999999999,,0.021039,0.0299,,,0,0,0,2,,1,0.01,64.429,60.71484375,0.015521,16.0,1.0,0.0,3,1,0,1,3,3,0,0,3,4,1,1,0
E09-static_continuity_ttl1800-20260935-20260906T142821045787Z,sensitivity,E09,static_continuity_ttl1800,B1800 static continuity,20260935,default,1,0.098941,0.1909703999999999,,0.030401,0.025673,,,0,0,0,2,,1,0.01,51.14,60.71484375,0.019554,16.0,1.0,0.0,3,1,0,1,3,3,0,0,3,4,1,1,0
E09-static_continuity_ttl1800-20260936-20260906T142821185704Z,sensitivity,E09,static_continuity_ttl1800,B1800 static continuity,20260936,default,1,0.0974785,0.1714254499999999,,0.029722,0.0261815,,,0,0,0,2,,1,0.01,49.978,60.71484375,0.020009,16.0,1.0,0.0,3,1,0,1,3,3,0,0,3,4,1,1,0
E09-static_continuity_ttl30-20260907-20260906T142819236776Z,sensitivity,E09,static_continuity_ttl30,B30 static continuity,20260907,default,1,0.1047195,0.1871480499999999,,0.030766,0.0325575,,,0,0,0,2,,1,0.01,59.028,60.65234375,0.016941,16.0,1.0,0.0,3,1,0,1,3,3,0,0,3,4,1,1,0
E09-static_continuity_ttl30-20260908-20260906T142819362715Z,sensitivity,E09,static_continuity_ttl30,B30 static continuity,20260908,default,1,0.09786149999999999,0.18360389999999988,,0.028389,0.0302655,,,0,0,0,2,,1,0.02,100.929,60.66796875,0.019816,16.0,1.0,0.0,3,1,0,1,3,3,0,0,3,4,1,1,0
E09-static_continuity_ttl30-20260909-20260906T142819500879Z,sensitivity,E09,static_continuity_ttl30,B30 static continuity,20260909,default,1,0.09115000000000001,0.1737184999999999,,0.02618,0.018404999999999998,,,0,0,0,2,,1,0.01,63.914,60.671875,0.015646,16.0,1.0,0.0,3,1,0,1,3,3,0,0,3,4,1,1,0
E09-static_continuity_ttl30-20260910-20260906T142819635362Z,sensitivity,E09,static_continuity_ttl30,B30 static continuity,20260910,default,1,0.1011335,0.18871339999999992,,0.029348,0.0350175,,,0,0,0,2,,1,0.02,117.495,60.68359375,0.017022,16.0,1.0,0.0,3,1,0,1,3,3,0,0,3,4,1,1,0
E09-static_continuity_ttl30-20260911-20260906T142819791451Z,sensitivity,E09,static_continuity_ttl30,B30 static continuity,20260911,default,1,0.0956525,0.20315379999999986,,0.024596,0.03137,,,0,0,0,2,,1,0.01,51.533,60.68359375,0.019405,16.0,1.0,0.0,3,1,0,1,3,3,0,0,3,4,1,1,0
E09-static_continuity_ttl30-20260912-20260906T142819928195Z,sensitivity,E09,static_continuity_ttl30,B30 static continuity,20260912,default,1,0.096715,0.1746930999999999,,0.036018,0.028576499999999998,,,0,0,0,2,,1,0.02,103.125,60.68359375,0.019394,16.0,1.0,0.0,3,1,0,1,3,3,0,0,3,4,1,1,0
E09-static_continuity_ttl30-20260913-20260906T142820060721Z,sensitivity,E09,static_continuity_ttl30,B30 static continuity,20260913,default,1,0.08889849999999999,0.17349539999999988,,0.023679,0.032619999999999996,,,0,0,0,2,,1,0.02,101.148,60.68359375,0.019773,16.0,1.0,0.0,3,1,0,1,3,3,0,0,3,4,1,1,0
E09-static_continuity_ttl30-20260914-20260906T142820186069Z,sensitivity,E09,static_continuity_ttl30,B30 static continuity,20260914,default,1,0.099967,0.19292379999999987,,0.027597,0.028848,,,0,0,0,2,,1,0.01,54.526,60.68359375,0.01834,16.0,1.0,0.0,3,1,0,1,3,3,0,0,3,4,1,1,0
E09-static_continuity_ttl30-20260915-20260906T142820319553Z,sensitivity,E09,static_continuity_ttl30,B30 static continuity,20260915,default,1,0.090149,0.16851104999999988,,0.022386,0.021969,,,0,0,0,2,,1,0.01,58.782,60.68359375,0.017012,16.0,1.0,0.0,3,1,0,1,3,3,0,0,3,4,1,1,0
E09-static_continuity_ttl30-20260916-20260906T142820455827Z,sensitivity,E09,static_continuity_ttl30,B30 static continuity,20260916,default,1,0.109409,0.18886039999999987,,0.036977,0.035872,,,0,0,0,2,,1,0.02,93.572,60.68359375,0.021374,16.0,1.0,0.0,3,1,0,1,3,3,0,0,3,4,1,1,0
E09-static_continuity_ttl30-20260917-20260906T142820588439Z,sensitivity,E09,static_continuity_ttl30,B30 static continuity,20260917,default,1,0.0959235,0.1787371499999999,,0.027472,0.0260545,,,0,0,0,2,,1,0.01,52.568,60.68359375,0.019023,16.0,1.0,0.0,3,1,0,1,3,3,0,0,3,4,1,1,0
E09-static_continuity_ttl30-20260918-20260906T142820714138Z,sensitivity,E09,static_continuity_ttl30,B30 static continuity,20260918,default,1,0.096715,0.1697089999999999,,0.02372,0.0272425,,,0,0,0,2,,1,0.01,60.909,60.68359375,0.016418,16.0,1.0,0.0,3,1,0,1,3,3,0,0,3,4,1,1,0
E09-static_continuity_ttl30-20260919-20260906T142820845021Z,sensitivity,E09,static_continuity_ttl30,B30 static continuity,20260919,default,1,0.0987155,0.17329489999999992,,0.030473,0.0238455,,,0,0,0,2,,1,0.01,65.643,60.68359375,0.015234,16.0,1.0,0.0,3,1,0,1,3,3,0,0,3,4,1,1,0
E09-static_continuity_ttl30-20260920-20260906T142820976800Z,sensitivity,E09,static_continuity_ttl30,B30 static continuity,20260920,default,1,0.096465,0.17286324999999989,,0.028222,0.0243035,,,0,0,0,2,,1,0.02,108.944,60.68359375,0.018358,16.0,1.0,0.0,3,1,0,1,3,3,0,0,3,4,1,1,0
E09-static_continuity_ttl30-20260921-20260906T142821107949Z,sensitivity,E09,static_continuity_ttl30,B30 static continuity,20260921,default,1,0.0942345,0.1675298499999999,,0.024637,0.030702999999999998,,,0,0,0,2,,1,0.02,71.109,60.68359375,0.028126,16.0,1.0,0.0,3,1,0,1,3,3,0,0,3,4,1,1,0
E09-static_continuity_ttl30-20260922-20260906T142821248981Z,sensitivity,E09,static_continuity_ttl30,B30 static continuity,20260922,default,1,0.105866,0.1799938499999999,,0.027138,0.033579,,,0,0,0,2,,1,0.01,64.255,60.68359375,0.015563,16.0,1.0,0.0,3,1,0,1,3,3,0,0,3,4,1,1,0
E09-static_continuity_ttl30-20260923-20260906T142821377455Z,sensitivity,E09,static_continuity_ttl30,B30 static continuity,20260923,default,1,0.09160850000000001,0.18190339999999988,,0.028556,0.022573999999999997,,,0,0,0,2,,1,0.02,96.74,60.69921875,0.020674,16.0,1.0,0.0,3,1,0,1,3,3,0,0,3,4,1,1,0
E09-static_continuity_ttl30-20260924-20260906T142821512987Z,sensitivity,E09,static_continuity_ttl30,B30 static continuity,20260924,default,1,0.09060750000000001,0.1783329999999999,,0.028139,0.022573500000000003,,,0,0,0,2,,1,0.01,65.445,60.69921875,0.01528,16.0,1.0,0.0,3,1,0,1,3,3,0,0,3,4,1,1,0
E09-static_continuity_ttl30-20260925-20260906T142821642218Z,sensitivity,E09,static_continuity_ttl30,B30 static continuity,20260925,default,1,0.09294250000000001,0.1643716999999999,,0.027597,0.024929,,,0,0,0,2,,1,0.01,55.018,60.69921875,0.018176,16.0,1.0,0.0,3,1,0,1,3,3,0,0,3,4,1,1,0
E09-static_continuity_ttl30-20260926-20260906T142821769023Z,sensitivity,E09,static_continuity_ttl30,B30 static continuity,20260926,default,1,0.1084505,0.1715172499999999,,0.024929,0.025534,,,0,0,0,2,,1,0.01,56.51,60.69921875,0.017696,16.0,1.0,0.0,3,1,0,1,3,3,0,0,3,4,1,1,0
E09-static_continuity_ttl30-20260927-20260906T142821903289Z,sensitivity,E09,static_continuity_ttl30,B30 static continuity,20260927,default,1,0.0975485,0.1635129999999999,,0.023595,0.025679,,,0,0,0,2,,1,0.01,60.416,60.69921875,0.016552,16.0,1.0,0.0,3,1,0,1,3,3,0,0,3,4,1,1,0
E09-static_continuity_ttl30-20260928-20260906T142822036240Z,sensitivity,E09,static_continuity_ttl30,B30 static continuity,20260928,default,1,0.103051,0.1746686499999999,,0.028681,0.024408,,,0,0,0,2,,1,0.01,58.572,60.69921875,0.017073,16.0,1.0,0.0,3,1,0,1,3,3,0,0,3,4,1,1,0
E09-static_continuity_ttl30-20260929-20260906T142822157280Z,sensitivity,E09,static_continuity_ttl30,B30 static continuity,20260929,default,1,0.095798,0.17484159999999987,,0.026639,0.032411999999999996,,,0,0,0,2,,1,0.01,59.859,60.69921875,0.016706,16.0,1.0,0.0,3,1,0,1,3,3,0,0,3,4,1,1,0
E09-static_continuity_ttl30-20260930-20260906T142822285608Z,sensitivity,E09,static_continuity_ttl30,B30 static continuity,20260930,default,1,0.086918,0.1665127499999999,,0.027513,0.021052500000000002,,,0,0,0,2,,1,0.02,112.183,60.69921875,0.017828,16.0,1.0,0.0,3,1,0,1,3,3,0,0,3,4,1,1,0
E09-static_continuity_ttl30-20260931-20260906T142822419043Z,sensitivity,E09,static_continuity_ttl30,B30 static continuity,20260931,default,1,0.1050315,0.1765883499999999,,0.028806,0.023490999999999998,,,0,0,0,2,,1,0.02,127.049,60.69921875,0.015742,16.0,1.0,0.0,3,1,0,1,3,3,0,0,3,4,1,1,0
E09-static_continuity_ttl30-20260932-20260906T142822539323Z,sensitivity,E09,static_continuity_ttl30,B30 static continuity,20260932,default,1,0.097382,0.1649029999999999,,0.02693,0.025846,,,0,0,0,2,,1,0.01,60.089,60.69921875,0.016642,16.0,1.0,0.0,3,1,0,1,3,3,0,0,3,4,1,1,0
E09-static_continuity_ttl30-20260933-20260906T142822657144Z,sensitivity,E09,static_continuity_ttl30,B30 static continuity,20260933,default,1,0.098028,0.1722216499999999,,0.027806,0.028534999999999998,,,0,0,0,2,,1,0.02,129.643,60.69921875,0.015427,16.0,1.0,0.0,3,1,0,1,3,3,0,0,3,4,1,1,0
E09-static_continuity_ttl30-20260934-20260906T142822785450Z,sensitivity,E09,static_continuity_ttl30,B30 static continuity,20260934,default,1,0.093672,0.1685924999999999,,0.020718,0.024658,,,0,0,0,2,,1,0.02,97.871,60.69921875,0.020435,16.0,1.0,0.0,3,1,0,1,3,3,0,0,3,4,1,1,0
E09-static_continuity_ttl30-20260935-20260906T142822927695Z,sensitivity,E09,static_continuity_ttl30,B30 static continuity,20260935,default,1,0.086856,0.1702229999999999,,0.026638,0.01953,,,0,0,0,2,,1,0.01,52.113,60.69921875,0.019189,16.0,1.0,0.0,3,1,0,1,3,3,0,0,3,4,1,1,0
E09-static_continuity_ttl30-20260936-20260906T142823051659Z,sensitivity,E09,static_continuity_ttl30,B30 static continuity,20260936,default,1,0.1125565,0.17950829999999987,,0.02914,0.033475000000000005,,,0,0,0,2,,1,0.02,117.633,60.69921875,0.017002,16.0,1.0,0.0,3,1,0,1,3,3,0,0,3,4,1,1,0
E10-static_continuity_ttl1800-20260907-20260906T142825417307Z,sensitivity,E10,static_continuity_ttl1800,B1800 static continuity,20260907,default,1,0.1692635,0.21231185000000002,,0.029474,,,,0,0,0,2,,1,0.01,56.577,60.7421875,0.017675,3.0,1.0,0.0,2,1,0,1,2,2,0,0,2,3,1,1,0
E10-static_continuity_ttl1800-20260908-20260906T142825550063Z,sensitivity,E10,static_continuity_ttl1800,B1800 static continuity,20260908,default,1,0.156421,0.2050399,,0.027832,,,,0,0,0,2,,1,0.01,63.91,60.7421875,0.015647,3.0,1.0,0.0,2,1,0,1,2,2,0,0,2,3,1,1,0
E10-static_continuity_ttl1800-20260909-20260906T142825675062Z,sensitivity,E10,static_continuity_ttl1800,B1800 static continuity,20260909,default,1,0.165684,0.2116506,,0.030316,,,,0,0,0,2,,1,0.01,67.586,60.7421875,0.014796,3.0,1.0,0.0,2,1,0,1,2,2,0,0,2,3,1,1,0
E10-static_continuity_ttl1800-20260910-20260906T142825803564Z,sensitivity,E10,static_continuity_ttl1800,B1800 static continuity,20260910,default,1,0.154295,0.20357719999999999,,0.02901,,,,0,0,0,2,,1,0.01,58.173,60.7421875,0.01719,3.0,1.0,0.0,2,1,0,1,2,2,0,0,2,3,1,1,0
E10-static_continuity_ttl1800-20260911-20260906T142825941830Z,sensitivity,E10,static_continuity_ttl1800,B1800 static continuity,20260911,default,1,0.1699155,0.21252825,,0.029137,,,,0,0,0,2,,1,0.01,78.555,60.7421875,0.01273,3.0,1.0,0.0,2,1,0,1,2,2,0,0,2,3,1,1,0
E10-static_continuity_ttl1800-20260912-20260906T142826077719Z,sensitivity,E10,static_continuity_ttl1800,B1800 static continuity,20260912,default,1,0.1680235,0.22549524999999998,,0.029226,,,,0,0,0,2,,1,0.01,59.762,60.7421875,0.016733,3.0,1.0,0.0,2,1,0,1,2,2,0,0,2,3,1,1,0
E10-static_continuity_ttl1800-20260913-20260906T142826217030Z,sensitivity,E10,static_continuity_ttl1800,B1800 static continuity,20260913,default,1,0.1680235,0.22621435,,0.030699,,,,0,0,0,2,,1,0.01,70.532,60.7421875,0.014178,3.0,1.0,0.0,2,1,0,1,2,2,0,0,2,3,1,1,0
E10-static_continuity_ttl1800-20260914-20260906T142826336998Z,sensitivity,E10,static_continuity_ttl1800,B1800 static continuity,20260914,default,1,0.1670345,0.20987855,,0.029858,,,,0,0,0,2,,1,0.02,160.992,60.7421875,0.012423,3.0,1.0,0.0,2,1,0,1,2,2,0,0,2,3,1,1,0
E10-static_continuity_ttl1800-20260915-20260906T142826476197Z,sensitivity,E10,static_continuity_ttl1800,B1800 static continuity,20260915,default,1,0.1721235,0.21182565,,0.027461,,,,0,0,0,2,,1,0.01,74.178,60.7421875,0.013481,3.0,1.0,0.0,2,1,0,1,2,2,0,0,2,3,1,1,0
E10-static_continuity_ttl1800-20260916-20260906T142826610717Z,sensitivity,E10,static_continuity_ttl1800,B1800 static continuity,20260916,default,1,0.183057,0.2554224,,0.027503,,,,0,0,0,2,,1,0.01,64.379,60.7421875,0.015533,3.0,1.0,0.0,2,1,0,1,2,2,0,0,2,3,1,1,0
E10-static_continuity_ttl1800-20260917-20260906T142826730681Z,sensitivity,E10,static_continuity_ttl1800,B1800 static continuity,20260917,default,1,0.1832035,0.22368145,,0.031666,,,,0,0,0,2,,1,0.01,66.975,60.7421875,0.014931,3.0,1.0,0.0,2,1,0,1,2,2,0,0,2,3,1,1,0
E10-static_continuity_ttl1800-20260918-20260906T142826861408Z,sensitivity,E10,static_continuity_ttl1800,B1800 static continuity,20260918,default,1,0.1612525,0.20687755,,0.02826,,,,0,0,0,2,,1,0.01,64.994,60.7421875,0.015386,3.0,1.0,0.0,2,1,0,1,2,2,0,0,2,3,1,1,0
E10-static_continuity_ttl1800-20260919-20260906T142826993110Z,sensitivity,E10,static_continuity_ttl1800,B1800 static continuity,20260919,default,1,0.16716799999999998,0.2119124,,0.030665,,,,0,0,0,2,,1,0.01,74.666,60.7421875,0.013393,3.0,1.0,0.0,2,1,0,1,2,2,0,0,2,3,1,1,0
E10-static_continuity_ttl1800-20260920-20260906T142827127618Z,sensitivity,E10,static_continuity_ttl1800,B1800 static continuity,20260920,default,1,0.17357450000000002,0.22642835,,0.032093,,,,0,0,0,2,,1,0.01,67.49,60.7421875,0.014817,3.0,1.0,0.0,2,1,0,1,2,2,0,0,2,3,1,1,0
E10-static_continuity_ttl1800-20260921-20260906T142827264281Z,sensitivity,E10,static_continuity_ttl1800,B1800 static continuity,20260921,default,1,0.1587245,0.21689015,,0.031842,,,,0,0,0,2,,1,0.02,127.016,60.76171875,0.015746,3.0,1.0,0.0,2,1,0,1,2,2,0,0,2,3,1,1,0
E10-static_continuity_ttl1800-20260922-20260906T142827390635Z,sensitivity,E10,static_continuity_ttl1800,B1800 static continuity,20260922,default,1,0.1644175,0.21281004999999997,,0.028943,,,,0,0,0,2,,1,0.01,62.704,60.76171875,0.015948,3.0,1.0,0.0,2,1,0,1,2,2,0,0,2,3,1,1,0
E10-static_continuity_ttl1800-20260923-20260906T142827527703Z,sensitivity,E10,static_continuity_ttl1800,B1800 static continuity,20260923,default,1,0.1628415,0.20785005,,0.028523,,,,0,0,0,2,,1,0.01,65.257,60.76171875,0.015324,3.0,1.0,0.0,2,1,0,1,2,2,0,0,2,3,1,1,0
E10-static_continuity_ttl1800-20260924-20260906T142827667943Z,sensitivity,E10,static_continuity_ttl1800,B1800 static continuity,20260924,default,1,0.1746245,0.21772414999999998,,0.028901,,,,0,0,0,2,,1,0.01,68.79,60.76171875,0.014537,3.0,1.0,0.0,2,1,0,1,2,2,0,0,2,3,1,1,0
E10-static_continuity_ttl1800-20260925-20260906T142827800410Z,sensitivity,E10,static_continuity_ttl1800,B1800 static continuity,20260925,default,1,0.16284099999999999,0.2070562,,0.030917,,,,0,0,0,2,,1,0.01,74.599,60.76171875,0.013405,3.0,1.0,0.0,2,1,0,1,2,2,0,0,2,3,1,1,0
E10-static_continuity_ttl1800-20260926-20260906T142827934122Z,sensitivity,E10,static_continuity_ttl1800,B1800 static continuity,20260926,default,1,0.159187,0.21897759999999997,,0.037849,,,,0,0,0,2,,1,0.01,75.792,60.76171875,0.013194,3.0,1.0,0.0,2,1,0,1,2,2,0,0,2,3,1,1,0
E10-static_continuity_ttl1800-20260927-20260906T142828065475Z,sensitivity,E10,static_continuity_ttl1800,B1800 static continuity,20260927,default,1,0.15922399999999998,0.19929829999999998,,0.027908,,,,0,0,0,2,,1,0.01,69.061,60.77734375,0.01448,3.0,1.0,0.0,2,1,0,1,2,2,0,0,2,3,1,1,0
E10-static_continuity_ttl1800-20260928-20260906T142828187554Z,sensitivity,E10,static_continuity_ttl1800,B1800 static continuity,20260928,default,1,0.153349,0.2059639,,0.029042,,,,0,0,0,2,,1,0.01,61.847,60.77734375,0.016169,3.0,1.0,0.0,2,1,0,1,2,2,0,0,2,3,1,1,0
E10-static_continuity_ttl1800-20260929-20260906T142828320962Z,sensitivity,E10,static_continuity_ttl1800,B1800 static continuity,20260929,default,1,0.179788,0.2375392,,0.028076,,,,0,0,0,2,,1,0.01,54.624,60.77734375,0.018307,3.0,1.0,0.0,2,1,0,1,2,2,0,0,2,3,1,1,0
E10-static_continuity_ttl1800-20260930-20260906T142828458833Z,sensitivity,E10,static_continuity_ttl1800,B1800 static continuity,20260930,default,1,0.1745425,0.21563695,,0.029419,,,,0,0,0,2,,1,0.01,77.119,60.77734375,0.012967,3.0,1.0,0.0,2,1,0,1,2,2,0,0,2,3,1,1,0
E10-static_continuity_ttl1800-20260931-20260906T142828459545Z,sensitivity,E10,static_continuity_ttl1800,B1800 static continuity,20260931,default,1,0.1932845,0.24365345,,0.032433,,,,0,0,0,2,,1,0.02,143.947,60.77734375,0.013894,3.0,1.0,0.0,2,1,0,1,2,2,0,0,2,3,1,1,0
E10-static_continuity_ttl1800-20260932-20260906T142828590616Z,sensitivity,E10,static_continuity_ttl1800,B1800 static continuity,20260932,default,1,0.1624565,0.20556514999999997,,0.029307,,,,0,0,0,2,,1,0.01,60.056,60.77734375,0.016651,3.0,1.0,0.0,2,1,0,1,2,2,0,0,2,3,1,1,0
E10-static_continuity_ttl1800-20260933-20260906T142828722540Z,sensitivity,E10,static_continuity_ttl1800,B1800 static continuity,20260933,default,1,0.1718565,0.20815574999999997,,0.028723,,,,0,0,0,2,,1,0.01,73.292,60.77734375,0.013644,3.0,1.0,0.0,2,1,0,1,2,2,0,0,2,3,1,1,0
E10-static_continuity_ttl1800-20260934-20260906T142828842787Z,sensitivity,E10,static_continuity_ttl1800,B1800 static continuity,20260934,default,1,0.163352,0.2085059,,0.028681,,,,0,0,0,2,,1,0.01,69.852,60.77734375,0.014316,3.0,1.0,0.0,2,1,0,1,2,2,0,0,2,3,1,1,0
E10-static_continuity_ttl1800-20260935-20260906T142828976684Z,sensitivity,E10,static_continuity_ttl1800,B1800 static continuity,20260935,default,1,0.178464,0.2388315,,0.033642,,,,0,0,0,2,,1,0.01,78.808,60.77734375,0.012689,3.0,1.0,0.0,2,1,0,1,2,2,0,0,2,3,1,1,0
E10-static_continuity_ttl1800-20260936-20260906T142829105757Z,sensitivity,E10,static_continuity_ttl1800,B1800 static continuity,20260936,default,1,0.1636235,0.21675004999999997,,0.030306,,,,0,0,0,2,,1,0.01,63.464,60.77734375,0.015757,3.0,1.0,0.0,2,1,0,1,2,2,0,0,2,3,1,1,0
E10-static_continuity_ttl30-20260907-20260906T142821323950Z,sensitivity,E10,static_continuity_ttl30,B30 static continuity,20260907,default,1,0.18355,0.23220399999999997,,0.033793,,,,0,0,0,2,,1,0.01,62.016,60.71484375,0.016125,3.0,1.0,0.0,2,1,0,1,2,2,0,0,2,3,1,1,0
E10-static_continuity_ttl30-20260908-20260906T142821461531Z,sensitivity,E10,static_continuity_ttl30,B30 static continuity,20260908,default,1,0.1683715,0.22046035,,0.028578,,,,0,0,0,2,,1,0.01,78.734,60.72265625,0.012701,3.0,1.0,0.0,2,1,0,1,2,2,0,0,2,3,1,1,0
E10-static_continuity_ttl30-20260909-20260906T142821596502Z,sensitivity,E10,static_continuity_ttl30,B30 static continuity,20260909,default,1,0.16321950000000002,0.20635965,,0.028747,,,,0,0,0,2,,1,0.02,140.855,60.7265625,0.014199,3.0,1.0,0.0,2,1,0,1,2,2,0,0,2,3,1,1,0
E10-static_continuity_ttl30-20260910-20260906T142821730205Z,sensitivity,E10,static_continuity_ttl30,B30 static continuity,20260910,default,1,0.1938745,0.25151545,,0.0318,,,,0,0,0,2,,1,0.01,56.341,60.7265625,0.017749,3.0,1.0,0.0,2,1,0,1,2,2,0,0,2,3,1,1,0
E10-static_continuity_ttl30-20260911-20260906T142821863813Z,sensitivity,E10,static_continuity_ttl30,B30 static continuity,20260911,default,1,0.164724,0.2214681,,0.02951,,,,0,0,0,2,,1,0.01,65.449,60.7265625,0.015279,3.0,1.0,0.0,2,1,0,1,2,2,0,0,2,3,1,1,0
E10-static_continuity_ttl30-20260912-20260906T142821990125Z,sensitivity,E10,static_continuity_ttl30,B30 static continuity,20260912,default,1,0.1701755,0.22885685,,0.037233,,,,0,0,0,2,,1,0.02,130.489,60.7265625,0.015327,3.0,1.0,0.0,2,1,0,1,2,2,0,0,2,3,1,1,0
E10-static_continuity_ttl30-20260913-20260906T142822126722Z,sensitivity,E10,static_continuity_ttl30,B30 static continuity,20260913,default,1,0.168906,0.21650609999999998,,0.02983,,,,0,0,0,2,,1,0.01,74.516,60.7265625,0.01342,3.0,1.0,0.0,2,1,0,1,2,2,0,0,2,3,1,1,0
E10-static_continuity_ttl30-20260914-20260906T142822260639Z,sensitivity,E10,static_continuity_ttl30,B30 static continuity,20260914,default,1,0.1711905,0.21585795,,0.034653,,,,0,0,0,2,,1,0.01,77.912,60.7265625,0.012835,3.0,1.0,0.0,2,1,0,1,2,2,0,0,2,3,1,1,0
E10-static_continuity_ttl30-20260915-20260906T142822394147Z,sensitivity,E10,static_continuity_ttl30,B30 static continuity,20260915,default,1,0.16989949999999998,0.22029815,,0.028137,,,,0,0,0,2,,1,0.02,116.952,60.7265625,0.017101,3.0,1.0,0.0,2,1,0,1,2,2,0,0,2,3,1,1,0
E10-static_continuity_ttl30-20260916-20260906T142822531300Z,sensitivity,E10,static_continuity_ttl30,B30 static continuity,20260916,default,1,0.173539,0.2282788,,0.039265,,,,0,0,0,2,,1,0.01,61.77,60.7265625,0.016189,3.0,1.0,0.0,2,1,0,1,2,2,0,0,2,3,1,1,0
E10-static_continuity_ttl30-20260917-20260906T142822670085Z,sensitivity,E10,static_continuity_ttl30,B30 static continuity,20260917,default,1,0.1663675,0.21042655000000002,,0.030295,,,,0,0,0,2,,1,0.01,69.633,60.7265625,0.014361,3.0,1.0,0.0,2,1,0,1,2,2,0,0,2,3,1,1,0
E10-static_continuity_ttl30-20260918-20260906T142822805884Z,sensitivity,E10,static_continuity_ttl30,B30 static continuity,20260918,default,1,0.1546255,0.21043135,,0.029448,,,,0,0,0,2,,1,0.01,72.558,60.7265625,0.013782,3.0,1.0,0.0,2,1,0,1,2,2,0,0,2,3,1,1,0
E10-static_continuity_ttl30-20260919-20260906T142822935972Z,sensitivity,E10,static_continuity_ttl30,B30 static continuity,20260919,default,1,0.167129,0.23003719999999997,,0.028645,,,,0,0,0,2,,1,0.01,61.47,60.7265625,0.016268,3.0,1.0,0.0,2,1,0,1,2,2,0,0,2,3,1,1,0
E10-static_continuity_ttl30-20260920-20260906T142823074248Z,sensitivity,E10,static_continuity_ttl30,B30 static continuity,20260920,default,1,0.162661,0.208444,,0.035433,,,,0,0,0,2,,1,0.01,61.962,60.7265625,0.016139,3.0,1.0,0.0,2,1,0,1,2,2,0,0,2,3,1,1,0
E10-static_continuity_ttl30-20260921-20260906T142823215546Z,sensitivity,E10,static_continuity_ttl30,B30 static continuity,20260921,default,1,0.176788,0.21704049999999997,,0.028845,,,,0,0,0,2,,1,0.01,76.675,60.7265625,0.013042,3.0,1.0,0.0,2,1,0,1,2,2,0,0,2,3,1,1,0
E10-static_continuity_ttl30-20260922-20260906T142823348791Z,sensitivity,E10,static_continuity_ttl30,B30 static continuity,20260922,default,1,0.1612465,0.20586985,,0.029098,,,,0,0,0,2,,1,0.01,50.138,60.7265625,0.019945,3.0,1.0,0.0,2,1,0,1,2,2,0,0,2,3,1,1,0
E10-static_continuity_ttl30-20260923-20260906T142823490970Z,sensitivity,E10,static_continuity_ttl30,B30 static continuity,20260923,default,1,0.163844,0.20784049999999998,,0.030155,,,,0,0,0,2,,1,0.01,66.809,60.7265625,0.014968,3.0,1.0,0.0,2,1,0,1,2,2,0,0,2,3,1,1,0
E10-static_continuity_ttl30-20260924-20260906T142823628962Z,sensitivity,E10,static_continuity_ttl30,B30 static continuity,20260924,default,1,0.1748875,0.22175365,,0.030197,,,,0,0,0,2,,1,0.01,65.681,60.7265625,0.015225,3.0,1.0,0.0,2,1,0,1,2,2,0,0,2,3,1,1,0
E10-static_continuity_ttl30-20260925-20260906T142823767066Z,sensitivity,E10,static_continuity_ttl30,B30 static continuity,20260925,default,1,0.164624,0.21646939999999998,,0.038516,,,,0,0,0,2,,1,0.01,75.262,60.7265625,0.013287,3.0,1.0,0.0,2,1,0,1,2,2,0,0,2,3,1,1,0
E10-static_continuity_ttl30-20260926-20260906T142823896413Z,sensitivity,E10,static_continuity_ttl30,B30 static continuity,20260926,default,1,0.179216,0.23674399999999998,,0.057818,,,,0,0,0,2,,1,0.01,26.571,60.7265625,0.037635,3.0,1.0,0.0,2,1,0,1,2,2,0,0,2,3,1,1,0
E10-static_continuity_ttl30-20260927-20260906T142824054537Z,sensitivity,E10,static_continuity_ttl30,B30 static continuity,20260927,default,1,0.18993200000000002,0.2573474,,0.031835,,,,0,0,0,2,,1,0.01,67.939,60.7265625,0.014719,3.0,1.0,0.0,2,1,0,1,2,2,0,0,2,3,1,1,0
E10-static_continuity_ttl30-20260928-20260906T142824198109Z,sensitivity,E10,static_continuity_ttl30,B30 static continuity,20260928,default,1,0.18738100000000002,0.2487061,,0.056163,,,,0,0,0,2,,1,0.02,129.391,60.7265625,0.015457,3.0,1.0,0.0,2,1,0,1,2,2,0,0,2,3,1,1,0
E10-static_continuity_ttl30-20260929-20260906T142824333797Z,sensitivity,E10,static_continuity_ttl30,B30 static continuity,20260929,default,1,0.1534595,0.20607485,,0.031624,,,,0,0,0,2,,1,0.01,64.247,60.7265625,0.015565,3.0,1.0,0.0,2,1,0,1,2,2,0,0,2,3,1,1,0
E10-static_continuity_ttl30-20260930-20260906T142824454330Z,sensitivity,E10,static_continuity_ttl30,B30 static continuity,20260930,default,1,0.158814,0.2100249,,0.028925,,,,0,0,0,2,,1,0.01,68.474,60.7265625,0.014604,3.0,1.0,0.0,2,1,0,1,2,2,0,0,2,3,1,1,0
E10-static_continuity_ttl30-20260931-20260906T142824590935Z,sensitivity,E10,static_continuity_ttl30,B30 static continuity,20260931,default,1,0.15792899999999999,0.2182101,,0.040563,,,,0,0,0,2,,1,0.01,57.527,60.7265625,0.017383,3.0,1.0,0.0,2,1,0,1,2,2,0,0,2,3,1,1,0
E10-static_continuity_ttl30-20260932-20260906T142824732891Z,sensitivity,E10,static_continuity_ttl30,B30 static continuity,20260932,default,1,0.1660875,0.20919705000000002,,0.030823,,,,0,0,0,2,,1,0.02,128.675,60.7265625,0.015543,3.0,1.0,0.0,2,1,0,1,2,2,0,0,2,3,1,1,0
E10-static_continuity_ttl30-20260933-20260906T142824857952Z,sensitivity,E10,static_continuity_ttl30,B30 static continuity,20260933,default,1,0.179433,0.21770369999999997,,0.030232,,,,0,0,0,2,,1,0.01,56.912,60.7265625,0.017571,3.0,1.0,0.0,2,1,0,1,2,2,0,0,2,3,1,1,0
E10-static_continuity_ttl30-20260934-20260906T142824999653Z,sensitivity,E10,static_continuity_ttl30,B30 static continuity,20260934,default,1,0.170674,0.22166170000000002,,0.029052,,,,0,0,0,2,,1,0.01,72.913,60.7265625,0.013715,3.0,1.0,0.0,2,1,0,1,2,2,0,0,2,3,1,1,0
E10-static_continuity_ttl30-20260935-20260906T142825135866Z,sensitivity,E10,static_continuity_ttl30,B30 static continuity,20260935,default,1,0.173958,0.2228613,,0.028926,,,,0,0,0,2,,1,0.01,59.137,60.7265625,0.01691,3.0,1.0,0.0,2,1,0,1,2,2,0,0,2,3,1,1,0
E10-static_continuity_ttl30-20260936-20260906T142825276977Z,sensitivity,E10,static_continuity_ttl30,B30 static continuity,20260936,default,1,0.1686315,0.22714094999999998,,0.033895,,,,0,0,0,2,,1,0.01,67.222,60.7421875,0.014876,3.0,1.0,0.0,2,1,0,1,2,2,0,0,2,3,1,1,0
E15-static_continuity_ttl1800-20260907-20260906T142833757626Z,sensitivity,E15,static_continuity_ttl1800,B1800 static continuity,20260907,default,5,0.075621,0.170781,,0.01434,0.014549,,,0,0,0,,,,0.02,55.4,61.21875,0.036101,139.0,1.0,0.0,12,43,0,43,12,12,0,0,12,55,43,43,0
E15-static_continuity_ttl1800-20260908-20260906T142833939471Z,sensitivity,E15,static_continuity_ttl1800,B1800 static continuity,20260908,default,5,0.078373,0.18877739999999996,,0.016237500000000002,0.016675,,,0,0,0,,,,0.02,55.477,61.21875,0.036051,180.0,1.0,0.0,9,46,0,46,9,9,0,0,9,55,46,46,0
E15-static_continuity_ttl1800-20260909-20260906T142834101978Z,sensitivity,E15,static_continuity_ttl1800,B1800 static continuity,20260909,default,5,0.084918,0.18615159999999992,,0.018259,0.019927,,,0,0,0,,,,0.03,79.576,61.21875,0.0377,151.0,1.0,0.0,10,45,0,45,10,10,0,0,10,55,45,45,0
E15-static_continuity_ttl1800-20260910-20260906T142834261157Z,sensitivity,E15,static_continuity_ttl1800,B1800 static continuity,20260910,default,5,0.079248,0.1756584999999999,,0.016842,0.017988,,,0,0,0,,,,0.03,90.618,61.21875,0.033106,139.0,1.0,0.0,8,47,0,47,8,8,0,0,8,55,47,47,0
E15-static_continuity_ttl1800-20260911-20260906T142834413296Z,sensitivity,E15,static_continuity_ttl1800,B1800 static continuity,20260911,default,5,0.076497,0.1878895,,0.014841,0.015216,,,0,0,0,,,,0.02,57.039,61.21875,0.035064,145.0,1.0,0.0,8,47,0,47,8,8,0,0,8,55,47,47,0
E15-static_continuity_ttl1800-20260912-20260906T142834556125Z,sensitivity,E15,static_continuity_ttl1800,B1800 static continuity,20260912,default,5,0.073453,0.1894486,,0.01434,0.014341,,,0,0,0,,,,0.02,69.195,61.21875,0.028904,186.0,1.0,0.0,13,42,0,42,13,13,0,0,13,55,42,42,0
E15-static_continuity_ttl1800-20260913-20260906T142834703468Z,sensitivity,E15,static_continuity_ttl1800,B1800 static continuity,20260913,default,5,0.07337,0.1822498,,0.014591,0.0145705,,,0,0,0,,,,0.02,61.127,61.21875,0.032719,174.0,1.0,0.0,10,45,0,45,10,10,0,0,10,55,45,45,0
E15-static_continuity_ttl1800-20260914-20260906T142834854429Z,sensitivity,E15,static_continuity_ttl1800,B1800 static continuity,20260914,default,5,0.075371,0.16697969999999998,,0.015508,0.016592,,,0,0,0,,,,0.02,58.005,61.21875,0.03448,139.0,1.0,0.0,7,48,0,48,7,7,0,0,7,55,48,48,0
E15-static_continuity_ttl1800-20260915-20260906T142835008038Z,sensitivity,E15,static_continuity_ttl1800,B1800 static continuity,20260915,default,5,0.07312,0.17464590000000002,,0.014257,0.016008,,,0,0,0,,,,0.02,60.987,61.21875,0.032794,279.0,1.0,0.0,8,47,0,47,8,8,0,0,8,55,47,47,0
E15-static_continuity_ttl1800-20260916-20260906T142835158490Z,sensitivity,E15,static_continuity_ttl1800,B1800 static continuity,20260916,default,5,0.07412,0.16856369999999998,,0.016133,0.0152575,,,0,0,0,,,,0.02,62.006,61.21875,0.032255,314.0,1.0,0.0,11,44,0,44,11,11,0,0,11,55,44,44,0
E15-static_continuity_ttl1800-20260917-20260906T142835308474Z,sensitivity,E15,static_continuity_ttl1800,B1800 static continuity,20260917,default,5,0.075037,0.16903899999999997,,0.0163205,0.017634,,,0,0,0,,,,0.03,88.868,61.21875,0.033758,139.0,1.0,0.0,8,47,0,47,8,8,0,0,8,55,47,47,0
E15-static_continuity_ttl1800-20260918-20260906T142835447361Z,sensitivity,E15,static_continuity_ttl1800,B1800 static continuity,20260918,default,5,0.077956,0.17505009999999996,,0.016216,0.0146325,,,0,0,0,,,,0.02,59.607,61.21875,0.033553,209.0,1.0,0.0,12,43,0,43,12,12,0,0,12,55,43,43,0
E15-static_continuity_ttl1800-20260919-20260906T142835598625Z,sensitivity,E15,static_continuity_ttl1800,B1800 static continuity,20260919,default,5,0.074996,0.18574259999999998,,0.013778,0.0146945,,,0,0,0,,,,0.03,87.701,61.21875,0.034207,116.0,1.0,0.0,7,48,0,48,7,7,0,0,7,55,48,48,0
E15-static_continuity_ttl1800-20260920-20260906T142835738639Z,sensitivity,E15,static_continuity_ttl1800,B1800 static continuity,20260920,default,5,0.074329,0.1632399,,0.013673,0.0145075,,,0,0,0,,,,0.02,57.195,61.21875,0.034968,285.0,1.0,0.0,10,45,0,45,10,10,0,0,10,55,45,45,0
E15-static_continuity_ttl1800-20260921-20260906T142835894439Z,sensitivity,E15,static_continuity_ttl1800,B1800 static continuity,20260921,default,5,0.075496,0.1846253,,0.01457,0.015466,,,0,0,0,,,,0.02,62.982,61.21875,0.031755,238.0,1.0,0.0,10,45,0,45,10,10,0,0,10,55,45,45,0
E15-static_continuity_ttl1800-20260922-20260906T142836046098Z,sensitivity,E15,static_continuity_ttl1800,B1800 static continuity,20260922,default,5,0.079956,0.1696392999999999,,0.017675,0.019801,,,0,0,0,,,,0.03,81.739,61.21875,0.036702,168.0,1.0,0.0,10,45,0,45,10,10,0,0,10,55,45,45,0
E15-static_continuity_ttl1800-20260923-20260906T142836195440Z,sensitivity,E15,static_continuity_ttl1800,B1800 static continuity,20260923,default,5,0.074871,0.18702669999999993,,0.0139235,0.0148195,,,0,0,0,,,,0.02,69.204,61.21875,0.0289,139.0,1.0,0.0,8,47,0,47,8,8,0,0,8,55,47,47,0
E15-static_continuity_ttl1800-20260924-20260906T142836338878Z,sensitivity,E15,static_continuity_ttl1800,B1800 static continuity,20260924,default,5,0.075037,0.17234,,0.013757,0.014715,,,0,0,0,,,,0.02,61.789,61.21875,0.032368,192.0,1.0,0.0,16,39,0,39,16,16,0,0,16,55,39,39,0
E15-static_continuity_ttl1800-20260925-20260906T142836477116Z,sensitivity,E15,static_continuity_ttl1800,B1800 static continuity,20260925,default,5,0.076329,0.18505499999999997,,0.0166335,0.017842,,,0,0,0,,,,0.02,58.987,61.21875,0.033906,203.0,1.0,0.0,9,46,0,46,9,9,0,0,9,55,46,46,0
E15-static_continuity_ttl1800-20260926-20260906T142836615055Z,sensitivity,E15,static_continuity_ttl1800,B1800 static continuity,20260926,default,5,0.076038,0.18482579999999998,,0.0141525,0.015904,,,0,0,0,,,,0.02,60.377,61.21875,0.033125,180.0,1.0,0.0,8,47,0,47,8,8,0,0,8,55,47,47,0
E15-static_continuity_ttl1800-20260927-20260906T142836767549Z,sensitivity,E15,static_continuity_ttl1800,B1800 static continuity,20260927,default,5,0.075329,0.17395369999999993,,0.016467000000000002,0.015132,,,0,0,0,,,,0.03,86.341,61.21875,0.034746,168.0,1.0,0.0,8,47,0,47,8,8,0,0,8,55,47,47,0
E15-static_continuity_ttl1800-20260928-20260906T142836920577Z,sensitivity,E15,static_continuity_ttl1800,B1800 static continuity,20260928,default,5,0.08596,0.1682212,,0.018676,0.018926,,,0,0,0,,,,0.03,80.066,61.21875,0.037469,215.0,1.0,0.0,11,44,0,44,11,11,0,0,11,55,44,44,0
E15-static_continuity_ttl1800-20260929-20260906T142837076169Z,sensitivity,E15,static_continuity_ttl1800,B1800 static continuity,20260929,default,5,0.074329,0.1915084,,0.0136115,0.01505,,,0,0,0,,,,0.03,84.3,61.21875,0.035587,192.0,1.0,0.0,15,40,0,40,15,15,0,0,15,55,40,40,0
E15-static_continuity_ttl1800-20260930-20260906T142837216414Z,sensitivity,E15,static_continuity_ttl1800,B1800 static continuity,20260930,default,5,0.075079,0.16834699999999997,,0.015216,0.015049,,,0,0,0,,,,0.02,57.795,61.234375,0.034605,244.0,1.0,0.0,10,45,0,45,10,10,0,0,10,55,45,45,0
E15-static_continuity_ttl1800-20260931-20260906T142837363521Z,sensitivity,E15,static_continuity_ttl1800,B1800 static continuity,20260931,default,5,0.077789,0.17989449999999996,,0.014633,0.018093,,,0,0,0,,,,0.02,58.214,61.234375,0.034356,168.0,1.0,0.0,10,45,0,45,10,10,0,0,10,55,45,45,0
E15-static_continuity_ttl1800-20260932-20260906T142837515087Z,sensitivity,E15,static_continuity_ttl1800,B1800 static continuity,20260932,default,5,0.075371,0.17989399999999997,,0.0148195,0.014799,,,0,0,0,,,,0.02,52.229,61.234375,0.038293,145.0,1.0,0.0,14,41,0,41,14,14,0,0,14,55,41,41,0
E15-static_continuity_ttl1800-20260933-20260906T142837662418Z,sensitivity,E15,static_continuity_ttl1800,B1800 static continuity,20260933,default,5,0.076664,0.18292099999999997,,0.0164245,0.015549,,,0,0,0,,,,0.02,62.457,61.234375,0.032022,244.0,1.0,0.0,12,43,0,43,12,12,0,0,12,55,43,43,0
E15-static_continuity_ttl1800-20260934-20260906T142837810422Z,sensitivity,E15,static_continuity_ttl1800,B1800 static continuity,20260934,default,5,0.075537,0.15993809999999997,,0.0141325,0.015549,,,0,0,0,,,,0.02,57.717,61.234375,0.034652,221.0,1.0,0.0,17,38,0,38,17,17,0,0,17,55,38,38,0
E15-static_continuity_ttl1800-20260935-20260906T142837968498Z,sensitivity,E15,static_continuity_ttl1800,B1800 static continuity,20260935,default,5,0.076163,0.19085359999999998,,0.0158,0.016112,,,0,0,0,,,,0.04,115.105,61.2421875,0.034751,110.0,1.0,0.0,6,49,0,49,6,6,0,0,6,55,49,49,0
E15-static_continuity_ttl1800-20260936-20260906T142838118826Z,sensitivity,E15,static_continuity_ttl1800,B1800 static continuity,20260936,default,5,0.078831,0.16705409999999998,,0.015216,0.017342,,,0,0,0,,,,0.02,67.467,61.2421875,0.029644,244.0,1.0,0.0,11,44,0,44,11,11,0,0,11,55,44,44,0
E15-static_continuity_ttl30-20260907-20260906T142829241667Z,sensitivity,E15,static_continuity_ttl30,B30 static continuity,20260907,default,5,0.077581,0.1979869,,0.014799,0.014841,,,0,0,0,,,,0.03,81.646,60.7890625,0.036744,139.0,1.0,0.0,12,43,0,43,12,12,0,0,12,55,43,43,0
E15-static_continuity_ttl30-20260908-20260906T142829397784Z,sensitivity,E15,static_continuity_ttl30,B30 static continuity,20260908,default,5,0.082166,0.1874223,,0.0151745,0.015945,,,0,0,0,,,,0.02,59.31,60.9453125,0.033721,180.0,1.0,0.0,9,46,0,46,9,9,0,0,9,55,46,46,0
E15-static_continuity_ttl30-20260909-20260906T142829553354Z,sensitivity,E15,static_continuity_ttl30,B30 static continuity,20260909,default,5,0.080832,0.2048902,,0.0148405,0.014924,,,0,0,0,,,,0.02,65.349,61.03515625,0.030605,151.0,1.0,0.0,10,45,0,45,10,10,0,0,10,55,45,45,0
E15-static_continuity_ttl30-20260910-20260906T142829696222Z,sensitivity,E15,static_continuity_ttl30,B30 static continuity,20260910,default,5,0.081541,0.18184459999999997,,0.015091,0.016341500000000002,,,0,0,0,,,,0.03,82.866,61.078125,0.036203,139.0,1.0,0.0,8,47,0,47,8,8,0,0,8,55,47,47,0
E15-static_continuity_ttl30-20260911-20260906T142829845539Z,sensitivity,E15,static_continuity_ttl30,B30 static continuity,20260911,default,5,0.083292,0.17153139999999995,,0.013382,0.014882,,,0,0,0,,,,0.02,52.109,61.078125,0.038381,145.0,1.0,0.0,8,47,0,47,8,8,0,0,8,55,47,47,0
E15-static_continuity_ttl30-20260912-20260906T142829999790Z,sensitivity,E15,static_continuity_ttl30,B30 static continuity,20260912,default,5,0.085501,0.18515499999999996,,0.014591,0.014299,,,0,0,0,,,,0.03,86.056,61.078125,0.034861,186.0,1.0,0.0,13,42,0,42,13,13,0,0,13,55,42,42,0
E15-static_continuity_ttl30-20260913-20260906T142830152238Z,sensitivity,E15,static_continuity_ttl30,B30 static continuity,20260913,default,5,0.081749,0.1890777999999999,,0.017508,0.0166755,,,0,0,0,,,,0.02,57.325,61.078125,0.034889,174.0,1.0,0.0,10,45,0,45,10,10,0,0,10,55,45,45,0
E15-static_continuity_ttl30-20260914-20260906T142830307479Z,sensitivity,E15,static_continuity_ttl30,B30 static continuity,20260914,default,5,0.105219,0.2840837999999999,,0.020427,0.021886,,,0,0,0,,,,0.02,46.315,61.09375,0.043183,139.0,1.0,0.0,7,48,0,48,7,7,0,0,7,55,48,48,0
E15-static_continuity_ttl30-20260915-20260906T142830470722Z,sensitivity,E15,static_continuity_ttl30,B30 static continuity,20260915,default,5,0.111765,0.20435149999999996,,0.016883,0.0186765,,,0,0,0,,,,0.03,90.345,61.09375,0.033206,279.0,1.0,0.0,8,47,0,47,8,8,0,0,8,55,47,47,0
E15-static_continuity_ttl30-20260916-20260906T142830614817Z,sensitivity,E15,static_continuity_ttl30,B30 static continuity,20260916,default,5,0.142571,0.18265339999999997,,0.013715,0.014674,,,0,1,2,,,,0.02,52.553,61.1015625,0.038057,314.0,1.0,0.0,11,44,0,44,11,11,0,0,11,55,44,44,0
E15-static_continuity_ttl30-20260917-20260906T142830767769Z,sensitivity,E15,static_continuity_ttl30,B30 static continuity,20260917,default,5,0.090796,0.20055030000000001,,0.016778500000000002,0.018343,,,0,0,0,,,,0.03,92.865,61.1015625,0.032305,139.0,1.0,0.0,8,47,0,47,8,8,0,0,8,55,47,47,0
E15-static_continuity_ttl30-20260918-20260906T142830909463Z,sensitivity,E15,static_continuity_ttl30,B30 static continuity,20260918,default,5,0.088752,0.19100849999999997,,0.018718,0.01828,,,0,0,0,,,,0.02,53.81,61.1015625,0.037168,209.0,1.0,0.0,12,43,0,43,12,12,0,0,12,55,43,43,0
E15-static_continuity_ttl30-20260919-20260906T142831066817Z,sensitivity,E15,static_continuity_ttl30,B30 static continuity,20260919,default,5,0.08571,0.17041469999999997,,0.014403,0.014945,,,0,0,0,,,,0.02,54.787,61.1171875,0.036505,116.0,1.0,0.0,7,48,0,48,7,7,0,0,7,55,48,48,0
E15-static_continuity_ttl30-20260920-20260906T142831212444Z,sensitivity,E15,static_continuity_ttl30,B30 static continuity,20260920,default,5,0.133275,0.22192769999999998,,0.015633,0.015091,,,0,0,0,,,,0.04,110.062,61.1171875,0.036343,285.0,1.0,0.0,10,45,0,45,10,10,0,0,10,55,45,45,0
E15-static_continuity_ttl30-20260921-20260906T142831365686Z,sensitivity,E15,static_continuity_ttl30,B30 static continuity,20260921,default,5,0.082291,0.16841779999999995,,0.0160495,0.016008,,,0,0,0,,,,0.02,59.471,61.1328125,0.03363,238.0,1.0,0.0,10,45,0,45,10,10,0,0,10,55,45,45,0
E15-static_continuity_ttl30-20260922-20260906T142831517033Z,sensitivity,E15,static_continuity_ttl30,B30 static continuity,20260922,default,5,0.082667,0.18597269999999996,,0.017884,0.015925,,,0,0,0,,,,0.03,92.641,61.1328125,0.032383,168.0,1.0,0.0,10,45,0,45,10,10,0,0,10,55,45,45,0
E15-static_continuity_ttl30-20260923-20260906T142831667341Z,sensitivity,E15,static_continuity_ttl30,B30 static continuity,20260923,default,5,0.088169,0.21725429999999998,,0.018196999999999998,0.017613,,,0,0,0,,,,0.02,55.571,61.1328125,0.03599,139.0,1.0,0.0,8,47,0,47,8,8,0,0,8,55,47,47,0
E15-static_continuity_ttl30-20260924-20260906T142831822854Z,sensitivity,E15,static_continuity_ttl30,B30 static continuity,20260924,default,5,0.082291,0.1763044999999999,,0.014924,0.015757,,,0,0,0,,,,0.03,83.215,61.1328125,0.036051,192.0,1.0,0.0,16,39,0,39,16,16,0,0,16,55,39,39,0
E15-static_continuity_ttl30-20260925-20260906T142831978287Z,sensitivity,E15,static_continuity_ttl30,B30 static continuity,20260925,default,5,0.082749,0.19341779999999997,,0.0180295,0.019093,,,0,0,0,,,,0.02,52.885,61.1484375,0.037818,203.0,1.0,0.0,9,46,0,46,9,9,0,0,9,55,46,46,0
E15-static_continuity_ttl30-20260926-20260906T142832121348Z,sensitivity,E15,static_continuity_ttl30,B30 static continuity,20260926,default,5,0.094798,0.18445499999999998,,0.016217,0.015696,,,0,0,0,,,,0.02,59.458,61.15625,0.033637,180.0,1.0,0.0,8,47,0,47,8,8,0,0,8,55,47,47,0
E15-static_continuity_ttl30-20260927-20260906T142832259031Z,sensitivity,E15,static_continuity_ttl30,B30 static continuity,20260927,default,5,0.080332,0.1783597,,0.015842,0.01655,,,0,0,0,,,,0.02,56.177,61.1640625,0.035602,168.0,1.0,0.0,8,47,0,47,8,8,0,0,8,55,47,47,0
E15-static_continuity_ttl30-20260928-20260906T142832402038Z,sensitivity,E15,static_continuity_ttl30,B30 static continuity,20260928,default,5,0.093171,0.19237519999999997,,0.016925,0.016779000000000002,,,0,0,0,,,,0.02,53.114,61.1640625,0.037655,215.0,1.0,0.0,11,44,0,44,11,11,0,0,11,55,44,44,0
E15-static_continuity_ttl30-20260929-20260906T142832545743Z,sensitivity,E15,static_continuity_ttl30,B30 static continuity,20260929,default,5,0.089128,0.1888196,,0.0136525,0.014049,,,0,0,0,,,,0.02,59.277,61.1640625,0.03374,192.0,1.0,0.0,15,40,0,40,15,15,0,0,15,55,40,40,0
E15-static_continuity_ttl30-20260930-20260906T142832697127Z,sensitivity,E15,static_continuity_ttl30,B30 static continuity,20260930,default,5,0.142238,0.19490159999999995,,0.018217,0.0186555,,,0,0,0,,,,0.02,55.068,61.1796875,0.036319,244.0,1.0,0.0,10,45,0,45,10,10,0,0,10,55,45,45,0
E15-static_continuity_ttl30-20260931-20260906T142832848699Z,sensitivity,E15,static_continuity_ttl30,B30 static continuity,20260931,default,5,0.088669,0.17121029999999998,,0.015674,0.015967,,,0,0,0,,,,0.02,56.555,61.1875,0.035364,168.0,1.0,0.0,10,45,0,45,10,10,0,0,10,55,45,45,0
E15-static_continuity_ttl30-20260932-20260906T142832995955Z,sensitivity,E15,static_continuity_ttl30,B30 static continuity,20260932,default,5,0.086418,0.17264899999999994,,0.015382,0.014757,,,0,0,0,,,,0.02,60.777,61.1875,0.032907,145.0,1.0,0.0,14,41,0,41,14,14,0,0,14,55,41,41,0
E15-static_continuity_ttl30-20260933-20260906T142833146247Z,sensitivity,E15,static_continuity_ttl30,B30 static continuity,20260933,default,5,0.087752,0.17197789999999996,,0.01507,0.017051,,,0,0,0,,,,0.04,116.408,61.1875,0.034362,244.0,1.0,0.0,12,43,0,43,12,12,0,0,12,55,43,43,0
E15-static_continuity_ttl30-20260934-20260906T142833294455Z,sensitivity,E15,static_continuity_ttl30,B30 static continuity,20260934,default,5,0.082083,0.19476839999999995,,0.013611,0.014299,,,0,0,0,,,,0.02,60.458,61.203125,0.033081,221.0,1.0,0.0,17,38,0,38,17,17,0,0,17,55,38,38,0
E15-static_continuity_ttl30-20260935-20260906T142833445447Z,sensitivity,E15,static_continuity_ttl30,B30 static continuity,20260935,default,5,0.090628,0.1993911,,0.017801,0.01878,,,0,0,0,,,,0.03,80.902,61.203125,0.037082,110.0,1.0,0.0,6,49,0,49,6,6,0,0,6,55,49,49,0
E15-static_continuity_ttl30-20260936-20260906T142833604204Z,sensitivity,E15,static_continuity_ttl30,B30 static continuity,20260936,default,5,0.095589,0.17582539999999997,,0.01555,0.017259,,,0,0,0,,,,0.03,88.279,61.21875,0.033983,244.0,1.0,0.0,11,44,0,44,11,11,0,0,11,55,44,44,0
